s_m,x_m,y_m,kappa_radpm,w_tr_right_m,w_tr_left_m,d_m
0.000000,157.818929,-790.856936,-0.015670,9.778205,9.778205,0.614894
2.000000,159.054802,-789.289601,0.002511,9.859437,9.859437,0.497389
4.000000,160.347575,-787.768811,0.026979,9.890568,9.890568,0.319631
6.000000,161.464642,-786.117575,0.012160,9.866106,9.866106,0.375865
8.000000,162.528974,-784.428248,-0.015513,10.037724,10.037724,0.510237
10.000000,163.721732,-782.826650,-0.009950,10.047912,10.047912,0.503240
12.000000,164.915505,-781.225809,-0.000133,10.054243,10.054243,0.505397
14.000000,166.109765,-779.625331,0.000039,10.060247,10.060247,0.513524
16.000000,167.303738,-778.024638,-0.000187,10.063862,10.063862,0.525207
18.000000,168.497302,-776.423641,-0.000758,10.067246,10.067246,0.539568
20.000000,169.694361,-774.825257,-0.000879,10.067416,10.067416,0.548248
22.000000,170.894525,-773.229201,-0.000541,10.061674,10.061674,0.553648
24.000000,172.096200,-771.634282,-0.000131,10.054860,10.054860,0.569600
26.000000,173.298646,-770.039945,0.000169,10.047773,10.047773,0.611345
28.000000,174.499714,-768.444570,0.000168,10.041669,10.041669,0.623199
30.000000,175.700615,-766.849068,0.000176,10.034995,10.034995,0.625188
32.000000,176.901086,-765.253243,0.000297,10.027976,10.027976,0.626681
34.000000,178.100337,-763.656502,0.000307,10.023209,10.023209,0.628418
36.000000,179.298672,-762.059072,0.000183,10.021797,10.021797,0.629710
38.000000,180.496149,-760.460999,0.000024,10.022416,10.022416,0.629285
40.000000,181.693927,-758.863152,0.000065,10.023035,10.023035,0.626062
42.000000,182.891656,-757.265268,0.000228,10.023687,10.023687,0.622747
44.000000,184.088349,-755.666608,0.000282,10.024852,10.024852,0.617772
46.000000,185.284253,-754.067357,0.000339,10.026037,10.026037,0.612878
48.000000,186.479167,-752.467368,0.000512,10.028093,10.028093,0.608792
50.000000,187.672518,-750.866211,0.000608,10.031457,10.031457,0.606933
52.000000,188.863436,-749.263245,0.000414,10.037018,10.037018,0.609173
54.000000,190.052999,-747.659273,0.000080,10.043866,10.043866,0.613722
56.000000,191.242411,-746.055188,-0.000154,10.050080,10.050080,0.619904
58.000000,192.432459,-744.451576,-0.000257,10.054756,10.054756,0.626601
60.000000,193.623361,-742.848596,-0.000281,10.058372,10.058372,0.632065
62.000000,194.815213,-741.246325,-0.000265,10.060896,10.060896,0.635233
64.000000,196.007909,-739.644680,-0.000224,10.061911,10.061911,0.634893
66.000000,197.201358,-738.043597,-0.000139,10.061761,10.061761,0.631520
68.000000,198.395318,-736.442895,-0.000011,10.060942,10.060942,0.626379
70.000000,199.589285,-734.842197,0.000078,10.060220,10.060220,0.621252
72.000000,200.782867,-733.241214,0.000081,10.060367,10.060367,0.617542
74.000000,201.976207,-731.640049,0.000050,10.061456,10.061456,0.614345
76.000000,203.169382,-730.038762,0.000081,10.062472,10.062472,0.611212
78.000000,204.362493,-728.437427,0.000132,10.063074,10.063074,0.607968
80.000000,205.554867,-726.835542,0.000070,10.063735,10.063735,0.605523
82.000000,206.747091,-725.233546,-0.000020,10.065231,10.065231,0.603310
84.000000,207.939456,-723.631656,-0.000055,10.066752,10.066752,0.601286
86.000000,209.131944,-722.029857,-0.000049,10.068298,10.068298,0.599817
88.000000,210.324745,-720.428291,0.000000,10.069157,10.069157,0.599061
90.000000,211.517418,-718.826629,-0.000012,10.069863,10.069863,0.599702
92.000000,212.710031,-717.224924,-0.000123,10.070525,10.070525,0.601810
94.000000,213.903043,-715.623515,-0.000209,10.070904,10.070904,0.605014
96.000000,215.096897,-714.022733,-0.000209,10.070382,10.070382,0.608079
98.000000,216.291343,-712.422394,-0.000188,10.068600,10.068600,0.609189
100.000000,217.486437,-710.822538,-0.000167,10.065523,10.065523,0.607813
102.000000,218.682044,-709.223066,-0.000112,10.061953,10.061953,0.604550
104.000000,219.878111,-707.623937,-0.000058,10.058437,10.058437,0.599836
106.000000,221.074181,-706.024811,-0.000055,10.054674,10.054674,0.594532
108.000000,222.270523,-704.425888,-0.000092,10.050626,10.050626,0.588557
110.000000,223.467022,-702.827083,-0.000177,10.047042,10.047042,0.582330
112.000000,224.664108,-701.228717,-0.000253,10.043496,10.043496,0.575481
114.000000,225.862118,-699.631044,-0.000255,10.039603,10.039603,0.567712
116.000000,227.060921,-698.033965,-0.000210,10.035106,10.035106,0.559318
118.000000,228.260470,-696.437447,-0.000154,10.030740,10.030740,0.550607
120.000000,229.460411,-694.841224,-0.000081,10.026476,10.026476,0.542169
122.000000,230.660786,-693.245327,0.000038,10.022134,10.022134,0.533948
124.000000,231.860929,-691.649255,0.000147,10.018072,10.018072,0.526562
126.000000,233.060616,-690.052840,0.000207,10.014614,10.014614,0.520075
128.000000,234.259573,-688.455878,0.000202,10.012972,10.012972,0.514518
130.000000,235.457812,-686.858376,0.000159,10.011669,10.011669,0.509346
132.000000,236.655642,-685.260567,0.000197,10.010850,10.010850,0.503854
134.000000,237.852979,-683.662390,0.000261,10.011186,10.011186,0.498023
136.000000,239.049193,-682.063372,0.000200,10.011879,10.011879,0.492692
138.000000,240.244817,-680.463912,0.000192,10.013385,10.013385,0.487339
140.000000,241.440191,-678.864265,0.000280,10.015359,10.015359,0.481392
142.000000,242.634205,-677.263603,0.000232,10.017229,10.017229,0.475971
144.000000,243.827609,-675.662487,0.000187,10.018675,10.018675,0.470321
146.000000,245.020629,-674.061084,0.000249,10.020154,10.020154,0.464246
148.000000,246.212635,-672.458926,0.000210,10.022142,10.022142,0.458676
150.000000,247.403863,-670.856189,0.000009,10.024355,10.024355,0.453753
152.000000,248.594979,-669.253370,-0.000148,10.026403,10.026403,0.448966
154.000000,249.786978,-667.651207,-0.000060,10.028448,10.028448,0.443387
156.000000,250.979221,-666.049225,0.000094,10.031260,10.031260,0.438182
158.000000,252.170857,-664.446792,0.000065,10.034439,10.034439,0.435075
160.000000,253.362259,-662.844185,-0.000069,10.037421,10.037421,0.434462
162.000000,254.553909,-661.241763,-0.000135,10.039947,10.039947,0.436639
164.000000,255.746178,-659.639800,-0.000074,10.042734,10.042734,0.440436
166.000000,256.938688,-658.038018,0.000018,10.045546,10.045546,0.445553
168.000000,258.131046,-656.436121,-0.000009,10.048220,10.048220,0.451445
170.000000,259.323233,-654.834098,-0.000131,10.050456,10.050456,0.456994
172.000000,260.516032,-653.232531,-0.000187,10.052837,10.052837,0.460634
174.000000,261.709458,-651.631430,-0.000195,10.055073,10.055073,0.462566
176.000000,262.903414,-650.030726,-0.000218,10.055665,10.055665,0.463686
178.000000,264.098179,-648.430624,-0.000207,10.055578,10.055578,0.463897
180.000000,265.293583,-646.831000,-0.000149,10.055110,10.055110,0.463441
182.000000,266.489547,-645.231794,-0.000037,10.053583,10.053583,0.462421
184.000000,267.685655,-643.632696,0.000121,10.051953,10.051953,0.461331
186.000000,268.881384,-642.033315,0.000166,10.050297,10.050297,0.460763
188.000000,270.076177,-640.433235,0.000080,10.049180,10.049180,0.461257
190.000000,271.271097,-638.833249,0.000065,10.048441,10.048441,0.461141
192.000000,272.465677,-637.233010,0.000053,10.048082,10.048082,0.460795
194.000000,273.659976,-635.632560,-0.000016,10.047146,10.047146,0.460184
196.000000,274.854504,-634.032282,-0.000012,10.046646,10.046646,0.458929
198.000000,276.049056,-632.432022,0.000041,10.046829,10.046829,0.457355
200.000000,277.243487,-630.831671,0.000101,10.047162,10.047162,0.455596
202.000000,278.437612,-629.231091,0.000135,10.047815,10.047815,0.453826
204.000000,279.631180,-627.630097,0.000083,10.048700,10.048700,0.452315
206.000000,280.824445,-626.028876,0.000028,10.049763,10.049763,0.450654
208.000000,282.017815,-624.427734,0.000078,10.050611,10.050611,0.448390
210.000000,283.210916,-622.826392,0.000064,10.051269,10.051269,0.446016
212.000000,284.403456,-621.224631,-0.000086,10.051839,10.051839,0.443964
214.000000,285.596574,-619.623301,-0.000088,10.051644,10.051644,0.440874
216.000000,286.790196,-618.022347,0.000024,10.051061,10.051061,0.437084
218.000000,287.983360,-616.421051,-0.000000,10.050519,10.050519,0.434128
220.000000,289.176624,-614.819830,-0.000051,10.050011,10.050011,0.431709
222.000000,290.370150,-613.218805,0.000003,10.048596,10.048596,0.430100
224.000000,291.563698,-611.617795,0.000072,10.047279,10.047279,0.429601
226.000000,292.756899,-610.016527,0.000068,10.046445,10.046445,0.430599
228.000000,293.949855,-608.415076,0.000032,10.045625,10.045625,0.433446
230.000000,295.142775,-606.813599,0.000003,10.044309,10.044309,0.437288
232.000000,296.335598,-605.212049,-0.000038,10.042921,10.042921,0.440572
234.000000,297.528609,-603.610640,-0.000090,10.041169,10.041169,0.442008
236.000000,298.721832,-602.009388,-0.000164,10.038842,10.038842,0.441947
238.000000,299.915593,-600.408537,-0.000205,10.035993,10.035993,0.440813
240.000000,301.110159,-598.808287,-0.000152,10.032405,10.032405,0.438516
242.000000,302.305203,-597.208394,-0.000068,10.029222,10.029222,0.435377
244.000000,303.500424,-595.608634,-0.000045,10.026391,10.026391,0.431667
246.000000,304.695676,-594.008896,-0.000076,10.024035,10.024035,0.427518
248.000000,305.891266,-592.409410,-0.000046,10.022421,10.022421,0.422490
250.000000,307.087115,-590.810119,0.000036,10.021314,10.021314,0.416771
252.000000,308.282699,-589.210629,0.000084,10.020489,10.020489,0.411151
254.000000,309.478100,-587.611003,0.000083,10.020788,10.020788,0.405726
256.000000,310.673057,-586.011045,0.000039,10.021558,10.021558,0.401019
258.000000,311.868029,-584.411098,0.000047,10.022915,10.022915,0.396360
260.000000,313.062920,-582.811091,0.000064,10.024553,10.024553,0.391591
262.000000,314.257352,-581.210741,-0.000001,10.026427,10.026427,0.386924
264.000000,315.451971,-579.610530,0.000015,10.028739,10.028739,0.381472
266.000000,316.646683,-578.010389,0.000149,10.031456,10.031456,0.375747
268.000000,317.840829,-576.409826,0.000154,10.034931,10.034931,0.371081
270.000000,319.034111,-574.808618,-0.000001,10.037949,10.037949,0.367819
272.000000,320.227718,-573.207653,-0.000068,10.040375,10.040375,0.363998
274.000000,321.421556,-571.606859,-0.000009,10.041634,10.041634,0.359417
276.000000,322.615475,-570.006127,0.000089,10.042090,10.042090,0.354186
278.000000,323.809117,-568.405187,0.000155,10.042497,10.042497,0.348981
280.000000,325.002094,-566.803752,0.000146,10.042393,10.042393,0.344509
282.000000,326.194701,-565.202041,0.000119,10.041780,10.041780,0.340540
284.000000,327.386850,-563.599990,0.000084,10.040747,10.040747,0.337246
286.000000,328.578761,-561.997762,0.000068,10.039127,10.039127,0.334582
288.000000,329.770529,-560.395426,0.000069,10.036414,10.036414,0.332672
290.000000,330.961946,-558.792831,0.000054,10.033779,10.033779,0.331722
292.000000,332.153326,-557.190208,0.000104,10.030513,10.030513,0.331308
294.000000,333.344435,-555.587383,0.000095,10.027500,10.027500,0.331816
296.000000,334.534796,-553.984002,-0.000064,10.025106,10.025106,0.333810
298.000000,335.725712,-552.381034,-0.000117,10.021996,10.021996,0.335520
300.000000,336.917091,-550.778410,-0.000070,10.018923,10.018923,0.336966
302.000000,338.108493,-549.175802,-0.000132,10.015925,10.015925,0.338629
304.000000,339.300284,-547.573485,-0.000189,10.012944,10.012944,0.339950
306.000000,340.492959,-545.971825,-0.000120,10.010957,10.010957,0.340233
308.000000,341.685894,-544.370359,-0.000067,10.009177,10.009177,0.340106
310.000000,342.878959,-542.768990,-0.000132,10.007872,10.007872,0.339010
312.000000,344.072362,-541.167872,-0.000319,10.006197,10.006197,0.337945
314.000000,345.266653,-539.567416,-0.000205,10.004930,10.004930,0.335727
316.000000,346.462912,-537.968432,0.000014,10.004992,10.004992,0.331499
318.000000,347.656969,-536.367803,-0.000077,10.005501,10.005501,0.329139
320.000000,348.853286,-534.768861,0.000034,10.009406,10.009406,0.321521
322.000000,350.048271,-533.168925,0.000197,10.013601,10.013601,0.312731
324.000000,351.243225,-531.568965,0.000441,10.016566,10.016566,0.302545
326.000000,352.437060,-529.968170,0.000394,10.020886,10.020886,0.294630
328.000000,353.627522,-528.364866,-0.000273,10.027913,10.027913,0.294372
330.000000,354.820803,-526.763657,-0.000476,10.031272,10.031272,0.293682
332.000000,356.015307,-525.163361,-0.000184,10.032251,10.032251,0.289509
334.000000,357.210636,-523.563681,-0.000092,10.032522,10.032522,0.281375
336.000000,358.405443,-521.963611,-0.000237,10.032651,10.032651,0.273146
338.000000,359.601644,-520.364583,-0.000256,10.033002,10.033002,0.263460
340.000000,360.798609,-518.766127,-0.000142,10.030783,10.030783,0.253294
342.000000,361.995921,-517.167930,-0.000018,10.026950,10.026950,0.243354
344.000000,363.193594,-515.570004,0.000108,10.022228,10.022228,0.233857
346.000000,364.390421,-513.971445,0.000105,10.017309,10.017309,0.226039
348.000000,365.587196,-512.372846,0.000084,10.011625,10.011625,0.218583
350.000000,366.783582,-510.773956,0.000255,10.005607,10.005607,0.211763
352.000000,367.979729,-509.174888,0.000463,9.999722,9.999722,0.205114
354.000000,369.173483,-507.574032,0.000380,9.997024,9.997024,0.201357
356.000000,370.366352,-505.972516,0.000144,9.995583,9.995583,0.198743
358.000000,371.558524,-504.370482,0.000037,9.994771,9.994771,0.197190
360.000000,372.751136,-502.768775,0.000077,9.994439,9.994439,0.195479
362.000000,373.943088,-501.166578,0.000013,9.995011,9.995011,0.195319
364.000000,375.134931,-499.564298,-0.000132,9.995505,9.995505,0.196514
366.000000,376.327493,-497.962554,-0.000082,9.997737,9.997737,0.198157
368.000000,377.520418,-496.361081,0.000007,10.001022,10.001022,0.200689
370.000000,378.712950,-494.759315,0.000034,10.004272,10.004272,0.204768
372.000000,379.905812,-493.157795,0.000113,10.007809,10.007809,0.209060
374.000000,381.097966,-491.555746,0.000120,10.012515,10.012515,0.214403
376.000000,382.289756,-489.953428,-0.000024,10.016802,10.016802,0.219829
378.000000,383.481443,-488.351033,-0.000158,10.022219,10.022219,0.224651
380.000000,384.674003,-486.749288,-0.000101,10.026937,10.026937,0.227582
382.000000,385.866946,-485.147827,0.000059,10.031064,10.031064,0.229257
384.000000,387.059544,-483.546110,0.000072,10.034883,10.034883,0.230568
386.000000,388.251687,-481.944054,-0.000034,10.039453,10.039453,0.231634
388.000000,389.444166,-480.342248,-0.000181,10.042566,10.042566,0.231310
390.000000,390.636867,-478.740608,-0.000350,10.045291,10.045291,0.229837
392.000000,391.831101,-477.140111,-0.000291,10.047011,10.047011,0.225621
394.000000,393.026522,-475.540499,-0.000081,10.046846,10.046846,0.219113
396.000000,394.221752,-473.940746,-0.000062,10.046458,10.046458,0.212087
398.000000,395.417210,-472.341161,-0.000080,10.046192,10.046192,0.204111
400.000000,396.613190,-470.741968,0.000040,10.046027,10.046027,0.194846
402.000000,397.808926,-469.142592,0.000054,10.046054,10.046054,0.185345
404.000000,399.004123,-467.542814,0.000029,10.045633,10.045633,0.176047
406.000000,400.199947,-465.943504,0.000114,10.045694,10.045694,0.165696
408.000000,401.394685,-464.343382,0.000070,10.045580,10.045580,0.156688
410.000000,402.589507,-462.743324,0.000041,10.045798,10.045798,0.147877
412.000000,403.784358,-461.143287,0.000061,10.045440,10.045440,0.139727
414.000000,404.978547,-459.542755,0.000004,10.045127,10.045127,0.133656
416.000000,406.173248,-457.942606,0.000077,10.045697,10.045697,0.128251
418.000000,407.367537,-456.342149,0.000124,10.044663,10.044663,0.124532
420.000000,408.561148,-454.741187,0.000040,10.044517,10.044517,0.122594
422.000000,409.754943,-453.140361,0.000206,10.047534,10.047534,0.121012
424.000000,410.948541,-451.539389,0.000409,10.048504,10.048504,0.119933
426.000000,412.139708,-449.936608,0.000294,10.051805,10.051805,0.121865
428.000000,413.330703,-448.333698,0.000409,10.055952,10.055952,0.123878
430.000000,414.520708,-446.730055,0.000448,10.059448,10.059448,0.126997
432.000000,415.707622,-445.124121,-0.000246,10.067500,10.067500,0.133870
434.000000,416.895967,-443.519247,-0.000919,10.074385,10.074385,0.138967
436.000000,418.087698,-441.916885,-0.000724,10.078982,10.078982,0.140040
438.000000,419.282988,-440.317177,-0.000169,10.081691,10.081691,0.137097
440.000000,420.477041,-438.716544,-0.000296,10.085324,10.085324,0.136131
442.000000,421.672175,-437.116720,-0.000484,10.087447,10.087447,0.134111
444.000000,422.870167,-435.519033,-0.000077,10.089179,10.089179,0.128756
446.000000,424.067547,-433.920888,0.000305,10.089282,10.089282,0.124334
448.000000,425.264279,-432.322257,0.000159,10.089339,10.089339,0.120773
450.000000,426.459026,-430.722142,-0.000151,10.088371,10.088371,0.119877
452.000000,427.656355,-429.123959,-0.000029,10.088648,10.088648,0.116365
454.000000,428.852437,-427.524842,-0.000070,10.088261,10.088261,0.115320
456.000000,430.048796,-425.925932,-0.000314,10.086464,10.086464,0.115124
458.000000,431.246744,-424.328214,-0.000206,10.083042,10.083042,0.114414
460.000000,432.445251,-422.730913,-0.000010,10.080473,10.080473,0.114887
462.000000,433.643680,-421.133554,0.000194,10.078927,10.078927,0.118600
464.000000,434.841838,-419.535992,0.000379,10.073896,10.073896,0.127887
466.000000,436.038140,-417.937040,0.000326,10.070428,10.070428,0.145414
468.000000,437.233587,-416.337447,0.000250,10.065462,10.065462,0.169970
470.000000,438.428438,-414.737410,0.000400,10.061041,10.061041,0.200950
472.000000,439.622141,-413.136516,0.000369,10.058755,10.058755,0.238509
474.000000,440.813616,-411.533964,0.000128,10.052677,10.052677,0.283074
476.000000,442.005975,-409.932069,0.000155,10.050467,10.050467,0.328089
478.000000,443.197158,-408.329299,0.000069,10.046190,10.046190,0.373132
480.000000,444.387825,-406.726146,0.000011,10.041050,10.041050,0.415561
482.000000,445.579812,-405.123974,0.000229,10.037457,10.037457,0.452138
484.000000,446.769537,-403.520124,0.000095,10.034133,10.034133,0.487285
486.000000,447.959532,-401.916471,0.000101,10.032690,10.032690,0.518159
488.000000,449.150028,-400.313192,0.000200,10.030078,10.030078,0.543656
490.000000,450.337950,-398.708004,0.000038,10.027100,10.027100,0.567275
492.000000,451.527962,-397.104365,0.000077,10.026922,10.026922,0.583071
494.000000,452.715885,-395.499179,0.000089,10.026809,10.026809,0.596746
496.000000,453.904914,-393.894812,-0.000106,10.027882,10.027882,0.605001
498.000000,455.092673,-392.289504,-0.000174,10.029904,10.029904,0.611548
500.000000,456.283225,-390.686267,-0.000101,10.034811,10.034811,0.611866
502.000000,457.471694,-389.081484,-0.000140,10.040021,10.040021,0.612809
504.000000,458.662831,-387.478680,0.000074,10.048636,10.048636,0.609068
506.000000,459.852513,-385.874797,0.000350,10.055475,10.055475,0.606455
508.000000,461.041495,-384.270394,0.000104,10.062182,10.062182,0.604749
510.000000,462.228843,-382.664781,-0.000032,10.068286,10.068286,0.605747
512.000000,463.418823,-381.061119,0.000173,10.075093,10.075093,0.604604
514.000000,464.605579,-379.455070,-0.000041,10.080660,10.080660,0.608537
516.000000,465.793935,-377.850204,-0.000284,10.086377,10.086377,0.611143
518.000000,466.982836,-376.245744,-0.000588,10.092182,10.092182,0.613418
520.000000,468.172686,-374.641984,-0.000716,10.098298,10.098298,0.614582
522.000000,469.367623,-373.042016,-0.000329,10.106576,10.106576,0.609088
524.000000,470.560606,-371.440587,-0.000155,10.113182,10.113182,0.605517
526.000000,471.756619,-369.841421,0.000048,10.118362,10.118362,0.597893
528.000000,472.950507,-368.240668,0.000054,10.119975,10.119975,0.592895
530.000000,474.144998,-366.640363,-0.000042,10.120641,10.120641,0.587083
532.000000,475.339717,-365.040228,0.000078,10.122458,10.122458,0.580817
534.000000,476.533913,-363.439702,0.000071,10.121244,10.121244,0.575729
536.000000,477.727928,-361.839040,0.000005,10.122980,10.122980,0.572688
538.000000,478.921916,-360.238359,0.000115,10.122063,10.122063,0.572735
540.000000,480.116069,-358.637801,0.000197,10.126328,10.126328,0.578317
542.000000,481.308446,-357.035920,0.000090,10.128238,10.128238,0.595750
544.000000,482.501692,-355.434685,0.000288,10.132642,10.132642,0.624860
546.000000,483.693828,-353.832624,0.000329,10.136956,10.136956,0.671411
548.000000,484.883634,-352.228832,0.000095,10.139775,10.139775,0.738351
550.000000,486.075004,-350.626201,0.000303,10.145250,10.145250,0.822461
552.000000,487.264356,-349.022073,0.000269,10.150276,10.150276,0.923178
554.000000,488.452300,-347.416901,0.000241,10.155818,10.155818,1.038428
556.000000,489.641629,-345.812755,0.000474,10.162824,10.162824,1.163991
558.000000,490.826506,-344.205318,0.000252,10.170521,10.170521,1.304258
560.000000,492.012824,-342.598944,0.000055,10.178990,10.178990,1.447150
562.000000,493.197486,-340.991350,0.000293,10.186904,10.186904,1.592903
564.000000,494.383308,-339.384612,0.000363,10.197570,10.197570,1.732121
566.000000,495.564702,-337.774614,-0.000002,10.206676,10.206676,1.862429
568.000000,496.749123,-336.166841,0.000215,10.216784,10.216784,1.973903
570.000000,497.931940,-334.557889,0.000408,10.227295,10.227295,2.075564
572.000000,499.112178,-332.947043,-0.000031,10.238306,10.238306,2.170808
574.000000,500.293936,-331.337312,0.000101,10.251038,10.251038,2.255874
576.000000,501.475631,-329.727536,0.000386,10.266581,10.266581,2.335575
578.000000,502.654630,-328.115783,0.000211,10.280949,10.280949,2.415391
580.000000,503.834119,-326.504388,0.000156,10.298202,10.298202,2.493283
582.000000,505.012609,-324.892262,0.000234,10.318756,10.318756,2.572165
584.000000,506.190593,-323.279767,0.000354,10.339597,10.339597,2.651590
586.000000,507.367570,-321.666537,0.000966,10.361866,10.361866,2.732987
588.000000,508.542506,-320.051819,0.002389,10.391455,10.391455,2.817443
590.000000,509.710054,-318.431762,0.003347,10.431718,10.431718,2.911780
592.000000,510.863487,-316.801622,0.002469,10.488550,10.488550,3.023124
594.000000,512.009093,-315.165967,0.001430,10.554733,10.554733,3.143624
596.000000,513.152337,-313.528659,0.001440,10.632713,10.632713,3.266993
598.000000,514.289454,-311.887091,0.001247,10.712138,10.712138,3.397501
600.000000,515.422324,-310.242587,0.001104,10.792583,10.792583,3.526430
602.000000,516.553457,-308.596888,0.001158,10.872381,10.872381,3.643833
604.000000,517.677795,-306.946540,0.000584,10.957854,10.957854,3.742942
606.000000,518.802215,-305.296247,-0.000004,11.043799,11.043799,3.808889
608.000000,519.925579,-303.645235,-0.000257,11.136041,11.136041,3.835218
610.000000,521.051028,-301.995643,0.000142,11.233608,11.233608,3.804840
612.000000,522.176754,-300.346241,0.001478,11.340353,11.340353,3.716707
614.000000,523.297967,-298.693770,0.003064,11.453782,11.453782,3.542836
616.000000,524.408404,-297.034048,0.004629,11.582025,11.582025,3.255896
618.000000,525.504309,-295.364697,0.006410,11.721113,11.721113,2.892436
620.000000,526.578393,-293.681243,0.008105,11.871435,11.871435,2.474465
622.000000,527.624635,-291.980356,0.009432,12.030785,12.030785,2.005175
624.000000,528.638650,-290.260108,0.010493,12.196397,12.196397,1.498079
626.000000,529.615923,-288.518709,0.012374,12.367125,12.367125,0.932329
628.000000,530.553737,-286.755734,0.014810,12.540501,12.540501,0.308156
630.000000,531.433638,-284.963181,0.016007,12.716839,12.716839,-0.303883
632.000000,532.258175,-283.144574,0.016740,12.893862,12.893862,-0.907117
634.000000,533.020389,-281.299054,0.017399,13.069256,13.069256,-1.539349
636.000000,533.717438,-279.427968,0.018220,13.245827,13.245827,-2.196082
638.000000,534.348871,-277.533770,0.021013,13.426894,13.426894,-2.896781
640.000000,534.902484,-275.615661,0.026632,13.611822,13.611822,-3.658846
642.000000,535.356741,-273.671851,0.036074,13.789779,13.789779,-4.439808
644.000000,535.675481,-271.702949,0.045708,13.924797,13.924797,-5.184587
646.000000,535.799345,-269.712325,0.048126,13.973251,13.973251,-5.849402
648.000000,535.726162,-267.718328,0.045534,13.950142,13.950142,-6.461239
650.000000,535.477942,-265.737970,0.047820,13.878645,13.878645,-7.033259
652.000000,535.055433,-263.787741,0.055317,13.772018,13.772018,-7.524383
654.000000,534.409076,-261.899180,0.060229,13.583937,13.583937,-7.871482
656.000000,533.540733,-260.100912,0.062672,13.319248,13.319248,-8.126579
658.000000,532.455975,-258.424305,0.064090,12.982096,12.982096,-8.291553
660.000000,531.161318,-256.905906,0.063186,12.648963,12.648963,-8.361303
662.000000,529.690049,-255.559996,0.062112,12.308491,12.308491,-8.351326
664.000000,528.063723,-254.408152,0.060306,11.928794,11.928794,-8.254628
666.000000,526.308615,-253.462386,0.054759,11.526442,11.526442,-8.063965
668.000000,524.457778,-252.718528,0.048430,11.158974,11.158974,-7.767308
670.000000,522.546498,-252.144984,0.043303,10.850604,10.850604,-7.409096
672.000000,520.590836,-251.751958,0.035752,10.595348,10.595348,-6.985276
674.000000,518.611430,-251.493615,0.031136,10.384229,10.384229,-6.521452
676.000000,516.620964,-251.344610,0.034260,10.205955,10.205955,-6.078065
678.000000,514.626098,-251.335147,0.036258,10.063671,10.063671,-5.648554
680.000000,512.635743,-251.482072,0.032350,9.967621,9.967621,-5.192186
682.000000,510.657999,-251.753136,0.028035,9.924375,9.924375,-4.707658
684.000000,508.698065,-252.132165,0.025051,9.936377,9.936377,-4.214702
686.000000,506.760163,-252.612010,0.020248,9.997818,9.997818,-3.719096
688.000000,504.843782,-253.172529,0.016293,10.079166,10.079166,-3.211285
690.000000,502.942650,-253.783427,0.016078,10.144496,10.144496,-2.706798
692.000000,501.064549,-254.461552,0.012977,10.223028,10.223028,-2.186747
694.000000,499.208125,-255.197403,0.007311,10.301304,10.301304,-1.627110
696.000000,497.356399,-255.944926,0.006735,10.342493,10.342493,-1.065174
698.000000,495.516044,-256.719989,0.007277,10.378295,10.378295,-0.498466
700.000000,493.689644,-257.527436,0.004324,10.407766,10.407766,0.084833
702.000000,491.869656,-258.349262,-0.001809,10.413810,10.413810,0.666100
704.000000,490.050594,-259.173099,-0.008613,10.391206,10.391206,1.237839
706.000000,488.211895,-259.952014,-0.010280,10.351593,10.351593,1.745897
708.000000,486.357369,-260.692517,-0.007504,10.329532,10.329532,2.197701
710.000000,484.491256,-261.403362,-0.006756,10.302977,10.302977,2.594856
712.000000,482.620015,-262.100675,-0.013241,10.278706,10.278706,2.953901
714.000000,480.735268,-262.752912,-0.005817,10.227220,10.227220,3.204659
716.000000,478.822878,-263.306460,0.013304,10.066474,10.066474,3.368980
718.000000,476.955198,-264.012970,0.009670,10.044287,10.044287,3.671911
720.000000,475.085862,-264.715360,0.001006,10.044581,10.044581,3.956874
722.000000,473.217874,-265.421325,0.003421,10.057192,10.057192,4.236996
724.000000,471.354468,-266.139293,0.003685,10.072162,10.072162,4.509878
726.000000,469.500230,-266.880573,-0.000306,10.070993,10.070993,4.766607
728.000000,467.644446,-267.617975,-0.004330,10.072619,10.072619,4.958057
730.000000,465.780791,-268.335282,-0.004886,10.085410,10.085410,5.078106
732.000000,463.909445,-269.032274,-0.002977,10.101380,10.101380,5.127523
734.000000,462.033618,-269.717153,-0.000943,10.107252,10.107252,5.125870
736.000000,460.157812,-270.402091,-0.000359,10.106587,10.106587,5.094482
738.000000,458.281235,-271.084914,-0.000079,10.106753,10.106753,5.029372
740.000000,456.404216,-271.766521,0.000384,10.104872,10.104872,4.935391
742.000000,454.528424,-272.451491,0.000311,10.101825,10.101825,4.819822
744.000000,452.652716,-273.136698,0.000148,10.092597,10.092597,4.678466
746.000000,450.777310,-273.822729,0.000294,10.078712,10.078712,4.511464
748.000000,448.902028,-274.509099,0.000467,10.063019,10.063019,4.325316
750.000000,447.027809,-275.198368,0.000413,10.045790,10.045790,4.126372
752.000000,445.153905,-275.888491,0.000234,10.030106,10.030106,3.914296
754.000000,443.280581,-276.580188,0.000113,10.014218,10.014218,3.699386
756.000000,441.407074,-277.271387,0.000236,9.995787,9.995787,3.488467
758.000000,439.533977,-277.963699,0.000513,9.975563,9.975563,3.286066
760.000000,437.661546,-278.657809,0.000698,9.955914,9.955914,3.093472
762.000000,435.790219,-279.354889,0.000655,9.936948,9.936948,2.908232
764.000000,433.919896,-280.054660,0.000411,9.919402,9.919402,2.727089
766.000000,432.050114,-280.755875,0.000083,9.903073,9.903073,2.547607
768.000000,430.180543,-281.457654,-0.000347,9.884420,9.884420,2.370365
770.000000,428.310474,-282.158103,-0.000443,9.863321,9.863321,2.194230
772.000000,426.439252,-282.855466,-0.000041,9.837134,9.837134,2.016782
774.000000,424.568359,-283.553712,0.000017,9.810454,9.810454,1.841598
776.000000,422.697729,-284.252659,-0.000263,9.785856,9.785856,1.668923
778.000000,420.826341,-284.949577,-0.000311,9.761555,9.761555,1.495189
780.000000,418.954740,-285.645921,-0.000517,9.738630,9.738630,1.321618
782.000000,417.082594,-286.340800,-0.000675,9.715420,9.715420,1.148099
784.000000,415.208882,-287.031445,-0.000388,9.689488,9.689488,0.975699
786.000000,413.335112,-287.721931,-0.000262,9.664031,9.664031,0.811370
788.000000,411.460877,-288.411157,-0.000336,9.638793,9.638793,0.655814
790.000000,409.586184,-289.099135,-0.000283,9.610285,9.610285,0.513759
792.000000,407.711021,-289.785831,-0.000233,9.581270,9.581270,0.386093
794.000000,405.835699,-290.472093,-0.000141,9.551125,9.551125,0.274741
796.000000,403.959886,-291.157012,-0.000095,9.521160,9.521160,0.179555
798.000000,402.084441,-291.842936,-0.000136,9.489440,9.489440,0.106266
800.000000,400.208232,-292.526770,0.000054,9.458062,9.458062,0.049050
802.000000,398.332440,-293.211746,0.000172,9.428269,9.428269,0.006214
804.000000,396.456873,-293.897338,0.000243,9.398294,9.398294,-0.027212
806.000000,394.581383,-294.583140,0.000413,9.369066,9.369066,-0.053738
808.000000,392.706848,-295.271547,0.000405,9.342720,9.342720,-0.072178
810.000000,390.832591,-295.960712,0.000438,9.317910,9.317910,-0.082543
812.000000,388.959050,-296.651821,0.000448,9.293655,9.293655,-0.077354
814.000000,387.086213,-297.344836,0.000444,9.271734,9.271734,-0.047683
816.000000,385.213726,-298.038796,0.000516,9.250035,9.250035,0.006406
818.000000,383.342297,-298.735602,0.000384,9.226335,9.226335,0.085202
820.000000,381.471267,-299.433480,0.000152,9.200302,9.200302,0.188030
822.000000,379.600517,-300.132110,-0.000085,9.173238,9.173238,0.309815
824.000000,377.729656,-300.830440,-0.000214,9.145886,9.145886,0.447530
826.000000,375.858263,-301.527344,-0.000274,9.120089,9.120089,0.597983
828.000000,373.986850,-302.224195,-0.000626,9.093797,9.093797,0.759545
830.000000,372.114484,-302.918480,-0.001310,9.068390,9.068390,0.926353
832.000000,370.240576,-303.608590,-0.002591,9.042849,9.042849,1.095942
834.000000,368.363492,-304.290008,-0.004538,9.016547,9.016547,1.261907
836.000000,366.480230,-304.954119,-0.006333,8.992029,8.992029,1.415297
838.000000,364.588378,-305.593284,-0.007437,8.972721,8.972721,1.553564
840.000000,362.687179,-306.204077,-0.008490,8.958615,8.958615,1.682804
842.000000,360.776298,-306.783849,-0.009769,8.950561,8.950561,1.808818
844.000000,358.854036,-307.324698,-0.010722,8.945527,8.945527,1.928076
846.000000,356.920775,-307.824788,-0.011454,8.940939,8.940939,2.049441
848.000000,354.976548,-308.280171,-0.011876,8.940289,8.940289,2.171446
850.000000,353.021857,-308.688286,-0.011605,8.942081,8.942081,2.294798
852.000000,351.058180,-309.050728,-0.011079,8.942202,8.942202,2.418681
854.000000,349.087031,-309.370233,-0.011111,8.940614,8.940614,2.544635
856.000000,347.109459,-309.647224,-0.011251,8.937986,8.937986,2.676511
858.000000,345.125830,-309.876955,-0.010693,8.933651,8.933651,2.815174
860.000000,343.137906,-310.065749,-0.010789,8.932770,8.932770,2.959524
862.000000,341.146528,-310.214105,-0.011352,8.936290,8.936290,3.107160
864.000000,339.152078,-310.312797,-0.010588,8.939173,8.939173,3.252266
866.000000,337.156029,-310.370552,-0.009477,8.943698,8.943698,3.396527
868.000000,335.159243,-310.391131,-0.009616,8.949972,8.949972,3.540330
870.000000,333.162397,-310.375892,-0.010189,8.957447,8.957447,3.680942
872.000000,331.166392,-310.316104,-0.009647,8.965585,8.965585,3.809235
874.000000,329.171881,-310.218758,-0.008749,8.975988,8.975988,3.925770
876.000000,327.179306,-310.087322,-0.008379,8.987546,8.987546,4.030646
878.000000,325.189224,-309.922305,-0.007936,9.001395,9.001395,4.121760
880.000000,323.202052,-309.725262,-0.007382,9.014805,9.014805,4.199919
882.000000,321.217909,-309.499784,-0.007254,9.022991,9.022991,4.265054
884.000000,319.237178,-309.246121,-0.007839,9.027004,9.027004,4.316857
886.000000,317.260517,-308.962398,-0.008306,9.028626,9.028626,4.353884
888.000000,315.289289,-308.643108,-0.008098,9.028084,9.028084,4.373776
890.000000,313.323122,-308.294061,-0.008194,9.024315,9.024315,4.380961
892.000000,311.362981,-307.912760,-0.008674,9.019386,9.019386,4.374742
894.000000,309.409779,-307.497267,-0.009005,9.012263,9.012263,4.355126
896.000000,307.464327,-307.046871,-0.009090,9.005261,9.005261,4.325374
898.000000,305.527618,-306.560271,-0.008744,8.998964,8.998964,4.285574
900.000000,303.599683,-306.040054,-0.008321,8.991206,8.991206,4.236532
902.000000,301.680518,-305.488293,-0.008270,8.984074,8.984074,4.179623
904.000000,299.770585,-304.905369,-0.008413,8.977933,8.977933,4.115720
906.000000,297.870898,-304.289853,-0.008412,8.973982,8.973982,4.049575
908.000000,295.981764,-303.642693,-0.008510,8.973862,8.973862,3.986211
910.000000,294.103707,-302.964137,-0.008818,8.976707,8.976707,3.927339
912.000000,292.238105,-302.252023,-0.009063,8.979800,8.979800,3.868740
914.000000,290.385548,-301.506603,-0.009235,8.983041,8.983041,3.807026
916.000000,288.547202,-300.726776,-0.009147,8.986779,8.986779,3.738631
918.000000,286.723656,-299.912950,-0.008856,8.987317,8.987317,3.660638
920.000000,284.914467,-299.067743,-0.008752,8.985711,8.985711,3.573874
922.000000,283.120427,-298.190814,-0.008779,8.981755,8.981755,3.478680
924.000000,281.341928,-297.282774,-0.009001,8.975255,8.975255,3.378029
926.000000,279.579749,-296.343419,-0.009107,8.969101,8.969101,3.274371
928.000000,277.835843,-295.370554,-0.008769,8.961740,8.961740,3.167838
930.000000,276.108584,-294.368483,-0.008561,8.953167,8.953167,3.055573
932.000000,274.398874,-293.336742,-0.008522,8.944011,8.944011,2.932710
934.000000,272.706981,-292.276056,-0.008453,8.934346,8.934346,2.795821
936.000000,271.033088,-291.187147,-0.008479,8.923094,8.923094,2.639992
938.000000,269.377905,-290.069987,-0.008431,8.910540,8.910540,2.462663
940.000000,267.741983,-288.924813,-0.008276,8.899733,8.899733,2.268585
942.000000,266.124987,-287.753095,-0.008274,8.888034,8.888034,2.063814
944.000000,264.527462,-286.554970,-0.008392,8.876719,8.876719,1.852813
946.000000,262.950417,-285.330024,-0.008470,8.865398,8.865398,1.639333
948.000000,261.394164,-284.078738,-0.005642,8.854262,8.854262,1.427807
950.000000,259.859579,-282.800945,0.004078,8.845981,8.845981,1.220039
952.000000,258.317545,-281.532606,0.004136,8.891526,8.891526,1.062926
954.000000,256.728603,-280.323040,-0.015700,9.048309,9.048309,1.021116
956.000000,255.202085,-279.039879,-0.025295,9.145121,9.145121,0.922408
958.000000,253.761905,-277.656610,-0.016291,9.149763,9.149763,0.724303
960.000000,252.351158,-276.243364,-0.011918,9.156308,9.156308,0.513678
962.000000,250.971596,-274.799608,-0.012894,9.162614,9.162614,0.288396
964.000000,249.636635,-273.314508,-0.011547,9.153963,9.153963,0.033733
966.000000,248.332015,-271.802729,-0.010463,9.146771,9.146771,-0.235077
968.000000,247.059908,-270.263506,-0.010391,9.137052,9.137052,-0.522251
970.000000,245.819978,-268.698248,-0.010020,9.126704,9.126704,-0.826990
972.000000,244.611959,-267.108220,-0.009706,9.114572,9.114572,-1.147941
974.000000,243.434102,-265.495689,-0.009369,9.100308,9.100308,-1.482536
976.000000,242.288083,-263.860360,-0.007921,9.082905,9.082905,-1.831190
978.000000,241.169632,-262.206031,-0.005308,9.067686,9.067686,-2.186716
980.000000,240.067995,-260.540464,-0.002939,9.057126,9.057126,-2.540501
982.000000,238.975324,-258.868981,-0.001908,9.048909,9.048909,-2.879217
984.000000,237.886987,-257.194677,-0.001740,9.049363,9.049363,-3.192106
986.000000,236.806497,-255.515295,-0.001331,9.054766,9.054766,-3.481923
988.000000,235.729284,-253.833807,-0.000774,9.064695,9.064695,-3.738384
990.000000,234.655523,-252.150113,-0.000226,9.073696,9.073696,-3.958688
992.000000,233.581981,-250.466280,0.000231,9.081266,9.081266,-4.151190
994.000000,232.507585,-248.782991,0.000381,9.086757,9.086757,-4.327016
996.000000,231.431574,-247.100734,0.000326,9.092862,9.092862,-4.491769
998.000000,230.354520,-245.419146,0.000113,9.098822,9.098822,-4.649096
1000.000000,229.276780,-243.737996,-0.000077,9.103882,9.103882,-4.797286
1002.000000,228.199938,-242.056271,0.000064,9.104113,9.104113,-4.931415
1004.000000,227.123024,-240.374592,0.000378,9.100416,9.100416,-5.047866
1006.000000,226.044503,-238.693943,0.000601,9.094188,9.094188,-5.146953
1008.000000,224.964200,-237.014440,0.000746,9.088158,9.088158,-5.228236
1010.000000,223.881009,-235.336797,0.000763,9.084262,9.084262,-5.290431
1012.000000,222.795378,-233.660732,0.000636,9.081107,9.081107,-5.333838
1014.000000,221.707291,-231.986262,0.000353,9.080750,9.080750,-5.356325
1016.000000,220.618042,-230.312545,0.000056,9.083158,9.083158,-5.360053
1018.000000,219.528848,-228.638794,-0.000091,9.087416,9.087416,-5.348261
1020.000000,218.439952,-226.964848,-0.000149,9.093427,9.093427,-5.320557
1022.000000,217.351621,-225.290536,-0.000148,9.101788,9.101788,-5.277195
1024.000000,216.263853,-223.615857,-0.000068,9.108869,9.108869,-5.221206
1026.000000,215.176368,-221.940995,0.000101,9.115591,9.115591,-5.153374
1028.000000,214.088665,-220.266274,0.000202,9.122929,9.122929,-5.073635
1030.000000,212.999762,-218.592333,0.000039,9.132027,9.132027,-4.984017
1032.000000,211.910771,-216.918449,-0.000181,9.141351,9.141351,-4.886392
1034.000000,210.822632,-215.244012,-0.000306,9.150635,9.150635,-4.780863
1036.000000,209.735294,-213.569053,-0.000443,9.157009,9.157009,-4.665995
1038.000000,208.649595,-211.893033,-0.000665,9.161261,9.161261,-4.541372
1040.000000,207.565744,-210.215817,-0.000888,9.164198,9.164198,-4.406678
1042.000000,206.485472,-208.536293,-0.000771,9.165704,9.165704,-4.265151
1044.000000,205.408102,-206.854907,-0.000367,9.165725,9.165725,-4.121722
1046.000000,204.331692,-205.172905,-0.000231,9.162153,9.162153,-3.976593
1048.000000,203.255393,-203.490832,-0.000375,9.154998,9.154998,-3.828898
1050.000000,202.181012,-201.807534,-0.000387,9.147203,9.147203,-3.680734
1052.000000,201.107720,-200.123541,-0.000162,9.140336,9.140336,-3.531421
1054.000000,200.035532,-198.438845,0.000118,9.137023,9.137023,-3.381103
1056.000000,198.962223,-196.754863,0.000083,9.136761,9.136761,-3.227324
1058.000000,197.888464,-195.071168,-0.000088,9.138663,9.138663,-3.073074
1060.000000,196.815603,-193.386900,0.000017,9.140565,9.140565,-2.921550
1062.000000,195.742585,-191.702733,0.000279,9.144294,9.144294,-2.771303
1064.000000,194.668758,-190.019081,0.000649,9.149487,9.149487,-2.621599
1066.000000,193.592961,-188.336689,0.000923,9.156506,9.156506,-2.471537
1068.000000,192.513191,-186.656842,0.000584,9.164484,9.164484,-2.318197
1070.000000,191.430940,-184.978593,-0.000084,9.171693,9.171693,-2.162669
1072.000000,190.349783,-183.299639,-0.000431,9.180939,9.180939,-2.008515
1074.000000,189.270043,-181.619774,-0.000258,9.189865,9.189865,-1.855573
1076.000000,188.192161,-179.938715,0.000653,9.199380,9.199380,-1.704736
1078.000000,187.112607,-178.258730,0.001661,9.208667,9.208667,-1.552731
1080.000000,186.025786,-176.583441,0.001549,9.211096,9.211096,-1.394354
1082.000000,184.932930,-174.912078,0.000628,9.210129,9.210129,-1.232150
1084.000000,183.838681,-173.241627,0.000311,9.209427,9.209427,-1.072695
1086.000000,182.744856,-171.570898,0.000686,9.206870,9.206870,-0.919508
1088.000000,181.647432,-169.902532,0.000635,9.201815,9.201815,-0.772985
1090.000000,180.547634,-168.235729,0.000259,9.194995,9.194995,-0.640070
1092.000000,179.447725,-166.568999,0.000069,9.187670,9.187670,-0.529432
1094.000000,178.346958,-164.902836,-0.000151,9.179666,9.179666,-0.449001
1096.000000,177.247103,-163.236071,-0.000362,9.170902,9.170902,-0.397774
1098.000000,176.148294,-161.568616,-0.000361,9.161812,9.161812,-0.375791
1100.000000,175.051298,-159.899967,-0.000301,9.152394,9.152394,-0.386057
1102.000000,173.954439,-158.231229,-0.000460,9.142927,9.142927,-0.421852
1104.000000,172.859505,-156.561227,-0.000713,9.133009,9.133009,-0.480894
1106.000000,171.766724,-154.889815,-0.000836,9.121541,9.121541,-0.561801
1108.000000,170.677230,-153.216260,-0.000720,9.109753,9.109753,-0.663882
1110.000000,169.590179,-151.541116,-0.000471,9.095909,9.095909,-0.781890
1112.000000,168.504580,-149.865030,-0.000508,9.079701,9.079701,-0.913080
1114.000000,167.419937,-148.188326,-0.001087,9.063751,9.063751,-1.057421
1116.000000,166.338737,-146.509402,-0.001618,9.053610,9.053610,-1.215030
1118.000000,165.264272,-144.826160,-0.001155,9.051173,9.051173,-1.388318
1120.000000,164.194629,-143.139847,-0.000141,9.052086,9.052086,-1.573524
1122.000000,163.124133,-141.454075,0.000366,9.051036,9.051036,-1.761853
1124.000000,162.052423,-139.769076,0.000456,9.047523,9.047523,-1.951522
1126.000000,160.979063,-138.085126,0.000482,9.042630,9.042630,-2.140915
1128.000000,159.904085,-136.402209,0.000480,9.038630,9.038630,-2.328946
1130.000000,158.827506,-134.720316,0.000574,9.032829,9.032829,-2.514425
1132.000000,157.749291,-133.039471,0.000952,9.024438,9.024438,-2.696678
1134.000000,156.668241,-131.360448,0.001505,9.015530,9.015530,-2.874107
1136.000000,155.581733,-129.684954,0.001817,9.007006,9.007006,-3.044156
1138.000000,154.488832,-128.013622,0.001863,9.001120,9.001120,-3.207849
1140.000000,153.389889,-126.346259,0.001883,8.997238,8.997238,-3.368945
1142.000000,152.284585,-124.683104,0.001975,8.994336,8.994336,-3.531105
1144.000000,151.172999,-123.024141,0.002531,8.992170,8.992170,-3.699606
1146.000000,150.054136,-121.370080,0.004289,8.993698,8.993698,-3.877282
1148.000000,148.922668,-119.724643,0.006771,8.999785,8.999785,-4.053110
1150.000000,147.767367,-118.095884,0.008178,9.010283,9.010283,-4.209321
1152.000000,146.584059,-116.487349,0.008890,9.021293,9.021293,-4.342321
1154.000000,145.374909,-114.898126,0.010536,9.031538,9.031538,-4.455058
1156.000000,144.132048,-113.335173,0.012653,9.045428,9.045428,-4.537220
1158.000000,142.850243,-111.804086,0.014096,9.070695,9.070695,-4.581078
1160.000000,141.524215,-110.311189,0.014464,9.102332,9.102332,-4.581613
1162.000000,140.155629,-108.857139,0.014016,9.131939,9.131939,-4.545110
1164.000000,138.746074,-107.442717,0.012341,9.154404,9.154404,-4.479886
1166.000000,137.300187,-106.065377,0.009916,9.164980,9.164980,-4.407009
1168.000000,135.829725,-104.714343,0.009141,9.161865,9.161865,-4.349874
1170.000000,134.336285,-103.388717,0.009313,9.141423,9.141423,-4.316010
1172.000000,132.815820,-102.094308,0.009774,9.122158,9.122158,-4.297923
1174.000000,131.274914,-100.824135,0.011709,9.101166,9.101166,-4.300215
1176.000000,129.702007,-99.593912,0.012557,9.082630,9.082630,-4.303380
1178.000000,128.097205,-98.405625,0.010789,9.079335,9.079335,-4.300767
1180.000000,126.466741,-97.252726,0.008706,9.093283,9.093283,-4.298056
1182.000000,124.818028,-96.126065,0.011121,9.113155,9.113155,-4.304897
1184.000000,123.151885,-95.025324,0.015972,9.125298,9.125298,-4.319693
1186.000000,121.441560,-93.994783,0.015882,9.101747,9.101747,-4.295670
1188.000000,119.702193,-93.013992,0.013998,9.093343,9.093343,-4.252700
1190.000000,117.936441,-92.081606,0.013426,9.093309,9.093309,-4.184855
1192.000000,116.145500,-91.198548,0.011681,9.101676,9.101676,-4.085434
1194.000000,114.333700,-90.358959,0.009276,9.114779,9.114779,-3.955112
1196.000000,112.507636,-89.550759,0.008351,9.114693,9.114693,-3.803780
1198.000000,110.669358,-88.770814,0.008819,9.105152,9.105152,-3.632317
1200.000000,108.816895,-88.025208,0.008556,9.099759,9.099759,-3.429717
1202.000000,106.951435,-87.312720,0.007246,9.098889,9.098889,-3.192036
1204.000000,105.076082,-86.626598,0.005454,9.100942,9.100942,-2.921794
1206.000000,103.192715,-85.962758,0.002700,9.104071,9.104071,-2.619408
1208.000000,101.305558,-85.309744,-0.000451,9.107105,9.107105,-2.296173
1210.000000,99.419569,-84.653377,-0.002214,9.110039,9.110039,-1.968972
1212.000000,97.537414,-83.986106,-0.002096,9.118042,9.118042,-1.648299
1214.000000,95.658159,-83.310690,-0.001487,9.129686,9.129686,-1.332948
1216.000000,93.780459,-82.630968,-0.001022,9.126702,9.126702,-1.019501
1218.000000,91.904777,-81.945692,-0.000321,9.116459,9.116459,-0.710869
1220.000000,90.029063,-81.260501,-0.000025,9.104914,9.104914,-0.401262
1222.000000,88.153140,-80.575886,-0.000357,9.094060,9.094060,-0.090060
1224.000000,86.277805,-79.889658,-0.000670,9.082219,9.082219,0.220447
1226.000000,84.403463,-79.200725,-0.000801,9.069241,9.069241,0.528478
1228.000000,82.530228,-78.508788,-0.000891,9.055185,9.055185,0.831983
1230.000000,80.658209,-77.813570,-0.001079,9.040142,9.040142,1.129738
1232.000000,78.787591,-77.114590,-0.001581,9.024612,9.024612,1.422174
1234.000000,76.918970,-76.410288,-0.002434,9.011084,9.011084,1.708725
1236.000000,75.053842,-75.696797,-0.003488,9.004184,9.004184,1.988262
1238.000000,73.193581,-74.970732,-0.004640,9.003315,9.003315,2.260122
1240.000000,71.340264,-74.227149,-0.005681,9.005504,9.005504,2.521218
1242.000000,69.495576,-73.462424,-0.006519,9.004000,9.004000,2.771026
1244.000000,67.661044,-72.673649,-0.007989,8.996872,8.996872,3.010580
1246.000000,65.838124,-71.858379,-0.011235,8.994933,8.994933,3.241416
1248.000000,64.033433,-71.003644,-0.015070,9.003223,9.003223,3.454863
1250.000000,62.256861,-70.092164,-0.016299,9.017812,9.017812,3.633943
1252.000000,60.513417,-69.118779,-0.014561,9.034223,9.034223,3.773720
1254.000000,58.797984,-68.096711,-0.013125,9.053805,9.053805,3.884913
1256.000000,57.108508,-67.032283,-0.013652,9.070122,9.070122,3.972305
1258.000000,55.448309,-65.922717,-0.014616,9.081144,9.081144,4.031825
1260.000000,53.822452,-64.763391,-0.014450,9.096230,9.096230,4.059734
1262.000000,52.231185,-63.557029,-0.013762,9.110215,9.110215,4.061081
1264.000000,50.672671,-62.308703,-0.013685,9.118207,9.118207,4.041384
1266.000000,49.148918,-61.018211,-0.013089,9.121445,9.121445,3.998635
1268.000000,47.661759,-59.685701,-0.013589,9.121338,9.121338,3.929154
1270.000000,46.203335,-58.321662,-0.016678,9.102166,9.102166,3.845506
1272.000000,44.797729,-56.903411,-0.019472,9.097752,9.097752,3.715966
1274.000000,43.444193,-55.435504,-0.021006,9.090136,9.090136,3.545671
1276.000000,42.158919,-53.907519,-0.020490,9.099105,9.099105,3.313109
1278.000000,40.936800,-52.328594,-0.018081,9.117710,9.117710,3.026178
1280.000000,39.773579,-50.705682,-0.016022,9.130625,9.130625,2.696312
1282.000000,38.659728,-49.048381,-0.015921,9.129141,9.129141,2.345326
1284.000000,37.597570,-47.357453,-0.016167,9.129096,9.129096,1.981740
1286.000000,36.595690,-45.630109,-0.013828,9.137290,9.137290,1.609233
1288.000000,35.642060,-43.875668,-0.010530,9.140047,9.140047,1.238829
1290.000000,34.723258,-42.102693,-0.009070,9.141587,9.141587,0.887005
1292.000000,33.834527,-40.314496,-0.008792,9.142865,9.142865,0.561540
1294.000000,32.979806,-38.509775,-0.008588,9.137052,9.137052,0.256201
1296.000000,32.153104,-36.692011,-0.008145,9.126559,9.126559,-0.027866
1298.000000,31.360553,-34.859101,-0.005781,9.134139,9.134139,-0.296748
1300.000000,30.590345,-33.016669,-0.002504,9.154867,9.154867,-0.546427
1302.000000,29.825937,-31.171820,-0.000815,9.175881,9.175881,-0.764190
1304.000000,29.064389,-29.325789,-0.000213,9.191754,9.191754,-0.947334
1306.000000,28.303325,-27.479558,0.000197,9.200668,9.200668,-1.092179
1308.000000,27.541569,-25.633612,0.000400,9.201942,9.201942,-1.198528
1310.000000,26.777802,-23.788498,0.000401,9.197936,9.197936,-1.274845
1312.000000,26.012859,-21.943870,0.000337,9.190113,9.190113,-1.332571
1314.000000,25.246362,-20.099888,0.000286,9.178935,9.178935,-1.381481
1316.000000,24.479187,-18.256188,0.000494,9.164593,9.164593,-1.432874
1318.000000,23.710718,-16.413027,0.001057,9.147014,9.147014,-1.497739
1320.000000,22.938251,-14.571539,0.001704,9.127795,9.127795,-1.581695
1322.000000,22.159528,-12.732690,0.002827,9.107957,9.107957,-1.689627
1324.000000,21.372274,-10.897477,0.005345,9.088136,9.088136,-1.822648
1326.000000,20.566911,-9.070168,0.009064,9.072498,9.072498,-1.973498
1328.000000,19.728334,-7.257926,0.012177,9.071845,9.071845,-2.124966
1330.000000,18.842987,-5.468123,0.012879,9.094172,9.094172,-2.268556
1332.000000,17.909541,-3.702857,0.011578,9.135066,9.135066,-2.408102
1334.000000,16.936064,-1.959293,0.011772,9.168684,9.168684,-2.565765
1336.000000,15.928251,-0.235457,0.015262,9.191699,9.191699,-2.741285
1338.000000,14.866589,1.455640,0.018733,9.206979,9.206979,-2.908410
1340.000000,13.739880,3.104143,0.018639,9.216654,9.216654,-3.052381
1342.000000,12.547801,4.706154,0.016262,9.220142,9.220142,-3.185539
1344.000000,11.308893,6.272167,0.015422,9.214869,9.214869,-3.322964
1346.000000,10.022758,7.799548,0.015801,9.204741,9.204741,-3.465198
1348.000000,8.687715,9.284337,0.015173,9.195326,9.195326,-3.610829
1350.000000,7.307718,10.727505,0.014496,9.190983,9.190983,-3.763025
1352.000000,5.888764,12.132436,0.015384,9.183762,9.183762,-3.924521
1354.000000,4.427752,13.493535,0.017266,9.170763,9.170763,-4.084888
1356.000000,2.920385,14.803167,0.018060,9.157396,9.157396,-4.234629
1358.000000,1.364193,16.054444,0.018555,9.142166,9.142166,-4.372504
1360.000000,-0.232733,17.253037,0.020633,9.119505,9.119505,-4.501429
1362.000000,-1.880085,18.381185,0.022122,9.109277,9.109277,-4.594485
1364.000000,-3.576061,19.434627,0.021043,9.111467,9.111467,-4.636257
1366.000000,-5.316808,20.412529,0.018150,9.126408,9.126408,-4.615069
1368.000000,-7.091246,21.328226,0.016215,9.141059,9.141059,-4.543324
1370.000000,-8.892521,22.190108,0.015548,9.147733,9.147733,-4.439903
1372.000000,-10.721946,22.990544,0.013842,9.153214,9.153214,-4.315629
1374.000000,-12.571843,23.742455,0.012724,9.151718,9.151718,-4.182965
1376.000000,-14.439191,24.449802,0.013473,9.140011,9.140011,-4.035444
1378.000000,-16.325107,25.105861,0.013708,9.126942,9.126942,-3.858049
1380.000000,-18.229285,25.706958,0.013086,9.120622,9.120622,-3.646185
1382.000000,-20.147501,26.261898,0.014126,9.113259,9.113259,-3.415552
1384.000000,-22.080081,26.764473,0.015216,9.107030,9.107030,-3.170759
1386.000000,-24.028738,27.200497,0.012574,9.115962,9.115962,-2.904691
1388.000000,-25.988049,27.586192,0.009716,9.128948,9.128948,-2.629618
1390.000000,-27.952776,27.943194,0.010137,9.126163,9.126163,-2.370153
1392.000000,-29.924963,28.255692,0.009005,9.132022,9.132022,-2.108940
1394.000000,-31.903429,28.526425,0.005208,9.149996,9.149996,-1.841124
1396.000000,-33.883786,28.783260,0.003230,9.155766,9.155766,-1.591973
1398.000000,-35.865744,29.027416,0.002855,9.153773,9.153773,-1.357671
1400.000000,-37.849125,29.259718,0.002017,9.149700,9.149700,-1.127903
1402.000000,-39.833524,29.483201,0.000653,9.144191,9.144191,-0.900613
1404.000000,-41.818199,29.704225,-0.000575,9.136862,9.136862,-0.680347
1406.000000,-43.802493,29.928643,-0.000620,9.128479,9.128479,-0.468520
1408.000000,-45.786240,30.157847,0.000565,9.119173,9.119173,-0.260392
1410.000000,-47.770346,30.383914,0.001262,9.115746,9.115746,-0.047952
1412.000000,-49.755286,30.602515,0.000597,9.120289,9.120289,0.168480
1414.000000,-51.740442,30.819178,-0.000240,9.124620,9.124620,0.384318
1416.000000,-53.725392,31.037723,-0.000211,9.116703,9.116703,0.598097
1418.000000,-55.710123,31.258242,0.000117,9.102521,9.102521,0.808000
1420.000000,-57.695130,31.476272,-0.000238,9.093488,9.093488,1.018428
1422.000000,-59.680010,31.695445,-0.000697,9.088207,9.088207,1.226869
1424.000000,-61.664447,31.918595,-0.000747,9.086445,9.086445,1.433199
1426.000000,-63.648663,32.143701,-0.001136,9.089629,9.089629,1.643452
1428.000000,-65.632427,32.372757,-0.002472,9.095174,9.095174,1.858530
1430.000000,-67.615229,32.609949,-0.005444,9.101876,9.101876,2.078505
1432.000000,-69.595660,32.866067,-0.010281,9.114447,9.114447,2.296626
1434.000000,-71.570431,33.162283,-0.013958,9.133091,9.133091,2.497481
1436.000000,-73.534692,33.521551,-0.015175,9.141997,9.141997,2.667479
1438.000000,-75.488428,33.934073,-0.017340,9.143161,9.143161,2.821189
1440.000000,-77.426451,34.414327,-0.017953,9.138363,9.138363,2.947487
1442.000000,-79.342879,34.974899,-0.013170,9.120937,9.120937,3.038383
1444.000000,-81.244724,35.583729,-0.008613,9.108617,9.108617,3.130748
1446.000000,-83.138465,36.217302,-0.009322,9.105916,9.105916,3.234516
1448.000000,-85.020793,36.883848,-0.012588,9.104649,9.104649,3.331488
1450.000000,-86.884780,37.599977,-0.013924,9.092774,9.092774,3.401360
1452.000000,-88.726386,38.371936,-0.012092,9.071177,9.071177,3.438634
1454.000000,-90.548567,39.188775,-0.009477,9.068148,9.068148,3.453833
1456.000000,-92.356211,40.037340,-0.008850,9.082801,9.082801,3.460038
1458.000000,-94.149820,40.915167,-0.009877,9.103863,9.103863,3.461816
1460.000000,-95.924856,41.829948,-0.010793,9.124145,9.124145,3.454017
1462.000000,-97.680071,42.782183,-0.011688,9.126325,9.126325,3.438282
1464.000000,-99.412827,43.774598,-0.013816,9.122468,9.122468,3.412360
1466.000000,-101.119185,44.811792,-0.015431,9.120477,9.120477,3.373091
1468.000000,-102.787918,45.908430,-0.013065,9.121329,9.121329,3.308884
1470.000000,-104.426786,47.049366,-0.009733,9.128608,9.128608,3.235108
1472.000000,-106.047645,48.215753,-0.009766,9.125703,9.125703,3.175481
1474.000000,-107.645118,49.413934,-0.010597,9.115564,9.115564,3.119409
1476.000000,-109.214792,50.648326,-0.010014,9.111614,9.111614,3.060372
1478.000000,-110.760527,51.912548,-0.009729,9.110200,9.110200,2.998034
1480.000000,-112.282210,53.205633,-0.009835,9.107318,9.107318,2.931587
1482.000000,-113.776500,54.530285,-0.009189,9.103387,9.103387,2.858394
1484.000000,-115.246862,55.881452,-0.008609,9.100863,9.100863,2.782321
1486.000000,-116.694461,57.256976,-0.008699,9.099609,9.099609,2.704907
1488.000000,-118.117792,58.657606,-0.008320,9.098447,9.098447,2.627891
1490.000000,-119.515953,60.083376,-0.006905,9.096055,9.096055,2.557698
1492.000000,-120.894971,61.527678,-0.005800,9.095366,9.095366,2.501556
1494.000000,-122.258534,62.986594,-0.005702,9.096681,9.096681,2.464972
1496.000000,-123.604961,64.461335,-0.005782,9.096347,9.096347,2.449114
1498.000000,-124.934281,65.951503,-0.006062,9.095190,9.095190,2.447019
1500.000000,-126.246477,67.456782,-0.006817,9.094802,9.094802,2.457851
1502.000000,-127.537448,68.980288,-0.007324,9.091018,9.091018,2.475936
1504.000000,-128.805421,70.522981,-0.007571,9.079927,9.079927,2.490878
1506.000000,-130.050905,72.083888,-0.007954,9.061857,9.061857,2.495750
1508.000000,-131.270474,73.665121,-0.007513,9.045406,9.045406,2.484483
1510.000000,-132.464509,75.265736,-0.006051,9.037202,9.037202,2.457350
1512.000000,-133.640205,76.879882,-0.005334,9.031995,9.031995,2.422276
1514.000000,-134.800586,78.505075,-0.005541,9.027296,9.027296,2.383915
1516.000000,-135.940923,80.144391,-0.005201,9.024356,9.024356,2.338377
1518.000000,-137.064403,81.795307,-0.004979,9.021116,9.021116,2.289092
1520.000000,-138.173360,83.456020,-0.004773,9.019982,9.019982,2.241152
1522.000000,-139.262353,85.129903,-0.004132,9.012335,9.012335,2.194675
1524.000000,-140.342281,86.809617,-0.004804,9.012576,9.012576,2.166267
1526.000000,-141.404967,88.500311,-0.006250,9.015141,9.015141,2.153246
1528.000000,-142.446431,90.204142,-0.006993,9.028534,9.028534,2.154550
1530.000000,-143.462754,91.923080,-0.007014,9.042893,9.042893,2.156410
1532.000000,-144.454950,93.656060,-0.006745,9.051876,9.051876,2.156448
1534.000000,-145.423877,95.402167,-0.006708,9.056808,9.056808,2.158990
1536.000000,-146.369770,97.160849,-0.006712,9.057301,9.057301,2.172298
1538.000000,-147.291092,98.932522,-0.006366,9.058145,9.058145,2.191971
1540.000000,-148.189962,100.715709,-0.005857,9.061361,9.061361,2.211663
1542.000000,-149.067985,102.509256,-0.005552,9.068516,9.068516,2.227604
1544.000000,-149.926516,104.312206,-0.005516,9.075460,9.075460,2.234753
1546.000000,-150.765135,106.124508,-0.005595,9.080961,9.080961,2.232010
1548.000000,-151.583422,107.946082,-0.005728,9.086491,9.086491,2.224722
1550.000000,-152.381085,109.776781,-0.006295,9.093248,9.093248,2.222792
1552.000000,-153.156763,111.616886,-0.007064,9.097872,9.097872,2.233479
1554.000000,-153.904686,113.468450,-0.007074,9.095556,9.095556,2.254445
1556.000000,-154.625912,115.330585,-0.006701,9.093416,9.093416,2.289609
1558.000000,-155.323409,117.201723,-0.007481,9.097804,9.097804,2.335860
1560.000000,-155.995152,119.082268,-0.009265,9.108231,9.108231,2.392457
1562.000000,-156.629920,120.975583,-0.010227,9.122167,9.122167,2.456704
1564.000000,-157.224606,122.881856,-0.011012,9.138418,9.138418,2.526833
1566.000000,-157.781217,124.799568,-0.013639,9.158242,9.158242,2.604575
1568.000000,-158.285755,126.731552,-0.016603,9.174706,9.174706,2.677257
1570.000000,-158.722488,128.679982,-0.017947,9.179264,9.179264,2.741298
1572.000000,-159.089441,130.642800,-0.018088,9.178272,9.178272,2.802765
1574.000000,-159.383459,132.617801,-0.016856,9.176916,9.176916,2.846395
1576.000000,-159.608746,134.601853,-0.015185,9.165622,9.165622,2.864260
1578.000000,-159.778081,136.591460,-0.015326,9.154103,9.154103,2.866078
1580.000000,-159.887166,138.585236,-0.016614,9.141096,9.141096,2.848674
1582.000000,-159.928899,140.581588,-0.017051,9.122718,9.122718,2.806100
1584.000000,-159.900880,142.578224,-0.016261,9.105846,9.105846,2.740795
1586.000000,-159.807863,144.572884,-0.015162,9.092539,9.092539,2.659444
1588.000000,-159.655423,146.563855,-0.014632,9.082752,9.082752,2.555494
1590.000000,-159.445518,148.549580,-0.014050,9.078498,9.078498,2.424174
1592.000000,-159.177625,150.528331,-0.013390,9.077341,9.077341,2.268118
1594.000000,-158.860702,152.499912,-0.013730,9.076634,9.076634,2.104279
1596.000000,-158.488577,154.461797,-0.014419,9.078418,9.078418,1.945847
1598.000000,-158.060291,156.412127,-0.014808,9.083080,9.083080,1.791539
1600.000000,-157.574340,158.348880,-0.015030,9.086992,9.086992,1.633564
1602.000000,-157.030093,160.270067,-0.015275,9.088484,9.088484,1.458529
1604.000000,-156.428562,162.174163,-0.014618,9.088226,9.088226,1.260241
1606.000000,-155.766584,164.058125,-0.012052,9.087381,9.087381,1.040548
1608.000000,-155.061436,165.926359,-0.009224,9.085397,9.085397,0.812165
1610.000000,-154.322134,167.781359,-0.006579,9.084018,9.084018,0.582720
1612.000000,-153.556958,169.625868,-0.003325,9.090422,9.090422,0.357223
1614.000000,-152.780265,171.465577,-0.000686,9.103523,9.103523,0.151808
1616.000000,-152.003421,173.305224,-0.000039,9.112820,9.112820,-0.025606
1618.000000,-151.228287,175.145592,-0.000957,9.114626,9.114626,-0.177971
1620.000000,-150.449309,176.984335,-0.001997,9.118557,9.118557,-0.314998
1622.000000,-149.662258,178.819635,-0.002012,9.130248,9.130248,-0.442306
1624.000000,-148.865916,180.650923,-0.000826,9.146546,9.146546,-0.566050
1626.000000,-148.066758,182.480987,0.000463,9.161434,9.161434,-0.679670
1628.000000,-147.270429,184.312283,0.000986,9.171942,9.171942,-0.773940
1630.000000,-146.478030,186.145283,0.001059,9.178754,9.178754,-0.846731
1632.000000,-145.689375,187.979898,0.001239,9.183403,9.183403,-0.899458
1634.000000,-144.904818,189.816267,0.001325,9.187818,9.187818,-0.930589
1636.000000,-144.126498,191.655289,0.000759,9.193751,9.193751,-0.936218
1638.000000,-143.351058,193.495529,0.000040,9.198130,9.198130,-0.919580
1640.000000,-142.574772,195.335411,-0.000206,9.199021,9.199021,-0.880327
1642.000000,-141.797886,197.175041,-0.000233,9.195322,9.195322,-0.816594
1644.000000,-141.020017,199.014254,-0.000171,9.188490,9.188490,-0.732334
1646.000000,-140.241286,200.853103,-0.000016,9.180391,9.180391,-0.627901
1648.000000,-139.462754,202.692037,-0.000066,9.172955,9.172955,-0.502185
1650.000000,-138.684455,204.531068,-0.000252,9.167727,9.167727,-0.360069
1652.000000,-137.904529,206.369411,-0.000186,9.162382,9.162382,-0.206037
1654.000000,-137.123928,208.207467,0.000057,9.154995,9.154995,-0.039695
1656.000000,-136.343572,210.045628,0.000056,9.146622,9.146622,0.136363
1658.000000,-135.564244,211.884224,-0.000303,9.137091,9.137091,0.321472
1660.000000,-134.783444,213.722195,-0.000369,9.126988,9.126988,0.510271
1662.000000,-134.000107,215.559086,0.000331,9.114391,9.114391,0.697243
1664.000000,-133.217894,217.396457,0.001054,9.103674,9.103674,0.882610
1666.000000,-132.440837,219.236012,0.000944,9.098200,9.098200,1.067481
1668.000000,-131.667820,221.077271,0.000245,9.098779,9.098779,1.245036
1670.000000,-130.895446,222.918799,-0.000394,9.101339,9.101339,1.408057
1672.000000,-130.121345,224.759602,-0.000698,9.105449,9.105449,1.551808
1674.000000,-129.344261,226.599147,-0.000666,9.112696,9.112696,1.677597
1676.000000,-128.564617,228.437609,-0.000522,9.119894,9.119894,1.783949
1678.000000,-127.783292,230.275357,-0.000514,9.126479,9.126479,1.860764
1680.000000,-127.000231,232.112367,-0.000616,9.134254,9.134254,1.892384
1682.000000,-126.214782,233.948356,-0.000558,9.140204,9.140204,1.863484
1684.000000,-125.426815,235.783266,-0.000161,9.143623,9.143623,1.766991
1686.000000,-124.638091,237.617851,0.000280,9.145750,9.145750,1.617531
1688.000000,-123.851035,239.453153,0.000487,9.147199,9.147199,1.430489
1690.000000,-123.065500,241.289105,0.000592,9.146262,9.146262,1.218905
1692.000000,-122.282404,243.126100,0.000720,9.141650,9.141650,0.985468
1694.000000,-121.501591,244.964065,0.000608,9.134426,9.134426,0.729971
1696.000000,-120.724346,246.803542,0.000478,9.126050,9.126050,0.453594
1698.000000,-119.946617,248.642814,0.000928,9.113829,9.113829,0.152012
1700.000000,-119.173315,250.483950,0.001443,9.103141,9.103141,-0.170720
1702.000000,-118.405293,252.327297,0.001691,9.094864,9.094864,-0.515276
1704.000000,-117.643519,254.173234,0.001944,9.088424,9.088424,-0.878239
1706.000000,-116.888890,256.022097,0.002127,9.082607,9.082607,-1.256955
1708.000000,-116.142418,257.874275,0.002330,9.077876,9.077876,-1.647017
1710.000000,-115.403924,259.729644,0.003137,9.071925,9.071925,-2.050187
1712.000000,-114.675827,261.589118,0.005365,9.064881,9.064881,-2.472993
1714.000000,-113.965536,263.455462,0.008712,9.060710,9.060710,-2.921823
1716.000000,-113.289222,265.334362,0.014433,9.075513,9.075513,-3.405756
1718.000000,-112.657784,267.228604,0.024916,9.108940,9.108940,-3.921943
1720.000000,-112.121291,269.151253,0.037279,9.152568,9.152568,-4.403904
1722.000000,-111.732328,271.108488,0.047553,9.204392,9.204392,-4.780694
1724.000000,-111.533035,273.093078,0.053492,9.249786,9.249786,-5.028775
1726.000000,-111.555499,275.087484,0.052742,9.251813,9.251813,-5.145189
1728.000000,-111.792785,277.068608,0.048009,9.252575,9.252575,-5.147505
1730.000000,-112.214403,279.019785,0.042597,9.243719,9.243719,-5.054239
1732.000000,-112.806151,280.926491,0.034087,9.240213,9.240213,-4.875472
1734.000000,-113.530528,282.787152,0.024700,9.246933,9.246933,-4.625949
1736.000000,-114.334990,284.614476,0.018605,9.245608,9.245608,-4.359034
1738.000000,-115.212028,286.408299,0.014906,9.241620,9.241620,-4.082732
1740.000000,-116.133804,288.179697,0.013388,9.237931,9.237931,-3.825751
1742.000000,-117.106338,289.923637,0.011447,9.247449,9.247449,-3.578776
1744.000000,-118.120623,291.643774,0.008354,9.244725,9.244725,-3.340844
1746.000000,-119.159557,293.349136,0.006231,9.220537,9.220537,-3.127385
1748.000000,-120.222067,295.039940,0.005000,9.203885,9.203885,-2.934457
1750.000000,-121.297438,296.722595,0.005264,9.191521,9.191521,-2.781208
1752.000000,-122.390935,298.393511,0.006188,9.185472,9.185472,-2.656751
1754.000000,-123.505719,300.050305,0.006210,9.187122,9.187122,-2.550803
1756.000000,-124.641989,301.692438,0.005238,9.188762,9.188762,-2.450074
1758.000000,-125.795865,303.322251,0.004528,9.186970,9.186970,-2.346468
1760.000000,-126.961605,304.943615,0.005106,9.179085,9.179085,-2.240685
1762.000000,-128.144807,306.552263,0.005504,9.172621,9.172621,-2.126477
1764.000000,-129.347005,308.146770,0.004971,9.169640,9.169640,-2.003171
1766.000000,-130.564188,309.729867,0.004759,9.166912,9.166912,-1.874898
1768.000000,-131.795542,311.301973,0.004950,9.162575,9.162575,-1.747017
1770.000000,-133.043517,312.860915,0.004875,9.160327,9.160327,-1.625080
1772.000000,-134.305967,314.408155,0.005008,9.157669,9.157669,-1.513006
1774.000000,-135.583333,315.943106,0.005269,9.154721,9.154721,-1.411580
1776.000000,-136.878006,317.463491,0.005049,9.156013,9.156013,-1.321252
1778.000000,-138.187441,318.971167,0.004689,9.161195,9.161195,-1.240798
1780.000000,-139.511135,320.466355,0.004425,9.166719,9.166719,-1.171902
1782.000000,-140.847812,321.949949,0.004292,9.170915,9.170915,-1.124754
1784.000000,-142.196932,323.422226,0.004292,9.176621,9.176621,-1.104158
1786.000000,-143.558841,324.882691,0.004190,9.184092,9.184092,-1.113114
1788.000000,-144.933001,326.331635,0.004094,9.189722,9.189722,-1.157898
1790.000000,-146.318569,327.769672,0.004289,9.190889,9.190889,-1.229986
1792.000000,-147.716273,329.195911,0.004840,9.189672,9.189672,-1.312878
1794.000000,-149.127328,330.608946,0.005284,9.186756,9.186756,-1.404219
1796.000000,-150.554368,332.005833,0.005288,9.185573,9.185573,-1.505145
1798.000000,-151.995365,333.388310,0.005459,9.182145,9.182145,-1.618282
1800.000000,-153.451172,334.755186,0.006003,9.177601,9.177601,-1.740306
1802.000000,-154.923286,336.104473,0.006124,9.174957,9.174957,-1.866518
1804.000000,-156.413030,337.434281,0.005396,9.173965,9.173965,-1.988918
1806.000000,-157.916769,338.748236,0.004647,9.174340,9.174340,-2.109707
1808.000000,-159.431979,340.048963,0.004107,9.174327,9.174327,-2.230544
1810.000000,-160.958829,341.336010,0.003574,9.172443,9.172443,-2.349750
1812.000000,-162.493429,342.613802,0.003412,9.171873,9.171873,-2.467370
1814.000000,-164.037525,343.880112,0.003378,9.172562,9.172562,-2.572930
1816.000000,-165.589544,345.136687,0.003984,9.168209,9.168209,-2.662259
1818.000000,-167.150265,346.382445,0.004967,9.160967,9.160967,-2.725110
1820.000000,-168.725367,347.609963,0.005051,9.154254,9.154254,-2.735641
1822.000000,-170.312005,348.822527,0.005374,9.147885,9.147885,-2.698096
1824.000000,-171.910447,350.019488,0.005976,9.140997,9.140997,-2.615355
1826.000000,-173.525347,351.194161,0.005819,9.134003,9.134003,-2.477798
1828.000000,-175.152118,352.352303,0.005834,9.122448,9.122448,-2.300376
1830.000000,-176.792930,353.490481,0.005525,9.109691,9.109691,-2.080824
1832.000000,-178.447248,354.608957,0.004277,9.098977,9.098977,-1.822345
1834.000000,-180.110445,355.714182,0.002836,9.090006,9.090006,-1.538859
1836.000000,-181.780494,356.809040,0.000993,9.086992,9.086992,-1.240420
1838.000000,-183.452974,357.900184,-0.001230,9.093679,9.093679,-0.942203
1840.000000,-185.122458,358.995904,-0.002535,9.114114,9.114114,-0.655449
1842.000000,-186.784704,360.102570,-0.003628,9.138678,9.138678,-0.385105
1844.000000,-188.442094,361.216488,-0.008053,9.149144,9.149144,-0.125795
1846.000000,-190.084054,362.352925,-0.014493,9.158863,9.158863,0.102989
1848.000000,-191.687995,363.542228,-0.016465,9.186686,9.186686,0.264982
1850.000000,-193.247110,364.789914,-0.015637,9.216965,9.216965,0.367364
1852.000000,-194.774243,366.076378,-0.017724,9.220262,9.220262,0.451462
1854.000000,-196.251760,367.419414,-0.019457,9.215164,9.215164,0.510642
1856.000000,-197.673018,368.821953,-0.017626,9.209112,9.209112,0.565792
1858.000000,-199.043356,370.274321,-0.015663,9.203213,9.203213,0.630242
1860.000000,-200.371922,371.765045,-0.016817,9.197263,9.197263,0.714210
1862.000000,-201.651136,373.298278,-0.018497,9.189167,9.189167,0.795999
1864.000000,-202.866950,374.882280,-0.017877,9.178199,9.178199,0.857550
1866.000000,-204.028567,376.506369,-0.017520,9.165254,9.165254,0.903724
1868.000000,-205.133325,378.169650,-0.018529,9.154893,9.154893,0.934656
1870.000000,-206.175823,379.872682,-0.018473,9.150762,9.150762,0.953754
1872.000000,-207.150431,381.615498,-0.016969,9.155565,9.155565,0.976298
1874.000000,-208.069241,383.388321,-0.016360,9.163065,9.163065,1.016825
1876.000000,-208.929657,385.190195,-0.017360,9.168512,9.168512,1.073836
1878.000000,-209.729056,387.020006,-0.018255,9.166624,9.166624,1.138103
1880.000000,-210.456928,388.879428,-0.018242,9.161944,9.161944,1.187192
1882.000000,-211.119894,390.762852,-0.017932,9.156266,9.156266,1.222937
1884.000000,-211.711569,392.669888,-0.017316,9.155813,9.155813,1.251524
1886.000000,-212.239377,394.595656,-0.017661,9.154213,9.154213,1.286288
1888.000000,-212.701385,396.538309,-0.018633,9.149623,9.149623,1.330395
1890.000000,-213.085954,398.497764,-0.018445,9.146593,9.146593,1.383897
1892.000000,-213.400854,400.469533,-0.018271,9.139780,9.139780,1.456392
1894.000000,-213.643050,402.451480,-0.018284,9.134132,9.134132,1.550614
1896.000000,-213.811857,404.441018,-0.017576,9.134282,9.134282,1.664935
1898.000000,-213.910232,406.435318,-0.016855,9.136404,9.136404,1.791628
1900.000000,-213.943337,408.431839,-0.017482,9.136060,9.136060,1.915889
1902.000000,-213.908860,410.428379,-0.018891,9.136789,9.136789,2.017083
1904.000000,-213.796108,412.422000,-0.019136,9.138137,9.138137,2.085137
1906.000000,-213.606551,414.409698,-0.018078,9.144475,9.144475,2.127652
1908.000000,-213.344678,416.389202,-0.016886,9.149961,9.149961,2.159184
1910.000000,-213.017836,418.358995,-0.016620,9.151218,9.151218,2.195492
1912.000000,-212.626920,420.317124,-0.017511,9.150014,9.150014,2.235483
1914.000000,-212.168490,422.260573,-0.018393,9.148108,9.148108,2.266895
1916.000000,-211.636474,424.185213,-0.018268,9.149913,9.149913,2.288752
1918.000000,-211.035107,426.089278,-0.017439,9.149687,9.149687,2.319793
1920.000000,-210.366707,427.970846,-0.016507,9.149057,9.149057,2.363670
1922.000000,-209.638028,429.829885,-0.016470,9.147995,9.147995,2.415264
1924.000000,-208.850293,431.664694,-0.017390,9.145411,9.145411,2.458866
1926.000000,-207.998161,433.470487,-0.018371,9.144032,9.144032,2.482534
1928.000000,-207.081250,435.244338,-0.018607,9.148932,9.148932,2.491352
1930.000000,-206.095864,436.981077,-0.017843,9.155680,9.155680,2.489375
1932.000000,-205.051317,438.682808,-0.017531,9.162784,9.162784,2.479700
1934.000000,-203.948457,440.347319,-0.017751,9.164277,9.164277,2.457194
1936.000000,-202.785947,441.970688,-0.017640,9.166406,9.166406,2.414480
1938.000000,-201.568005,443.553037,-0.017647,9.168030,9.168030,2.345832
1940.000000,-200.294624,445.091152,-0.017827,9.163152,9.163152,2.235635
1942.000000,-198.967671,446.583235,-0.017947,9.155443,9.155443,2.073578
1944.000000,-197.587733,448.026382,-0.017845,9.146145,9.146145,1.854609
1946.000000,-196.157155,449.419318,-0.017676,9.136224,9.136224,1.584601
1948.000000,-194.678720,450.761414,-0.018190,9.123815,9.123815,1.275997
1950.000000,-193.153515,452.050195,-0.019814,9.112435,9.112435,0.939971
1952.000000,-191.578923,453.278065,-0.020568,9.101635,9.101635,0.586890
1954.000000,-189.951669,454.435158,-0.018231,9.106099,9.106099,0.208755
1956.000000,-188.283077,455.531916,-0.015066,9.117861,9.117861,-0.186127
1958.000000,-186.584187,456.581298,-0.013279,9.129016,9.129016,-0.598636
1960.000000,-184.857202,457.583781,-0.010888,9.139075,9.139075,-1.046895
1962.000000,-183.107432,458.546054,-0.007071,9.146026,9.146026,-1.544215
1964.000000,-181.345006,459.484975,-0.002346,9.143095,9.143095,-2.096799
1966.000000,-179.576287,460.412019,0.005293,9.137751,9.137751,-2.705894
1968.000000,-177.815088,461.353206,0.017900,9.146278,9.146278,-3.346643
1970.000000,-176.085972,462.351874,0.029915,9.175368,9.175368,-3.968286
1972.000000,-174.430037,463.467288,0.035790,9.186330,9.186330,-4.525053
1974.000000,-172.854071,464.692164,0.036710,9.195518,9.195518,-5.020445
1976.000000,-171.382252,466.040443,0.034669,9.209176,9.209176,-5.431464
1978.000000,-169.998392,467.479444,0.036179,9.216061,9.216061,-5.797034
1980.000000,-168.718088,469.010113,0.040238,9.226981,9.226981,-6.080534
1982.000000,-167.575388,470.646379,0.041082,9.238467,9.238467,-6.278422
1984.000000,-166.563346,472.367222,0.043503,9.233547,9.233547,-6.425613
1986.000000,-165.701563,474.167200,0.045738,9.208298,9.208298,-6.497316
1988.000000,-165.022002,476.044000,0.044308,9.211925,9.211925,-6.463295
1990.000000,-164.498213,477.969403,0.042250,9.210945,9.210945,-6.357065
1992.000000,-164.151555,479.934649,0.040351,9.225587,9.225587,-6.151170
1994.000000,-163.949843,481.920869,0.039710,9.211924,9.211924,-5.871077
1996.000000,-163.916243,483.916859,0.034956,9.194721,9.194721,-5.495189
1998.000000,-164.032256,485.910103,0.025985,9.189738,9.189738,-4.979877
2000.000000,-164.237486,487.896199,0.020785,9.187490,9.187490,-4.393758
2002.000000,-164.527699,489.871505,0.015719,9.183124,9.183124,-3.798742
2004.000000,-164.887599,491.835626,0.007061,9.200120,9.200120,-3.192269
2006.000000,-165.270929,493.795429,0.001507,9.225621,9.225621,-2.606215
2008.000000,-165.648755,495.756304,0.003243,9.217042,9.217042,-2.102563
2010.000000,-166.037796,497.714943,0.006800,9.196794,9.196794,-1.658473
2012.000000,-166.460576,499.666564,0.006872,9.190100,9.190100,-1.232172
2014.000000,-166.910784,501.612077,0.006234,9.186858,9.186858,-0.829040
2016.000000,-167.379443,503.553238,0.006445,9.173547,9.173547,-0.459999
2018.000000,-167.880517,505.486275,0.003692,9.152933,9.152933,-0.098535
2020.000000,-168.398050,507.414991,-0.001523,9.134359,9.134359,0.259109
2022.000000,-168.907307,509.345896,-0.004151,9.126869,9.126869,0.591602
2024.000000,-169.393130,511.282808,-0.002480,9.138606,9.138606,0.884858
2026.000000,-169.869973,513.221985,0.000597,9.154932,9.154932,1.158269
2028.000000,-170.349872,515.160401,0.001064,9.165758,9.165758,1.426961
2030.000000,-170.841889,517.095780,-0.000714,9.164574,9.164574,1.699970
2032.000000,-171.323085,519.033872,-0.000891,9.175024,9.175024,1.952132
2034.000000,-171.802752,520.972353,0.000053,9.181808,9.181808,2.194526
2036.000000,-172.282512,522.910809,0.000153,9.183132,9.183132,2.428150
2038.000000,-172.764432,524.848731,0.000128,9.183562,9.183562,2.652276
2040.000000,-173.244308,526.787160,0.000140,9.187404,9.187404,2.861333
2042.000000,-173.728089,528.724617,-0.000662,9.189232,9.189232,3.065217
2044.000000,-174.208267,530.662968,-0.000961,9.195651,9.195651,3.257005
2046.000000,-174.681498,532.603028,-0.000458,9.208403,9.208403,3.433664
2048.000000,-175.157350,534.542448,-0.000392,9.217339,9.217339,3.601378
2050.000000,-175.627813,536.483182,0.000112,9.230062,9.230062,3.748541
2052.000000,-176.100354,538.423411,0.000752,9.238378,9.238378,3.878088
2054.000000,-176.575868,540.362914,0.000692,9.243726,9.243726,3.981548
2056.000000,-177.055008,542.301525,0.000150,9.245865,9.245865,4.062405
2058.000000,-177.534645,544.240013,-0.000258,9.246808,9.246808,4.120473
2060.000000,-178.011983,546.179068,-0.000128,9.246070,9.246070,4.153812
2062.000000,-178.489435,548.118096,-0.000017,9.242483,9.242483,4.165954
2064.000000,-178.966969,550.057103,-0.000237,9.237454,9.237454,4.160204
2066.000000,-179.443966,551.996243,-0.000445,9.230699,9.230699,4.135795
2068.000000,-179.918278,553.936040,-0.000217,9.226580,9.226580,4.094450
2070.000000,-180.391604,555.876079,0.000054,9.222834,9.222834,4.043065
2072.000000,-180.866229,557.815800,-0.000051,9.216936,9.216936,3.986389
2074.000000,-181.340086,559.755709,-0.000161,9.211633,9.211633,3.924164
2076.000000,-181.813385,561.695755,-0.000211,9.206496,9.206496,3.858828
2078.000000,-182.286078,563.635948,-0.000219,9.201983,9.201983,3.792249
2080.000000,-182.757264,565.576508,-0.000077,9.199629,9.199629,3.725956
2082.000000,-183.228680,567.517011,0.000007,9.197634,9.197634,3.663288
2084.000000,-183.699947,569.457551,-0.000052,9.195644,9.195644,3.603791
2086.000000,-184.171392,571.398048,-0.000260,9.193891,9.193891,3.546624
2088.000000,-184.641831,573.338789,-0.000355,9.193172,9.193172,3.489682
2090.000000,-185.110066,575.280063,-0.000122,9.194099,9.194099,3.431487
2092.000000,-185.578213,577.221358,0.000016,9.195425,9.195425,3.373937
2094.000000,-186.046853,579.162534,-0.000044,9.197177,9.197177,3.317231
2096.000000,-186.514848,581.103865,-0.000011,9.198774,9.198774,3.259727
2098.000000,-186.982958,583.045169,0.000017,9.200005,9.200005,3.201810
2100.000000,-187.451310,584.986415,-0.000013,9.200225,9.200225,3.143219
2102.000000,-187.919321,586.927743,0.000052,9.198994,9.198994,3.082963
2104.000000,-188.387577,588.869011,0.000178,9.195025,9.195025,3.021398
2106.000000,-188.856486,590.810123,0.000193,9.189437,9.189437,2.959212
2108.000000,-189.326605,592.750941,0.000085,9.182443,9.182443,2.897693
2110.000000,-189.796648,594.691778,0.000025,9.176438,9.176438,2.836097
2112.000000,-190.266955,596.632551,-0.000037,9.171380,9.171380,2.775073
2114.000000,-190.737196,598.573340,-0.000036,9.166292,9.166292,2.713648
2116.000000,-191.206732,600.514299,0.000147,9.162277,9.162277,2.649607
2118.000000,-191.677186,602.455036,0.000320,9.158167,9.158167,2.583097
2120.000000,-192.148785,604.395496,0.000385,9.154387,9.154387,2.511920
2122.000000,-192.622133,606.335529,0.000343,9.150541,9.150541,2.435119
2124.000000,-193.096798,608.275240,0.000218,9.146793,9.146793,2.350447
2126.000000,-193.572393,610.214724,0.000095,9.142416,9.142416,2.254323
2128.000000,-194.048186,612.154160,0.000020,9.137704,9.137704,2.144363
2130.000000,-194.524132,614.093557,-0.000153,9.134467,9.134467,2.021313
2132.000000,-194.999886,616.033002,-0.000362,9.132284,9.132284,1.883323
2134.000000,-195.473505,617.972969,-0.000440,9.129861,9.129861,1.721241
2136.000000,-195.945974,619.913217,-0.000436,9.126801,9.126801,1.534854
2138.000000,-196.416052,621.854045,-0.000226,9.122646,9.122646,1.320801
2140.000000,-196.885305,623.795073,0.000081,9.119112,9.119112,1.078730
2142.000000,-197.355102,625.735969,0.000328,9.116433,9.116433,0.810326
2144.000000,-197.825894,627.676624,0.000523,9.113178,9.113178,0.521845
2146.000000,-198.299243,629.616657,0.000552,9.110771,9.110771,0.220136
2148.000000,-198.774595,631.556201,0.000385,9.107746,9.107746,-0.092871
2150.000000,-199.251931,633.495257,0.000253,9.104374,9.104374,-0.419968
2152.000000,-199.729268,635.434312,0.000240,9.101834,9.101834,-0.763743
2154.000000,-200.208542,637.372890,0.000307,9.100448,9.100448,-1.122580
2156.000000,-200.687661,639.311506,0.000456,9.099445,9.099445,-1.497408
2158.000000,-201.169910,641.249346,0.000467,9.099058,9.099058,-1.883661
2160.000000,-201.653119,643.186947,0.000409,9.099189,9.099189,-2.278449
2162.000000,-202.138502,645.124004,0.000363,9.099153,9.099153,-2.676899
2164.000000,-202.624912,647.060804,0.000358,9.096362,9.096362,-3.077926
2166.000000,-203.112710,648.997254,0.000597,9.090252,9.090252,-3.480836
2168.000000,-203.602248,650.933265,0.000908,9.082110,9.082110,-3.886309
2170.000000,-204.096153,652.868167,0.000956,9.071945,9.071945,-4.291779
2172.000000,-204.593614,654.802157,0.001121,9.063848,9.063848,-4.698365
2174.000000,-205.094370,656.735297,0.002616,9.055862,9.055862,-5.104741
2176.000000,-205.602289,658.666564,0.006682,9.050190,9.050190,-5.501300
2178.000000,-206.132916,660.591700,0.013109,9.059018,9.059018,-5.866310
2180.000000,-206.713582,662.502217,0.019750,9.091612,9.091612,-6.166554
2182.000000,-207.371470,664.387315,0.025992,9.135412,9.135412,-6.381396
2184.000000,-208.123032,666.236838,0.031528,9.170550,9.170550,-6.503910
2186.000000,-208.995521,668.031819,0.033595,9.176015,9.176015,-6.516752
2188.000000,-209.989242,669.763258,0.032578,9.160110,9.160110,-6.423932
2190.000000,-211.092734,671.427124,0.031378,9.136751,9.136751,-6.228832
2192.000000,-212.297916,673.018949,0.029500,9.121195,9.121195,-5.936650
2194.000000,-213.598095,674.534077,0.025212,9.105962,9.105962,-5.545681
2196.000000,-214.973640,675.981219,0.019355,9.086697,9.086697,-5.063431
2198.000000,-216.403986,677.374461,0.014000,9.074252,9.074252,-4.515990
2200.000000,-217.871142,678.729021,0.011960,9.095322,9.095322,-3.942082
2202.000000,-219.364916,680.054242,0.012001,9.137781,9.137781,-3.378993
2204.000000,-220.896579,681.335369,0.008304,9.156860,9.156860,-2.814686
2206.000000,-222.450875,682.589126,0.002400,9.158864,9.158864,-2.267136
2208.000000,-224.007235,683.840335,-0.000535,9.158326,9.158326,-1.777417
2210.000000,-225.561214,685.094499,-0.001483,9.147619,9.147619,-1.346798
2212.000000,-227.112507,686.351924,-0.000941,9.132748,9.132748,-0.964198
2214.000000,-228.656613,687.618216,0.001305,9.142779,9.142779,-0.632427
2216.000000,-230.208327,688.875174,0.001290,9.156615,9.156615,-0.324035
2218.000000,-231.765157,690.125799,-0.002779,9.168497,9.168497,-0.036365
2220.000000,-233.316941,691.382309,-0.001901,9.163768,9.163768,0.215081
2222.000000,-234.845068,692.667216,0.004494,9.117892,9.117892,0.410957
2224.000000,-236.406054,693.912652,0.004166,9.123861,9.123861,0.646318
2226.000000,-237.970720,695.153459,0.001041,9.134228,9.134228,0.879051
2228.000000,-239.537412,696.391708,0.000892,9.147986,9.147986,1.109438
2230.000000,-241.106688,697.626681,0.000783,9.164752,9.164752,1.338964
2232.000000,-242.677581,698.859598,0.000559,9.181021,9.181021,1.564982
2234.000000,-244.250376,700.090088,0.000186,9.197824,9.197824,1.785933
2236.000000,-245.823248,701.320478,-0.000003,9.210649,9.210649,1.999739
2238.000000,-247.395891,702.551161,0.000239,9.220163,9.220163,2.205790
2240.000000,-248.968885,703.781396,0.000533,9.227708,9.227708,2.402696
2242.000000,-250.543752,705.009233,0.000513,9.232991,9.232991,2.591648
2244.000000,-252.119754,706.235611,0.000375,9.237006,9.237006,2.769813
2246.000000,-253.696643,707.460849,0.000253,9.240758,9.240758,2.933418
2248.000000,-255.274296,708.685103,0.000135,9.242364,9.242364,3.082838
2250.000000,-256.852015,709.909273,-0.000080,9.242599,9.242599,3.220092
2252.000000,-258.430156,711.132897,-0.000282,9.240273,9.240273,3.348152
2254.000000,-260.006604,712.358703,-0.000253,9.238383,9.238383,3.464040
2256.000000,-261.583261,713.584240,-0.000282,9.233338,9.233338,3.571335
2258.000000,-263.158718,714.811318,-0.000383,9.226543,9.226543,3.666478
2260.000000,-264.733605,716.039129,-0.000335,9.218943,9.218943,3.748498
2262.000000,-266.307074,717.268755,-0.000304,9.209845,9.209845,3.817124
2264.000000,-267.880658,718.498233,-0.000246,9.199275,9.199275,3.874726
2266.000000,-269.452441,719.730015,-0.000035,9.190789,9.190789,3.916696
2268.000000,-271.025293,720.960431,-0.000139,9.180030,9.180030,3.950419
2270.000000,-272.597469,722.191710,-0.000143,9.169275,9.169275,3.974145
2272.000000,-274.168563,723.424369,0.000130,9.160358,9.160358,3.987514
2274.000000,-275.741093,724.655196,-0.000115,9.148276,9.148276,3.995914
2276.000000,-277.313113,725.886675,-0.000179,9.137160,9.137160,3.997746
2278.000000,-278.883587,727.120124,0.000141,9.128434,9.128434,3.991894
2280.000000,-280.455904,728.351221,0.000285,9.116624,9.116624,3.984191
2282.000000,-282.027471,729.583274,0.000140,9.105145,9.105145,3.971413
2284.000000,-283.601496,730.812189,-0.000204,9.090908,9.090908,3.959040
2286.000000,-285.172734,732.044665,-0.000040,9.081835,9.081835,3.939115
2288.000000,-286.745084,733.275723,0.000283,9.072491,9.072491,3.919710
2290.000000,-288.317607,734.506560,0.000311,9.063045,9.063045,3.900921
2292.000000,-289.891457,735.735698,0.000086,9.052236,9.052236,3.886051
2294.000000,-291.465532,736.964548,-0.000248,9.043562,9.043562,3.874840
2296.000000,-293.038669,738.194597,-0.000044,9.036897,9.036897,3.865523
2298.000000,-294.611017,739.425655,0.000174,9.031669,9.031669,3.858724
2300.000000,-296.185444,740.654053,-0.000150,9.024372,9.024372,3.859087
2302.000000,-297.758209,741.884579,-0.000180,9.017174,9.017174,3.860073
2304.000000,-299.330745,743.115396,-0.000281,9.010992,9.010992,3.863015
2306.000000,-300.903638,744.345760,-0.000364,9.004016,9.004016,3.867917
2308.000000,-302.473284,745.580261,-0.000042,9.002431,9.002431,3.868064
2310.000000,-304.045489,746.811504,-0.000130,8.996940,8.996940,3.871916
2312.000000,-305.615415,748.045650,-0.000137,8.993757,8.993757,3.870839
2314.000000,-307.186060,749.278880,-0.000193,8.990508,8.990508,3.869131
2316.000000,-308.756197,750.512758,-0.000426,8.985710,8.985710,3.864488
2318.000000,-310.324732,751.748674,-0.000290,8.984362,8.984362,3.855376
2320.000000,-311.892777,752.985209,-0.000100,8.983448,8.983448,3.844095
2322.000000,-313.460545,754.222096,-0.000202,8.983292,8.983292,3.831296
2324.000000,-315.028368,755.458914,-0.000331,8.982039,8.982039,3.817727
2326.000000,-316.594364,756.698044,-0.000136,8.983435,8.983435,3.800597
2328.000000,-318.160683,757.936767,-0.000182,8.984227,8.984227,3.783715
2330.000000,-319.726838,759.175696,-0.000243,8.985915,8.985915,3.766610
2332.000000,-321.291195,760.416895,0.000058,8.990386,8.990386,3.746727
2334.000000,-322.856910,761.656380,0.000178,8.994490,8.994490,3.729342
2336.000000,-324.422278,762.896303,0.000226,8.999768,8.999768,3.712066
2338.000000,-325.988739,764.134845,0.000141,9.005246,9.005246,3.697669
2340.000000,-327.555598,765.372884,0.000029,9.011817,9.011817,3.685621
2342.000000,-329.121968,766.611542,0.000174,9.019445,9.019445,3.674879
2344.000000,-330.689208,767.849098,0.000219,9.027150,9.027150,3.667584
2346.000000,-332.256921,769.086055,0.000102,9.034687,9.034687,3.663034
2348.000000,-333.824983,770.322570,-0.000019,9.042221,9.042221,3.660875
2350.000000,-335.392882,771.559291,-0.000027,9.050303,9.050303,3.660289
2352.000000,-336.960572,772.796277,0.000070,9.058660,9.058660,3.661248
2354.000000,-338.528572,774.032870,0.000130,9.065506,9.065506,3.665189
2356.000000,-340.096853,775.269107,0.000113,9.070249,9.070249,3.672472
2358.000000,-341.665545,776.504823,0.000004,9.073586,9.073586,3.683734
2360.000000,-343.234250,777.740522,-0.000017,9.077998,9.077998,3.697805
2362.000000,-344.802558,778.976726,0.000037,9.081971,9.081971,3.713819
2364.000000,-346.371482,780.212147,0.000107,9.084453,9.084453,3.733013
2366.000000,-347.939933,781.448168,0.000268,9.088225,9.088225,3.753128
2368.000000,-349.509774,782.682424,0.000248,9.091204,9.091204,3.776532
2370.000000,-351.079955,783.916247,0.000133,9.093145,9.093145,3.800874
2372.000000,-352.650509,785.149595,0.000151,9.095867,9.095867,3.825747
2374.000000,-354.221285,786.382661,0.000134,9.098187,9.098187,3.850581
2376.000000,-355.792728,787.614877,0.000002,9.100597,9.100597,3.875829
2378.000000,-357.363938,788.847389,-0.000017,9.103455,9.103455,3.900214
2380.000000,-358.934966,790.080134,-0.000010,9.106333,9.106333,3.924108
2382.000000,-360.506424,791.312330,-0.000172,9.108666,9.108666,3.948562
2384.000000,-362.077107,792.545514,-0.000179,9.111175,9.111175,3.971660
2386.000000,-363.647215,793.779430,-0.000066,9.114798,9.114798,3.993829
2388.000000,-365.217486,795.013138,-0.000186,9.118301,9.118301,4.016358
2390.000000,-366.787351,796.247364,-0.000390,9.123393,9.123393,4.038441
2392.000000,-368.356029,797.483097,-0.000460,9.129645,9.129645,4.058809
2394.000000,-369.923642,798.720181,-0.000451,9.136377,9.136377,4.077207
2396.000000,-371.490027,799.958819,-0.000395,9.144638,9.144638,4.092683
2398.000000,-373.055471,801.198647,-0.000322,9.153691,9.153691,4.105182
2400.000000,-374.620117,802.439483,-0.000362,9.163702,9.163702,4.114647
2402.000000,-376.184115,803.681134,-0.000404,9.175359,9.175359,4.121164
2404.000000,-377.746618,804.924666,-0.000217,9.187502,9.187502,4.122805
2406.000000,-379.308749,806.168665,-0.000005,9.199545,9.199545,4.120763
2408.000000,-380.870965,807.412558,0.000056,9.212255,9.212255,4.114944
2410.000000,-382.433337,808.656255,0.000156,9.225332,9.225332,4.104668
2412.000000,-383.995865,809.899756,0.000245,9.239061,9.239061,4.089475
2414.000000,-385.559471,811.141900,0.000183,9.253006,9.253006,4.069952
2416.000000,-387.123196,812.383896,0.000112,9.267362,9.267362,4.044873
2418.000000,-388.687423,813.625260,0.000041,9.282559,9.282559,4.015077
2420.000000,-390.251635,814.866641,-0.000031,9.298919,9.298919,3.979859
2422.000000,-391.815780,816.108107,-0.000089,9.316337,9.316337,3.939111
2424.000000,-393.379768,817.349771,-0.000149,9.333540,9.333540,3.892978
2426.000000,-394.943252,818.592070,-0.000110,9.349632,9.349632,3.842546
2428.000000,-396.506422,819.834764,0.000001,9.364948,9.364948,3.789823
2430.000000,-398.069631,821.077408,-0.000005,9.379905,9.379905,3.737211
2432.000000,-399.633088,822.319741,-0.000075,9.394794,9.394794,3.686885
2434.000000,-401.195957,823.562813,-0.000040,9.410032,9.410032,3.639038
2436.000000,-402.759010,824.805654,-0.000000,9.424488,9.424488,3.595543
2438.000000,-404.321891,826.048711,0.000035,9.438377,9.438377,3.555767
2440.000000,-405.884927,827.291573,0.000073,9.452122,9.452122,3.520681
2442.000000,-407.448174,828.534170,-0.000009,9.465122,9.465122,3.490971
2444.000000,-409.011573,829.776576,-0.000088,9.477781,9.477781,3.467455
2446.000000,-410.574366,831.019744,0.000043,9.488743,9.488743,3.449987
2448.000000,-412.137341,832.262682,0.000191,9.499099,9.499099,3.439606
2450.000000,-413.700984,833.504781,0.000183,9.508821,9.508821,3.437726
2452.000000,-415.265008,834.746400,0.000135,9.518852,9.518852,3.444521
2454.000000,-416.829419,835.987530,0.000116,9.528529,9.528529,3.459796
2456.000000,-418.394018,837.228425,0.000163,9.538385,9.538385,3.483078
2458.000000,-419.959009,838.468824,0.000279,9.547674,9.547674,3.513534
2460.000000,-421.524639,839.708417,0.000263,9.557284,9.557284,3.551547
2462.000000,-423.091361,840.946629,0.000153,9.566608,9.566608,3.597189
2464.000000,-424.657866,842.185116,0.000173,9.577423,9.577423,3.645172
2466.000000,-426.225225,843.422523,0.000127,9.587259,9.587259,3.694375
2468.000000,-427.792805,844.659648,0.000110,9.597473,9.597473,3.740772
2470.000000,-429.360348,845.896821,0.000224,9.607448,9.607448,3.780196
2472.000000,-430.928831,847.132801,0.000272,9.617454,9.617454,3.813329
2474.000000,-432.497687,848.368308,0.000350,9.628525,9.628525,3.841003
2476.000000,-434.067542,849.602547,0.000370,9.639531,9.639531,3.866898
2478.000000,-435.638474,850.835414,0.000435,9.651343,9.651343,3.892070
2480.000000,-437.209902,852.067648,0.000620,9.665722,9.665722,3.916552
2482.000000,-438.783542,853.297056,0.000815,9.681376,9.681376,3.944276
2484.000000,-440.358361,854.524954,0.001433,9.700615,9.700615,3.974817
2486.000000,-441.936604,855.748442,0.002284,9.727374,9.727374,4.013111
2488.000000,-443.520813,856.964195,0.002396,9.766020,9.766020,4.065085
2490.000000,-445.111882,858.170961,0.002146,9.814015,9.814015,4.135355
2492.000000,-446.706470,859.373070,0.002808,9.871317,9.871317,4.219914
2494.000000,-448.307801,860.566173,0.003877,9.941030,9.941030,4.325707
2496.000000,-449.918906,861.746043,0.003973,10.026850,10.026850,4.458153
2498.000000,-451.540399,862.911598,0.003083,10.131139,10.131139,4.617980
2500.000000,-453.168610,864.067760,0.002387,10.247465,10.247465,4.796028
2502.000000,-454.801666,865.217067,0.002191,10.372318,10.372318,4.988024
2504.000000,-456.440310,866.358393,0.001945,10.506573,10.506573,5.193470
2506.000000,-458.082983,867.493912,0.001421,10.649387,10.649387,5.407285
2508.000000,-459.729711,868.623545,0.000421,10.797825,10.797825,5.627236
2510.000000,-461.377175,869.752106,-0.000038,10.946323,10.946323,5.844431
2512.000000,-463.022928,870.883160,0.000563,11.095884,11.095884,6.056099
2514.000000,-464.671027,872.010792,0.000880,11.247166,11.247166,6.268919
2516.000000,-466.321214,873.135366,0.000624,11.402292,11.402292,6.480831
2518.000000,-467.972795,874.257894,0.000038,11.562513,11.562513,6.690669
2520.000000,-469.625106,875.379344,-0.000537,11.721614,11.721614,6.897290
2522.000000,-471.274904,876.504490,-0.001017,11.877485,11.877485,7.097681
2524.000000,-472.924177,877.630407,-0.004128,12.033318,12.033318,7.296335
2526.000000,-474.567824,878.764446,-0.007923,12.178707,12.178707,7.473626
2528.000000,-476.185316,879.935291,-0.004971,12.278951,12.278951,7.598793
2530.000000,-477.787443,881.127338,0.001767,12.352004,12.352004,7.699073
2532.000000,-479.400372,882.304688,0.005381,12.442388,12.442388,7.808750
2534.000000,-481.023806,883.467550,0.006101,12.550958,12.550958,7.916029
2536.000000,-482.665434,884.604338,0.003997,12.693838,12.693838,8.029379
2538.000000,-484.316133,885.728163,0.001014,12.852827,12.852827,8.111506
2540.000000,-485.967011,886.851722,-0.000160,13.013828,13.013828,8.153552
2542.000000,-487.617729,887.975519,-0.000947,13.178398,13.178398,8.160985
2544.000000,-489.267146,889.101221,-0.003353,13.348370,13.348370,8.122048
2546.000000,-490.910782,890.235331,-0.005877,13.518098,13.518098,8.037023
2548.000000,-492.536724,891.394621,-0.006678,13.681135,13.681135,7.881126
2550.000000,-494.149826,892.571769,-0.008066,13.836250,13.836250,7.651376
2552.000000,-495.743958,893.774391,-0.011433,13.973968,13.973968,7.348885
2554.000000,-497.311730,895.011159,-0.013442,14.075634,14.075634,6.976508
2556.000000,-498.838823,896.297752,-0.010840,14.103784,14.103784,6.507013
2558.000000,-500.338157,897.616667,-0.003775,14.066277,14.066277,5.945135
2560.000000,-501.822009,898.953063,0.006291,13.972866,13.972866,5.298539
2562.000000,-503.325104,900.267644,0.016099,13.846285,13.846285,4.603549
2564.000000,-504.870371,901.532096,0.023508,13.720438,13.720438,3.910301
2566.000000,-506.474848,902.720189,0.030357,13.598362,13.598362,3.216434
2568.000000,-508.145665,903.813067,0.037848,13.470636,13.470636,2.515541
2570.000000,-509.896135,904.772730,0.043962,13.331283,13.331283,1.888299
2572.000000,-511.724214,905.573595,0.047553,13.184403,13.184403,1.307726
2574.000000,-513.619969,906.195139,0.048739,13.006084,13.006084,0.692050
2576.000000,-515.567817,906.626691,0.047770,12.789912,12.789912,0.089794
2578.000000,-517.548094,906.871025,0.046397,12.540889,12.540889,-0.459366
2580.000000,-519.542564,906.932569,0.046824,12.275183,12.275183,-0.969787
2582.000000,-521.534771,906.812175,0.051080,11.985684,11.985684,-1.450609
2584.000000,-523.505508,906.494547,0.055903,11.671435,11.671435,-1.896792
2586.000000,-525.425285,905.947601,0.057110,11.352842,11.352842,-2.303424
2588.000000,-527.271561,905.190818,0.057642,11.032051,11.032051,-2.693515
2590.000000,-529.018083,904.226999,0.058137,10.710854,10.710854,-3.061717
2592.000000,-530.638034,903.064843,0.055502,10.405291,10.405291,-3.376542
2594.000000,-532.118928,901.727116,0.074194,10.121405,10.121405,-3.646576
2596.000000,-533.457116,900.249774,0.107923,9.836418,9.836418,-3.873866
2598.000000,-534.314098,898.493063,0.085977,9.917320,9.917320,-3.721790
2600.000000,-534.843229,896.567690,0.035491,10.184666,10.184666,-3.307861
2602.000000,-535.327342,894.631485,0.035668,10.297367,10.297367,-2.938967
2604.000000,-535.707723,892.671404,0.051721,10.326408,10.326408,-2.616790
2606.000000,-535.780164,890.683715,0.037811,10.504032,10.504032,-2.068107
2608.000000,-535.756321,888.686929,0.023592,10.629555,10.629555,-1.489954
2610.000000,-535.634440,886.694002,0.021852,10.698200,10.698200,-0.994795
2612.000000,-535.429225,884.707858,0.021608,10.696978,10.696978,-0.539234
2614.000000,-535.141541,882.732081,0.023806,10.652487,10.652487,-0.048463
2616.000000,-534.760489,880.772185,0.025258,10.590359,10.590359,0.469962
2618.000000,-534.274947,878.835484,0.022347,10.508748,10.508748,1.020867
2620.000000,-533.698827,876.923701,0.015821,10.407391,10.407391,1.600303
2622.000000,-533.064134,875.030380,0.008927,10.302605,10.302605,2.182399
2624.000000,-532.395825,873.148607,0.003894,10.202527,10.202527,2.747315
2626.000000,-531.718199,871.270150,0.001787,10.116092,10.116092,3.272367
2628.000000,-531.034193,869.394005,0.001853,10.041948,10.041948,3.763635
2630.000000,-530.345455,867.519594,0.002606,9.984998,9.984998,4.226959
2632.000000,-529.644821,865.649594,0.000764,9.931613,9.931613,4.671114
2634.000000,-528.933759,863.783556,-0.001807,9.868043,9.868043,5.093960
2636.000000,-528.244077,861.909557,-0.001856,9.831042,9.831042,5.462417
2638.000000,-527.549096,860.037531,-0.001297,9.789517,9.789517,5.805683
2640.000000,-526.871080,858.159214,-0.000408,9.765236,9.765236,6.113139
2642.000000,-526.183830,856.284301,-0.000765,9.736032,9.736032,6.402862
2644.000000,-525.504255,854.406810,-0.001089,9.720717,9.720717,6.664454
2646.000000,-524.830213,852.527393,0.000496,9.716335,9.716335,6.877933
2648.000000,-524.153777,850.648563,0.000259,9.710551,9.710551,7.075074
2650.000000,-523.469034,848.772827,-0.000834,9.696279,9.696279,7.238628
2652.000000,-522.799350,846.891538,-0.000165,9.698273,9.698273,7.366565
2654.000000,-522.120309,845.013596,-0.000461,9.694078,9.694078,7.480261
2656.000000,-521.447342,843.133466,0.000752,9.694258,9.694258,7.569386
2658.000000,-520.778505,841.251866,0.000463,9.695107,9.695107,7.639232
2660.000000,-520.084180,839.379799,-0.003871,9.669023,9.669023,7.713369
2662.000000,-519.429938,837.493150,-0.002317,9.682512,9.682512,7.730400
2664.000000,-518.779135,835.605287,0.001400,9.700095,9.700095,7.730125
2666.000000,-518.116043,833.721657,0.000697,9.702570,9.702570,7.726493
2668.000000,-517.452963,831.838016,-0.000182,9.703003,9.703003,7.710308
2670.000000,-516.791622,829.953761,-0.000154,9.702777,9.702777,7.683082
2672.000000,-516.129533,828.069769,-0.000364,9.698726,9.698726,7.649785
2674.000000,-515.469516,826.185050,-0.000515,9.694714,9.694714,7.608406
2676.000000,-514.811577,824.299605,-0.000390,9.687751,9.687751,7.559961
2678.000000,-514.155159,822.413630,-0.000056,9.678267,9.678267,7.503635
2680.000000,-513.499491,820.527394,-0.000069,9.665822,9.665822,7.438310
2682.000000,-512.841650,818.641916,-0.000358,9.648663,9.648663,7.368190
2684.000000,-512.188445,816.754825,-0.000299,9.634615,9.634615,7.288682
2686.000000,-511.533527,814.868329,-0.000453,9.617558,9.617558,7.208769
2688.000000,-510.881910,812.980690,-0.000551,9.601852,9.601852,7.128401
2690.000000,-510.232234,811.092382,-0.000471,9.585913,9.585913,7.051808
2692.000000,-509.583691,809.203686,-0.000365,9.571483,9.571483,6.981839
2694.000000,-508.938039,807.313997,-0.000161,9.560734,9.560734,6.912857
2696.000000,-508.290984,805.424790,-0.000218,9.548808,9.548808,6.845583
2698.000000,-507.646274,803.534780,-0.000135,9.540428,9.540428,6.776561
2700.000000,-507.001567,801.644770,-0.000002,9.533958,9.533958,6.707492
2702.000000,-506.356546,799.754866,0.000170,9.527166,9.527166,6.638721
2704.000000,-505.712188,797.864737,0.000574,9.523965,9.523965,6.569577
2706.000000,-505.064258,795.975829,0.000545,9.521637,9.521637,6.504888
2708.000000,-504.414140,794.087674,0.000124,9.519106,9.519106,6.443137
2710.000000,-503.763743,792.199614,-0.000087,9.516443,9.516443,6.382311
2712.000000,-503.114214,790.311255,-0.000031,9.517132,9.517132,6.320382
2714.000000,-502.464547,788.422943,0.000019,9.517721,9.517721,6.258391
2716.000000,-501.814763,786.534672,-0.000076,9.517937,9.517937,6.196040
2718.000000,-501.165069,784.646370,-0.000145,9.519166,9.519166,6.133599
2720.000000,-500.516454,782.757697,-0.000175,9.520681,9.520681,6.070434
2722.000000,-499.867781,780.869044,-0.000121,9.520238,9.520238,6.008434
2724.000000,-499.220787,778.979814,-0.000040,9.521539,9.521539,5.945892
2726.000000,-498.572316,777.091092,-0.000226,9.520473,9.520473,5.885723
2728.000000,-497.925720,775.201727,-0.000245,9.519820,9.519820,5.823439
2730.000000,-497.280259,773.311974,-0.000219,9.519203,9.519203,5.758645
2732.000000,-496.634352,771.422373,-0.000303,9.517012,9.517012,5.693184
2734.000000,-495.991503,769.531730,-0.000048,9.515854,9.515854,5.623576
2736.000000,-495.347552,767.641461,0.000063,9.514138,9.514138,5.555083
2738.000000,-494.703478,765.751235,-0.000162,9.512095,9.512095,5.488012
2740.000000,-494.059805,763.860872,-0.000295,9.511035,9.511035,5.422516
2742.000000,-493.417903,761.969907,-0.000129,9.509618,9.509618,5.357313
2744.000000,-492.776517,760.078766,0.000111,9.508560,9.508560,5.293245
2746.000000,-492.134276,758.187916,0.000091,9.506481,9.506481,5.231983
2748.000000,-491.491558,756.297228,-0.000031,9.504782,9.504782,5.173431
2750.000000,-490.849274,754.406392,-0.000000,9.503170,9.503170,5.116407
2752.000000,-490.207066,752.515531,-0.000072,9.500774,9.500774,5.061130
2754.000000,-489.564275,750.624868,-0.000316,9.498685,9.498685,5.008316
2756.000000,-488.923669,748.733463,-0.000404,9.495987,9.495987,4.955342
2758.000000,-488.284044,746.841726,-0.000466,9.494247,9.494247,4.903069
2760.000000,-487.646382,744.949328,-0.000450,9.493394,9.493394,4.850480
2762.000000,-487.010860,743.056208,-0.000273,9.493490,9.493490,4.797105
2764.000000,-486.375896,741.162902,-0.000252,9.492540,9.492540,4.744519
2766.000000,-485.741803,739.269304,-0.000329,9.492824,9.492824,4.691854
2768.000000,-485.109225,737.375199,-0.000264,9.493319,9.493319,4.637796
2770.000000,-484.477729,735.480734,-0.000294,9.494116,9.494116,4.582182
2772.000000,-483.846551,733.586162,-0.000438,9.494889,9.494889,4.525372
2774.000000,-483.218099,731.690684,-0.000327,9.496582,9.496582,4.464948
2776.000000,-482.590509,729.794921,-0.000157,9.499155,9.499155,4.403304
2778.000000,-481.963417,727.898993,-0.000117,9.501872,9.501872,4.341504
2780.000000,-481.336842,726.002894,-0.000131,9.504968,9.504968,4.280090
2782.000000,-480.710505,724.106716,-0.000249,9.509643,9.509643,4.220089
2784.000000,-480.085155,722.210213,-0.000363,9.514057,9.514057,4.161178
2786.000000,-479.461372,720.313193,-0.000334,9.519579,9.519579,4.101953
2788.000000,-478.838966,718.415722,-0.000318,9.525645,9.525645,4.042046
2790.000000,-478.217299,716.518008,-0.000367,9.531535,9.531535,3.981807
2792.000000,-477.597593,714.619653,-0.000234,9.538284,9.538284,3.919912
2794.000000,-476.978792,712.721002,-0.000087,9.544856,9.544856,3.857390
2796.000000,-476.359764,710.822426,-0.000134,9.549860,9.549860,3.795591
2798.000000,-475.741610,708.923565,-0.000066,9.554312,9.554312,3.733387
2800.000000,-475.123975,707.024535,-0.000018,9.557183,9.557183,3.671129
2802.000000,-474.505425,705.125803,-0.000216,9.558431,9.558431,3.610594
2804.000000,-473.888462,703.226555,-0.000275,9.559291,9.559291,3.549219
2806.000000,-473.272516,701.326976,-0.000207,9.559302,9.559302,3.487382
2808.000000,-472.657126,699.427217,-0.000191,9.558845,9.558845,3.425658
2810.000000,-472.042743,697.527133,-0.000158,9.557567,9.557567,3.363823
2812.000000,-471.428684,695.626944,-0.000127,9.556819,9.556819,3.303043
2814.000000,-470.815376,693.726511,-0.000109,9.556080,9.556080,3.243451
2816.000000,-470.202172,691.826046,-0.000097,9.554366,9.554366,3.185730
2818.000000,-469.589667,689.925355,-0.000054,9.553353,9.553353,3.129218
2820.000000,-468.977139,688.024672,-0.000101,9.551501,9.551501,3.074038
2822.000000,-468.364785,686.123932,-0.000127,9.548706,9.548706,3.019668
2824.000000,-467.753646,684.222802,-0.000036,9.546335,9.546335,2.964666
2826.000000,-467.141830,682.321889,-0.000080,9.544615,9.544615,2.910783
2828.000000,-466.530704,680.420754,-0.000129,9.543487,9.543487,2.856700
2830.000000,-465.920082,678.519458,-0.000102,9.543036,9.543036,2.802922
2832.000000,-465.309720,676.618078,-0.000104,9.543162,9.543162,2.749927
2834.000000,-464.699884,674.716529,-0.000063,9.542901,9.542901,2.697681
2836.000000,-464.090313,672.814895,-0.000061,9.542510,9.542510,2.646299
2838.000000,-463.480642,670.913293,-0.000148,9.541679,9.541679,2.596025
2840.000000,-462.871829,669.011417,-0.000186,9.539777,9.539777,2.545713
2842.000000,-462.263654,667.109336,-0.000199,9.538701,9.538701,2.496369
2844.000000,-461.656163,665.207037,-0.000266,9.538158,9.538158,2.449405
2846.000000,-461.049692,663.304412,-0.000230,9.537997,9.537997,2.405647
2848.000000,-460.444545,661.401366,-0.000266,9.538077,9.538077,2.365912
2850.000000,-459.839224,659.498375,-0.000469,9.538080,9.538080,2.332699
2852.000000,-459.236974,657.594410,-0.000431,9.539095,9.539095,2.303953
2854.000000,-458.635884,655.690078,-0.000262,9.539315,9.539315,2.280940
2856.000000,-458.035957,653.785380,-0.000160,9.540515,9.540515,2.262712
2858.000000,-457.436531,651.880524,-0.000130,9.539855,9.539855,2.249494
2860.000000,-456.837371,649.975584,-0.000197,9.539020,9.539020,2.241240
2862.000000,-456.239163,648.070345,-0.000249,9.537083,9.537083,2.237119
2864.000000,-455.641780,646.164848,-0.000256,9.534720,9.534720,2.236160
2866.000000,-455.045591,644.258976,-0.000298,9.532195,9.532195,2.237457
2868.000000,-454.450082,642.352892,-0.000369,9.529227,9.529227,2.241632
2870.000000,-453.856549,640.446192,-0.000379,9.525329,9.525329,2.247744
2872.000000,-453.264001,638.539185,-0.000433,9.520838,9.520838,2.257551
2874.000000,-452.673282,636.631611,-0.000397,9.516606,9.516606,2.269586
2876.000000,-452.084524,634.723431,-0.000217,9.513975,9.513975,2.281584
2878.000000,-451.496070,632.815157,-0.000149,9.509019,9.509019,2.293444
2880.000000,-450.908352,630.906656,-0.000249,9.504002,9.504002,2.303710
2882.000000,-450.321126,628.998004,-0.000320,9.498996,9.498996,2.313352
2884.000000,-449.735983,627.088712,-0.000321,9.492715,9.492715,2.321436
2886.000000,-449.151061,625.179352,-0.000332,9.486916,9.486916,2.330087
2888.000000,-448.568503,623.269271,-0.000210,9.481414,9.481414,2.337012
2890.000000,-447.986060,621.359154,-0.000223,9.475460,9.475460,2.344440
2892.000000,-447.404233,619.448849,-0.000550,9.469708,9.469708,2.351716
2894.000000,-446.824469,617.537918,-0.000534,9.462816,9.462816,2.357161
2896.000000,-446.248356,615.625882,-0.000168,9.459075,9.459075,2.359123
2898.000000,-445.671028,613.714213,-0.000205,9.454166,9.454166,2.362800
2900.000000,-445.095044,611.802138,-0.000601,9.448540,9.448540,2.365564
2902.000000,-444.520711,609.889567,-0.000628,9.443442,9.443442,2.367166
2904.000000,-443.950921,607.975638,-0.000262,9.442567,9.442567,2.364839
2906.000000,-443.379986,606.062049,-0.000291,9.439087,9.439087,2.364570
2908.000000,-442.810799,604.147940,-0.000664,9.435012,9.435012,2.363277
2910.000000,-442.243711,602.233209,-0.000646,9.432080,9.432080,2.360699
2912.000000,-441.680828,600.317236,-0.000299,9.432851,9.432851,2.354765
2914.000000,-441.117313,598.401450,-0.000472,9.430802,9.430802,2.350591
2916.000000,-440.555436,596.485183,-0.000617,9.429884,9.429884,2.345978
2918.000000,-439.998145,594.567577,-0.000269,9.433425,9.433425,2.337890
2920.000000,-439.439492,592.650366,-0.000352,9.434452,9.434452,2.331930
2922.000000,-438.883092,590.732501,-0.000668,9.435686,9.435686,2.324013
2924.000000,-438.328934,588.813988,-0.000572,9.439133,9.439133,2.313993
2926.000000,-437.778269,586.894468,-0.000232,9.445963,9.445963,2.300490
2928.000000,-437.227144,584.975081,-0.000192,9.450224,9.450224,2.287721
2930.000000,-436.677004,583.055411,-0.000379,9.456028,9.456028,2.274373
2932.000000,-436.128300,581.135331,-0.000327,9.462947,9.462947,2.260330
2934.000000,-435.581559,579.214690,-0.000057,9.471630,9.471630,2.245156
2936.000000,-435.034476,577.294147,-0.000045,9.478469,9.478469,2.231489
2938.000000,-434.486995,575.373716,-0.000218,9.485367,9.485367,2.219697
2940.000000,-433.941337,573.452768,-0.000103,9.492931,9.492931,2.207574
2942.000000,-433.395779,571.531791,0.000004,9.500430,9.500430,2.197172
2944.000000,-432.849783,569.610938,-0.000091,9.505426,9.505426,2.189332
2946.000000,-432.304506,567.689880,-0.000014,9.511234,9.511234,2.182990
2948.000000,-431.759632,565.768709,0.000068,9.517024,9.517024,2.177831
2950.000000,-431.213455,563.847908,-0.000104,9.520850,9.520850,2.175451
2952.000000,-430.668442,561.926776,-0.000246,9.523504,9.523504,2.173184
2954.000000,-430.124003,560.005482,-0.000207,9.527977,9.527977,2.171588
2956.000000,-429.581034,558.083771,-0.000139,9.532726,9.532726,2.169542
2958.000000,-429.037731,556.162155,-0.000261,9.535741,9.535741,2.168769
2960.000000,-428.495751,554.240165,-0.000230,9.538311,9.538311,2.167406
2962.000000,-427.955464,552.317698,0.000027,9.542338,9.542338,2.164970
2964.000000,-427.414000,550.395563,-0.000122,9.544402,9.544402,2.164467
2966.000000,-426.872786,548.473357,-0.000300,9.546125,9.546125,2.164521
2968.000000,-426.334121,546.550435,-0.000092,9.549387,9.549387,2.162946
2970.000000,-425.794706,544.627724,-0.000057,9.550128,9.550128,2.163253
2972.000000,-425.255646,542.704913,-0.000351,9.550952,9.550952,2.164224
2974.000000,-424.717506,540.781844,-0.000459,9.551721,9.551721,2.165130
2976.000000,-424.182564,538.857883,-0.000207,9.554398,9.554398,2.163517
2978.000000,-423.647355,536.933997,-0.000183,9.555210,9.555210,2.162927
2980.000000,-423.112656,535.009968,-0.000252,9.556289,9.556289,2.162836
2982.000000,-422.580024,533.085367,-0.000065,9.558609,9.558609,2.161955
2984.000000,-422.046624,531.160979,-0.000104,9.559665,9.559665,2.163296
2986.000000,-421.513694,529.236459,-0.000212,9.559100,9.559100,2.165299
2988.000000,-420.982184,527.311548,-0.000117,9.558790,9.558790,2.166438
2990.000000,-420.450626,525.386649,-0.000116,9.558194,9.558194,2.167830
2992.000000,-419.919547,523.461619,-0.000268,9.556790,9.556790,2.168710
2994.000000,-419.389341,521.536347,-0.000368,9.555160,9.555160,2.169023
2996.000000,-418.861024,519.610557,-0.000303,9.554149,9.554149,2.168236
2998.000000,-418.333722,517.684489,-0.000240,9.553375,9.553375,2.167709
3000.000000,-417.807170,515.758215,-0.000337,9.552109,9.552109,2.167997
3002.000000,-417.281792,513.831621,-0.000361,9.550994,9.550994,2.168931
3004.000000,-416.758497,511.904460,-0.000227,9.550328,9.550328,2.169079
3006.000000,-416.235412,509.977241,-0.000273,9.548227,9.548227,2.169926
3008.000000,-415.713318,508.049755,-0.000337,9.545835,9.545835,2.170510
3010.000000,-415.193237,506.121724,-0.000231,9.544289,9.544289,2.169988
3012.000000,-414.673334,504.193645,-0.000301,9.541501,9.541501,2.170589
3014.000000,-414.154626,502.265244,-0.000400,9.538671,9.538671,2.171372
3016.000000,-413.637981,500.336290,-0.000339,9.536238,9.536238,2.171517
3018.000000,-413.122184,498.407108,-0.000345,9.533094,9.533094,2.172180
3020.000000,-412.607847,496.477537,-0.000443,9.529515,9.529515,2.172698
3022.000000,-412.095060,494.547553,-0.000462,9.526109,9.526109,2.172616
3024.000000,-411.584541,492.616968,-0.000315,9.523111,9.523111,2.170923
3026.000000,-411.075053,490.686111,-0.000257,9.519481,9.519481,2.168727
3028.000000,-410.566087,488.755116,-0.000394,9.514824,9.514824,2.166467
3030.000000,-410.059012,486.823624,-0.000417,9.510657,9.510657,2.162681
3032.000000,-409.553718,484.891665,-0.000322,9.507251,9.507251,2.157476
3034.000000,-409.049410,482.959448,-0.000355,9.502569,9.502569,2.151749
3036.000000,-408.546319,481.026914,-0.000386,9.497941,9.497941,2.145290
3038.000000,-408.045281,479.093847,-0.000306,9.494021,9.494021,2.137281
3040.000000,-407.544879,477.160615,-0.000341,9.488811,9.488811,2.129240
3042.000000,-407.045878,475.227021,-0.000362,9.483610,9.483610,2.120341
3044.000000,-406.548710,473.292955,-0.000263,9.478893,9.478893,2.110139
3046.000000,-406.052065,471.358755,-0.000277,9.473562,9.473562,2.099994
3048.000000,-405.556604,469.424250,-0.000368,9.468322,9.468322,2.089283
3050.000000,-405.062534,467.489391,-0.000361,9.463641,9.463641,2.077441
3052.000000,-404.570191,465.554091,-0.000253,9.459790,9.459790,2.063852
3054.000000,-404.078579,463.618605,-0.000219,9.455719,9.455719,2.049817
3056.000000,-403.587682,461.682937,-0.000221,9.452116,9.452116,2.035761
3058.000000,-403.098002,459.746962,-0.000151,9.449066,9.449066,2.021716
3060.000000,-402.608591,457.810918,-0.000135,9.445889,9.445889,2.009059
3062.000000,-402.119764,455.874727,-0.000159,9.443152,9.443152,1.997573
3064.000000,-401.631594,453.938370,-0.000153,9.440847,9.440847,1.987436
3066.000000,-401.143980,452.001873,-0.000170,9.438653,9.438653,1.978833
3068.000000,-400.656961,450.065226,-0.000244,9.436256,9.436256,1.971604
3070.000000,-400.170827,448.128357,-0.000266,9.434452,9.434452,1.965405
3072.000000,-399.686111,446.191133,-0.000178,9.433497,9.433497,1.959356
3074.000000,-399.201790,444.253810,-0.000156,9.432655,9.432655,1.954446
3076.000000,-398.718013,442.316351,-0.000162,9.432247,9.432247,1.950234
3078.000000,-398.235170,440.378658,-0.000136,9.431851,9.431851,1.945636
3080.000000,-397.752421,438.440943,-0.000170,9.431960,9.431960,1.940913
3082.000000,-397.270663,436.502981,-0.000176,9.431664,9.431664,1.934983
3084.000000,-396.789452,434.564883,-0.000141,9.431066,9.431066,1.928441
3086.000000,-396.308873,432.626628,-0.000156,9.430856,9.430856,1.921420
3088.000000,-395.828668,430.688280,-0.000205,9.430660,9.430660,1.914466
3090.000000,-395.349503,428.749675,-0.000199,9.430513,9.430513,1.907155
3092.000000,-394.871057,426.810893,-0.000152,9.430656,9.430656,1.899793
3094.000000,-394.393219,424.871960,-0.000140,9.430667,9.430667,1.892592
3096.000000,-393.915802,422.932924,-0.000172,9.430680,9.430680,1.886078
3098.000000,-393.439108,420.993710,-0.000204,9.430747,9.430747,1.880247
3100.000000,-392.963218,419.054299,-0.000184,9.430852,9.430852,1.875281
3102.000000,-392.488157,417.114684,-0.000173,9.430885,9.430885,1.871602
3104.000000,-392.013487,415.174974,-0.000200,9.430308,9.430308,1.869696
3106.000000,-391.539894,413.235000,-0.000188,9.429809,9.429809,1.868598
3108.000000,-391.066853,411.294892,-0.000170,9.429448,9.429448,1.868650
3110.000000,-390.594545,409.354605,-0.000222,9.429187,9.429187,1.869490
3112.000000,-390.122854,407.414168,-0.000275,9.429637,9.429637,1.871185
3114.000000,-389.652631,405.473375,-0.000210,9.429514,9.429514,1.872974
3116.000000,-389.183115,403.532410,-0.000180,9.429112,9.429112,1.875374
3118.000000,-388.713979,401.591354,-0.000232,9.428540,9.428540,1.878411
3120.000000,-388.246162,399.649980,-0.000202,9.427838,9.427838,1.880723
3122.000000,-387.778932,397.708464,-0.000192,9.426831,9.426831,1.882793
3124.000000,-387.312336,395.766795,-0.000264,9.425660,9.425660,1.884841
3126.000000,-386.846865,393.824857,-0.000305,9.425209,9.425209,1.886882
3128.000000,-386.382606,391.882628,-0.000307,9.424728,9.424728,1.888902
3130.000000,-385.919536,389.940116,-0.000299,9.423657,9.423657,1.891004
3132.000000,-385.457643,387.997324,-0.000245,9.422598,9.422598,1.893234
3134.000000,-384.996845,386.054271,-0.000234,9.421615,9.421615,1.895431
3136.000000,-384.536478,384.111116,-0.000269,9.419943,9.419943,1.897903
3138.000000,-384.077786,382.167565,-0.000260,9.418547,9.418547,1.898999
3140.000000,-383.619484,380.223923,-0.000286,9.417593,9.417593,1.899652
3142.000000,-383.162764,378.279908,-0.000318,9.415659,9.415659,1.898573
3144.000000,-382.706937,376.335683,-0.000324,9.413585,9.413585,1.896707
3146.000000,-382.252677,374.391092,-0.000349,9.411373,9.411373,1.893648
3148.000000,-381.799421,372.446266,-0.000319,9.409113,9.409113,1.890092
3150.000000,-381.348013,370.501011,-0.000233,9.406690,9.406690,1.885279
3152.000000,-380.896867,368.555694,-0.000262,9.403983,9.403983,1.880904
3154.000000,-380.446961,366.610091,-0.000319,9.401853,9.401853,1.875963
3156.000000,-379.998385,364.664181,-0.000276,9.398567,9.398567,1.870382
3158.000000,-379.550874,362.718025,-0.000259,9.395374,9.395374,1.864580
3160.000000,-379.104191,360.771679,-0.000256,9.392158,9.392158,1.859030
3162.000000,-378.658811,358.825035,-0.000238,9.388375,9.388375,1.853502
3164.000000,-378.213980,356.878265,-0.000254,9.384001,9.384001,1.848937
3166.000000,-377.770447,354.931199,-0.000247,9.380832,9.380832,1.844367
3168.000000,-377.327718,352.983950,-0.000240,9.377784,9.377784,1.840201
3170.000000,-376.885930,351.036487,-0.000284,9.373729,9.373729,1.836279
3172.000000,-376.445184,349.088788,-0.000269,9.369989,9.369989,1.832535
3174.000000,-376.005833,347.140774,-0.000156,9.366372,9.366372,1.828641
3176.000000,-375.566838,345.192680,-0.000171,9.363610,9.363610,1.825780
3178.000000,-375.128168,343.244512,-0.000239,9.359886,9.359886,1.823893
3180.000000,-374.691155,341.295972,-0.000168,9.357060,9.357060,1.821500
3182.000000,-374.254223,339.347414,-0.000143,9.353894,9.353894,1.820155
3184.000000,-373.818089,337.398678,-0.000204,9.350912,9.350912,1.819062
3186.000000,-373.382510,335.449817,-0.000188,9.349229,9.349229,1.818352
3188.000000,-372.948196,333.500674,-0.000154,9.347006,9.347006,1.817095
3190.000000,-372.513729,331.551565,-0.000228,9.343940,9.343940,1.816488
3192.000000,-372.080699,329.602136,-0.000199,9.342233,9.342233,1.814656
3194.000000,-371.648505,327.652521,-0.000124,9.340593,9.340593,1.812278
3196.000000,-371.216302,325.702909,-0.000227,9.338721,9.338721,1.810346
3198.000000,-370.785206,323.753051,-0.000310,9.337156,9.337156,1.807833
3200.000000,-370.355436,321.802901,-0.000183,9.336252,9.336252,1.804612
3202.000000,-369.926733,319.852516,-0.000082,9.335964,9.335964,1.801139
3204.000000,-369.497423,317.902265,-0.000160,9.334676,9.334676,1.799542
3206.000000,-369.069542,315.951699,-0.000209,9.334479,9.334479,1.797918
3208.000000,-368.641905,314.001080,-0.000243,9.334485,9.334485,1.797638
3210.000000,-368.215604,312.050169,-0.000233,9.333182,9.333182,1.797515
3212.000000,-367.790175,310.099067,-0.000161,9.332986,9.332986,1.797942
3214.000000,-367.365299,308.147845,-0.000165,9.333326,9.333326,1.799092
3216.000000,-366.940948,306.196508,-0.000272,9.333590,9.333590,1.800464
3218.000000,-366.517568,304.244961,-0.000309,9.333617,9.333617,1.801373
3220.000000,-366.095966,302.293029,-0.000250,9.334365,9.334365,1.800840
3222.000000,-365.674649,300.341035,-0.000269,9.334582,9.334582,1.800329
3224.000000,-365.254886,298.388706,-0.000250,9.334599,9.334599,1.798776
3226.000000,-364.835928,296.436205,-0.000248,9.334992,9.334992,1.797593
3228.000000,-364.417712,294.483544,-0.000327,9.335032,9.335032,1.797156
3230.000000,-364.001080,292.530545,-0.000296,9.334123,9.334123,1.796818
3232.000000,-363.585645,290.577291,-0.000259,9.334426,9.334426,1.797190
3234.000000,-363.170848,288.623901,-0.000350,9.334346,9.334346,1.798509
3236.000000,-362.757624,286.670178,-0.000365,9.334345,9.334345,1.799832
3238.000000,-362.346078,284.716101,-0.000273,9.334410,9.334410,1.801324
3240.000000,-361.935300,282.761862,-0.000281,9.333960,9.333960,1.803668
3242.000000,-361.525564,280.807405,-0.000351,9.333282,9.333282,1.806536
3244.000000,-361.117361,278.852626,-0.000359,9.333079,9.333079,1.809865
3246.000000,-360.710528,276.897562,-0.000392,9.332240,9.332240,1.813575
3248.000000,-360.305034,274.942220,-0.000377,9.331480,9.331480,1.817426
3250.000000,-359.901612,272.986450,-0.000285,9.330128,9.330128,1.820654
3252.000000,-359.498597,271.030595,-0.000334,9.329186,9.329186,1.824715
3254.000000,-359.097153,269.074418,-0.000393,9.328147,9.328147,1.828173
3256.000000,-358.697378,267.117899,-0.000319,9.327613,9.327613,1.830764
3258.000000,-358.298838,265.161127,-0.000278,9.326971,9.326971,1.832539
3260.000000,-357.901145,263.204184,-0.000259,9.326190,9.326190,1.833583
3262.000000,-357.504865,261.246954,-0.000236,9.325525,9.325525,1.833168
3264.000000,-357.108968,259.289646,-0.000284,9.324466,9.324466,1.832308
3266.000000,-356.714577,257.332034,-0.000290,9.322810,9.322810,1.829954
3268.000000,-356.321229,255.374213,-0.000238,9.321671,9.321671,1.826706
3270.000000,-355.928823,253.416202,-0.000230,9.320655,9.320655,1.822865
3272.000000,-355.537212,251.458032,-0.000252,9.319270,9.319270,1.818706
3274.000000,-355.146673,249.499648,-0.000268,9.318388,9.318388,1.814066
3276.000000,-354.757140,247.541064,-0.000256,9.317816,9.317816,1.809187
3278.000000,-354.368716,245.582260,-0.000248,9.317213,9.317213,1.803829
3280.000000,-353.981079,243.623299,-0.000208,9.317160,9.317160,1.798200
3282.000000,-353.594638,241.664103,-0.000127,9.316577,9.316577,1.791695
3284.000000,-353.208274,239.704891,-0.000133,9.316119,9.316119,1.785216
3286.000000,-352.822547,237.745554,-0.000184,9.315358,9.315358,1.778038
3288.000000,-352.437544,235.786074,-0.000194,9.314977,9.314977,1.769925
3290.000000,-352.053340,233.826437,-0.000178,9.314423,9.314423,1.760826
3292.000000,-351.669848,231.866661,-0.000185,9.314107,9.314107,1.751068
3294.000000,-351.286914,229.906776,-0.000213,9.313627,9.313627,1.741355
3296.000000,-350.905047,227.946683,-0.000190,9.313483,9.313483,1.731928
3298.000000,-350.523823,225.986465,-0.000156,9.313287,9.313287,1.723759
3300.000000,-350.143216,224.026126,-0.000164,9.313521,9.313521,1.717582
3302.000000,-349.763170,222.065679,-0.000163,9.313713,9.313713,1.714177
3304.000000,-349.383947,220.105073,-0.000159,9.314176,9.314176,1.712538
3306.000000,-349.005062,218.144401,-0.000177,9.314406,9.314406,1.712556
3308.000000,-348.627174,216.183536,-0.000183,9.314920,9.314920,1.713383
3310.000000,-348.249732,214.222586,-0.000189,9.315315,9.315315,1.715180
3312.000000,-347.873270,212.261448,-0.000193,9.316374,9.316374,1.717386
3314.000000,-347.497364,210.300203,-0.000183,9.317616,9.317616,1.720660
3316.000000,-347.122394,208.338778,-0.000195,9.319340,9.319340,1.724653
3318.000000,-346.747860,206.377271,0.000175,9.321103,9.321103,1.729937
3320.000000,-346.374577,204.415524,0.000413,9.323624,9.323624,1.735902
3322.000000,-345.995624,202.454887,-0.000972,9.319833,9.319833,1.749706
3324.000000,-345.620312,200.493583,-0.000007,9.319176,9.319176,1.761500
3326.000000,-345.258634,198.529680,0.000646,9.331811,9.331811,1.761169
3328.000000,-344.866197,196.571795,-0.002274,9.312506,9.312506,1.793522
3330.000000,-344.511562,194.606594,-0.000962,9.331150,9.331150,1.788126
3332.000000,-344.147694,192.643092,0.001046,9.339879,9.339879,1.792472
3334.000000,-343.779513,190.680382,-0.000028,9.343751,9.343751,1.800882
3336.000000,-343.412778,188.717402,-0.000366,9.348206,9.348206,1.807202
3338.000000,-343.047895,186.754076,-0.000323,9.353536,9.353536,1.810926
3340.000000,-342.683602,184.790641,-0.000339,9.358557,9.358557,1.813286
3342.000000,-342.321348,182.826828,-0.000111,9.364795,9.364795,1.812955
3344.000000,-341.959747,180.862895,0.000905,9.370824,9.370824,1.811572
3346.000000,-341.596547,178.899262,0.000577,9.374382,9.374382,1.811570
3348.000000,-341.221709,176.937837,-0.002382,9.365015,9.365015,1.823230
3350.000000,-340.862702,174.973428,-0.002232,9.370731,9.370731,1.818807
3352.000000,-340.521042,173.005955,0.000827,9.392592,9.392592,1.796872
3354.000000,-340.163883,171.041213,0.000796,9.397693,9.397693,1.791034
3356.000000,-339.807382,169.076348,-0.000322,9.402201,9.402201,1.785378
3358.000000,-339.452555,167.111180,-0.000356,9.407187,9.407187,1.779044
3360.000000,-339.098781,165.145822,0.000287,9.412082,9.412082,1.772911
3362.000000,-338.746818,163.180139,-0.000025,9.417483,9.417483,1.766240
3364.000000,-338.385680,161.216134,-0.001827,9.412215,9.412215,1.770099
3366.000000,-338.041494,159.249106,-0.001257,9.422634,9.422634,1.757987
3368.000000,-337.701280,157.281359,0.000209,9.435944,9.435944,1.742964
3370.000000,-337.355902,155.314508,0.000572,9.442729,9.442729,1.734240
3372.000000,-337.013596,153.347121,0.000307,9.451613,9.451613,1.723539
3374.000000,-336.661330,151.381493,-0.001297,9.449187,9.449187,1.724429
3376.000000,-336.321097,149.413790,-0.001154,9.458001,9.458001,1.714252
3378.000000,-335.987150,147.444978,0.001312,9.472023,9.472023,1.698094
3380.000000,-335.646730,145.477280,0.000896,9.478660,9.478660,1.688336
3382.000000,-335.292357,143.512088,-0.002214,9.470131,9.470131,1.692137
3384.000000,-334.958290,141.543284,-0.002238,9.481478,9.481478,1.674462
3386.000000,-334.632360,139.573123,-0.000017,9.500394,9.500394,1.647878
3388.000000,-334.305031,137.603191,0.000665,9.516975,9.516975,1.622565
3390.000000,-333.972637,135.634105,0.000223,9.527891,9.527891,1.602972
3392.000000,-333.641305,133.664839,-0.000136,9.539258,9.539258,1.583362
3394.000000,-333.309408,131.695669,-0.000247,9.549388,9.549388,1.566221
3396.000000,-332.979723,129.726127,-0.000252,9.561205,9.561205,1.549381
3398.000000,-332.650070,127.756579,-0.000443,9.572625,9.572625,1.535730
3400.000000,-332.322103,125.786751,-0.000225,9.585379,9.585379,1.524627
3402.000000,-331.997708,123.816337,0.001737,9.601206,9.601206,1.515529
3404.000000,-331.668030,121.846840,0.000240,9.611169,9.611169,1.517640
3406.000000,-331.318044,119.880809,-0.003562,9.599888,9.599888,1.546411
3408.000000,-331.010211,117.907753,-0.001206,9.630644,9.630644,1.539625
3410.000000,-330.694417,115.935947,0.001378,9.652872,9.652872,1.547111
3412.000000,-330.371339,113.965311,0.000135,9.667295,9.667295,1.567561
3414.000000,-330.049078,111.994541,-0.000334,9.681513,9.681513,1.592809
3416.000000,-329.730334,110.023201,-0.000237,9.695425,9.695425,1.619381
3418.000000,-329.408991,108.052282,-0.000497,9.715745,9.715745,1.652370
3420.000000,-329.093065,106.080487,-0.000304,9.731877,9.731877,1.683385
3422.000000,-328.776726,104.108757,-0.000044,9.749240,9.749240,1.718706
3424.000000,-328.460586,102.136996,-0.000118,9.765971,9.765971,1.756957
3426.000000,-328.145155,100.165121,-0.000104,9.782192,9.782192,1.797572
3428.000000,-327.829958,98.193208,-0.000101,9.797901,9.797901,1.841306
3430.000000,-327.515215,96.221223,-0.000151,9.813243,9.813243,1.887447
3432.000000,-327.200918,94.249167,-0.000195,9.827803,9.827803,1.935189
3434.000000,-326.887647,92.276948,-0.000202,9.842466,9.842466,1.983622
3436.000000,-326.574947,90.304638,-0.000232,9.856493,9.856493,2.033106
3438.000000,-326.263264,88.332167,-0.000271,9.870564,9.870564,2.082755
3440.000000,-325.952637,86.359529,-0.000301,9.884312,9.884312,2.132747
3442.000000,-325.643153,84.386712,-0.000274,9.897603,9.897603,2.183550
3444.000000,-325.335061,82.413677,-0.000187,9.911115,9.911115,2.234952
3446.000000,-325.027355,80.440582,-0.000161,9.923961,9.923961,2.287648
3448.000000,-324.720437,78.467364,-0.000172,9.936739,9.936739,2.340896
3450.000000,-324.414101,76.494055,-0.000170,9.948801,9.948801,2.394517
3452.000000,-324.108527,74.520629,-0.000202,9.960455,9.960455,2.447802
3454.000000,-323.803531,72.547113,-0.000224,9.971389,9.971389,2.500729
3456.000000,-323.499802,70.573401,-0.000212,9.982242,9.982242,2.552537
3458.000000,-323.196486,68.599626,-0.000222,9.992307,9.992307,2.604049
3460.000000,-322.894424,66.625659,-0.000247,10.002659,10.002659,2.654461
3462.000000,-322.592947,64.651603,-0.000260,10.012849,10.012849,2.704635
3464.000000,-322.292938,62.677322,-0.000254,10.023483,10.023483,2.753909
3466.000000,-321.993515,60.702953,-0.000269,10.033732,10.033732,2.803286
3468.000000,-321.695463,58.728376,-0.000253,10.044615,10.044615,2.852135
3470.000000,-321.398331,56.753661,-0.000195,10.054870,10.054870,2.901227
3472.000000,-321.101978,54.778829,-0.000163,10.065124,10.065124,2.950654
3474.000000,-320.806222,52.803907,-0.000135,10.074998,10.074998,3.000577
3476.000000,-320.511070,50.828895,-0.000131,10.084345,10.084345,3.051034
3478.000000,-320.216236,48.853835,-0.000175,10.092909,10.092909,3.102404
3480.000000,-319.922224,46.878653,-0.000134,10.101308,10.101308,3.154027
3482.000000,-319.629010,44.903352,-0.000158,10.109059,10.109059,3.206002
3484.000000,-319.335487,42.928097,-0.000317,10.117583,10.117583,3.259574
3486.000000,-319.044271,40.952500,-0.000273,10.125093,10.125093,3.312023
3488.000000,-318.753753,38.976801,-0.000210,10.132636,10.132636,3.364905
3490.000000,-318.463837,37.001014,-0.000257,10.139896,10.139896,3.418178
3492.000000,-318.175332,35.025020,-0.000183,10.146347,10.146347,3.470927
3494.000000,-317.887465,33.048932,-0.000188,10.153152,10.153152,3.523748
3496.000000,-317.599793,31.072817,-0.000286,10.159859,10.159859,3.576940
3498.000000,-317.314057,29.096420,-0.000218,10.165911,10.165911,3.628790
3500.000000,-317.028775,27.119958,-0.000097,10.171487,10.171487,3.680809
3502.000000,-316.744088,25.143411,-0.000153,10.176685,10.176685,3.732845
3504.000000,-316.459289,23.166879,-0.000267,10.181759,10.181759,3.785654
3506.000000,-316.176527,21.190055,-0.000161,10.186826,10.186826,3.837307
3508.000000,-315.894013,19.213195,-0.000131,10.190753,10.190753,3.889547
3510.000000,-315.611509,17.236334,0.000464,10.193979,10.193979,3.942432
3512.000000,-315.330810,15.259223,0.000131,10.199326,10.199326,3.994816
3514.000000,-315.039167,13.283690,-0.001426,10.192542,10.192542,4.058660
3516.000000,-314.765546,11.305628,-0.000679,10.198962,10.198962,4.104655
3518.000000,-314.489345,9.327887,0.001232,10.205568,10.205568,4.155049
3520.000000,-314.210993,7.350454,0.000043,10.206747,10.206747,4.208833
3522.000000,-313.920067,5.374815,-0.001949,10.194957,10.194957,4.275077
3524.000000,-313.655776,3.395505,-0.000392,10.209333,10.209333,4.314664
3526.000000,-313.381582,1.417482,0.000617,10.212578,10.212578,4.366192
3528.000000,-313.106732,-0.560458,-0.000186,10.214281,10.214281,4.418486
3530.000000,-312.833333,-2.538598,-0.000172,10.216595,10.216595,4.469978
3532.000000,-312.560633,-4.516836,-0.000082,10.218733,10.218733,4.521475
3534.000000,-312.287797,-6.495054,-0.000171,10.219895,10.219895,4.573735
3536.000000,-312.015836,-8.473393,-0.000178,10.221265,10.221265,4.625459
3538.000000,-311.744968,-10.451882,-0.000116,10.221966,10.221966,4.676490
3540.000000,-311.473844,-12.430336,-0.000169,10.221638,10.221638,4.728038
3542.000000,-311.203976,-14.408961,-0.000190,10.222172,10.222172,4.778513
3544.000000,-310.934521,-16.387643,-0.000187,10.222489,10.222489,4.828728
3546.000000,-310.665985,-18.366450,-0.000234,10.222924,10.222924,4.878111
3548.000000,-310.398157,-20.345353,-0.000206,10.223671,10.223671,4.926825
3550.000000,-310.131692,-22.324439,-0.000002,10.225209,10.225209,4.974242
3552.000000,-309.865052,-24.303503,-0.000032,10.226431,10.226431,5.021897
3554.000000,-309.597436,-26.282434,-0.000294,10.226267,10.226267,5.070466
3556.000000,-309.332450,-28.261719,-0.000232,10.228257,10.228257,5.116452
3558.000000,-309.067822,-30.241052,-0.000057,10.229815,10.229815,5.162262
3560.000000,-308.803514,-32.220428,-0.000070,10.231090,10.231090,5.207783
3562.000000,-308.539106,-34.199791,-0.000049,10.232029,10.232029,5.253250
3564.000000,-308.275688,-36.179286,0.000098,10.233613,10.233613,5.297517
3566.000000,-308.011164,-38.158633,0.000120,10.234151,10.234151,5.342674
3568.000000,-307.746309,-40.137936,0.000106,10.234290,10.234290,5.387851
3570.000000,-307.481329,-42.117221,0.000101,10.235066,10.235066,5.433059
3572.000000,-307.215252,-44.096360,0.000020,10.235004,10.235004,5.479202
3574.000000,-306.949898,-46.075597,0.000045,10.236005,10.236005,5.524536
3576.000000,-306.683878,-48.054743,0.000098,10.236921,10.236921,5.570495
3578.000000,-306.417762,-50.033877,0.000106,10.238397,10.238397,5.616462
3580.000000,-306.150960,-52.012918,0.000134,10.238964,10.238964,5.663060
3582.000000,-305.883953,-53.991932,0.000068,10.240156,10.240156,5.709817
3584.000000,-305.615926,-55.970808,-0.000036,10.240567,10.240567,5.757449
3586.000000,-305.349062,-57.949841,0.000021,10.242282,10.242282,5.803813
3588.000000,-305.081467,-59.928775,0.000072,10.243489,10.243489,5.850924
3590.000000,-304.813845,-61.907706,0.000080,10.245289,10.245289,5.897989
3592.000000,-304.545862,-63.886587,0.000159,10.247204,10.247204,5.945548
3594.000000,-304.277370,-65.865400,0.000148,10.249265,10.249265,5.993723
3596.000000,-304.007745,-67.844059,0.000106,10.251070,10.251070,6.043122
3598.000000,-303.738558,-69.822777,0.000177,10.253234,10.253234,6.092153
3600.000000,-303.467957,-71.801302,0.000126,10.254681,10.254681,6.142749
3602.000000,-303.196952,-73.779773,0.000068,10.255840,10.255840,6.193594
3604.000000,-302.926180,-75.758275,0.000031,10.257314,10.257314,6.244166
3606.000000,-302.654269,-77.736620,-0.000051,10.258019,10.258019,6.295626
3608.000000,-302.383910,-79.715179,0.000025,10.260104,10.260104,6.345322
3610.000000,-302.112386,-81.693578,0.000077,10.260920,10.260920,6.396006
3612.000000,-301.841245,-83.672029,0.000064,10.262910,10.262910,6.445740
3614.000000,-301.569285,-85.650368,-0.000055,10.264229,10.264229,6.495825
3616.000000,-301.297561,-87.628740,-0.000021,10.265810,10.265810,6.544917
3618.000000,-301.027055,-89.607278,0.000059,10.269232,10.269232,6.592236
3620.000000,-300.754213,-91.585495,-0.000230,10.270013,10.270013,6.641053
3622.000000,-300.483898,-93.564060,-0.000155,10.273632,10.273632,6.686471
3624.000000,-300.214501,-95.542750,0.000185,10.277691,10.277691,6.730440
3626.000000,-299.943193,-97.521178,0.000053,10.279907,10.279907,6.775331
3628.000000,-299.671865,-99.499603,-0.000304,10.281434,10.281434,6.819364
3630.000000,-299.401652,-101.478179,-0.000298,10.283791,10.283791,6.861250
3632.000000,-299.134035,-103.457111,0.000029,10.288307,10.288307,6.899968
3634.000000,-298.864817,-105.435824,-0.000158,10.290953,10.290953,6.939870
3636.000000,-298.595749,-107.414555,-0.000304,10.293537,10.293537,6.978925
3638.000000,-298.330476,-109.393802,0.000098,10.300494,10.300494,7.014122
3640.000000,-298.062269,-111.372653,-0.000108,10.304497,10.304497,7.052269
3642.000000,-297.794583,-113.351575,-0.000219,10.308813,10.308813,7.089628
3644.000000,-297.530495,-115.330980,0.000070,10.316965,10.316965,7.123660
3646.000000,-297.262148,-117.309810,-0.000157,10.320591,10.320591,7.162402
3648.000000,-296.997611,-119.289156,-0.000312,10.328817,10.328817,7.197557
3650.000000,-296.732199,-121.268384,-0.000074,10.334704,10.334704,7.234101
3652.000000,-296.469652,-123.247993,0.000069,10.343158,10.343158,7.268143
3654.000000,-296.203414,-125.227109,-0.000059,10.347985,10.347985,7.306312
3656.000000,-295.940606,-127.206685,-0.000141,10.356322,10.356322,7.341148
3658.000000,-295.675561,-129.185961,-0.000173,10.361630,10.361630,7.378457
3660.000000,-295.413792,-131.165674,-0.000005,10.370389,10.370389,7.412428
3662.000000,-295.150437,-133.145177,0.000040,10.376823,10.376823,7.448123
3664.000000,-294.887049,-135.124676,-0.000075,10.383133,10.383133,7.483569
3666.000000,-294.624676,-137.104309,-0.000103,10.390331,10.390331,7.517732
3668.000000,-294.361500,-139.083836,-0.000160,10.396449,10.396449,7.552325
3670.000000,-294.100549,-141.063657,-0.000065,10.403602,10.403602,7.584417
3672.000000,-293.838481,-143.043331,-0.000086,10.409149,10.409149,7.617552
3674.000000,-293.577449,-145.023141,-0.000108,10.415145,10.415145,7.649496
3676.000000,-293.316825,-147.003005,-0.000088,10.421072,10.421072,7.681387
3678.000000,-293.056056,-148.982850,-0.000202,10.426269,10.426269,7.713928
3680.000000,-292.796561,-150.962863,-0.000127,10.432452,10.432452,7.746174
3682.000000,-292.537851,-152.942978,0.000098,10.438574,10.438574,7.778847
3684.000000,-292.278310,-154.922985,0.000161,10.443980,10.443980,7.814199
3686.000000,-292.018097,-156.902903,0.000192,10.449560,10.449560,7.853176
3688.000000,-291.757512,-158.882773,0.000250,10.455161,10.455161,7.897077
3690.000000,-291.495308,-160.862428,0.000182,10.461059,10.461059,7.949298
3692.000000,-291.232768,-162.842039,0.000288,10.467451,10.467451,8.008454
3694.000000,-290.969639,-164.821571,0.001477,10.475413,10.475413,8.074878
3696.000000,-290.703473,-166.800678,0.001094,10.483741,10.483741,8.152903
3698.000000,-290.420635,-168.777492,-0.001425,10.478582,10.478582,8.249179
3700.000000,-290.156898,-170.756879,0.000807,10.496207,10.496207,8.324796
3702.000000,-289.894158,-172.736451,0.002658,10.518615,10.518615,8.404707
3704.000000,-289.597588,-174.711233,0.000252,10.510475,10.510475,8.510152
3706.000000,-289.325685,-176.689552,-0.000168,10.531064,10.531064,8.582481
3708.000000,-289.034304,-178.665003,-0.000009,10.535063,10.535063,8.669995
3710.000000,-288.759869,-180.642948,0.000788,10.559559,10.559559,8.729594
3712.000000,-288.471145,-182.618910,0.001205,10.573114,10.573114,8.799580
3714.000000,-288.181585,-184.594749,0.000327,10.589070,10.589070,8.865793
3716.000000,-287.888953,-186.570136,0.000091,10.605313,10.605313,8.933366
3718.000000,-287.598134,-188.545791,0.000126,10.627003,10.627003,8.998665
3720.000000,-287.305320,-190.521151,0.000250,10.651390,10.651390,9.066101
3722.000000,-287.012697,-192.496539,0.000123,10.681145,10.681145,9.132375
3724.000000,-286.717739,-194.471580,-0.000210,10.713438,10.713438,9.197957
3726.000000,-286.425323,-196.446999,-0.000334,10.750894,10.750894,9.258545
3728.000000,-286.133471,-198.422502,0.000139,10.791000,10.791000,9.317012
3730.000000,-285.843219,-200.398240,-0.000571,10.833300,10.833300,9.371881
3732.000000,-285.547006,-202.373090,-0.002381,10.863857,10.863857,9.428908
3734.000000,-285.270149,-204.350692,-0.001552,10.905944,10.905944,9.463444
3736.000000,-284.998151,-206.329005,0.000882,10.943262,10.943262,9.497590
3738.000000,-284.721578,-208.306701,-0.001119,10.962123,10.962123,9.537517
3740.000000,-284.435350,-210.283026,-0.004332,10.956463,10.956463,9.579284
3742.000000,-284.190750,-212.264721,-0.002654,10.978451,10.978451,9.562483
3744.000000,-283.941068,-214.245983,-0.001839,10.975346,10.975346,9.504394
3746.000000,-283.701854,-216.228532,-0.002652,10.964769,10.964769,9.377453
3748.000000,-283.475885,-218.212645,-0.003017,10.950317,10.950317,9.167974
3750.000000,-283.254967,-220.197316,-0.003538,10.925846,10.925846,8.881950
3752.000000,-283.058554,-222.184454,-0.000811,10.922227,10.922227,8.530378
3754.000000,-282.864212,-224.171919,0.001971,10.919761,10.919761,8.052146
3756.000000,-282.654074,-226.157739,0.002722,10.908166,10.908166,7.475334
3758.000000,-282.442233,-228.142887,0.005254,10.907569,10.907569,6.751580
3760.000000,-282.206609,-230.124815,0.007218,10.910467,10.910467,6.003890
3762.000000,-281.937248,-232.102592,0.010797,10.921060,10.921060,5.120182
3764.000000,-281.644988,-234.077683,0.016549,10.977674,10.977674,4.178556
3766.000000,-281.261991,-236.037398,0.016365,11.008968,11.008968,3.258963
3768.000000,-280.823423,-237.985444,0.015107,11.029248,11.029248,2.355279
3770.000000,-280.330985,-239.920558,0.018262,11.036768,11.036768,1.431708
3772.000000,-279.767861,-241.836136,0.024403,11.043083,11.043083,0.463502
3774.000000,-279.119816,-243.724629,0.026567,11.062658,11.062658,-0.545541
3776.000000,-278.343551,-245.563527,0.021359,11.070640,11.070640,-1.585105
3778.000000,-277.512602,-247.379328,0.020999,11.142608,11.142608,-2.823694
3780.000000,-276.605894,-249.158138,0.027458,11.241035,11.241035,-4.207394
3782.000000,-275.605468,-250.885540,0.034493,11.373332,11.373332,-5.608200
3784.000000,-274.487350,-252.537880,0.058687,11.539913,11.539913,-6.887774
3786.000000,-273.238283,-254.092655,0.136982,11.770649,11.770649,-7.584112
3788.000000,-271.716297,-255.261404,0.193279,11.796705,11.796705,-7.571041
3790.000000,-269.759396,-255.558988,0.146661,11.223927,11.223927,-7.324610
3792.000000,-267.777944,-255.353088,0.086322,10.688872,10.688872,-7.079294
3794.000000,-265.850340,-254.833228,0.058341,10.423309,10.423309,-6.484030
3796.000000,-263.994823,-254.095091,0.039465,10.297930,10.297930,-5.585003
3798.000000,-262.201091,-253.218647,0.025521,10.251932,10.251932,-4.510523
3800.000000,-260.451612,-252.256647,0.018169,10.234201,10.234201,-3.394428
3802.000000,-258.732969,-251.240046,0.012765,10.178230,10.178230,-2.344456
3804.000000,-257.049993,-250.165567,0.017144,10.078843,10.078843,-1.369324
3806.000000,-255.369478,-249.086849,0.023336,9.968589,9.968589,-0.534681
3808.000000,-253.803450,-247.849549,0.013695,9.967098,9.967098,0.398395
3810.000000,-252.221770,-246.630724,0.010395,9.949353,9.949353,1.210211
3812.000000,-250.684398,-245.356414,0.011989,9.929434,9.929434,1.976822
3814.000000,-249.178055,-244.045515,0.007600,9.931808,9.931808,2.706000
3816.000000,-247.687701,-242.716376,0.004665,9.950731,9.950731,3.386164
3818.000000,-246.213944,-241.368892,0.001438,9.978930,9.978930,4.034424
3820.000000,-244.740629,-240.020883,-0.000574,10.012716,10.012716,4.607796
3822.000000,-243.265179,-238.675211,-0.001088,10.040322,10.040322,5.124443
3824.000000,-241.787369,-237.332131,-0.001731,10.072956,10.072956,5.587004
3826.000000,-240.304742,-235.994375,-0.002558,10.107427,10.107427,5.993487
3828.000000,-238.815598,-234.663876,-0.003302,10.144141,10.144141,6.355307
3830.000000,-237.317088,-233.343943,-0.003286,10.183457,10.183457,6.669377
3832.000000,-235.808918,-232.035052,-0.002537,10.220339,10.220339,6.928858
3834.000000,-234.294897,-230.732931,-0.002191,10.253671,10.253671,7.137663
3836.000000,-232.775735,-229.436811,-0.002444,10.284224,10.284224,7.293064
3838.000000,-231.249978,-228.148464,-0.002445,10.312540,10.312540,7.410219
3840.000000,-229.717338,-226.868312,-0.001401,10.336691,10.336691,7.488217
3842.000000,-228.179964,-225.593847,-0.002223,10.354288,10.354288,7.516834
3844.000000,-226.644613,-224.316953,-0.003097,10.358460,10.358460,7.508512
3846.000000,-225.087527,-223.066699,-0.001410,10.383787,10.383787,7.423790
3848.000000,-223.540642,-221.803860,-0.001624,10.381292,10.381292,7.317554
3850.000000,-221.980888,-220.556981,-0.001533,10.389153,10.389153,7.166483
3852.000000,-220.420399,-219.310922,-0.000655,10.388377,10.388377,6.981375
3854.000000,-218.858822,-218.066228,-0.000972,10.384004,10.384004,6.778205
3856.000000,-217.293600,-216.826122,-0.000795,10.380507,10.380507,6.554117
3858.000000,-215.727115,-215.587610,-0.000503,10.377794,10.377794,6.314238
3860.000000,-214.158921,-214.351263,0.000125,10.378517,10.378517,6.060581
3862.000000,-212.590438,-213.115281,0.000235,10.380866,10.380866,5.790064
3864.000000,-211.025493,-211.874849,-0.000684,10.377794,10.377794,5.509974
3866.000000,-209.456142,-210.640058,-0.000422,10.385441,10.385441,5.222638
3868.000000,-207.885341,-209.407036,0.001411,10.395834,10.395834,4.928499
3870.000000,-206.317626,-208.170081,0.000867,10.405275,10.405275,4.637587
3872.000000,-204.759163,-206.921579,-0.001034,10.402662,10.402662,4.357708
3874.000000,-203.187903,-205.689429,-0.000386,10.423895,10.423895,4.056535
3876.000000,-201.622860,-204.449150,-0.000739,10.431472,10.431472,3.747953
3878.000000,-200.054171,-203.213460,-0.000324,10.443594,10.443594,3.429956
3880.000000,-198.479121,-201.985869,-0.000397,10.462962,10.462962,3.087546
3882.000000,-196.917269,-200.741582,-0.002956,10.455826,10.455826,2.763300
3884.000000,-195.331751,-199.527782,-0.001841,10.482613,10.482613,2.401784
3886.000000,-193.751459,-198.306946,-0.000923,10.492151,10.492151,2.043059
3888.000000,-192.166112,-197.092676,-0.001862,10.501180,10.501180,1.680515
3890.000000,-190.576565,-195.883907,-0.001908,10.507136,10.507136,1.312685
3892.000000,-188.982444,-194.681179,-0.001408,10.510306,10.510306,0.941260
3894.000000,-187.383302,-193.485137,-0.000398,10.513148,10.513148,0.567662
3896.000000,-185.785285,-192.287639,-0.002681,10.505082,10.505082,0.204460
3898.000000,-184.186276,-191.091481,-0.004398,10.488764,10.488764,-0.155067
3900.000000,-182.563020,-189.928725,-0.002137,10.506344,10.506344,-0.553189
3902.000000,-180.947877,-188.754460,-0.001365,10.498692,10.498692,-0.933591
3904.000000,-179.320460,-187.597201,-0.000831,10.505199,10.505199,-1.330621
3906.000000,-177.696572,-186.434975,-0.000577,10.499703,10.499703,-1.715548
3908.000000,-176.070088,-185.276382,-0.000748,10.492009,10.492009,-2.099420
3910.000000,-174.439917,-184.122988,0.000296,10.485096,10.485096,-2.482677
3912.000000,-172.812830,-182.965301,-0.001001,10.467201,10.467201,-2.851955
3914.000000,-171.186036,-181.807176,-0.002095,10.447549,10.447549,-3.220443
3916.000000,-169.546399,-180.667297,-0.000092,10.448652,10.448652,-3.601645
3918.000000,-167.912871,-179.518656,0.000841,10.437868,10.437868,-3.959410
3920.000000,-166.279047,-178.370437,-0.000159,10.427043,10.427043,-4.309181
3922.000000,-164.647393,-177.219139,-0.000646,10.413336,10.413336,-4.644250
3924.000000,-163.010248,-176.075669,-0.000001,10.410539,10.410539,-4.971856
3926.000000,-161.375999,-174.928056,-0.000048,10.404034,10.404034,-5.271565
3928.000000,-159.741422,-173.780909,-0.000787,10.395317,10.395317,-5.552838
3930.000000,-158.104162,-172.637598,-0.000719,10.389203,10.389203,-5.817809
3932.000000,-156.465401,-171.496437,-0.000484,10.383601,10.383601,-6.058099
3934.000000,-154.825756,-170.356547,-0.000503,10.378147,10.378147,-6.277475
3936.000000,-153.184967,-169.218303,-0.000660,10.371443,10.371443,-6.472652
3938.000000,-151.542771,-168.082090,-0.000746,10.364040,10.364040,-6.638125
3940.000000,-149.898541,-166.948822,-0.000740,10.357074,10.357074,-6.780792
3942.000000,-148.253021,-165.817429,-0.000776,10.351835,10.351835,-6.904170
3944.000000,-146.605423,-164.689065,-0.000707,10.345524,10.345524,-7.007474
3946.000000,-144.956266,-163.562978,-0.000688,10.338996,10.338996,-7.088029
3948.000000,-143.305933,-162.438617,-0.000800,10.332739,10.332739,-7.139076
3950.000000,-141.653330,-161.317594,-0.000666,10.329090,10.329090,-7.148373
3952.000000,-139.999273,-160.198720,-0.000582,10.326963,10.326963,-7.118699
3954.000000,-138.344431,-159.081004,-0.000594,10.324842,10.324842,-7.052702
3956.000000,-136.687414,-157.966518,-0.000282,10.326048,10.326048,-6.953331
3958.000000,-135.030238,-156.852268,0.000215,10.328994,10.328994,-6.829376
3960.000000,-133.373042,-155.738047,0.000658,10.332132,10.332132,-6.679877
3962.000000,-131.717963,-154.620684,0.000908,10.335054,10.335054,-6.486392
3964.000000,-130.064535,-153.500879,0.000884,10.337754,10.337754,-6.232334
3966.000000,-128.413803,-152.377105,0.000651,10.339683,10.339683,-5.882188
3968.000000,-126.763943,-151.252049,0.000267,10.338317,10.338317,-5.423008
3970.000000,-125.115488,-150.124937,-0.000510,10.333731,10.333731,-4.875511
3972.000000,-123.465754,-148.999698,-0.001606,10.330206,10.330206,-4.233006
3974.000000,-121.812598,-147.879494,-0.003166,10.328799,10.328799,-3.506819
3976.000000,-120.153208,-146.768556,-0.004947,10.330492,10.330492,-2.716230
3978.000000,-118.481643,-145.676042,-0.006204,10.337461,10.337461,-1.883180
3980.000000,-116.797297,-144.603341,-0.007426,10.348057,10.348057,-1.025484
3982.000000,-115.097199,-143.555841,-0.009163,10.361625,10.361625,-0.152286
3984.000000,-113.378767,-142.538666,-0.011292,10.372989,10.372989,0.736338
3986.000000,-111.637618,-141.560991,-0.014052,10.374207,10.374207,1.647816
3988.000000,-109.870891,-140.630346,-0.016019,10.370974,10.370974,2.580456
3990.000000,-108.072352,-139.763719,-0.021508,10.372893,10.372893,3.510483
3992.000000,-106.248593,-138.950359,-0.033458,10.346586,10.346586,4.405566
3994.000000,-104.369770,-138.280406,-0.035564,10.366131,10.366131,5.133714
3996.000000,-102.440059,-137.769266,-0.031806,10.416225,10.416225,5.836722
3998.000000,-100.491005,-137.334897,-0.043818,10.387749,10.387749,6.553086
4000.000000,-98.511004,-137.079808,-0.049551,10.365153,10.365153,7.042867
4002.000000,-96.514190,-137.079522,-0.040200,10.393922,10.393922,7.414698
4004.000000,-94.520488,-137.176236,-0.042856,10.336948,10.336948,7.808680
4006.000000,-92.545966,-137.463193,-0.046481,10.305124,10.305124,8.056167
4008.000000,-90.610033,-137.949441,-0.042562,10.318386,10.318386,8.222287
4010.000000,-88.713928,-138.573022,-0.048910,10.311052,10.311052,8.358341
4012.000000,-86.889044,-139.371828,-0.054665,10.322110,10.322110,8.396034
4014.000000,-85.178832,-140.399795,-0.048402,10.389554,10.389554,8.291237
4016.000000,-83.560585,-141.567280,-0.044818,10.409610,10.409610,8.113079
4018.000000,-82.054848,-142.875404,-0.047826,10.384932,10.384932,7.856520
4020.000000,-80.676856,-144.318673,-0.052539,10.305821,10.305821,7.525914
4022.000000,-79.458985,-145.896459,-0.054489,10.208835,10.208835,7.110865
4024.000000,-78.431285,-147.605808,-0.047678,10.151656,10.151656,6.526277
4026.000000,-77.574568,-149.407680,-0.038064,10.133590,10.133590,5.737163
4028.000000,-76.844501,-151.265701,-0.034167,10.114944,10.114944,4.815755
4030.000000,-76.241557,-153.168494,-0.031889,10.103650,10.103650,3.811248
4032.000000,-75.769886,-155.108315,-0.030844,10.115334,10.115334,2.694454
4034.000000,-75.396470,-157.069840,-0.028739,10.123110,10.123110,1.543915
4036.000000,-75.175402,-159.054371,-0.023472,10.191445,10.191445,0.358229
4038.000000,-75.003641,-161.043128,-0.019364,10.225298,10.225298,-0.702971
4040.000000,-74.952781,-163.039425,-0.012224,10.307869,10.307869,-1.658790
4042.000000,-74.918878,-165.035989,-0.007587,10.342818,10.342818,-2.364044
4044.000000,-74.924879,-167.032873,-0.006957,10.364195,10.364195,-2.929451
4046.000000,-74.955124,-169.029578,-0.005100,10.361714,10.361714,-3.401972
4048.000000,-75.007930,-171.025818,-0.003103,10.346045,10.346045,-3.784121
4050.000000,-75.072699,-173.021711,-0.001052,10.326393,10.326393,-4.092663
4052.000000,-75.140461,-175.017506,0.000056,10.308676,10.308676,-4.330595
4054.000000,-75.207042,-177.013340,0.000423,10.297732,10.297732,-4.516786
4056.000000,-75.272098,-179.009225,0.000671,10.293650,10.293650,-4.685097
4058.000000,-75.334639,-181.005190,0.000972,10.295905,10.295905,-4.838915
4060.000000,-75.393033,-183.001280,0.000827,10.303848,10.303848,-4.975278
4062.000000,-75.446746,-184.997502,0.000171,10.321188,10.321188,-5.070757
4064.000000,-75.500789,-186.993715,-0.000260,10.341499,10.341499,-5.123658
4066.000000,-75.556129,-188.989893,-0.000382,10.363409,10.363409,-5.142629
4068.000000,-75.612690,-190.986036,-0.000625,10.387200,10.387200,-5.115358
4070.000000,-75.671611,-192.982111,-0.001120,10.413004,10.413004,-5.010757
4072.000000,-75.734559,-194.978061,-0.001626,10.438017,10.438017,-4.816164
4074.000000,-75.804950,-196.973763,-0.001851,10.460262,10.460262,-4.517937
4076.000000,-75.882356,-198.969206,-0.002269,10.481538,10.481538,-4.086966
4078.000000,-75.967792,-200.964316,-0.003040,10.502145,10.502145,-3.551404
4080.000000,-76.066307,-202.958822,-0.003774,10.519723,10.519723,-2.942911
4082.000000,-76.179070,-204.952573,-0.004070,10.533770,10.533770,-2.293564
4084.000000,-76.310375,-206.945192,-0.004968,10.540912,10.540912,-1.621959
4086.000000,-76.455150,-208.936810,-0.007682,10.530682,10.530682,-0.906619
4088.000000,-76.633465,-210.925772,-0.011447,10.519447,10.519447,-0.171367
4090.000000,-76.853286,-212.910319,-0.016171,10.507100,10.507100,0.574610
4092.000000,-77.138041,-214.886727,-0.022093,10.501496,10.501496,1.316201
4094.000000,-77.506888,-216.849067,-0.027285,10.490652,10.490652,2.041936
4096.000000,-77.989376,-218.786464,-0.030128,10.465157,10.465157,2.723259
4098.000000,-78.584525,-220.692009,-0.032622,10.420984,10.420984,3.346840
4100.000000,-79.302090,-222.554520,-0.034092,10.371397,10.371397,3.884195
4102.000000,-80.151374,-224.360739,-0.032028,10.336722,10.336722,4.314477
4104.000000,-81.113993,-226.109857,-0.030746,10.299412,10.299412,4.664933
4106.000000,-82.174345,-227.801521,-0.032177,10.251069,10.251069,4.942462
4108.000000,-83.347732,-229.416662,-0.032145,10.209865,10.209865,5.123561
4110.000000,-84.620993,-230.954094,-0.031056,10.166206,10.166206,5.222561
4112.000000,-85.986366,-232.410412,-0.030721,10.115173,10.115173,5.239884
4114.000000,-87.438805,-233.779948,-0.030967,10.058956,10.058956,5.165112
4116.000000,-88.971755,-235.059090,-0.031624,10.001266,10.001266,4.989593
4118.000000,-90.583927,-236.236952,-0.031079,9.947689,9.947689,4.709566
4120.000000,-92.267144,-237.310825,-0.028276,9.909978,9.909978,4.337389
4122.000000,-94.009348,-238.285940,-0.024194,9.885512,9.885512,3.895642
4124.000000,-95.795946,-239.177299,-0.020568,9.869845,9.869845,3.397329
4126.000000,-97.617335,-239.995374,-0.017584,9.863034,9.863034,2.859868
4128.000000,-99.466740,-240.748299,-0.014033,9.863596,9.863596,2.290634
4130.000000,-101.337128,-241.447737,-0.009917,9.867879,9.867879,1.699201
4132.000000,-103.220511,-242.111479,-0.005763,9.873043,9.873043,1.107508
4134.000000,-105.111988,-242.751837,-0.000501,9.879568,9.879568,0.532049
4136.000000,-107.004893,-243.387981,0.004377,9.877778,9.877778,-0.000137
4138.000000,-108.889417,-244.048370,0.005177,9.851646,9.851646,-0.458975
4140.000000,-110.766275,-244.730399,0.003264,9.812994,9.812994,-0.849548
4142.000000,-112.639351,-245.422762,0.002177,9.785515,9.785515,-1.188765
4144.000000,-114.509950,-246.121782,0.002626,9.772249,9.772249,-1.503539
4146.000000,-116.377199,-246.829709,0.004568,9.773628,9.773628,-1.807241
4148.000000,-118.238789,-247.552335,0.006974,9.780122,9.780122,-2.098289
4150.000000,-120.088600,-248.304540,0.007751,9.780717,9.780717,-2.359124
4152.000000,-121.926201,-249.086128,0.007442,9.772156,9.772156,-2.588984
4154.000000,-123.752608,-249.893547,0.007680,9.755658,9.755658,-2.788106
4156.000000,-125.566423,-250.728835,0.008762,9.734998,9.734998,-2.948904
4158.000000,-127.366105,-251.594140,0.010736,9.708624,9.708624,-3.068006
4160.000000,-129.146795,-252.497823,0.012217,9.675161,9.675161,-3.135016
4162.000000,-130.903140,-253.447938,0.012072,9.634394,9.634394,-3.139563
4164.000000,-132.636536,-254.439278,0.011952,9.593908,9.593908,-3.087706
4166.000000,-134.346787,-255.470077,0.012541,9.553645,9.553645,-2.980404
4168.000000,-136.029641,-256.545015,0.012417,9.515150,9.515150,-2.812123
4170.000000,-137.684840,-257.662050,0.011517,9.476136,9.476136,-2.588574
4172.000000,-139.314249,-258.816388,0.011041,9.431736,9.431736,-2.321522
4174.000000,-140.918638,-260.005243,0.011223,9.382382,9.382382,-2.020455
4176.000000,-142.495558,-261.230344,0.010914,9.330558,9.330558,-1.685854
4178.000000,-144.044218,-262.490997,0.009627,9.271551,9.271551,-1.324509
4180.000000,-145.568750,-263.780711,0.008530,9.207788,9.207788,-0.951130
4182.000000,-147.072049,-265.095149,0.007989,9.138763,9.138763,-0.577721
4184.000000,-148.553356,-266.434325,0.006521,9.066587,9.066587,-0.209258
4186.000000,-150.015320,-267.794624,0.004076,8.992526,8.992526,0.148916
4188.000000,-151.467970,-269.164872,0.002858,8.920112,8.920112,0.482052
4190.000000,-152.914350,-270.541738,0.002179,8.850662,8.850662,0.782081
4192.000000,-154.351228,-271.928514,0.000762,8.780225,8.780225,1.050990
4194.000000,-155.789376,-273.313979,0.000193,8.720501,8.720501,1.270470
4196.000000,-157.226088,-274.700933,-0.000009,8.664804,8.664804,1.450062
4198.000000,-158.662272,-276.088433,-0.000268,8.617132,8.617132,1.589878
4200.000000,-160.101044,-277.473252,0.000123,8.579976,8.579976,1.687773
4202.000000,-161.538134,-278.859815,0.000250,8.552399,8.552399,1.760161
4204.000000,-162.974637,-280.246988,0.000122,8.537372,8.537372,1.805469
4206.000000,-164.411231,-281.634066,0.000389,8.534386,8.534386,1.820627
4208.000000,-165.846880,-283.022122,0.000647,8.543428,8.543428,1.804340
4210.000000,-167.280012,-284.412776,0.000433,8.553800,8.553800,1.768778
4212.000000,-168.711944,-285.804666,-0.000123,8.564200,8.564200,1.723816
4214.000000,-170.143980,-287.196449,-0.000513,8.568641,8.568641,1.670679
4216.000000,-171.578378,-288.585798,-0.000432,8.571146,8.571146,1.600901
4218.000000,-173.013648,-289.974245,0.000362,8.568777,8.568777,1.510412
4220.000000,-174.449607,-291.361980,0.002191,8.564097,8.564097,1.393527
4222.000000,-175.879281,-292.756181,0.004796,8.561624,8.561624,1.261236
4224.000000,-177.296383,-294.163142,0.008698,8.571148,8.571148,1.117179
4226.000000,-178.690971,-295.592356,0.013920,8.606391,8.606391,0.950004
4228.000000,-180.043764,-297.061076,0.019749,8.677482,8.677482,0.790160
4230.000000,-181.340118,-298.579690,0.025547,8.778165,8.778165,0.661055
4232.000000,-182.553351,-300.165306,0.027939,8.901321,8.901321,0.590019
4234.000000,-183.670406,-301.820075,0.027482,9.043395,9.043395,0.591379
4236.000000,-184.701764,-303.529673,0.028412,9.211122,9.211122,0.640419
4238.000000,-185.631837,-305.296246,0.029452,9.404289,9.404289,0.738487
4240.000000,-186.455171,-307.114971,0.029573,9.603930,9.603930,0.894402
4242.000000,-187.171818,-308.978419,0.025387,9.799830,9.799830,1.107725
4244.000000,-187.774073,-310.882117,0.015225,9.983031,9.983031,1.370585
4246.000000,-188.331866,-312.799576,0.023348,10.114274,10.114274,1.612156
4248.000000,-188.861708,-314.722737,0.034959,10.202080,10.202080,1.834783
4250.000000,-189.129134,-316.701637,0.020011,10.475241,10.475241,2.251624
4252.000000,-189.404852,-318.679440,0.010658,10.630531,10.630531,2.575913
4254.000000,-189.613610,-320.665335,0.010156,10.747779,10.747779,2.886202
4256.000000,-189.779103,-322.655379,0.008552,10.854390,10.854390,3.164505
4258.000000,-189.936773,-324.643192,0.005899,10.830819,10.830819,3.348940
4260.000000,-190.016336,-326.623066,-0.003837,10.802460,10.802460,3.562038
4262.000000,-190.165586,-328.610591,-0.000809,10.929567,10.929567,3.570178
4264.000000,-190.315008,-330.599442,-0.000901,10.916472,10.916472,3.443254
4266.000000,-190.408213,-332.594030,-0.006227,10.940625,10.940625,3.273353
4268.000000,-190.628179,-334.577360,-0.000333,10.869137,10.869137,2.910223
4270.000000,-190.749616,-336.568334,-0.000781,10.917630,10.917630,2.545866
4272.000000,-190.946614,-338.554598,0.005817,10.871150,10.871150,2.034117
4274.000000,-191.103509,-340.542777,0.011564,10.843074,10.843074,1.400708
4276.000000,-191.172666,-342.538501,0.005351,10.884514,10.884514,0.792908
4278.000000,-191.273798,-344.532793,0.010705,10.856461,10.856461,0.047136
4280.000000,-191.313633,-346.529079,0.020946,10.828809,10.828809,-0.778594
4282.000000,-191.273408,-348.525294,0.026886,10.795975,10.795975,-1.621951
4284.000000,-191.120799,-350.515550,0.023547,10.775154,10.775154,-2.425072
4286.000000,-190.845464,-352.492862,0.036029,10.737935,10.737935,-3.248246
4288.000000,-190.554287,-354.468458,0.055550,10.530265,10.530265,-4.045183
4290.000000,-189.859493,-356.333072,0.040575,10.613076,10.613076,-4.479671
4292.000000,-189.135675,-358.194189,0.062689,10.519072,10.519072,-5.114098
4294.000000,-188.257819,-359.987330,0.101874,10.171519,10.171519,-5.481685
4296.000000,-186.866477,-361.412366,0.079913,10.013176,10.013176,-5.428872
4298.000000,-185.347062,-362.706753,0.061264,9.720105,9.720105,-5.401755
4300.000000,-183.667021,-363.784470,0.072849,9.471653,9.471653,-5.248031
4302.000000,-181.867525,-364.638753,0.079077,9.219214,9.219214,-5.025707
4304.000000,-179.935354,-365.135907,0.071275,9.116532,9.116532,-4.557811
4306.000000,-177.958775,-365.396869,0.064250,9.048387,9.048387,-3.933542
4308.000000,-175.964697,-365.387022,0.060319,9.023185,9.023185,-3.158560
4310.000000,-173.985708,-365.139674,0.052618,8.988250,8.988250,-2.284360
4312.000000,-172.043475,-364.683917,0.043172,8.947386,8.947386,-1.414232
4314.000000,-170.148290,-364.058787,0.027474,8.900013,8.900013,-0.565344
4316.000000,-168.294808,-363.316805,0.020853,8.838550,8.838550,0.246983
4318.000000,-166.446160,-362.561890,0.023462,8.708390,8.708390,0.933990
4320.000000,-164.675342,-361.643781,0.017293,8.729429,8.729429,1.700773
4322.000000,-162.901978,-360.726265,0.014741,8.692163,8.692163,2.359236
4324.000000,-161.175534,-359.722727,0.014015,8.695529,8.695529,3.037209
4326.000000,-159.470083,-358.684186,0.009762,8.660380,8.660380,3.644081
4328.000000,-157.787772,-357.608321,0.007244,8.634334,8.634334,4.164113
4330.000000,-156.120178,-356.509749,0.004432,8.631372,8.631372,4.589176
4332.000000,-154.462273,-355.396596,0.002366,8.639804,8.639804,4.976401
4334.000000,-152.809184,-354.276292,0.000880,8.658604,8.658604,5.322577
4336.000000,-151.157777,-353.153514,-0.001338,8.685437,8.685437,5.596148
4338.000000,-149.506051,-352.031212,-0.004404,8.705022,8.705022,5.796638
4340.000000,-147.841433,-350.928180,-0.004305,8.735593,8.735593,5.907569
4342.000000,-146.164030,-349.844626,-0.003086,8.775474,8.775474,5.941207
4344.000000,-144.487232,-348.760131,-0.002408,8.802863,8.802863,5.901804
4346.000000,-142.795312,-347.699392,-0.002143,8.841038,8.841038,5.741960
4348.000000,-141.112413,-346.624491,-0.002559,8.849747,8.849747,5.690933
4350.000000,-139.408681,-345.583264,-0.001122,8.885543,8.885543,5.585066
4352.000000,-137.716118,-344.523551,-0.000283,8.886848,8.886848,5.455676
4354.000000,-136.012270,-343.482125,-0.001405,8.899556,8.899556,5.302422
4356.000000,-134.317410,-342.426422,-0.003260,8.887416,8.887416,5.183659
4358.000000,-132.604477,-341.400285,-0.001388,8.904871,8.904871,5.024555
4360.000000,-130.891740,-340.373748,0.002178,8.920768,8.920768,4.849051
4362.000000,-129.184926,-339.337211,0.000352,8.925895,8.925895,4.659012
4364.000000,-127.483871,-338.291247,-0.002415,8.920900,8.920900,4.469853
4366.000000,-125.768252,-337.269312,-0.000889,8.944439,8.944439,4.235675
4368.000000,-124.056026,-336.241681,0.000490,8.961148,8.961148,3.991022
4370.000000,-122.344129,-335.213480,0.000117,8.978164,8.978164,3.739378
4372.000000,-120.632162,-334.185396,0.000274,8.995847,8.995847,3.479659
4374.000000,-118.920956,-333.156046,0.000360,9.012937,9.012937,3.215863
4376.000000,-117.210550,-332.125367,0.000399,9.028038,9.028038,2.950029
4378.000000,-115.500741,-331.093697,0.000547,9.040914,9.040914,2.685856
4380.000000,-113.792224,-330.059891,0.000654,9.050380,9.050380,2.427476
4382.000000,-112.085043,-329.023879,0.000573,9.057714,9.057714,2.175815
4384.000000,-110.379301,-327.985499,0.000368,9.063998,9.063998,1.928990
4386.000000,-108.674094,-326.946241,0.000345,9.069836,9.069836,1.681293
4388.000000,-106.969431,-325.906091,0.000477,9.074630,9.074630,1.428937
4390.000000,-105.266009,-324.863911,0.000477,9.077614,9.077614,1.169749
4392.000000,-103.563530,-323.820191,0.000374,9.079349,9.079349,0.903308
4394.000000,-101.861898,-322.775089,0.000198,9.079463,9.079463,0.630556
4396.000000,-100.160746,-321.729207,-0.000003,9.078994,9.078994,0.351264
4398.000000,-98.459439,-320.683576,-0.000124,9.078119,9.078119,0.062572
4400.000000,-96.757935,-319.638267,-0.000206,9.076971,9.076971,-0.235769
4402.000000,-95.055948,-318.593744,-0.000239,9.075304,9.075304,-0.543721
4404.000000,-93.353404,-317.550129,-0.000232,9.072596,9.072596,-0.859039
4406.000000,-91.650464,-316.507161,-0.000280,9.068301,9.068301,-1.178157
4408.000000,-89.946938,-315.465149,-0.000378,9.063022,9.063022,-1.498779
4410.000000,-88.242649,-314.424387,-0.000457,9.057007,9.057007,-1.821083
4412.000000,-86.537329,-313.385314,-0.000471,9.050657,9.050657,-2.143706
4414.000000,-84.831042,-312.347831,-0.000387,9.044039,9.044039,-2.458194
4416.000000,-83.123814,-311.311897,-0.000269,9.037229,9.037229,-2.759567
4418.000000,-81.416230,-310.276548,-0.000297,9.030584,9.030584,-3.045579
4420.000000,-79.708076,-309.242142,-0.000403,9.024740,9.024740,-3.317614
4422.000000,-77.998962,-308.209322,-0.000316,9.018734,9.018734,-3.575057
4424.000000,-76.289007,-307.177895,-0.000129,9.013609,9.013609,-3.818208
4426.000000,-74.579086,-306.146412,-0.000132,9.008016,9.008016,-4.044657
4428.000000,-72.868875,-305.115409,-0.000193,9.002592,9.002592,-4.253725
4430.000000,-71.158119,-304.085312,-0.000130,8.997389,8.997389,-4.442554
4432.000000,-69.447152,-303.055564,-0.000096,8.994748,8.994748,-4.608116
4434.000000,-67.736086,-302.025981,0.000086,8.995175,8.995175,-4.746807
4436.000000,-66.024636,-300.997036,0.000398,8.996753,8.996753,-4.855141
4438.000000,-64.314758,-299.965482,0.000449,8.999457,8.999457,-4.929079
4440.000000,-62.605400,-298.933067,0.000300,9.003128,9.003128,-4.984241
4442.000000,-60.897130,-297.898851,0.000165,9.009307,9.009307,-5.023174
4444.000000,-59.188637,-296.865003,0.000121,9.015747,9.015747,-5.046579
4446.000000,-57.480863,-295.829970,0.000092,9.024599,9.024599,-5.051207
4448.000000,-55.772875,-294.795288,0.000159,9.034164,9.034164,-5.033863
4450.000000,-54.065360,-293.759827,0.000414,9.044125,9.044125,-4.990145
4452.000000,-52.358428,-292.723405,0.000607,9.054179,9.054179,-4.923031
4454.000000,-50.653285,-291.684043,0.000611,9.065528,9.065528,-4.830234
4456.000000,-48.949012,-290.643253,0.000674,9.074884,9.074884,-4.710205
4458.000000,-47.246284,-289.599941,0.000701,9.085117,9.085117,-4.561628
4460.000000,-45.545207,-288.553936,0.000476,9.097342,9.097342,-4.379913
4462.000000,-43.845127,-287.506313,0.000157,9.108216,9.108216,-4.156856
4464.000000,-42.145378,-286.458151,-0.000117,9.117816,9.117816,-3.895691
4466.000000,-40.445282,-285.410553,-0.000292,9.125498,9.125498,-3.592656
4468.000000,-38.744573,-284.363951,-0.000602,9.134409,9.134409,-3.241989
4470.000000,-37.043000,-283.318754,-0.001167,9.145510,9.145510,-2.843917
4472.000000,-35.338747,-282.277938,-0.001788,9.160664,9.160664,-2.410043
4474.000000,-33.631009,-281.242846,-0.002469,9.180127,9.180127,-1.949937
4476.000000,-31.918122,-280.216305,-0.003133,9.206817,9.206817,-1.471871
4478.000000,-30.198732,-279.200693,-0.003652,9.244516,9.244516,-0.984454
4480.000000,-28.471995,-278.197643,-0.003982,9.292935,9.292935,-0.495766
4482.000000,-26.737056,-277.208838,-0.004360,9.349881,9.349881,-0.009729
4484.000000,-24.994205,-276.234041,-0.005164,9.415057,9.415057,0.473261
4486.000000,-23.241239,-275.277565,-0.006401,9.483872,9.483872,0.951228
4488.000000,-21.476725,-274.342608,-0.007779,9.557482,9.557482,1.423980
4490.000000,-19.697337,-273.436347,-0.008840,9.640590,9.640590,1.887406
4492.000000,-17.902320,-272.561417,-0.010327,9.737493,9.737493,2.340771
4494.000000,-16.090715,-271.721394,-0.012020,9.842720,9.842720,2.776745
4496.000000,-14.257716,-270.929210,-0.012550,9.957496,9.957496,3.178936
4498.000000,-12.406103,-270.181551,-0.012651,10.070750,10.070750,3.555891
4500.000000,-10.535959,-269.481664,-0.013144,10.185783,10.185783,3.905410
4502.000000,-8.648495,-268.829777,-0.013466,10.298624,10.298624,4.234741
4504.000000,-6.743414,-268.231405,-0.012853,10.401996,10.401996,4.538636
4506.000000,-4.823645,-267.681945,-0.012811,10.498491,10.498491,4.819133
4508.000000,-2.891574,-267.177350,-0.013711,10.584646,10.584646,5.077146
4510.000000,-0.945189,-266.731242,-0.013294,10.663788,10.663788,5.301088
4512.000000,1.012096,-266.335703,-0.012526,10.729298,10.729298,5.497242
4514.000000,2.978381,-265.987674,-0.012902,10.782891,10.782891,5.666606
4516.000000,4.952980,-265.690302,-0.013311,10.825238,10.825238,5.807906
4518.000000,6.934994,-265.447184,-0.013268,10.848072,10.848072,5.923157
4520.000000,8.922562,-265.255215,-0.013800,10.852145,10.852145,6.012646
4522.000000,10.914607,-265.117018,-0.014857,10.839071,10.839071,6.076042
4524.000000,12.909932,-265.039453,-0.015400,10.812740,10.812740,6.109129
4526.000000,14.906691,-265.023419,-0.015536,10.768177,10.768177,6.113096
4528.000000,16.902940,-265.069177,-0.015790,10.709855,10.709855,6.080787
4530.000000,18.896787,-265.177525,-0.016356,10.635202,10.635202,6.011516
4532.000000,20.886106,-265.350461,-0.016456,10.550139,10.550139,5.905213
4534.000000,22.868304,-265.591740,-0.015473,10.447874,10.447874,5.762128
4536.000000,24.842287,-265.892725,-0.014641,10.330762,10.330762,5.588144
4538.000000,26.806794,-266.250444,-0.014562,10.200341,10.200341,5.387780
4540.000000,28.760082,-266.665254,-0.014059,10.057415,10.057415,5.161570
4542.000000,30.700435,-267.136977,-0.012429,9.906944,9.906944,4.915758
4544.000000,32.628541,-267.656471,-0.010416,9.751802,9.751802,4.654273
4546.000000,34.545525,-268.215674,-0.008563,9.594217,9.594217,4.383590
4548.000000,36.452636,-268.807769,-0.006559,9.441465,9.441465,4.110882
4550.000000,38.351693,-269.425284,-0.004509,9.299816,9.299816,3.849165
4552.000000,40.245445,-270.058900,-0.003108,9.172375,9.172375,3.606886
4554.000000,42.135565,-270.703271,-0.002723,9.061668,9.061668,3.386013
4556.000000,44.022465,-271.357018,-0.002417,8.969629,8.969629,3.190988
4558.000000,45.905318,-272.022329,-0.001436,8.901664,8.901664,3.022663
4560.000000,47.786789,-272.691539,-0.001058,8.852069,8.852069,2.888544
4562.000000,49.667448,-273.362979,-0.001596,8.819206,8.819206,2.784435
4564.000000,51.545420,-274.041953,-0.000576,8.810379,8.810379,2.698371
4566.000000,53.420968,-274.727587,0.001488,8.822948,8.822948,2.626352
4568.000000,55.300936,-275.401016,0.001612,8.836769,8.836769,2.592038
4570.000000,57.182532,-276.069863,-0.000997,8.854380,8.854380,2.591148
4572.000000,59.065135,-276.735882,-0.002996,8.872778,8.872778,2.628914
4574.000000,60.938597,-277.427057,-0.001578,8.915048,8.915048,2.676174
4576.000000,62.813049,-278.115680,-0.000541,8.947717,8.947717,2.756186
4578.000000,64.686161,-278.807951,-0.000945,8.976827,8.976827,2.858724
4580.000000,66.558023,-279.503592,-0.001115,9.002549,9.002549,2.987212
4582.000000,68.428488,-280.202984,-0.001641,9.024456,9.024456,3.137923
4584.000000,70.296777,-280.908161,-0.002729,9.041226,9.041226,3.306433
4586.000000,72.161579,-281.622504,-0.004603,9.053416,9.053416,3.492248
4588.000000,74.019950,-282.353378,-0.007040,9.062181,9.062181,3.686661
4590.000000,75.867793,-283.110349,-0.009253,9.066854,9.066854,3.877113
4592.000000,77.700785,-283.902596,-0.010817,9.067737,9.067737,4.060379
4594.000000,79.516309,-284.734021,-0.012370,9.065750,9.065750,4.240898
4596.000000,81.311137,-285.609267,-0.014544,9.058198,9.058198,4.419952
4598.000000,83.080026,-286.535798,-0.016476,9.045178,9.045178,4.595220
4600.000000,84.816034,-287.522492,-0.017569,9.025076,9.025076,4.758725
4602.000000,86.517257,-288.567822,-0.018750,8.995964,8.995964,4.897132
4604.000000,88.177826,-289.676491,-0.019992,8.961237,8.961237,4.996256
4606.000000,89.792447,-290.851003,-0.019119,8.924499,8.924499,5.046528
4608.000000,91.356948,-292.091582,-0.020886,8.888107,8.888107,5.042975
4610.000000,92.884458,-293.377755,-0.024075,8.830281,8.830281,5.011500
4612.000000,94.323110,-294.762497,-0.020527,8.809400,8.809400,4.883870
4614.000000,95.719627,-296.189668,-0.018098,8.762911,8.762911,4.723800
4616.000000,97.061435,-297.668196,-0.019192,8.710062,8.710062,4.522583
4618.000000,98.343957,-299.198527,-0.019130,8.655729,8.655729,4.277337
4620.000000,99.569263,-300.775035,-0.018962,8.598820,8.598820,3.998674
4622.000000,100.731040,-302.398945,-0.018167,8.545774,8.545774,3.680534
4624.000000,101.835001,-304.062876,-0.016553,8.491113,8.491113,3.327150
4626.000000,102.880134,-305.764409,-0.013914,8.438068,8.438068,2.948941
4628.000000,103.878828,-307.493586,-0.010793,8.394332,8.394332,2.567754
4630.000000,104.839176,-309.244380,-0.008238,8.357954,8.357954,2.202009
4632.000000,105.773079,-311.009461,-0.006513,8.323341,8.323341,1.866711
4634.000000,106.682795,-312.787110,-0.004910,8.299919,8.299919,1.556325
4636.000000,107.575298,-314.573503,-0.003478,8.289199,8.289199,1.268816
4638.000000,108.456656,-316.365424,-0.002674,8.290527,8.290527,1.014737
4640.000000,109.327863,-318.162304,-0.001687,8.301168,8.301168,0.803015
4642.000000,110.192209,-319.962496,-0.000225,8.318609,8.318609,0.627618
4644.000000,111.056212,-321.762853,0.000862,8.338804,8.338804,0.485889
4646.000000,111.924527,-323.561133,0.001030,8.360222,8.360222,0.376553
4648.000000,112.796942,-325.357429,0.000670,8.382560,8.382560,0.296764
4650.000000,113.671636,-327.152616,0.000394,8.405100,8.405100,0.242762
4652.000000,114.547282,-328.947339,0.000334,8.429089,8.429089,0.210236
4654.000000,115.424399,-330.741344,0.000318,8.456233,8.456233,0.189947
4656.000000,116.302404,-332.534915,0.000456,8.485151,8.485151,0.165893
4658.000000,117.181718,-334.327844,0.000749,8.512037,8.512037,0.129568
4660.000000,118.064059,-336.119285,0.000665,8.534478,8.534478,0.088184
4662.000000,118.949760,-337.909068,0.000010,8.552972,8.552972,0.053700
4664.000000,119.835230,-339.698964,-0.000605,8.569331,8.569331,0.038851
4666.000000,120.717949,-341.490219,-0.000802,8.584905,8.584905,0.062144
4668.000000,121.597751,-343.282908,-0.000850,8.598193,8.598193,0.128532
4670.000000,122.474665,-345.077012,-0.001070,8.610715,8.610715,0.226158
4672.000000,123.348096,-346.872814,-0.001243,8.622546,8.622546,0.344442
4674.000000,124.216031,-348.671278,-0.001144,8.632918,8.632918,0.478980
4676.000000,125.080601,-350.471362,-0.001012,8.642152,8.642152,0.628712
4678.000000,125.940952,-352.273467,-0.000988,8.651491,8.651491,0.791756
4680.000000,126.798555,-354.076882,-0.001307,8.660532,8.660532,0.971393
4682.000000,127.651646,-355.882434,-0.002121,8.670392,8.670392,1.167090
4684.000000,128.497664,-357.691308,-0.003385,8.683739,8.683739,1.373378
4686.000000,129.331690,-359.505739,-0.004703,8.703658,8.703658,1.585274
4688.000000,130.147728,-361.328317,-0.004477,8.733435,8.733435,1.800884
4690.000000,130.943355,-363.159910,-0.005150,8.770582,8.770582,2.016843
4692.000000,131.732518,-364.994306,-0.007519,8.795484,8.795484,2.246885
4694.000000,132.479417,-366.846218,-0.007636,8.840880,8.840880,2.457736
4696.000000,133.206456,-368.706068,-0.007880,8.877872,8.877872,2.686766
4698.000000,133.902410,-370.577768,-0.010107,8.917358,8.917358,2.920615
4700.000000,134.562835,-372.462278,-0.013121,8.954170,8.954170,3.158576
4702.000000,135.173566,-374.363414,-0.015188,8.993002,8.993002,3.390340
4704.000000,135.720470,-376.283885,-0.014653,9.038783,9.038783,3.595891
4706.000000,136.212876,-378.219027,-0.014042,9.085422,9.085422,3.778816
4708.000000,136.652667,-380.166846,-0.014639,9.126258,9.126258,3.942195
4710.000000,137.034449,-382.126847,-0.015086,9.154731,9.154731,4.087705
4712.000000,137.356372,-384.097534,-0.015151,9.172580,9.172580,4.213372
4714.000000,137.619219,-386.076948,-0.015952,9.183666,9.183666,4.317747
4716.000000,137.821092,-388.063538,-0.016468,9.187575,9.187575,4.395350
4718.000000,137.951321,-390.056119,-0.014866,9.185586,9.185586,4.436250
4720.000000,138.024174,-392.051623,-0.012852,9.176625,9.176625,4.447339
4722.000000,138.046748,-394.048344,-0.011880,9.159371,9.159371,4.431683
4724.000000,138.022375,-396.045072,-0.011108,9.134269,9.134269,4.392599
4726.000000,137.952721,-398.040752,-0.010033,9.103095,9.103095,4.336200
4728.000000,137.843475,-400.034653,-0.008726,9.064029,9.064029,4.266944
4730.000000,137.698828,-402.026302,-0.007172,9.020342,9.020342,4.188651
4732.000000,137.525669,-404.015705,-0.005268,8.974942,8.974942,4.108391
4734.000000,137.330878,-406.003121,-0.003527,8.932201,8.932201,4.037332
4736.000000,137.124169,-407.989334,-0.002905,8.895804,8.895804,3.981543
4738.000000,136.906937,-409.974423,-0.003469,8.865004,8.865004,3.938752
4740.000000,136.676601,-411.958033,-0.004178,8.838734,8.838734,3.902073
4742.000000,136.428015,-413.939437,-0.004403,8.818436,8.818436,3.864452
4744.000000,136.162878,-415.918689,-0.004564,8.804637,8.804637,3.823232
4746.000000,135.879447,-417.895401,-0.004914,8.798466,8.798466,3.776661
4748.000000,135.577051,-419.869307,-0.005164,8.798647,8.798647,3.726468
4750.000000,135.253348,-421.839828,-0.005031,8.803730,8.803730,3.674561
4752.000000,134.909871,-423.806998,-0.004761,8.810703,8.810703,3.617445
4754.000000,134.548124,-425.770889,-0.004941,8.819022,8.819022,3.552519
4756.000000,134.167944,-427.731299,-0.005196,8.828040,8.828040,3.478522
4758.000000,133.765472,-429.687254,-0.004835,8.835860,8.835860,3.395794
4760.000000,133.344741,-431.639362,-0.004495,8.843099,8.843099,3.311216
4762.000000,132.907338,-433.587802,-0.004870,8.848765,8.848765,3.230673
4764.000000,132.451518,-435.532015,-0.005354,8.851344,8.851344,3.156275
4766.000000,131.973508,-437.470891,-0.005281,8.851355,8.851355,3.090239
4768.000000,131.475268,-439.404667,-0.004985,8.850543,8.850543,3.034094
4770.000000,130.957986,-441.333431,-0.004793,8.849052,8.849052,2.989406
4772.000000,130.422108,-443.257120,-0.004834,8.845636,8.845636,2.956931
4774.000000,129.868711,-445.175842,-0.004978,8.837782,8.837782,2.940299
4776.000000,129.294768,-447.088511,-0.004510,8.829301,8.829301,2.933908
4778.000000,128.703272,-448.995837,-0.004093,8.818560,8.818560,2.937069
4780.000000,128.098583,-450.899020,-0.004797,8.800701,8.800701,2.951374
4782.000000,127.475541,-452.796269,-0.005637,8.779727,8.779727,2.970295
4784.000000,126.829645,-454.685857,-0.005797,8.760412,8.760412,2.989054
4786.000000,126.162582,-456.568068,-0.005959,8.741069,8.741069,3.006344
4788.000000,125.473389,-458.442290,-0.006540,8.723029,8.723029,3.020769
4790.000000,124.760248,-460.307536,-0.006954,8.708555,8.708555,3.030790
4792.000000,124.019500,-462.161989,-0.006564,8.700624,8.700624,3.036524
4794.000000,123.254614,-464.006620,-0.005910,8.698370,8.698370,3.038937
4796.000000,122.468595,-465.842336,-0.005538,8.695779,8.695779,3.041775
4798.000000,121.662092,-467.669158,-0.005350,8.693521,8.693521,3.045449
4800.000000,120.836666,-469.487512,-0.005463,8.688329,8.688329,3.052280
4802.000000,119.991679,-471.296852,-0.005864,8.682535,8.682535,3.060161
4804.000000,119.125607,-473.096186,-0.006432,8.675900,8.675900,3.065554
4806.000000,118.236798,-474.884397,-0.007226,8.669849,8.669849,3.066016
4808.000000,117.322437,-476.659681,-0.007785,8.665923,8.665923,3.058057
4810.000000,116.379156,-478.419767,-0.007890,8.661450,8.661450,3.039338
4812.000000,115.409371,-480.165378,-0.008378,8.660258,8.660258,3.009331
4814.000000,114.411072,-481.894815,-0.009630,8.662165,8.662165,2.965651
4816.000000,113.380152,-483.605015,-0.011143,8.670966,8.670966,2.903245
4818.000000,112.310904,-485.291497,-0.011589,8.692065,8.692065,2.816229
4820.000000,111.199991,-486.950856,-0.010809,8.722570,8.722570,2.698082
4822.000000,110.055819,-488.587395,-0.010304,8.751187,8.751187,2.556743
4824.000000,108.877446,-490.199532,-0.010762,8.775628,8.775628,2.391006
4826.000000,107.667027,-491.787765,-0.011427,8.794118,8.794118,2.204543
4828.000000,106.417468,-493.345390,-0.011281,8.804527,8.804527,1.994351
4830.000000,105.134755,-494.875788,-0.011171,8.809062,8.809062,1.769686
4832.000000,103.818315,-496.377259,-0.011926,8.806952,8.806952,1.531438
4834.000000,102.467343,-497.847734,-0.013120,8.802133,8.802133,1.278556
4836.000000,101.077833,-499.281866,-0.013754,8.799303,8.799303,1.005683
4838.000000,99.648034,-500.675814,-0.012799,8.806184,8.806184,0.713336
4840.000000,98.182006,-502.031642,-0.011289,8.821337,8.821337,0.399535
4842.000000,96.687762,-503.356285,-0.010685,8.838912,8.838912,0.076834
4844.000000,95.165104,-504.648187,-0.010205,8.860716,8.860716,-0.253169
4846.000000,93.615803,-505.908062,-0.008881,8.884811,8.884811,-0.585481
4848.000000,92.043974,-507.139730,-0.006459,8.913211,8.913211,-0.910049
4850.000000,90.455133,-508.349416,-0.005055,8.944517,8.944517,-1.222949
4852.000000,88.859445,-509.550063,-0.005008,8.965026,8.965026,-1.509982
4854.000000,87.245862,-510.726434,-0.003078,8.993267,8.993267,-1.792955
4856.000000,85.627394,-511.896198,-0.000812,9.012090,9.012090,-2.049343
4858.000000,84.007457,-513.063927,-0.000260,9.023293,9.023293,-2.277070
4860.000000,82.387688,-514.231889,-0.000486,9.028440,9.028440,-2.480321
4862.000000,80.766624,-515.398054,-0.000854,9.028190,9.028190,-2.666554
4864.000000,79.143458,-516.561289,-0.000719,9.024867,9.024867,-2.841492
4866.000000,77.517847,-517.721107,-0.000062,9.021853,9.021853,-3.004294
4868.000000,75.892553,-518.881368,0.000503,9.017303,9.017303,-3.150387
4870.000000,74.268492,-520.043355,0.000655,9.011022,9.011022,-3.281717
4872.000000,72.646316,-521.207972,0.000624,9.002822,9.002822,-3.400419
4874.000000,71.025227,-522.374100,0.000465,8.993628,8.993628,-3.510576
4876.000000,69.405884,-523.542654,0.000115,8.984190,8.984190,-3.611053
4878.000000,67.786292,-524.710861,0.000034,8.978385,8.978385,-3.703125
4880.000000,66.166520,-525.878819,0.000402,8.977027,8.977027,-3.784096
4882.000000,64.547670,-527.048055,0.000640,8.978151,8.978151,-3.848488
4884.000000,62.930912,-528.220182,0.000619,8.981529,8.981529,-3.890629
4886.000000,61.315035,-529.393524,0.000797,8.987047,8.987047,-3.911356
4888.000000,59.701100,-530.569533,0.001128,8.994245,8.994245,-3.906127
4890.000000,58.089891,-531.749275,0.001362,9.000504,9.000504,-3.870476
4892.000000,56.481912,-532.933414,0.001456,9.004032,9.004032,-3.800425
4894.000000,54.877612,-534.122534,0.001250,9.004376,9.004376,-3.699301
4896.000000,53.276524,-535.315973,0.001067,9.005545,9.005545,-3.568495
4898.000000,51.677222,-536.511809,0.001045,9.003604,9.003604,-3.411158
4900.000000,50.081315,-537.712170,0.000698,9.001068,9.001068,-3.221950
4902.000000,48.486832,-538.914424,0.000275,8.999324,8.999324,-3.005875
4904.000000,46.892799,-540.117272,0.000138,8.998451,8.998451,-2.763870
4906.000000,45.299078,-541.320536,0.000117,8.999137,8.999137,-2.496788
4908.000000,43.705607,-542.524130,0.000223,9.003763,9.003763,-2.211119
4910.000000,42.112446,-543.728133,0.000275,9.007418,9.007418,-1.920149
4912.000000,40.520560,-544.933822,0.000083,9.011014,9.011014,-1.629817
4914.000000,38.928458,-546.139227,0.000028,9.014403,9.014403,-1.343912
4916.000000,37.336312,-547.344573,0.000254,9.016647,9.016647,-1.063651
4918.000000,35.744736,-548.550671,0.000300,9.018389,9.018389,-0.789825
4920.000000,34.154513,-549.758553,0.000199,9.019326,9.019326,-0.521495
4922.000000,32.563905,-550.965927,0.000387,9.017713,9.017713,-0.260604
4924.000000,30.974637,-552.175065,0.000503,9.016922,9.016922,-0.004461
4926.000000,29.386816,-553.386103,0.000534,9.016545,9.016545,0.246441
4928.000000,27.799616,-554.597954,0.000766,9.015413,9.015413,0.489871
4930.000000,26.214894,-555.813044,0.000829,9.014116,9.014116,0.728758
4932.000000,24.632026,-557.030547,0.000809,9.013675,9.013675,0.963806
4934.000000,23.051023,-558.250471,0.000866,9.013442,9.013442,1.196320
4936.000000,21.472315,-559.473365,0.000870,9.013816,9.013816,1.428504
4938.000000,19.895598,-560.698824,0.000807,9.013731,9.013731,1.661716
4940.000000,18.321108,-561.927144,0.000746,9.013517,9.013517,1.898415
4942.000000,16.748078,-563.157331,0.000765,9.012918,9.012918,2.139002
4944.000000,15.177223,-564.390296,0.000749,9.012979,9.012979,2.384950
4946.000000,13.608087,-565.625447,0.000776,9.013247,9.013247,2.634539
4948.000000,12.040724,-566.862848,0.000884,9.012861,9.012861,2.885895
4950.000000,10.475759,-568.103279,0.000880,9.010706,9.010706,3.137836
4952.000000,8.912970,-569.346453,0.000804,9.008262,9.008262,3.389723
4954.000000,7.352158,-570.592105,0.000773,9.005642,9.005642,3.638431
4956.000000,5.793210,-571.840091,0.000793,9.002636,9.002636,3.878523
4958.000000,4.236260,-573.090568,0.000727,8.998396,8.998396,4.103924
4960.000000,2.681364,-574.343599,0.000595,8.992863,8.992863,4.304634
4962.000000,1.127626,-575.598065,0.000622,8.987436,8.987436,4.481158
4964.000000,-0.424525,-576.854494,0.000742,8.982729,8.982729,4.636017
4966.000000,-1.974772,-578.113271,0.000747,8.978647,8.978647,4.771084
4968.000000,-3.522962,-579.374579,0.000603,8.975170,8.975170,4.885533
4970.000000,-5.069654,-580.637722,0.000418,8.972099,8.972099,4.977403
4972.000000,-6.615324,-581.902116,0.000327,8.968554,8.968554,5.049068
4974.000000,-8.160320,-583.167333,0.000369,8.964879,8.964879,5.101189
4976.000000,-9.704383,-584.433690,0.000420,8.961733,8.961733,5.134808
4978.000000,-11.247254,-585.701497,0.000372,8.958483,8.958483,5.150428
4980.000000,-12.789190,-586.970442,0.000358,8.954896,8.954896,5.149876
4982.000000,-14.330416,-588.240250,0.000426,8.951825,8.951825,5.132695
4984.000000,-15.870363,-589.511608,0.000458,8.948395,8.948395,5.099255
4986.000000,-17.409250,-590.784248,0.000468,8.944961,8.944961,5.056079
4988.000000,-18.946882,-592.058405,0.000479,8.941880,8.941880,5.007145
4990.000000,-20.483325,-593.333995,0.000523,8.938484,8.938484,4.952972
4992.000000,-22.018527,-594.611078,0.000629,8.934540,8.934540,4.890622
4994.000000,-23.552063,-595.890161,0.000771,8.930625,8.930625,4.817817
4996.000000,-25.083753,-597.171455,0.000800,8.927070,8.927070,4.731690
4998.000000,-26.612911,-598.455769,0.000645,8.924917,8.924917,4.627895
5000.000000,-28.140785,-599.741611,0.000583,8.923283,8.923283,4.506414
5002.000000,-29.667138,-601.029257,0.000595,8.922613,8.922613,4.366748
5004.000000,-31.191826,-602.318875,0.000479,8.921746,8.921746,4.206983
5006.000000,-32.715244,-603.609993,0.000319,8.919519,8.919519,4.026855
5008.000000,-34.237933,-604.901970,0.000248,8.915482,8.915482,3.820946
5010.000000,-35.760057,-606.194614,0.000220,8.908207,8.908207,3.576149
5012.000000,-37.281483,-607.488078,0.000197,8.897762,8.897762,3.298557
5014.000000,-38.802597,-608.781911,0.000356,8.882720,8.882720,2.992247
5016.000000,-40.323001,-610.076576,0.000705,8.862741,8.862741,2.656072
5018.000000,-41.841449,-611.373535,0.001124,8.839424,8.839424,2.274580
5020.000000,-43.357210,-612.673632,0.001923,8.810803,8.810803,1.842650
5022.000000,-44.868629,-613.978771,0.003141,8.777175,8.777175,1.365191
5024.000000,-46.371362,-615.293894,0.003812,8.747193,8.747193,0.847900
5026.000000,-47.862864,-616.621745,0.003675,8.725442,8.725442,0.286157
5028.000000,-49.345274,-617.959734,0.001884,8.708301,8.708301,-0.302807
5030.000000,-50.817987,-619.308389,0.000594,8.694614,8.694614,-0.904841
5032.000000,-52.299032,-620.647855,0.007368,8.652989,8.652989,-1.548400
5034.000000,-53.766551,-622.001884,0.013710,8.608301,8.608301,-2.182367
5036.000000,-55.171587,-623.420904,0.012824,8.622095,8.622095,-2.759958
5038.000000,-56.563243,-624.852666,0.014052,8.610543,8.610543,-3.346025
5040.000000,-57.898383,-626.337330,0.020185,8.628934,8.628934,-3.880476
5042.000000,-59.195473,-627.855606,0.028585,8.647669,8.647669,-4.383784
5044.000000,-60.380416,-629.462526,0.036190,8.730722,8.730722,-4.760690
5046.000000,-61.466717,-631.136225,0.042730,8.791818,8.791818,-5.052300
5048.000000,-62.384285,-632.908393,0.044149,8.810043,8.810043,-5.195520
5050.000000,-63.147138,-634.752281,0.040659,8.783719,8.783719,-5.238773
5052.000000,-63.753603,-636.653578,0.036603,8.748526,8.748526,-5.184072
5054.000000,-64.221757,-638.594108,0.030701,8.731551,8.731551,-5.052745
5056.000000,-64.563634,-640.561088,0.026399,8.723668,8.723668,-4.859690
5058.000000,-64.819007,-642.541401,0.027315,8.691902,8.691902,-4.665831
5060.000000,-64.958145,-644.533343,0.032168,8.682132,8.682132,-4.449939
5062.000000,-64.982877,-646.527855,0.032690,8.686697,8.686697,-4.205943
5064.000000,-64.840886,-648.519600,0.025178,8.757073,8.757073,-3.832051
5066.000000,-64.626428,-650.504544,0.020210,8.813748,8.813748,-3.405931
5068.000000,-64.323572,-652.478038,0.017712,8.881969,8.881969,-2.924536
5070.000000,-63.950544,-654.439669,0.013614,8.956635,8.956635,-2.408590
5072.000000,-63.527547,-656.391242,0.010733,9.035621,9.035621,-1.890660
5074.000000,-63.061628,-658.333043,0.008412,9.106205,9.106205,-1.384410
5076.000000,-62.564480,-660.267097,0.006226,9.158825,9.158825,-0.892010
5078.000000,-62.042389,-662.194535,0.004375,9.195773,9.195773,-0.418070
5080.000000,-61.505325,-664.117902,0.004874,9.236205,9.236205,0.029243
5082.000000,-60.955808,-666.037715,0.008077,9.290897,9.290897,0.450057
5084.000000,-60.371459,-667.947199,0.008824,9.334471,9.334471,0.871854
5086.000000,-59.745912,-669.843616,0.006191,9.361691,9.361691,1.298411
5088.000000,-59.103317,-671.734329,0.004862,9.392984,9.392984,1.705126
5090.000000,-58.442223,-673.618656,0.004997,9.424636,9.424636,2.095165
5092.000000,-57.761884,-675.496111,0.004884,9.453383,9.453383,2.469417
5094.000000,-57.063455,-677.366926,0.004704,9.477397,9.477397,2.828225
5096.000000,-56.347329,-679.231043,0.004984,9.494316,9.494316,3.169021
5098.000000,-55.614522,-681.088631,0.006014,9.513212,9.513212,3.497093
5100.000000,-54.858740,-682.937015,0.005741,9.526977,9.526977,3.818954
5102.000000,-54.076651,-684.774411,0.003892,9.525898,9.525898,4.127537
5104.000000,-53.285551,-686.607965,0.002861,9.530195,9.530195,4.393769
5106.000000,-52.481640,-688.435939,0.002923,9.535395,9.535395,4.621844
5108.000000,-51.670514,-690.260716,0.003480,9.549020,9.549020,4.792739
5110.000000,-50.843996,-692.078584,0.002992,9.558280,9.558280,4.922089
5112.000000,-50.004872,-693.890663,0.001443,9.561343,9.561343,5.012848
5114.000000,-49.162918,-695.701437,0.001473,9.567824,9.567824,5.059819
5116.000000,-48.318329,-697.510982,0.001205,9.576071,9.576071,5.081583
5118.000000,-47.460578,-699.314290,0.000041,9.572348,9.572348,5.096775
5120.000000,-46.614416,-701.123079,0.000698,9.585743,9.585743,5.086497
5122.000000,-45.757635,-702.926884,-0.000022,9.587657,9.587657,5.079307
5124.000000,-44.900415,-704.730449,-0.001354,9.588200,9.588200,5.065597
5126.000000,-44.055018,-706.539604,-0.000734,9.598122,9.598122,5.032496
5128.000000,-43.205937,-708.347046,-0.000623,9.599700,9.599700,4.997983
5130.000000,-42.362981,-710.157352,0.000081,9.602010,9.602010,4.951797
5132.000000,-41.520453,-711.967853,0.000250,9.599817,9.599817,4.901332
5134.000000,-40.669775,-713.774543,-0.000839,9.587846,9.587846,4.858249
5136.000000,-39.831369,-715.586951,0.000009,9.590073,9.590073,4.800657
5138.000000,-38.988696,-717.397385,0.000697,9.589496,9.589496,4.746151
5140.000000,-38.142146,-719.206013,0.000770,9.586605,9.586605,4.696146
5142.000000,-37.297532,-721.015547,0.000052,9.589191,9.589191,4.643988
5144.000000,-36.441821,-722.819835,-0.000630,9.580131,9.580131,4.606167
5146.000000,-35.605660,-724.633274,0.000440,9.594482,9.594482,4.548726
5148.000000,-34.750613,-726.437879,-0.000235,9.590290,9.590290,4.514258
5150.000000,-33.907433,-728.248010,0.000268,9.600204,9.600204,4.470105
5152.000000,-33.062792,-730.057520,0.000597,9.608107,9.608107,4.429075
5154.000000,-32.205335,-731.860921,-0.000888,9.600406,9.600406,4.406584
5156.000000,-31.366392,-733.673023,-0.000815,9.610457,9.610457,4.366301
5158.000000,-30.516056,-735.479866,0.000236,9.606054,9.606054,4.341384
5160.000000,-29.681713,-737.294145,0.000640,9.617674,9.617674,4.300088
5162.000000,-28.823393,-739.097170,-0.000574,9.602916,9.602916,4.286036
5164.000000,-27.987814,-740.910889,-0.000587,9.611775,9.611775,4.247064
5166.000000,-27.138984,-742.718430,0.000014,9.604272,9.604272,4.222064
5168.000000,-26.302402,-744.531589,-0.000432,9.606791,9.606791,4.183540
5170.000000,-25.454420,-746.339474,-0.001437,9.593109,9.593109,4.157269
5172.000000,-24.623240,-748.155198,-0.001013,9.595602,9.595602,4.113586
5174.000000,-23.790604,-749.970275,-0.000013,9.594676,9.594676,4.071564
5176.000000,-22.958697,-751.785687,-0.000122,9.593310,9.593310,4.029119
5178.000000,-22.126973,-753.601182,-0.000147,9.592397,9.592397,3.986654
5180.000000,-21.295926,-755.416987,0.000015,9.593061,9.593061,3.944331
5182.000000,-20.465472,-757.233064,0.000312,9.595278,9.595278,3.903788
5184.000000,-19.632937,-759.048187,0.000371,9.596011,9.596011,3.868747
5186.000000,-18.799443,-760.862871,0.000393,9.596318,9.596318,3.838443
5188.000000,-17.964567,-762.676919,0.000526,9.594187,9.594187,3.814237
5190.000000,-17.127724,-764.490060,0.000670,9.588517,9.588517,3.796137
5192.000000,-16.288581,-766.302138,0.000703,9.578789,9.578789,3.784289
5194.000000,-15.446305,-768.112761,0.000537,9.565378,9.565378,3.780013
5196.000000,-14.602425,-769.922638,0.000447,9.550638,9.550638,3.781838
5198.000000,-13.757125,-771.731852,0.000483,9.534984,9.534984,3.789834
5200.000000,-12.909802,-773.540119,0.000409,9.518655,9.518655,3.806028
5202.000000,-12.060960,-775.347675,0.000303,9.503167,9.503167,3.833155
5204.000000,-11.211266,-777.154829,0.000244,9.488387,9.488387,3.871101
5206.000000,-10.360421,-778.961443,0.000170,9.474387,9.474387,3.920619
5208.000000,-9.509208,-780.767882,0.000158,9.462390,9.462390,3.980167
5210.000000,-8.657430,-782.574056,0.000246,9.451671,9.451671,4.046854
5212.000000,-7.804866,-784.379858,0.000220,9.441395,9.441395,4.118964
5214.000000,-6.950889,-786.184993,-0.000018,9.430989,9.430989,4.196733
5216.000000,-6.097356,-787.990337,-0.000164,9.420390,9.420390,4.277690
5218.000000,-5.244614,-789.796056,-0.000113,9.408808,9.408808,4.360545
5220.000000,-4.392215,-791.601936,-0.000077,9.398143,9.398143,4.445314
5222.000000,-3.539963,-793.407886,-0.000137,9.389609,9.389609,4.531989
5224.000000,-2.688179,-795.214056,-0.000188,9.383193,9.383193,4.619990
5226.000000,-1.837286,-797.020647,-0.000124,9.378119,9.378119,4.708153
5228.000000,-0.986860,-798.827457,-0.000038,9.373826,9.373826,4.796440
5230.000000,-0.136401,-800.634252,-0.000049,9.371334,9.371334,4.885004
5232.000000,0.713910,-802.441117,-0.000054,9.371372,9.371372,4.973439
5234.000000,1.563771,-804.248193,-0.000025,9.373604,9.373604,5.061419
5236.000000,2.413903,-806.055141,-0.000158,9.376953,9.376953,5.149746
5238.000000,3.263589,-807.862300,-0.000382,9.382130,9.382130,5.237551
5240.000000,4.111618,-809.670236,-0.000426,9.387808,9.387808,5.323412
5242.000000,4.957893,-811.478995,-0.000369,9.392424,9.392424,5.407207
5244.000000,5.803178,-813.288216,-0.000327,9.394929,9.394929,5.489422
5246.000000,6.646870,-815.098181,-0.000263,9.395664,9.395664,5.568936
5248.000000,7.490007,-816.908404,-0.000164,9.394974,9.394974,5.646377
5250.000000,8.332041,-818.719140,0.000021,9.393255,9.393255,5.720369
5252.000000,9.174463,-820.529696,0.000229,9.389948,9.389948,5.792211
5254.000000,10.017518,-822.339957,0.000393,9.385925,9.385925,5.861989
5256.000000,10.862236,-824.149443,0.000491,9.381791,9.381791,5.931090
5258.000000,11.708678,-825.958124,0.000492,9.376890,9.376890,6.000578
5260.000000,12.557102,-827.765875,0.000338,9.372621,9.372621,6.071684
5262.000000,13.406940,-829.572962,0.000137,9.369398,9.369398,6.143500
5264.000000,14.256842,-831.380018,0.000051,9.365264,9.365264,6.213699
5266.000000,15.107185,-833.186868,-0.000070,9.359359,9.359359,6.281775
5268.000000,15.957315,-834.993818,-0.000229,9.354129,9.354129,6.346593
5270.000000,16.806422,-836.801248,-0.000289,9.348603,9.348603,6.406770
5272.000000,17.654477,-838.609172,-0.000310,9.342745,9.342745,6.461919
5274.000000,18.501480,-840.417590,-0.000305,9.335342,9.335342,6.511639
5276.000000,19.347159,-842.226627,-0.000244,9.328040,9.328040,6.555588
5278.000000,20.192129,-844.035995,-0.000311,9.319904,9.319904,6.593017
5280.000000,21.036320,-845.845727,-0.000434,9.310518,9.310518,6.621687
5282.000000,21.878288,-847.656495,-0.000552,9.298244,9.298244,6.636563
5284.000000,22.719213,-849.467746,-0.000741,9.283884,9.283884,6.638550
5286.000000,23.556460,-851.280700,-0.000740,9.269033,9.269033,6.625964
5288.000000,24.391378,-853.094728,-0.000564,9.251749,9.251749,6.604015
5290.000000,25.223912,-854.909852,-0.000269,9.231496,9.231496,6.572559
5292.000000,26.055375,-856.725466,0.000006,9.209312,9.209312,6.529610
5294.000000,26.887464,-858.540794,-0.000140,9.189424,9.189424,6.473077
5296.000000,27.719457,-860.356166,-0.000319,9.167125,9.167125,6.402666
5298.000000,28.548978,-862.172668,-0.000192,9.145766,9.145766,6.316173
5300.000000,29.378909,-863.988983,-0.000072,9.125033,9.125033,6.211587
5302.000000,30.207710,-865.805815,-0.000267,9.102789,9.102789,6.076820
5304.000000,31.037321,-867.622276,-0.000697,9.081018,9.081018,5.907114
5306.000000,31.862562,-869.440726,-0.000808,9.059377,9.059377,5.696001
5308.000000,32.685610,-871.260171,-0.000567,9.037416,9.037416,5.433759
5310.000000,33.505670,-873.080964,-0.000240,9.016538,9.016538,5.116595
5312.000000,34.325661,-874.901788,0.000053,9.001717,9.001717,4.749410
5314.000000,35.145291,-876.722775,0.000484,8.990153,8.990153,4.324939
5316.000000,35.966486,-878.543057,0.001271,8.981930,8.981930,3.846818
5318.000000,36.791954,-880.361403,0.001850,8.974365,8.974365,3.312249
5320.000000,37.625771,-882.175938,0.002541,8.970340,8.970340,2.730288
5322.000000,38.465449,-883.987759,0.004537,8.962543,8.962543,2.099309
5324.000000,39.321813,-885.791748,0.007445,8.956881,8.956881,1.419900
5326.000000,40.204304,-887.583061,0.010410,8.956222,8.956222,0.683159
5328.000000,41.124473,-889.355286,0.013106,8.970594,8.970594,-0.076034
5330.000000,42.090871,-891.102567,0.016158,9.007577,9.007577,-0.835544
5332.000000,43.110845,-892.819203,0.020335,9.069159,9.069159,-1.591425
5334.000000,44.200114,-894.492538,0.024035,9.165839,9.165839,-2.331777
5336.000000,45.371136,-896.109810,0.026840,9.310663,9.310663,-3.068467
5338.000000,46.624204,-897.664354,0.028635,9.499184,9.499184,-3.806514
5340.000000,47.970104,-899.139294,0.028815,9.756023,9.756023,-4.512275
5342.000000,49.394216,-900.538688,0.029325,10.056114,10.056114,-5.175215
5344.000000,50.899560,-901.850207,0.030086,10.411074,10.411074,-5.774032
5346.000000,52.480579,-903.069303,0.029860,10.807348,10.807348,-6.332001
5348.000000,54.132596,-904.190371,0.031713,11.244132,11.244132,-6.883207
5350.000000,55.845926,-905.214760,0.042730,11.715043,11.715043,-7.446568
5352.000000,57.633206,-906.102389,0.073553,12.200633,12.200633,-7.898455
5354.000000,59.515117,-906.753029,0.104443,12.616784,12.616784,-8.079695
5356.000000,61.501738,-906.913521,0.102537,12.699043,12.699043,-8.047635
5358.000000,63.481134,-906.677070,0.079504,12.552671,12.552671,-7.939111
5360.000000,65.396464,-906.115541,0.055143,12.282458,12.282458,-7.617370
5362.000000,67.245139,-905.361140,0.038009,11.937986,11.937986,-7.091509
5364.000000,69.036974,-904.479930,0.031653,11.604663,11.604663,-6.477802
5366.000000,70.770690,-903.489191,0.029975,11.307223,11.307223,-5.826370
5368.000000,72.442939,-902.397971,0.029669,11.050242,11.050242,-5.150498
5370.000000,74.047478,-901.209586,0.029602,10.830145,10.830145,-4.447138
5372.000000,75.578654,-899.928224,0.028733,10.641582,10.641582,-3.701511
5374.000000,77.032327,-898.559648,0.026122,10.483191,10.483191,-2.899303
5376.000000,78.411131,-897.115617,0.022173,10.347649,10.347649,-2.038017
5378.000000,79.725641,-895.612683,0.018133,10.230217,10.230217,-1.162281
5380.000000,80.984473,-894.062761,0.013910,10.128715,10.128715,-0.325522
5382.000000,82.199228,-892.477904,0.009162,10.041109,10.041109,0.469020
5384.000000,83.384858,-890.871060,0.004613,9.965613,9.965613,1.213977
5386.000000,84.556863,-889.254217,0.001359,9.901913,9.901913,1.899656
5388.000000,85.726208,-887.635446,0.000237,9.844736,9.844736,2.533488
5390.000000,86.897010,-886.017728,0.000853,9.792221,9.792221,3.128046
5392.000000,88.064489,-884.397612,0.001317,9.747170,9.747170,3.689471
5394.000000,89.226107,-882.773302,0.000016,9.710129,9.710129,4.211122
5396.000000,90.385670,-881.147576,-0.001365,9.681647,9.681647,4.693495
5398.000000,91.554962,-879.528773,-0.001381,9.668692,9.668692,5.145230
5400.000000,92.724564,-877.910189,-0.000677,9.654980,9.654980,5.576027
5402.000000,93.901720,-876.297091,-0.001388,9.645129,9.645129,5.962901
5404.000000,95.072177,-874.679159,-0.002397,9.626443,9.626443,6.301964
5406.000000,96.266212,-873.078672,-0.000413,9.636921,9.636921,6.552127
5408.000000,97.450545,-871.470840,0.000670,9.636137,9.636137,6.764794
5410.000000,98.636156,-869.863945,0.000029,9.639526,9.639526,6.923550
5412.000000,99.820407,-868.256046,0.000156,9.644967,9.644967,7.047782
5414.000000,101.005735,-866.648945,0.000552,9.653118,9.653118,7.138289
5416.000000,102.188241,-865.039802,-0.000690,9.658125,9.658125,7.210496
5418.000000,103.368199,-863.428761,-0.001992,9.657842,9.657842,7.264496
5420.000000,104.564906,-861.830117,0.000157,9.680619,9.680619,7.277572
5422.000000,105.756228,-860.227451,-0.000343,9.692791,9.692791,7.279559
5424.000000,106.939587,-858.618908,-0.002158,9.694204,9.694204,7.274399
5426.000000,108.148544,-857.029554,-0.000123,9.724077,9.724077,7.221407
5428.000000,109.341741,-855.428427,0.000119,9.730309,9.730309,7.173509
5430.000000,110.542375,-853.832919,-0.000174,9.747767,9.747767,7.111324
5432.000000,111.742402,-852.236787,-0.000523,9.761500,9.761500,7.035260
5434.000000,112.938517,-850.637823,-0.001503,9.768111,9.768111,6.956332
5436.000000,114.149733,-849.050156,-0.000039,9.792582,9.792582,6.844800
5438.000000,115.353855,-847.457084,0.000605,9.807290,9.807290,6.730587
5440.000000,116.557652,-845.863767,0.000076,9.821477,9.821477,6.603249
5442.000000,117.761512,-844.270497,0.000158,9.836213,9.836213,6.459711
5444.000000,118.964604,-842.676647,0.000177,9.850077,9.850077,6.304359
5446.000000,120.167160,-841.082393,0.000169,9.862061,9.862061,6.139557
5448.000000,121.369305,-839.487828,0.000281,9.871683,9.871683,5.965826
5450.000000,122.570653,-837.892664,0.000435,9.879243,9.879243,5.783230
5452.000000,123.770426,-836.296314,0.000489,9.884918,9.884918,5.591940
5454.000000,124.968597,-834.698762,0.000440,9.889130,9.889130,5.392015
5456.000000,126.165305,-833.100113,0.000320,9.890747,9.890747,5.187863
5458.000000,127.360920,-831.500647,0.000099,9.889269,9.889269,4.982695
5460.000000,128.556094,-829.900850,-0.000166,9.884934,9.884934,4.779812
5462.000000,129.751974,-828.301582,-0.000332,9.878923,9.878923,4.581416
5464.000000,130.949003,-826.703174,-0.000414,9.872735,9.872735,4.386235
5466.000000,132.147270,-825.105693,-0.000382,9.866472,9.866472,4.190815
5468.000000,133.347195,-823.509457,-0.000221,9.860087,9.860087,3.991463
5470.000000,134.547437,-821.913460,-0.000139,9.853026,9.853026,3.788214
5472.000000,135.748206,-820.317860,-0.000124,9.846102,9.846102,3.581019
5474.000000,136.949373,-818.722558,-0.000040,9.838348,9.838348,3.374161
5476.000000,138.150797,-817.127451,0.000105,9.830337,9.830337,3.172972
5478.000000,139.351817,-815.532039,0.000193,9.822412,9.822412,2.976814
5480.000000,140.552055,-813.936039,0.000183,9.814859,9.814859,2.784650
5482.000000,141.751795,-812.339664,0.000188,9.808326,9.808326,2.594485
5484.000000,142.950984,-810.742876,0.000238,9.802293,9.802293,2.405938
5486.000000,144.149370,-809.145484,0.000251,9.796423,9.796423,2.220266
5488.000000,145.346877,-807.547434,0.000212,9.790899,9.790899,2.039957
5490.000000,146.543744,-805.948904,0.000173,9.786559,9.786559,1.865320
5492.000000,147.740061,-804.349963,0.000155,9.783516,9.783516,1.696237
5494.000000,148.935911,-802.750672,0.000115,9.781665,9.781665,1.533708
5496.000000,150.131260,-801.151006,0.000077,9.779799,9.779799,1.378816
5498.000000,151.326616,-799.551347,0.000074,9.778404,9.778404,1.232153
5500.000000,152.521481,-797.951320,0.000027,9.777568,9.777568,1.095438
5502.000000,153.716379,-796.351318,-0.000001,9.777174,9.777174,0.966730
5504.000000,154.911352,-794.751372,0.000039,9.777072,9.777072,0.847134
5506.000000,156.106154,-793.151297,0.000046,9.777574,9.777574,0.741124
5508.000000,157.300722,-791.551049,-0.006423,9.777960,9.777960,0.650595
