s_m,x_m,y_m,kappa_radpm,w_tr_right_m,w_tr_left_m,d_m
0.000000,475.778222,-56.056325,0.000718,7.634426,7.634426,-1.331723
2.000000,474.508978,-57.600768,0.000326,7.636250,7.636250,-1.323105
4.000000,473.237475,-59.143352,-0.000419,7.637864,7.637864,-1.318237
6.000000,471.964889,-60.685042,-0.000250,7.639410,7.639410,-1.316960
8.000000,470.691555,-62.226116,-0.000154,7.640941,7.640941,-1.316972
10.000000,469.417714,-63.766770,-0.000088,7.642609,7.642609,-1.303571
12.000000,468.143740,-65.307315,-0.000081,7.644882,7.644882,-1.279388
14.000000,466.869460,-66.847605,-0.000088,7.647336,7.647336,-1.255235
16.000000,465.594932,-68.387691,-0.000094,7.649786,7.649786,-1.274023
18.000000,464.320128,-69.927549,-0.000088,7.652220,7.652220,-1.375068
20.000000,463.044968,-71.467112,-0.000046,7.654820,7.654820,-1.365173
22.000000,461.769714,-73.006596,0.000029,7.658079,7.658079,-1.364196
24.000000,460.494441,-74.546066,0.000136,7.661507,7.661507,-1.372804
26.000000,459.219654,-76.085938,0.000266,7.664944,7.664944,-1.376763
28.000000,457.945588,-77.626405,-0.000219,7.668386,7.668386,-1.391510
30.000000,456.672875,-79.167991,-0.000767,7.671828,7.671828,-1.401611
32.000000,455.394045,-80.704507,-0.000189,7.675336,7.675336,-1.416895
34.000000,454.116657,-82.242221,0.000332,7.678846,7.678846,-1.432606
36.000000,452.840176,-83.780688,0.000234,7.682359,7.682359,-1.448698
38.000000,451.564523,-85.319843,0.000073,7.685875,7.685875,-1.464625
40.000000,450.289187,-86.859260,-0.000051,7.689632,7.689632,-1.479929
42.000000,449.013284,-88.398207,0.000006,7.694355,7.694355,-1.494911
44.000000,447.737575,-89.937315,0.000081,7.699335,7.699335,-1.507564
46.000000,446.462117,-91.476630,0.000071,7.704319,7.704319,-1.518030
48.000000,445.186959,-93.016195,-0.000015,7.709306,7.709306,-1.526354
50.000000,443.911824,-94.555779,-0.000092,7.714528,7.714528,-1.532831
52.000000,442.636156,-96.094920,-0.000072,7.720729,7.720729,-1.538747
54.000000,441.360397,-97.633987,-0.000057,7.727189,7.727189,-1.543700
56.000000,440.084467,-99.172911,-0.000093,7.733652,7.733652,-1.547831
58.000000,438.808266,-100.711611,0.000149,7.740116,7.740116,-1.551737
60.000000,437.531628,-102.249949,0.000405,7.746580,7.746580,-1.555932
62.000000,436.257974,-103.790757,0.000112,7.752193,7.752193,-1.556442
64.000000,434.983772,-105.331113,-0.000178,7.757790,7.757790,-1.558301
66.000000,433.709061,-106.871047,-0.000154,7.763383,7.763383,-1.561007
68.000000,432.433728,-108.410467,0.000003,7.768975,7.768975,-1.564149
70.000000,431.158258,-109.949772,0.000122,7.774484,7.774484,-1.567493
72.000000,429.883725,-111.489854,-0.000008,7.779657,7.779657,-1.569788
74.000000,428.608953,-113.029739,-0.000154,7.784738,7.784738,-1.572605
76.000000,427.333629,-114.569165,-0.000160,7.789817,7.789817,-1.576368
78.000000,426.057755,-116.108136,-0.000024,7.794895,7.794895,-1.581001
80.000000,424.781558,-117.646839,0.000109,7.799890,7.799890,-1.585962
82.000000,423.506263,-119.186290,-0.000004,7.804543,7.804543,-1.589498
84.000000,422.230832,-120.725628,-0.000179,7.809107,7.809107,-1.593035
86.000000,420.954723,-122.264404,-0.000235,7.813669,7.813669,-1.597546
88.000000,419.677909,-123.802596,0.000198,7.818233,7.818233,-1.603249
90.000000,418.400288,-125.340117,0.000656,7.822798,7.822798,-1.610284
92.000000,417.127429,-126.881582,0.000250,7.827626,7.827626,-1.611298
94.000000,415.853928,-128.422518,-0.000128,7.832455,7.832455,-1.613115
96.000000,414.580022,-129.963118,-0.000054,7.837284,7.837284,-1.615421
98.000000,413.305997,-131.503620,-0.000004,7.842110,7.842110,-1.617913
100.000000,412.031950,-133.044104,0.000040,7.846843,7.846843,-1.620484
102.000000,410.758017,-134.584682,0.000073,7.851207,7.851207,-1.622962
104.000000,409.484375,-136.125500,0.000072,7.855470,7.855470,-1.625152
106.000000,408.210933,-137.666485,0.000078,7.859729,7.859729,-1.627111
108.000000,406.937691,-139.207634,0.000089,7.863987,7.863987,-1.628730
110.000000,405.664811,-140.749083,0.000083,7.868152,7.868152,-1.629614
112.000000,404.392098,-142.290669,0.000093,7.871941,7.871941,-1.629987
114.000000,403.119708,-143.832521,0.000105,7.875628,7.875628,-1.629706
116.000000,401.847647,-145.374646,0.000106,7.879308,7.879308,-1.628923
118.000000,400.575895,-146.917025,-0.000028,7.882983,7.882983,-1.627802
120.000000,399.304500,-148.459698,-0.000177,7.886653,7.886653,-1.626328
122.000000,398.031742,-150.001247,-0.000059,7.888664,7.888664,-1.626762
124.000000,396.759167,-151.542948,0.000081,7.890636,7.890636,-1.626967
126.000000,395.486862,-153.084871,0.000062,7.892595,7.892595,-1.626743
128.000000,394.214838,-154.627025,-0.000036,7.894555,7.894555,-1.626100
130.000000,392.942753,-156.169129,-0.000118,7.896573,7.896573,-1.625528
132.000000,391.670059,-157.710731,-0.000062,7.898820,7.898820,-1.625753
134.000000,390.397190,-159.252188,0.000032,7.901134,7.901134,-1.626230
136.000000,389.124515,-160.793806,0.000038,7.903452,7.903452,-1.626461
138.000000,387.852015,-162.335568,-0.000058,7.905771,7.905771,-1.626465
140.000000,386.579439,-163.877267,-0.000136,7.908147,7.908147,-1.626729
142.000000,385.306127,-165.418359,-0.000066,7.910766,7.910766,-1.628430
144.000000,384.032681,-166.959340,0.000032,7.913454,7.913454,-1.631008
146.000000,382.759423,-168.500476,0.000051,7.916139,7.916139,-1.633886
148.000000,381.486313,-170.041734,0.000232,7.918817,7.918817,-1.636256
150.000000,380.213353,-171.583117,0.000421,7.921489,7.921489,-1.637732
152.000000,378.942804,-173.126487,0.000241,7.922185,7.922185,-1.635778
154.000000,377.672471,-174.670034,0.000055,7.922816,7.922816,-1.633548
156.000000,376.402272,-176.213693,0.000049,7.923427,7.923427,-1.631238
158.000000,375.132264,-177.757508,0.000033,7.924037,7.924037,-1.628908
160.000000,373.862345,-179.301396,0.000024,7.924656,7.924656,-1.626741
162.000000,372.592461,-180.845314,0.000031,7.925310,7.925310,-1.624816
164.000000,371.322707,-182.389339,0.000039,7.925974,7.925974,-1.622958
166.000000,370.053046,-183.933439,0.000042,7.926638,7.926638,-1.621107
168.000000,368.783546,-185.477673,0.000045,7.927304,7.927304,-1.619126
170.000000,367.514156,-187.021996,0.000046,7.927979,7.927979,-1.617006
172.000000,366.244935,-188.566459,0.000048,7.928698,7.928698,-1.614548
174.000000,364.975836,-190.111022,0.000054,7.929429,7.929429,-1.611703
176.000000,363.706916,-191.655731,0.000047,7.930155,7.930155,-1.608190
178.000000,362.438190,-193.200600,-0.000248,7.930874,7.930874,-1.603920
180.000000,361.169477,-194.745480,-0.000525,7.931584,7.931584,-1.599125
182.000000,359.897488,-196.287663,-0.000231,7.930438,7.930438,-1.598400
184.000000,358.625564,-197.829901,0.000107,7.929214,7.929214,-1.597791
186.000000,357.353930,-199.372377,0.000162,7.927969,7.927969,-1.597094
188.000000,356.082968,-200.915407,0.000033,7.926725,7.926725,-1.595870
190.000000,354.812372,-202.458739,-0.000091,7.925571,7.925571,-1.594435
192.000000,353.540778,-204.001248,0.000061,7.924783,7.924783,-1.594520
194.000000,352.269689,-205.544174,0.000219,7.924110,7.924110,-1.594131
196.000000,350.999343,-207.087711,0.000228,7.923445,7.923445,-1.592826
198.000000,349.729710,-208.631835,0.000083,7.922783,7.922783,-1.590557
200.000000,348.460720,-210.176486,-0.000081,7.922208,7.922208,-1.587403
202.000000,347.190760,-211.720342,0.000035,7.922028,7.922028,-1.585563
204.000000,345.921100,-213.264443,0.000204,7.921965,7.921965,-1.583594
206.000000,344.652238,-214.809201,0.000214,7.921916,7.921916,-1.580940
208.000000,343.383994,-216.354465,-0.000062,7.921873,7.921873,-1.577721
210.000000,342.116356,-217.900227,-0.000347,7.921839,7.921839,-1.573960
212.000000,340.846118,-219.443854,-0.000138,7.923341,7.923341,-1.573902
214.000000,339.576186,-220.987732,0.000088,7.924931,7.924931,-1.573652
216.000000,338.306543,-222.531847,0.000067,7.926538,7.926538,-1.573107
218.000000,337.037107,-224.076133,0.000069,7.928141,7.928141,-1.572249
220.000000,335.767790,-225.620517,0.000079,7.929507,7.929507,-1.571073
222.000000,334.498882,-227.165236,0.000029,7.929908,7.929908,-1.569104
224.000000,333.230016,-228.709991,-0.000029,7.929986,7.929986,-1.566605
226.000000,331.961016,-230.254634,-0.000040,7.930039,7.930039,-1.563680
228.000000,330.691890,-231.799175,0.000000,7.930085,7.930085,-1.560206
230.000000,329.422656,-233.343627,0.000049,7.929905,7.929905,-1.555927
232.000000,328.153767,-234.888362,0.000017,7.928682,7.928682,-1.550368
234.000000,326.884900,-236.433115,-0.000036,7.927140,7.927140,-1.544014
236.000000,325.615858,-237.977725,-0.000038,7.925584,7.925584,-1.537072
238.000000,324.346699,-239.522239,-0.000105,7.924034,7.924034,-1.529661
240.000000,323.077485,-241.066707,-0.000186,7.922494,7.922494,-1.521715
242.000000,321.807198,-242.610292,-0.000102,7.922305,7.922305,-1.514301
244.000000,320.536810,-244.153795,-0.000001,7.922201,7.922201,-1.506162
246.000000,319.266437,-245.697311,0.000022,7.922122,7.922122,-1.497341
248.000000,317.996127,-247.240877,0.000034,7.922044,7.922044,-1.488385
250.000000,316.725955,-248.784557,0.000042,7.921972,7.921972,-1.479768
252.000000,315.455858,-250.328300,0.000056,7.921929,7.921929,-1.472028
254.000000,314.185996,-251.872236,0.000049,7.921895,7.921895,-1.465614
256.000000,312.916278,-253.416289,0.000040,7.921862,7.921862,-1.460559
258.000000,311.646644,-254.960413,0.000056,7.921829,7.921829,-1.456756
260.000000,310.377193,-256.504686,0.000065,7.921800,7.921800,-1.454047
262.000000,309.107984,-258.049159,0.000056,7.921793,7.921793,-1.451962
264.000000,307.838916,-259.593746,0.000043,7.921793,7.921793,-1.450382
266.000000,306.570013,-261.138470,0.000008,7.921808,7.921808,-1.448994
268.000000,305.301172,-262.683245,-0.000260,7.921840,7.921840,-1.447509
270.000000,304.032143,-264.227865,-0.000508,7.921893,7.921893,-1.445966
272.000000,302.760223,-265.770105,-0.000273,7.924895,7.924895,-1.447665
274.000000,301.488009,-267.312103,0.000019,7.928108,7.928108,-1.449335
276.000000,300.215902,-268.854190,0.000068,7.931369,7.931369,-1.450737
278.000000,298.944104,-270.396531,-0.000018,7.934614,7.934614,-1.451836
280.000000,297.672425,-271.938971,-0.000101,7.937439,7.937439,-1.452925
282.000000,296.399978,-273.480776,0.000011,7.938543,7.938543,-1.454979
284.000000,295.127702,-275.022723,0.000152,7.939034,7.939034,-1.456306
286.000000,293.855990,-276.565135,0.000179,7.939467,7.939467,-1.456118
288.000000,292.584855,-278.108022,0.000059,7.939883,7.939883,-1.454338
290.000000,291.314213,-279.651316,-0.000077,7.939903,7.939903,-1.451039
292.000000,290.042735,-281.193921,0.000047,7.938025,7.938025,-1.448123
294.000000,288.771490,-282.736718,0.000261,7.935538,7.935538,-1.444151
296.000000,287.501201,-284.280302,0.000365,7.933012,7.933012,-1.437885
298.000000,286.231989,-285.824772,-0.000250,7.930496,7.930496,-1.429089
300.000000,284.964168,-287.370383,-0.000952,7.927992,7.927992,-1.417718
302.000000,283.689404,-288.910273,-0.000373,7.927006,7.927006,-1.416136
304.000000,282.415396,-290.450789,0.000268,7.926149,7.926149,-1.415010
306.000000,281.142214,-291.991988,0.000258,7.925330,7.925330,-1.414061
308.000000,279.869928,-293.533926,0.000119,7.924514,7.924514,-1.413148
310.000000,278.598203,-295.076327,-0.000040,7.923755,7.923755,-1.412348
312.000000,277.325929,-296.618276,-0.000001,7.923233,7.923233,-1.412904
314.000000,276.053704,-298.160265,0.000114,7.922800,7.922800,-1.414225
316.000000,274.781918,-299.702616,0.000137,7.922376,7.922376,-1.415852
318.000000,273.510609,-301.245360,0.000029,7.921955,7.921955,-1.417645
320.000000,272.239602,-302.788353,-0.000089,7.921584,7.921584,-1.419739
322.000000,270.967873,-304.330751,-0.000040,7.921462,7.921462,-1.423222
324.000000,269.696182,-305.873181,0.000036,7.921424,7.921424,-1.427169
326.000000,268.424638,-307.415731,0.000043,7.921386,7.921386,-1.431841
328.000000,267.153204,-308.958372,-0.000009,7.921342,7.921342,-1.437529
330.000000,265.881932,-310.501147,-0.000079,7.921290,7.921290,-1.444458
332.000000,264.610115,-312.043473,-0.000059,7.920317,7.920317,-1.454372
334.000000,263.338257,-313.585764,-0.000020,7.919253,7.919253,-1.466932
336.000000,262.066303,-315.127977,-0.000003,7.918161,7.918161,-1.482487
338.000000,260.794337,-316.670179,0.000045,7.917066,7.917066,-1.501795
340.000000,259.522452,-318.212448,0.000073,7.915898,7.915898,-1.524564
342.000000,258.250966,-319.755047,0.000021,7.914427,7.914427,-1.550280
344.000000,256.979496,-321.297659,-0.000045,7.912838,7.912838,-1.579848
346.000000,255.707860,-322.840133,-0.000056,7.911236,7.911236,-1.612680
348.000000,254.435989,-324.382414,0.000010,7.909630,7.909630,-1.648141
350.000000,253.164063,-325.924650,0.000067,7.907960,7.907960,-1.685664
352.000000,251.892606,-327.467272,-0.000082,7.905959,7.905959,-1.723948
354.000000,250.621088,-329.009844,-0.000357,7.903848,7.903848,-1.763505
356.000000,249.348208,-330.551292,-0.000535,7.902968,7.902968,-1.806422
358.000000,248.073708,-332.091401,-0.011625,7.903627,7.903627,-1.852989
360.000000,246.797220,-333.629862,-0.023651,7.905967,7.905967,-1.907410
362.000000,245.388862,-335.048018,-0.013804,8.091355,8.091355,-2.147796
364.000000,243.967307,-336.453523,-0.001830,8.294538,8.294538,-2.398934
366.000000,242.541902,-337.855131,-0.000013,8.502812,8.502812,-2.654934
368.000000,241.116479,-339.256721,0.002146,8.710789,8.710789,-2.910487
370.000000,239.694793,-340.662088,0.003920,8.913333,8.913333,-3.157956
372.000000,238.289888,-342.084199,0.002810,9.092685,9.092685,-3.380529
374.000000,236.892052,-343.513303,0.000818,9.262248,9.262248,-3.595918
376.000000,235.495166,-344.943336,0.000421,9.430603,9.430603,-3.810148
378.000000,234.098615,-346.373697,0.002445,9.598583,9.598583,-4.023745
380.000000,232.705277,-347.807152,0.004647,9.762289,9.762289,-4.228546
382.000000,231.333379,-349.261160,0.003327,9.896875,9.896875,-4.402597
384.000000,229.969071,-350.722305,0.001106,10.021294,10.021294,-4.568672
386.000000,228.606696,-352.185254,0.000515,10.143220,10.143220,-4.732141
388.000000,227.245763,-353.649545,0.011871,10.263154,10.263154,-4.893169
390.000000,225.886033,-355.114952,0.025269,10.381252,10.381252,-5.040291
392.000000,224.667858,-356.698617,0.016147,10.309429,10.309429,-5.012178
394.000000,223.475374,-358.303060,0.003026,10.203441,10.203441,-4.953744
396.000000,222.288806,-359.911893,0.000562,10.090220,10.090220,-4.887311
398.000000,221.102733,-361.521090,0.000052,9.977014,9.977014,-4.819869
400.000000,219.916969,-363.130516,-0.000019,9.863720,9.863720,-4.751752
402.000000,218.730764,-364.739616,0.000075,9.749712,9.749712,-4.683904
404.000000,217.544893,-366.348963,0.000181,9.635298,9.635298,-4.615447
406.000000,216.359754,-367.958848,0.000176,9.520822,9.520822,-4.545797
408.000000,215.175143,-369.569122,-0.000079,9.406371,9.406371,-4.475242
410.000000,213.991009,-371.179747,-0.000384,9.292143,9.292143,-4.403692
412.000000,212.804376,-372.788532,-0.000240,9.179408,9.179408,-4.335091
414.000000,211.617327,-374.397010,0.000004,9.067137,9.067137,-4.267150
416.000000,210.430514,-376.005661,0.000007,8.954975,8.954975,-4.199006
418.000000,209.243692,-377.614307,-0.001062,8.842976,8.842976,-4.131010
420.000000,208.056739,-379.222856,-0.002348,8.731102,8.731102,-4.062911
422.000000,206.856451,-380.821464,-0.001639,8.634869,8.634869,-4.011681
424.000000,205.652871,-382.417610,-0.000479,8.542127,8.542127,-3.965680
426.000000,204.448217,-384.012945,-0.000500,8.450340,8.450340,-3.921651
428.000000,203.242886,-385.607770,-0.002058,8.358871,8.358871,-3.879192
430.000000,202.033614,-387.199596,-0.003807,8.271904,8.271904,-3.842187
432.000000,200.806796,-388.777910,-0.002983,8.207069,8.207069,-3.828272
434.000000,199.570818,-390.349102,-0.001082,8.153451,8.153451,-3.827234
436.000000,198.333002,-391.918847,-0.000504,8.101358,8.101358,-3.829611
438.000000,197.094396,-393.487968,-0.002229,8.049688,8.049688,-3.833996
440.000000,195.852899,-395.054782,-0.004292,8.000903,8.000903,-3.843403
442.000000,194.590168,-396.604544,-0.003146,7.979340,7.979340,-3.881502
444.000000,193.319355,-398.147695,-0.000971,7.967697,7.967697,-3.930578
446.000000,192.046865,-399.689466,-0.000277,7.957517,7.957517,-3.982446
448.000000,190.773809,-401.230768,-0.000380,7.947458,7.947458,-4.035764
450.000000,189.500148,-402.771571,-0.000604,7.937503,7.937503,-4.090499
452.000000,188.223587,-404.309972,-0.000435,7.936602,7.936602,-4.149590
454.000000,186.945995,-405.847517,-0.000173,7.937675,7.937675,-4.210563
456.000000,185.668013,-407.384738,-0.000111,7.939179,7.939179,-4.272773
458.000000,184.389713,-408.921694,-0.000112,7.940684,7.940684,-4.336311
460.000000,183.111076,-410.458371,-0.000116,7.942208,7.942208,-4.401310
462.000000,181.832048,-411.994721,-0.000082,7.943820,7.943820,-4.467899
464.000000,180.552715,-413.530818,-0.000024,7.945478,7.945478,-4.536188
466.000000,179.273369,-415.066905,0.000005,7.947141,7.947141,-4.605786
468.000000,177.994056,-416.603018,-0.000031,7.948804,7.948804,-4.676305
470.000000,176.714748,-418.139135,-0.000073,7.950464,7.950464,-4.747625
472.000000,175.435017,-419.674901,-0.000037,7.952096,7.952096,-4.819850
474.000000,174.155228,-421.210618,0.000031,7.953718,7.953718,-4.892007
476.000000,172.875527,-422.746408,0.000055,7.955338,7.955338,-4.963620
478.000000,171.596086,-424.282415,-0.000054,7.956955,7.956955,-5.034394
480.000000,170.316718,-425.818482,-0.000168,7.958572,7.958572,-5.104671
482.000000,169.036285,-427.353662,-0.000060,7.960060,7.960060,-5.175897
484.000000,167.755850,-428.888841,0.000104,7.961518,7.961518,-5.246533
486.000000,166.475752,-430.424301,0.000177,7.962965,7.962965,-5.316130
488.000000,165.196256,-431.960261,0.000156,7.964408,7.964408,-5.384136
490.000000,163.917396,-433.496752,0.000096,7.965793,7.965793,-5.450417
492.000000,162.638577,-435.033277,0.000137,7.966901,7.966901,-5.515883
494.000000,161.360222,-436.570187,0.000209,7.967864,7.967864,-5.579917
496.000000,160.082578,-438.107689,0.000234,7.968805,7.968805,-5.642163
498.000000,158.805618,-439.645759,0.000192,7.969741,7.969741,-5.702671
500.000000,157.529459,-441.184494,0.000102,7.970644,7.970644,-5.761256
502.000000,156.253373,-442.723289,0.000072,7.971199,7.971199,-5.818774
504.000000,154.977594,-444.262339,0.000039,7.971624,7.971624,-5.874721
506.000000,153.702014,-445.801553,-0.000066,7.972033,7.972033,-5.928152
508.000000,152.426215,-447.340587,-0.000175,7.972452,7.972452,-5.978863
510.000000,151.149840,-448.879142,-0.000258,7.972879,7.972879,-6.027726
512.000000,149.872683,-450.417049,-0.000274,7.973897,7.973897,-6.074989
514.000000,148.594493,-451.954097,-0.000191,7.975065,7.975065,-6.120968
516.000000,147.315785,-453.490714,-0.000096,7.976264,7.976264,-6.165238
518.000000,146.036801,-455.027102,0.000033,7.977460,7.977460,-6.207356
520.000000,144.757710,-456.563399,0.000171,7.978634,7.978634,-6.247175
522.000000,143.479514,-458.100443,0.000126,7.979694,7.979694,-6.283973
524.000000,142.201731,-459.637829,-0.000032,7.980693,7.980693,-6.318607
526.000000,140.923773,-461.175070,-0.000092,7.981684,7.981684,-6.351947
528.000000,139.645359,-462.711932,0.000042,7.982671,7.982671,-6.384371
530.000000,138.366906,-464.248761,0.000175,7.983644,7.983644,-6.414696
532.000000,137.089501,-465.786461,0.000027,7.984461,7.984461,-6.440998
534.000000,135.812189,-467.324239,-0.000250,7.985221,7.985221,-6.464656
536.000000,134.533973,-468.861266,-0.000440,7.985981,7.985981,-6.486403
538.000000,133.254402,-470.397164,0.000131,7.986761,7.986761,-6.505775
540.000000,131.973045,-471.931573,0.000877,7.987557,7.987557,-6.522955
542.000000,130.698235,-473.471420,0.000355,7.989448,7.989448,-6.526581
544.000000,129.422900,-475.010838,-0.000347,7.991603,7.991603,-6.526034
546.000000,128.146430,-476.549315,-0.000433,7.993807,7.993807,-6.522675
548.000000,126.868483,-478.086564,-0.000281,7.995996,7.995996,-6.516154
550.000000,125.589297,-479.622783,-0.000047,7.998010,7.998010,-6.505542
552.000000,124.310606,-481.159415,-0.000085,7.999213,7.999213,-6.488403
554.000000,123.031583,-482.695770,-0.000239,7.999995,7.999995,-6.464106
556.000000,121.751682,-484.231393,-0.000299,8.000707,8.000707,-6.431531
558.000000,120.470930,-485.766307,-0.000279,8.001399,8.001399,-6.389163
560.000000,119.189090,-487.300312,-0.000182,8.001959,8.001959,-6.336295
562.000000,117.906859,-488.833991,-0.000083,8.001491,8.001491,-6.274227
564.000000,116.624264,-490.367365,0.000062,8.000630,8.000630,-6.204503
566.000000,115.341768,-491.900822,0.000367,7.999725,7.999725,-6.126510
568.000000,114.060200,-493.435054,0.001533,7.998850,7.998850,-6.040193
570.000000,112.781183,-494.971414,0.002738,7.998008,7.998008,-5.945698
572.000000,111.515009,-496.518363,0.001943,7.998958,7.998958,-5.827989
574.000000,110.254377,-498.069843,0.000205,8.000326,8.000326,-5.689498
576.000000,108.993816,-499.621381,-0.000405,8.001854,8.001854,-5.533051
578.000000,107.730098,-501.170349,0.001241,8.003430,8.003430,-5.356223
580.000000,106.467612,-502.720313,0.003037,8.005522,8.005522,-5.155888
582.000000,105.221286,-504.283272,0.001243,8.010047,8.010047,-4.917722
584.000000,103.979236,-505.849667,-0.002190,8.015890,8.015890,-4.648728
586.000000,102.727938,-507.408670,-0.003464,8.022009,8.022009,-4.368843
588.000000,101.463567,-508.957094,-0.000808,8.028179,8.028179,-4.084816
590.000000,100.191563,-510.499227,0.002098,8.034869,8.034869,-3.788428
592.000000,98.937907,-512.056348,-0.001636,8.044526,8.044526,-3.433105
594.000000,97.681170,-513.610978,-0.008543,8.055590,8.055590,-3.028685
596.000000,96.392145,-515.138866,-0.007518,8.068330,8.068330,-2.601102
598.000000,95.066273,-516.634847,0.012120,8.082277,8.082277,-2.183717
600.000000,93.757462,-518.140574,0.023299,8.118649,8.118649,-1.756658
602.000000,92.606242,-519.774709,0.000600,8.223850,8.223850,-1.040340
604.000000,91.411035,-521.376955,-0.019445,8.335865,8.335865,-0.296143
606.000000,90.148813,-522.926807,-0.020451,8.449231,8.449231,0.410610
608.000000,88.820881,-524.420747,-0.017866,8.562678,8.562678,1.072735
610.000000,87.441898,-525.867985,-0.018588,8.687541,8.687541,1.721046
612.000000,86.019753,-527.272299,-0.025080,8.823090,8.823090,2.337441
614.000000,84.525043,-528.599202,-0.030035,8.958160,8.958160,2.876240
616.000000,82.948743,-529.827962,-0.027963,9.092342,9.092342,3.340200
618.000000,81.302517,-530.961073,-0.022520,9.224506,9.224506,3.756551
620.000000,79.610740,-532.025861,-0.022176,9.362171,9.362171,4.179456
622.000000,77.879258,-533.024550,-0.027132,9.506501,9.506501,4.587949
624.000000,76.091960,-533.919199,-0.030124,9.651085,9.651085,4.939472
626.000000,74.254278,-534.704633,-0.031292,9.791611,9.791611,5.254431
628.000000,72.372061,-535.375826,-0.043726,9.927536,9.927536,5.558903
630.000000,70.449302,-535.919005,-0.062285,10.058121,10.058121,5.812886
632.000000,68.474392,-536.159762,-0.058530,10.096046,10.096046,5.869946
634.000000,66.476080,-536.159957,-0.039678,10.071992,10.071992,5.817077
636.000000,64.482491,-536.020279,-0.029649,10.033870,10.033870,5.722312
638.000000,62.499534,-535.768943,-0.028223,9.992797,9.992797,5.615465
640.000000,60.533353,-535.409512,-0.033888,9.951977,9.951977,5.505214
642.000000,58.593138,-534.932900,-0.042982,9.909968,9.909968,5.389441
644.000000,56.708929,-534.272907,-0.041817,9.860819,9.860819,5.204863
646.000000,54.890890,-533.443328,-0.031872,9.805367,9.805367,4.946084
648.000000,53.121712,-532.513754,-0.026119,9.748923,9.748923,4.690004
650.000000,51.403428,-531.492978,-0.025042,9.691984,9.691984,4.456814
652.000000,49.736590,-530.389870,-0.033752,9.634950,9.634950,4.270921
654.000000,48.128083,-529.203701,-0.046019,9.577901,9.577901,4.166579
656.000000,46.672825,-527.834044,-0.041603,9.513595,9.513595,3.998618
658.000000,45.328232,-526.355526,-0.029845,9.445766,9.445766,3.803493
660.000000,44.070666,-524.802057,-0.024323,9.376119,9.376119,3.602429
662.000000,42.885787,-523.192489,-0.023000,9.305944,9.305944,3.413466
664.000000,41.774657,-521.531108,-0.041629,9.235954,9.235954,3.253800
666.000000,40.744073,-519.818606,-0.065471,9.166745,9.166745,3.157626
668.000000,40.062106,-517.945838,-0.055329,9.097853,9.097853,2.832032
670.000000,39.549388,-516.014049,-0.033588,9.027406,9.027406,2.412489
672.000000,39.171699,-514.051177,-0.023482,8.955194,8.955194,1.946359
674.000000,38.873204,-512.074749,-0.018381,8.881550,8.881550,1.474662
676.000000,38.650060,-510.088458,-0.014241,8.807083,8.807083,1.018576
678.000000,38.488006,-508.096060,-0.011018,8.731304,8.731304,0.593149
680.000000,38.354672,-506.101465,-0.012467,8.654391,8.654391,0.220496
682.000000,38.278365,-504.103951,-0.014086,8.576821,8.576821,-0.141449
684.000000,38.258296,-502.105104,-0.013977,8.498675,8.498675,-0.509528
686.000000,38.293753,-500.106474,-0.011505,8.420029,8.420029,-0.884507
688.000000,38.385265,-498.109567,-0.007538,8.340825,8.340825,-1.247663
690.000000,38.492956,-496.113425,-0.007402,8.260637,8.260637,-1.558811
692.000000,38.632591,-494.119293,-0.009349,8.179901,8.179901,-1.851773
694.000000,38.810210,-492.128173,-0.009461,8.099080,8.099080,-2.122359
696.000000,39.028850,-490.141132,0.002125,8.018575,8.018575,-2.392270
698.000000,39.277957,-488.157664,0.018236,7.938447,7.938447,-2.666383
700.000000,39.390916,-486.163885,0.013897,7.877066,7.877066,-2.777690
702.000000,39.455291,-484.165851,-0.000491,7.824708,7.824708,-2.824297
704.000000,39.531818,-482.168284,-0.006556,7.774377,7.774377,-2.861207
706.000000,39.640559,-480.172207,-0.004250,7.724075,7.724075,-2.909140
708.000000,39.777379,-478.177825,0.000684,7.674649,7.674649,-2.959740
710.000000,39.893656,-476.182194,-0.000702,7.630687,7.630687,-2.965948
712.000000,40.012035,-474.186652,-0.005337,7.590159,7.590159,-2.949281
714.000000,40.157953,-472.192937,-0.006580,7.550337,7.550337,-2.937175
716.000000,40.331780,-470.201469,-0.002536,7.510661,7.510661,-2.931954
718.000000,40.527090,-468.212025,0.002186,7.472376,7.472376,-2.923078
720.000000,40.691906,-466.219761,-0.000277,7.440570,7.440570,-2.861485
722.000000,40.861439,-464.227899,-0.004957,7.411517,7.411517,-2.784810
724.000000,41.056447,-462.238378,-0.004768,7.383022,7.383022,-2.720514
726.000000,41.274664,-460.251276,0.004076,7.354671,7.354671,-2.672244
728.000000,41.496777,-458.265038,0.011327,7.327729,7.327729,-2.621218
730.000000,41.622907,-456.269955,0.003737,7.307791,7.307791,-2.460339
732.000000,41.756822,-454.275375,-0.004512,7.288772,7.288772,-2.288354
734.000000,41.911736,-452.282331,-0.005006,7.270226,7.270226,-2.120423
736.000000,42.088783,-450.291134,-0.003588,7.251787,7.251787,-1.962923
738.000000,42.280317,-448.301262,-0.002739,7.235455,7.235455,-1.810274
740.000000,42.477873,-446.311985,-0.003740,7.224439,7.224439,-1.651874
742.000000,42.692477,-444.324479,-0.004859,7.214237,7.214237,-1.499838
744.000000,42.926407,-442.339155,-0.004532,7.204415,7.204415,-1.353434
746.000000,43.181808,-440.356479,-0.003060,7.194670,7.194670,-1.214180
748.000000,43.446851,-438.375055,-0.002583,7.188069,7.188069,-1.073473
750.000000,43.719658,-436.394692,-0.003570,7.185724,7.185724,-0.928448
752.000000,44.008201,-434.416566,-0.004375,7.184872,7.184872,-0.786530
754.000000,44.313997,-432.441032,-0.005105,7.184226,7.184226,-0.648264
756.000000,44.638697,-430.468519,-0.006181,7.183727,7.183727,-0.512186
758.000000,44.988890,-428.500420,-0.006381,7.187398,7.187398,-0.387765
760.000000,45.366536,-426.537355,-0.005321,7.197327,7.197327,-0.282148
762.000000,45.764094,-424.578225,-0.004278,7.208456,7.208456,-0.187966
764.000000,46.177861,-422.622452,-0.004406,7.219391,7.219391,-0.102057
766.000000,46.606275,-420.669834,-0.005478,7.230197,7.230197,-0.023310
768.000000,47.058004,-418.722495,-0.005569,7.235466,7.235466,0.042156
770.000000,47.533838,-416.780892,-0.004512,7.233304,7.233304,0.095465
772.000000,48.024776,-414.843048,-0.003879,7.229809,7.229809,0.149225
774.000000,48.531425,-412.909252,-0.004144,7.225675,7.225675,0.210661
776.000000,49.051602,-410.979052,-0.005190,7.221469,7.221469,0.277994
778.000000,49.592998,-409.054718,-0.005494,7.210652,7.210652,0.336173
780.000000,50.158357,-407.137269,-0.004294,7.192390,7.192390,0.381554
782.000000,50.738984,-405.224382,-0.003303,7.171990,7.171990,0.420726
784.000000,51.330924,-403.314965,-0.003400,7.151781,7.151781,0.457159
786.000000,51.935457,-401.409497,-0.003889,7.131712,7.131712,0.490962
788.000000,52.555332,-399.508984,-0.003946,7.115482,7.115482,0.519447
790.000000,53.191095,-397.613706,-0.003457,7.104128,7.104128,0.543510
792.000000,53.839634,-395.722764,-0.002963,7.093924,7.093924,0.569527
794.000000,54.499085,-393.835598,-0.003011,7.083982,7.083982,0.596508
796.000000,55.168702,-391.952016,-0.003460,7.074134,7.074134,0.623964
798.000000,55.852452,-390.073521,-0.003468,7.068463,7.068463,0.650542
800.000000,56.549802,-388.200031,-0.003133,7.068097,7.068097,0.675329
802.000000,57.257861,-386.330560,-0.003017,7.068739,7.068739,0.700522
804.000000,57.977802,-384.465633,-0.003049,7.069851,7.069851,0.727028
806.000000,58.708311,-382.604820,-0.003330,7.071017,7.071017,0.754809
808.000000,59.451215,-380.748925,-0.003516,7.076787,7.076787,0.781932
810.000000,60.208232,-378.898738,-0.003204,7.087780,7.087780,0.810235
812.000000,60.976724,-377.053288,-0.002967,7.100473,7.100473,0.843268
814.000000,61.755504,-375.212155,-0.003339,7.113376,7.113376,0.882498
816.000000,62.545963,-373.376007,-0.004041,7.126431,7.126431,0.927488
818.000000,63.351835,-371.546592,-0.004221,7.143633,7.143633,0.970597
820.000000,64.174387,-369.724595,-0.003664,7.166670,7.166670,1.007171
822.000000,65.009810,-367.908464,-0.003081,7.190983,7.190983,1.040119
824.000000,65.856138,-366.097388,-0.003214,7.215239,7.215239,1.070758
826.000000,66.712478,-364.291024,-0.004054,7.239423,7.239423,1.100299
828.000000,67.584345,-362.492114,-0.004261,7.261015,7.261015,1.126755
830.000000,68.473526,-360.701689,-0.003541,7.278731,7.278731,1.151529
832.000000,69.373729,-358.916780,-0.003100,7.295701,7.295701,1.182665
834.000000,70.285235,-357.137617,-0.003309,7.312315,7.312315,1.222296
836.000000,71.207286,-355.363894,-0.003996,7.328871,7.328871,1.269802
838.000000,72.143930,-353.597850,-0.004345,7.342325,7.342325,1.317753
840.000000,73.097343,-351.840792,-0.003827,7.351867,7.351867,1.364236
842.000000,74.063846,-350.090895,-0.003285,7.359867,7.359867,1.412744
844.000000,75.041106,-348.346985,-0.004623,7.367567,7.367567,1.463335
846.000000,76.029657,-346.609450,-0.008650,7.375047,7.375047,1.514663
848.000000,77.048906,-344.890063,-0.010273,7.377621,7.377621,1.542893
850.000000,78.114339,-343.198586,-0.006801,7.371173,7.371173,1.528408
852.000000,79.197148,-341.518181,-0.003650,7.362874,7.362874,1.504417
854.000000,80.291322,-339.845143,-0.003148,7.354172,7.354172,1.478325
856.000000,81.394391,-338.177958,-0.003897,7.345414,7.345414,1.451816
858.000000,82.510330,-336.519369,-0.004304,7.335003,7.335003,1.421228
860.000000,83.643381,-334.872414,-0.003499,7.321264,7.321264,1.383402
862.000000,84.786251,-333.232257,-0.002913,7.306894,7.306894,1.346746
864.000000,85.938426,-331.598622,-0.003134,7.292249,7.292249,1.313218
866.000000,87.100300,-329.971871,-0.003711,7.277548,7.277548,1.282189
868.000000,88.274300,-328.353865,-0.004064,7.260958,7.260958,1.245648
870.000000,89.462448,-326.746209,-0.003611,7.241592,7.241592,1.200207
872.000000,90.662592,-325.147482,-0.002883,7.221018,7.221018,1.149678
874.000000,91.870943,-323.554950,-0.002728,7.200635,7.200635,1.097630
876.000000,93.087694,-321.968826,-0.002843,7.180392,7.180392,1.042999
878.000000,94.314092,-320.390150,-0.002748,7.162785,7.162785,0.982749
880.000000,95.548772,-318.817943,-0.002726,7.151587,7.151587,0.916298
882.000000,96.791861,-317.252376,-0.002772,7.141600,7.141600,0.844588
884.000000,98.044042,-315.694070,-0.002320,7.131899,7.131899,0.769304
886.000000,99.304253,-314.142253,-0.001076,7.122208,7.122208,0.691269
888.000000,100.568186,-312.593460,-0.000439,7.112780,7.112780,0.616212
890.000000,101.830010,-311.042950,-0.001354,7.104034,7.104034,0.553227
892.000000,103.097762,-309.497286,-0.002357,7.095418,7.095418,0.490239
894.000000,104.372498,-307.957375,-0.002196,7.086849,7.086849,0.425659
896.000000,105.656392,-306.425093,-0.000842,7.078289,7.078289,0.359815
898.000000,106.941989,-304.894239,-0.000109,7.069992,7.069992,0.302908
900.000000,108.225367,-303.361521,-0.000985,7.062124,7.062124,0.259641
902.000000,109.512814,-301.832220,-0.001854,7.054434,7.054434,0.220280
904.000000,110.806382,-300.308095,-0.001463,7.046549,7.046549,0.178180
906.000000,112.106261,-298.789348,0.001256,7.038524,7.038524,0.132236
908.000000,113.405181,-297.269861,0.003194,7.028168,7.028168,0.092416
910.000000,114.684309,-295.733594,0.001045,7.011260,7.011260,0.082137
912.000000,115.965017,-294.198644,-0.001110,6.993122,6.993122,0.072885
914.000000,117.249662,-292.666988,-0.001096,6.974724,6.974724,0.061651
916.000000,118.538456,-291.138822,-0.000266,6.956348,6.956348,0.047364
918.000000,119.828436,-289.611654,0.000338,6.938411,6.938411,0.033583
920.000000,121.115154,-288.081739,-0.000047,6.921703,6.921703,0.026151
922.000000,122.403077,-286.552838,-0.000496,6.905249,6.905249,0.018809
924.000000,123.692425,-285.025137,-0.000372,6.888910,6.888910,0.011511
926.000000,124.983779,-283.499132,0.000222,6.872604,6.872604,0.005300
928.000000,126.274244,-281.972378,0.000658,6.857025,6.857025,0.004451
930.000000,127.561767,-280.443139,0.000491,6.842676,6.842676,0.011494
932.000000,128.848022,-278.912834,0.000263,6.828959,6.828959,0.024635
934.000000,130.133752,-277.382088,0.000330,6.815361,6.815361,0.041982
936.000000,131.418581,-275.850585,0.000425,6.801849,6.801849,0.063820
938.000000,132.701697,-274.317647,0.000461,6.789683,6.789683,0.091221
940.000000,133.983932,-272.783972,0.000568,6.781477,6.781477,0.121956
942.000000,135.263986,-271.248476,0.000598,6.774038,6.774038,0.157268
944.000000,136.542310,-269.711540,0.000469,6.766859,6.766859,0.196654
946.000000,137.818929,-268.173187,0.000147,6.759708,6.759708,0.239753
948.000000,139.094917,-266.634311,-0.000051,6.753152,6.753152,0.285052
950.000000,140.372065,-265.096396,0.000181,6.748228,6.748228,0.330104
952.000000,141.648154,-263.557604,0.000444,6.743651,6.743651,0.377367
954.000000,142.922977,-262.017762,0.000431,6.739215,6.739215,0.427132
956.000000,144.195928,-260.476373,0.000149,6.734813,6.734813,0.480456
958.000000,145.468583,-258.934739,-0.000026,6.731197,6.731197,0.535293
960.000000,146.741869,-257.393626,0.000127,6.728887,6.728887,0.590630
962.000000,148.014512,-255.851982,0.000272,6.727251,6.727251,0.648591
964.000000,149.286242,-254.309585,0.000086,6.725587,6.725587,0.709224
966.000000,150.557090,-252.766461,-0.000686,6.723900,6.723900,0.772372
968.000000,151.829549,-251.224672,-0.001182,6.721869,6.721869,0.834820
970.000000,153.108113,-249.687935,-0.000542,6.718884,6.718884,0.890466
972.000000,154.387413,-248.151811,0.000181,6.715704,6.715704,0.946080
974.000000,155.665804,-246.614930,0.000282,6.712445,6.712445,1.003623
976.000000,156.943051,-245.077098,0.000056,6.709171,6.709171,1.063061
978.000000,158.220025,-243.539039,-0.000072,6.705621,6.705621,1.123092
980.000000,159.497999,-242.001812,0.000150,6.701324,6.701324,1.181929
982.000000,160.775135,-240.463888,0.000390,6.696869,6.696869,1.241711
984.000000,162.051101,-238.924993,0.000359,6.692347,6.692347,1.302645
986.000000,163.325449,-237.384758,0.000061,6.687807,6.687807,1.365059
988.000000,164.599785,-235.844514,-0.000105,6.682885,6.682885,1.426911
990.000000,165.875014,-234.305008,0.000114,6.677347,6.677347,1.487142
992.000000,167.149759,-232.765103,0.000370,6.671484,6.671484,1.547579
994.000000,168.423177,-231.224099,0.000396,6.665621,6.665621,1.609562
996.000000,169.695172,-229.681920,0.000060,6.659756,6.659756,1.673328
998.000000,170.966463,-228.139162,-0.000215,6.653884,6.653884,1.737750
1000.000000,172.239841,-226.598125,-0.000008,6.648011,6.648011,1.799190
1002.000000,173.512400,-225.056412,0.000147,6.642145,6.642145,1.861168
1004.000000,174.784608,-223.514409,0.000120,6.636271,6.636271,1.922696
1006.000000,176.056526,-221.972167,0.000193,6.630392,6.630392,1.983826
1008.000000,177.327895,-220.429472,0.000183,6.624394,6.624394,2.044970
1010.000000,178.598269,-218.885958,-0.000034,6.618089,6.618089,2.106504
1012.000000,179.868924,-217.342675,-0.000252,6.611717,6.611717,2.166789
1014.000000,181.140432,-215.800095,-0.000221,6.605316,6.605316,2.224855
1016.000000,182.413062,-214.258440,0.000053,6.598907,6.598907,2.279646
1018.000000,183.685327,-212.716485,0.000146,6.592326,6.592326,2.332892
1020.000000,184.956541,-211.173663,-0.000202,6.585478,6.585478,2.384928
1022.000000,186.228416,-209.631385,-0.000638,6.578497,6.578497,2.432573
1024.000000,187.502513,-208.090943,-0.000823,6.571548,6.571548,2.474138
1026.000000,188.779364,-206.552783,-0.000341,6.564626,6.564626,2.508773
1028.000000,190.058614,-205.016621,0.000135,6.558004,6.558004,2.536342
1030.000000,191.334506,-203.477666,-0.000204,6.552137,6.552137,2.565444
1032.000000,192.613059,-201.940920,-0.000360,6.546411,6.546411,2.588305
1034.000000,193.892158,-200.404629,-0.000283,6.540764,6.540764,2.605558
1036.000000,195.171933,-198.868901,-0.000576,6.535146,6.535146,2.615979
1038.000000,196.453282,-197.334485,-0.000619,6.529998,6.529998,2.617441
1040.000000,197.737870,-195.802780,-0.000022,6.526180,6.526180,2.605469
1042.000000,199.021995,-194.270687,0.000633,6.522700,6.522700,2.585519
1044.000000,200.304080,-192.736887,0.000679,6.519351,6.519351,2.559845
1046.000000,201.582944,-191.200400,0.000081,6.516035,6.516035,2.528974
1048.000000,202.861955,-189.664037,-0.000185,6.513412,6.513412,2.490050
1050.000000,204.142905,-188.129288,0.000538,6.511948,6.511948,2.440285
1052.000000,205.422102,-186.593081,0.001408,6.511147,6.511147,2.381601
1054.000000,206.696251,-185.052683,0.000447,6.510437,6.510437,2.318824
1056.000000,207.964912,-183.507762,-0.004195,6.509797,6.509797,2.251726
1058.000000,209.243949,-181.971696,-0.006896,6.510203,6.510203,2.159840
1060.000000,210.558796,-180.465887,-0.002366,6.513114,6.513114,2.008467
1062.000000,211.875763,-178.961933,0.002684,6.516650,6.516650,1.839485
1064.000000,213.181638,-177.448349,0.002737,6.520549,6.520549,1.669020
1066.000000,214.475093,-175.924137,-0.000636,6.524556,6.524556,1.501865
1068.000000,215.771310,-174.402281,-0.001879,6.531245,6.531245,1.318197
1070.000000,217.082128,-172.892965,0.001919,6.542631,6.542631,1.100801
1072.000000,218.383795,-171.375761,0.005750,6.555189,6.555189,0.882741
1074.000000,219.665792,-169.841922,0.004510,6.568271,6.568271,0.674865
1076.000000,220.925938,-168.290081,-0.000118,6.581409,6.581409,0.474985
1078.000000,222.194048,-166.744772,-0.000801,6.598348,6.598348,0.238956
1080.000000,223.469594,-165.205530,0.004018,6.619597,6.619597,-0.043731
1082.000000,224.732212,-163.655734,0.009275,6.642476,6.642476,-0.342180
1084.000000,225.963213,-162.080712,0.010222,6.665044,6.665044,-0.626546
1086.000000,227.153894,-160.474998,0.007763,6.687287,6.687287,-0.881975
1088.000000,228.327194,-158.856468,0.008435,6.703157,6.703157,-1.134814
1090.000000,229.475841,-157.220448,0.011833,6.712834,6.712834,-1.383496
1092.000000,230.580887,-155.554685,0.013579,6.720343,6.720343,-1.629414
1094.000000,231.641088,-153.860041,0.016613,6.727671,6.727671,-1.874434
1096.000000,232.652022,-152.135601,0.021340,6.734765,6.734765,-2.095994
1098.000000,233.577980,-150.364334,0.021441,6.738842,6.738842,-2.242968
1100.000000,234.423905,-148.553280,0.018389,6.739923,6.739923,-2.324577
1102.000000,235.208842,-146.714904,0.016641,6.740145,6.740145,-2.370419
1104.000000,235.928149,-144.849843,0.017722,6.740008,6.740008,-2.406691
1106.000000,236.593561,-142.964910,0.022591,6.739825,6.739825,-2.453252
1108.000000,237.166166,-141.050084,0.024425,6.736533,6.736533,-2.460949
1110.000000,237.634055,-139.106760,0.020180,6.730146,6.730146,-2.428236
1112.000000,238.028020,-137.147052,0.016994,6.722572,6.722572,-2.381518
1114.000000,238.360489,-135.175963,0.017075,6.715062,6.715062,-2.331930
1116.000000,238.622951,-133.194347,0.017196,6.707613,6.707613,-2.281544
1118.000000,238.817096,-131.204902,0.016980,6.700869,6.700869,-2.234312
1120.000000,238.944960,-129.210097,0.017847,6.695242,6.695242,-2.189694
1122.000000,239.003289,-127.212038,0.018750,6.689954,6.689954,-2.144946
1124.000000,238.982110,-125.213248,0.018724,6.684760,6.684760,-2.089631
1126.000000,238.889934,-123.216518,0.020071,6.679596,6.679596,-2.020290
1128.000000,238.720254,-121.224896,0.021948,6.674810,6.674810,-1.935774
1130.000000,238.456759,-119.243507,0.021346,6.670952,6.670952,-1.846573
1132.000000,238.109945,-117.274989,0.019942,6.667428,6.667428,-1.771979
1134.000000,237.686481,-115.321548,0.020383,6.664019,6.664019,-1.723695
1136.000000,237.186983,-113.386083,0.022022,6.660655,6.660655,-1.698274
1138.000000,236.599589,-111.475519,0.022368,6.657492,6.657492,-1.663317
1140.000000,235.925790,-109.593731,0.021149,6.655329,6.655329,-1.607316
1142.000000,235.173589,-107.741894,0.020593,6.653662,6.653662,-1.552042
1144.000000,234.348732,-105.921134,0.020924,6.652311,6.652311,-1.519794
1146.000000,233.445339,-104.138044,0.020706,6.651333,6.651333,-1.526077
1148.000000,232.470346,-102.393165,0.020378,6.650637,6.650637,-1.560319
1150.000000,231.425067,-100.689492,0.020713,6.655830,6.655830,-1.608844
1152.000000,230.311151,-99.029802,0.020718,6.666439,6.666439,-1.659699
1154.000000,229.126470,-97.419809,0.019561,6.679171,6.679171,-1.708524
1156.000000,227.880963,-95.856414,0.018674,6.692038,6.692038,-1.763636
1158.000000,226.579308,-94.339499,0.019510,6.704860,6.704860,-1.827552
1160.000000,225.220902,-92.873171,0.020692,6.717350,6.717350,-1.921957
1162.000000,223.800078,-91.467219,0.019981,6.728958,6.728958,-2.069031
1164.000000,222.323458,-90.119934,0.018226,6.740169,6.740169,-2.246441
1166.000000,220.800244,-88.825624,0.017484,6.751238,6.751238,-2.412705
1168.000000,219.233108,-87.584809,0.018952,6.762237,6.762237,-2.553348
1170.000000,217.623207,-86.399960,0.020696,6.773164,6.773164,-2.681523
1172.000000,215.960058,-85.291113,0.019655,6.782582,6.782582,-2.809976
1174.000000,214.256690,-84.245233,0.018063,6.791277,6.791277,-2.963386
1176.000000,212.516787,-83.261256,0.018292,6.799590,6.799590,-3.131764
1178.000000,210.743366,-82.338939,0.021232,6.807810,6.807810,-3.296163
1180.000000,208.934448,-81.488409,0.027523,6.815920,6.815920,-3.452254
1182.000000,207.082944,-80.738178,0.030225,6.822970,6.822970,-3.570837
1184.000000,205.182022,-80.120590,0.024877,6.828090,6.828090,-3.632391
1186.000000,203.255055,-79.589792,0.019356,6.832730,6.832730,-3.679846
1188.000000,201.309403,-79.131325,0.017732,6.837130,6.837130,-3.717618
1190.000000,199.349035,-78.740574,0.018505,6.841450,6.841450,-3.757300
1192.000000,197.376305,-78.418819,0.020140,6.845098,6.845098,-3.810704
1194.000000,195.391585,-78.182460,0.019630,6.846463,6.846463,-3.871388
1196.000000,193.398882,-78.024949,0.017126,6.846317,6.846317,-3.923704
1198.000000,191.401890,-77.936270,0.014837,6.845676,6.845676,-3.961010
1200.000000,189.403207,-77.904101,0.016312,6.844859,6.844859,-3.990797
1202.000000,187.404380,-77.927034,0.020369,6.843995,6.843995,-4.017341
1204.000000,185.409003,-78.043864,0.020162,6.840312,6.840312,-4.020927
1206.000000,183.420062,-78.242932,0.016164,6.834744,6.834744,-4.019765
1208.000000,181.438329,-78.504836,0.013569,6.828427,6.828427,-4.014754
1210.000000,179.463635,-78.815587,0.016058,6.822566,6.822566,-4.001911
1212.000000,177.498231,-79.180475,0.022975,6.817113,6.817113,-3.978257
1214.000000,175.554215,-79.640448,0.025018,6.818141,6.818141,-3.908956
1216.000000,173.639274,-80.213862,0.018838,6.828492,6.828492,-3.772153
1218.000000,171.744917,-80.851981,0.012813,6.841915,6.841915,-3.620317
1220.000000,169.866419,-81.535572,0.010036,6.855450,6.855450,-3.475514
1222.000000,168.002192,-82.257150,0.007922,6.868876,6.868876,-3.334626
1224.000000,166.149369,-83.007653,0.007026,6.879697,6.879697,-3.197962
1226.000000,164.305645,-83.780216,0.008150,6.883878,6.883878,-3.074081
1228.000000,162.475148,-84.583548,0.010030,6.886153,6.886153,-2.946877
1230.000000,160.660848,-85.422824,0.009981,6.887609,6.887609,-2.809253
1232.000000,158.867214,-86.305403,0.006637,6.888825,6.888825,-2.654560
1234.000000,157.084321,-87.209602,0.004741,6.886219,6.886219,-2.497794
1236.000000,155.305906,-88.122548,0.007627,6.876846,6.876846,-2.354481
1238.000000,153.542376,-89.063810,0.011277,6.863064,6.863064,-2.210972
1240.000000,151.802019,-90.047222,0.009335,6.849203,6.849203,-2.051818
1242.000000,150.087869,-91.075603,-0.002967,6.835359,6.835359,-1.872872
1244.000000,148.373338,-92.100727,-0.010634,6.823213,6.823213,-1.722776
1246.000000,146.611532,-93.045281,-0.000670,6.814939,6.814939,-1.695757
1248.000000,144.859256,-94.007385,0.009584,6.808087,6.808087,-1.670359
1250.000000,143.127996,-95.006736,0.008384,6.801561,6.801561,-1.614609
1252.000000,141.421054,-96.047112,0.001698,6.795248,6.795248,-1.520457
1254.000000,139.711946,-97.083961,-0.000113,6.791842,6.791842,-1.439801
1256.000000,137.996476,-98.110322,0.004435,6.791230,6.791230,-1.382044
1258.000000,136.294968,-99.159630,0.007419,6.791545,6.791545,-1.311469
1260.000000,134.609110,-100.233876,0.004163,6.792184,6.792184,-1.226975
1262.000000,132.941123,-101.335676,-0.001616,6.792890,6.792890,-1.120361
1264.000000,131.257535,-102.413526,-0.001707,6.797633,6.797633,-1.049510
1266.000000,129.573124,-103.490116,0.000306,6.804494,6.804494,-0.984988
1268.000000,127.891038,-104.570332,-0.000192,6.811991,6.811991,-0.919023
1270.000000,126.207756,-105.648685,-0.004480,6.819180,6.819180,-0.847989
1272.000000,124.522884,-106.724545,-0.011417,6.826109,6.826109,-0.765880
1274.000000,122.804995,-107.746189,-0.012585,6.828501,6.828501,-0.733298
1276.000000,121.060581,-108.722476,-0.008869,6.828149,6.828149,-0.740460
1278.000000,119.300475,-109.670225,-0.006671,6.826676,6.826676,-0.770026
1280.000000,117.529075,-110.596690,-0.005051,6.825155,6.825155,-0.813128
1282.000000,115.745823,-111.500159,-0.002573,6.823528,6.823528,-0.869310
1284.000000,113.960351,-112.399250,-0.002894,6.821125,6.821125,-0.916981
1286.000000,112.172448,-113.293478,-0.006548,6.817999,6.817999,-0.957954
1288.000000,110.371147,-114.160330,-0.009222,6.814616,6.814616,-1.015888
1290.000000,108.553597,-114.992533,-0.007535,6.811136,6.811136,-1.096041
1292.000000,106.719607,-115.787850,-0.003727,6.807619,6.807619,-1.198721
1294.000000,104.885015,-116.581898,-0.003551,6.803050,6.803050,-1.279138
1296.000000,103.043974,-117.360889,-0.005728,6.797848,6.797848,-1.352235
1298.000000,101.194264,-118.119012,-0.006417,6.792848,6.792848,-1.422124
1300.000000,99.333395,-118.849309,0.009609,6.789048,6.789048,-1.485546
1302.000000,97.465280,-119.560948,0.032647,6.786394,6.786394,-1.539757
1304.000000,95.691314,-120.475310,0.026520,6.804969,6.804969,-1.351769
1306.000000,93.959395,-121.473462,0.004338,6.834139,6.834139,-1.028078
1308.000000,92.233466,-122.482024,-0.007473,6.867513,6.867513,-0.655572
1310.000000,90.483644,-123.448506,-0.006549,6.901021,6.901021,-0.286764
1312.000000,88.717247,-124.384523,-0.001493,6.935228,6.935228,0.097753
1314.000000,86.957032,-125.332064,-0.004075,6.971877,6.971877,0.512579
1316.000000,85.189625,-126.266056,-0.010157,7.009979,7.009979,0.910697
1318.000000,83.400533,-127.157739,-0.012901,7.048303,7.048303,1.268118
1320.000000,81.588919,-128.002633,-0.009571,7.086543,7.086543,1.647544
1322.000000,79.754776,-128.797573,-0.003845,7.124736,7.124736,1.989062
1324.000000,77.924010,-129.600367,-0.004978,7.164518,7.164518,2.363343
1326.000000,76.083826,-130.381356,-0.010336,7.204933,7.204933,2.747380
1328.000000,74.228232,-131.124766,-0.013638,7.245755,7.245755,3.124327
1330.000000,72.351082,-131.811940,-0.020132,7.286857,7.286857,3.474390
1332.000000,70.455159,-132.445383,-0.031442,7.328178,7.328178,3.784106
1334.000000,68.520413,-132.936315,-0.033905,7.376328,7.376328,3.955987
1336.000000,66.551602,-133.281772,-0.024021,7.431398,7.431398,4.017551
1338.000000,64.568603,-133.533779,-0.014052,7.489272,7.489272,4.011870
1340.000000,62.580327,-133.740656,-0.012509,7.545990,7.545990,3.982889
1342.000000,60.588379,-133.908510,-0.020280,7.601956,7.601956,3.940660
1344.000000,58.591710,-134.000400,-0.025348,7.648282,7.648282,3.858568
1346.000000,56.593215,-133.959639,-0.018949,7.672603,7.672603,3.687036
1348.000000,54.596962,-133.855312,-0.011629,7.689589,7.689589,3.484980
1350.000000,52.603375,-133.708107,-0.011499,7.703475,7.703475,3.276586
1352.000000,50.612774,-133.524687,-0.018466,7.716326,7.716326,3.070735
1354.000000,48.630443,-133.273605,-0.024957,7.719970,7.719970,2.846645
1356.000000,46.666571,-132.901574,-0.021254,7.699652,7.699652,2.540326
1358.000000,44.720441,-132.445588,-0.012901,7.664654,7.664654,2.182880
1360.000000,42.785031,-131.945222,-0.008424,7.625673,7.625673,1.814027
1362.000000,40.857105,-131.416765,-0.014399,7.585605,7.585605,1.444582
1364.000000,38.937577,-130.858619,-0.023396,7.543975,7.543975,1.074644
1366.000000,37.062086,-130.168255,-0.019322,7.476517,7.476517,0.592148
1368.000000,35.209353,-129.417814,-0.010387,7.400030,7.400030,0.077330
1370.000000,33.372248,-128.629612,-0.006555,7.319543,7.319543,-0.428257
1372.000000,31.543133,-127.823027,-0.005530,7.239642,7.239642,-0.896363
1374.000000,29.723762,-126.994701,-0.005320,7.162176,7.162176,-1.331323
1376.000000,27.913071,-126.147581,-0.005031,7.097553,7.097553,-1.752630
1378.000000,26.110857,-125.282560,-0.004810,7.044237,7.044237,-2.162061
1380.000000,24.317431,-124.399458,-0.004372,6.995099,6.995099,-2.553671
1382.000000,22.531523,-123.501249,-0.004051,6.947537,6.947537,-2.924937
1384.000000,20.752878,-122.588742,-0.003983,6.900319,6.900319,-3.275610
1386.000000,18.981504,-121.662194,-0.003812,6.872374,6.872374,-3.602523
1388.000000,17.217609,-120.721487,-0.003325,6.858357,6.858357,-3.901319
1390.000000,15.459914,-119.769241,-0.002935,6.851118,6.851118,-4.166002
1392.000000,13.707453,-118.807393,-0.000414,6.844117,6.844117,-4.396205
1394.000000,11.960768,-117.835090,0.004577,6.837358,6.837358,-4.595779
1396.000000,10.200728,-116.887632,0.005676,6.833916,6.833916,-4.736061
1398.000000,8.427080,-115.965430,0.001765,6.833813,6.833813,-4.833127
1400.000000,6.651070,-115.047791,-0.001715,6.835267,6.835267,-4.907953
1402.000000,4.880023,-114.120614,-0.001982,6.836804,6.836804,-4.977344
1404.000000,3.114126,-113.183660,-0.000282,6.838408,6.838408,-5.039354
1406.000000,1.347679,-112.247743,0.000238,6.841091,6.841091,-5.078239
1408.000000,-0.420728,-111.315530,-0.001122,6.844921,6.844921,-5.096180
1410.000000,-2.186442,-110.378229,-0.002355,6.849174,6.849174,-5.104160
1412.000000,-3.947151,-109.431564,-0.001664,6.853597,6.853597,-5.108197
1414.000000,-5.702794,-108.475537,0.000185,6.858050,6.858050,-5.114450
1416.000000,-7.460964,-107.524170,0.000550,6.863662,6.863662,-5.109347
1418.000000,-9.220567,-106.575442,-0.000652,6.870381,6.870381,-5.095261
1420.000000,-10.978975,-105.624509,-0.001833,6.877544,6.877544,-5.079044
1422.000000,-12.733369,-104.666188,-0.000735,6.884469,6.884469,-5.068179
1424.000000,-14.482962,-103.699128,0.002460,6.891144,6.891144,-5.066884
1426.000000,-16.240452,-102.746673,0.003153,6.894576,6.894576,-5.049700
1428.000000,-18.005625,-101.808350,0.000844,6.894775,6.894775,-5.014574
1430.000000,-19.771557,-100.871459,-0.001044,6.893470,6.893470,-4.972832
1432.000000,-21.534747,-99.929418,-0.001145,6.891981,6.891981,-4.930713
1434.000000,-23.294797,-98.981522,-0.000186,6.890241,6.890241,-4.887653
1436.000000,-25.055236,-98.034348,0.000165,6.886002,6.886002,-4.834917
1438.000000,-26.816638,-97.088965,-0.000374,6.879240,6.879240,-4.771538
1440.000000,-28.576976,-96.141602,-0.000804,6.871519,6.871519,-4.700796
1442.000000,-30.335644,-95.191143,-0.000465,6.863429,6.863429,-4.622954
1444.000000,-32.092612,-94.237546,0.000308,6.855266,6.855266,-4.539254
1446.000000,-33.851116,-93.286787,0.000460,6.843863,6.843863,-4.442814
1448.000000,-35.610592,-92.337823,0.000016,6.829895,6.829895,-4.335270
1450.000000,-37.370084,-91.388891,-0.000338,6.814691,6.814691,-4.221284
1452.000000,-39.128691,-90.438318,-0.000010,6.799421,6.799421,-4.104414
1454.000000,-40.886484,-89.486241,0.000808,6.784086,6.784086,-3.986680
1456.000000,-42.646707,-88.538676,0.000929,6.767826,6.767826,-3.863271
1458.000000,-44.409008,-87.594970,0.000274,6.750740,6.750740,-3.734679
1460.000000,-46.171759,-86.652104,-0.000288,6.733282,6.733282,-3.605463
1462.000000,-47.933611,-85.707560,-0.000290,6.715858,6.715858,-3.479609
1464.000000,-49.694639,-84.761479,0.000042,6.698492,6.698492,-3.358401
1466.000000,-51.456026,-83.816069,0.000089,6.681622,6.681622,-3.240628
1468.000000,-53.217838,-82.871451,-0.000196,6.665252,6.665252,-3.126494
1470.000000,-54.979112,-81.925829,-0.000418,6.649082,6.649082,-3.019382
1472.000000,-56.739554,-80.978660,-0.000246,6.632996,6.632996,-2.921381
1474.000000,-58.499032,-80.029702,0.000154,6.616924,6.616924,-2.833508
1476.000000,-60.259404,-79.082401,0.000210,6.601642,6.601642,-2.753912
1478.000000,-62.020123,-78.135747,0.000017,6.586955,6.586955,-2.683056
1480.000000,-63.780848,-77.189104,-0.000097,6.572738,6.572738,-2.621291
1482.000000,-65.541342,-76.242031,0.000479,6.559039,6.559039,-2.570425
1484.000000,-67.301557,-75.294440,0.001611,6.545882,6.545882,-2.530418
1486.000000,-69.066162,-74.355075,0.001759,6.539689,6.539689,-2.489111
1488.000000,-70.834380,-73.422503,0.000945,6.539351,6.539351,-2.446537
1490.000000,-72.604184,-72.492944,0.000311,6.541658,6.541658,-2.405251
1492.000000,-74.374266,-71.563916,0.000068,6.543984,6.543984,-2.366398
1494.000000,-76.144521,-70.635216,-0.000015,6.546346,6.546346,-2.329385
1496.000000,-77.914662,-69.706298,0.000038,6.548981,6.548981,-2.293875
1498.000000,-79.684748,-68.777276,0.000226,6.551887,6.551887,-2.259222
1500.000000,-81.455339,-67.849218,0.000374,6.554892,6.554892,-2.224329
1502.000000,-83.226653,-66.922539,0.000260,6.557895,6.557895,-2.188653
1504.000000,-84.998791,-65.997439,-0.000003,6.560894,6.560894,-2.151559
1506.000000,-86.770484,-65.071484,-0.000006,6.563780,6.563780,-2.115290
1508.000000,-88.542224,-64.145620,0.000185,6.566582,6.566582,-2.078043
1510.000000,-90.314272,-63.220346,0.000333,6.569315,6.569315,-2.038749
1512.000000,-92.087021,-62.296417,0.000242,6.571965,6.571965,-1.996168
1514.000000,-93.860525,-61.373935,-0.000050,6.574524,6.574524,-1.950414
1516.000000,-95.633605,-60.450641,-0.000112,6.575988,6.575988,-1.904755
1518.000000,-97.406409,-59.526816,0.000041,6.576474,6.576474,-1.859241
1520.000000,-99.179360,-58.603273,0.000144,6.576507,6.576507,-1.813207
1522.000000,-100.952599,-57.680285,0.000133,6.576559,6.576559,-1.766601
1524.000000,-102.726174,-56.757940,0.000042,6.576640,6.576640,-1.719493
1526.000000,-104.499768,-55.835633,-0.000012,6.576970,6.576970,-1.672710
1528.000000,-106.273298,-54.913203,-0.000008,6.577551,6.577551,-1.626503
1530.000000,-108.046844,-53.990804,-0.000008,6.578235,6.578235,-1.580749
1532.000000,-109.820364,-53.068355,-0.000033,6.578968,6.578968,-1.535379
1534.000000,-111.593858,-52.145856,-0.000074,6.579712,6.579712,-1.490144
1536.000000,-113.367187,-51.223038,-0.000096,6.580890,6.580890,-1.445168
1538.000000,-115.140329,-50.299862,-0.000099,6.582414,6.582414,-1.400319
1540.000000,-116.913302,-49.376362,-0.000104,6.584076,6.584076,-1.355452
1542.000000,-118.686069,-48.452466,0.000081,6.585628,6.585628,-1.310505
1544.000000,-120.458649,-47.528212,0.000430,6.587056,6.587056,-1.265375
1546.000000,-122.232408,-46.606224,0.000459,6.587070,6.587070,-1.217245
1548.000000,-124.007169,-45.686164,0.000130,6.585791,6.585791,-1.166457
1550.000000,-125.782132,-44.766495,-0.000152,6.583898,6.583898,-1.114804
1552.000000,-127.556648,-43.845962,-0.000157,6.582014,6.582014,-1.063863
1554.000000,-129.330739,-42.924611,0.000011,6.580145,6.580145,-1.013747
1556.000000,-131.104973,-42.003536,0.000038,6.578395,6.578395,-0.963461
1558.000000,-132.879423,-41.082876,-0.000119,6.576765,6.576765,-0.912986
1560.000000,-134.653576,-40.161645,-0.000255,6.575186,6.575186,-0.863526
1562.000000,-136.427228,-39.239450,-0.000186,6.573638,6.573638,-0.815311
1564.000000,-138.200297,-38.316134,0.000004,6.572097,6.572097,-0.768140
1566.000000,-139.973661,-37.393385,0.000028,6.570840,6.570840,-0.719888
1568.000000,-141.747046,-36.470676,-0.000078,6.569804,6.569804,-0.671123
1570.000000,-143.520298,-35.547712,-0.000158,6.568871,6.568871,-0.622374
1572.000000,-145.293217,-34.624107,0.000002,6.567904,6.567904,-0.574332
1574.000000,-147.065769,-33.699798,0.000371,6.566901,6.566901,-0.527354
1576.000000,-148.839399,-32.777562,0.000436,6.565484,6.565484,-0.478357
1578.000000,-150.613976,-31.857148,0.000148,6.563694,6.563694,-0.427647
1580.000000,-152.388792,-30.937195,-0.000106,6.561733,6.561733,-0.376840
1582.000000,-154.163274,-30.016598,-0.000156,6.559789,6.559789,-0.327178
1584.000000,-155.937406,-29.095325,-0.000086,6.557875,6.557875,-0.278591
1586.000000,-157.711427,-28.173841,-0.000069,6.556185,6.556185,-0.230182
1588.000000,-159.485387,-27.252237,-0.000132,6.554722,6.554722,-0.181552
1590.000000,-161.259075,-26.330111,-0.000185,6.553356,6.553356,-0.133244
1592.000000,-163.032397,-25.407281,-0.000154,6.552030,6.552030,-0.085683
1594.000000,-164.805359,-24.483759,-0.000083,6.550714,6.550714,-0.038677
1596.000000,-166.578271,-23.560141,-0.000073,6.549760,6.549760,0.008597
1598.000000,-168.351033,-22.636235,-0.000110,6.549083,6.549083,0.055899
1600.000000,-170.123608,-21.711971,-0.000140,6.548553,6.548553,0.103095
1602.000000,-171.895892,-20.787150,0.000035,6.548026,6.548026,0.150010
1604.000000,-173.667908,-19.861813,0.000381,6.547504,6.547504,0.196728
1606.000000,-175.441012,-18.938567,0.000428,6.547028,6.547028,0.246167
1608.000000,-177.215023,-18.017063,0.000141,6.546595,6.546595,0.297967
1610.000000,-178.989288,-17.096047,-0.000115,6.546179,6.546179,0.350693
1612.000000,-180.763177,-16.174306,-0.000116,6.545757,6.545757,0.402911
1614.000000,-182.536716,-15.251893,0.000043,6.545324,6.545324,0.454750
1616.000000,-184.310473,-14.329900,0.000066,6.544811,6.544811,0.507485
1618.000000,-186.084463,-13.408354,-0.000079,6.544218,6.544218,0.561083
1620.000000,-187.858258,-12.486435,-0.000202,6.543591,6.543591,0.614586
1622.000000,-189.631626,-11.563693,-0.000132,6.542950,6.542950,0.667497
1624.000000,-191.404553,-10.640105,0.000046,6.542305,6.542305,0.719815
1626.000000,-193.177815,-9.717158,0.000060,6.541539,6.541539,0.773331
1628.000000,-194.951186,-8.794423,-0.000074,6.540681,6.540681,0.827727
1630.000000,-196.724443,-7.871468,-0.000179,6.539780,6.539780,0.882591
1632.000000,-198.497275,-6.947696,0.000169,6.538895,6.538895,0.937383
1634.000000,-200.269752,-6.023244,0.000869,6.538028,6.538028,0.992278
1636.000000,-202.044604,-5.103370,0.000935,6.537354,6.537354,1.053084
1638.000000,-203.821457,-4.187356,0.000268,6.536851,6.536851,1.118873
1640.000000,-205.598811,-3.272316,-0.000339,6.536423,6.536423,1.186322
1642.000000,-207.375132,-2.355272,-0.000330,6.535974,6.535974,1.251957
1644.000000,-209.150533,-1.436450,0.000074,6.535487,6.535487,1.315960
1646.000000,-210.926384,-0.518494,0.000104,6.534746,6.534746,1.381044
1648.000000,-212.702796,0.398373,-0.000353,6.533747,6.533747,1.447101
1650.000000,-214.478398,1.316807,-0.000746,6.532636,6.532636,1.510807
1652.000000,-216.252460,2.238213,-0.000510,6.531481,6.531481,1.570360
1654.000000,-218.024920,3.162697,0.000077,6.530314,6.530314,1.625688
1656.000000,-219.798363,4.085294,0.000103,6.528747,6.528747,1.682594
1658.000000,-221.572014,5.007492,-0.000403,6.526885,6.526885,1.739889
1660.000000,-223.345030,5.930908,-0.000857,6.524859,6.524859,1.796277
1662.000000,-225.116128,6.857999,-0.000250,6.522821,6.522821,1.849603
1664.000000,-226.885350,7.788664,0.001129,6.520766,6.520766,1.901042
1666.000000,-228.658372,8.712042,0.001229,6.518541,6.518541,1.964033
1668.000000,-230.434007,9.630411,0.000081,6.516170,6.516170,2.037179
1670.000000,-232.209703,10.548664,-0.000885,6.513752,6.513752,2.115411
1672.000000,-233.983277,11.471009,-0.001086,6.511392,6.511392,2.193612
1674.000000,-235.754508,12.397845,-0.000775,6.509142,6.509142,2.272090
1676.000000,-237.524523,13.327002,-0.000684,6.507607,6.507607,2.353175
1678.000000,-239.293569,14.258002,-0.000978,6.506801,6.506801,2.436648
1680.000000,-241.060676,15.192676,-0.001219,6.506316,6.506316,2.520641
1682.000000,-242.825322,16.131987,-0.001081,6.505956,6.505956,2.604183
1684.000000,-244.587694,17.075560,-0.000784,6.505631,6.505631,2.687757
1686.000000,-246.348944,18.021226,-0.000795,6.506385,6.506385,2.775057
1688.000000,-248.108794,18.969495,-0.001196,6.507964,6.507964,2.866475
1690.000000,-249.866545,19.921646,-0.001674,6.509990,6.509990,2.960375
1692.000000,-251.620788,20.880245,-0.002272,6.511997,6.511997,3.054991
1694.000000,-253.371342,21.845561,-0.003065,6.513980,6.513980,3.150607
1696.000000,-255.115252,22.822805,-0.003296,6.515742,6.515742,3.240816
1698.000000,-256.852270,23.812268,-0.002642,6.517296,6.517296,3.327142
1700.000000,-258.583830,24.811258,-0.001904,6.518730,6.518730,3.413852
1702.000000,-260.312263,25.815649,-0.001913,6.520132,6.520132,3.505705
1704.000000,-262.037180,26.826063,-0.002342,6.521488,6.521488,3.603374
1706.000000,-263.756821,27.845428,-0.002347,6.522465,6.522465,3.704763
1708.000000,-265.471506,28.873111,-0.002021,6.523043,6.523043,3.811173
1710.000000,-267.182185,29.907450,-0.001728,6.523440,6.523440,3.926812
1712.000000,-268.889186,30.947848,-0.001828,6.523765,6.523765,4.052867
1714.000000,-270.593229,31.993084,-0.002379,6.524071,6.524071,4.183113
1716.000000,-272.291602,33.047501,-0.002545,6.523871,6.523871,4.306453
1718.000000,-273.984267,34.111060,-0.002132,6.523220,6.523220,4.419736
1720.000000,-275.672483,35.181670,-0.001820,6.522289,6.522289,4.525849
1722.000000,-277.357140,36.257872,-0.002523,6.521302,6.521302,4.627939
1724.000000,-279.037747,37.340389,-0.004049,6.520247,6.520247,4.725698
1726.000000,-280.708119,38.438552,-0.004553,6.518586,6.518586,4.807071
1728.000000,-282.367555,39.553245,-0.003448,6.516272,6.516272,4.873414
1730.000000,-284.018895,40.679903,-0.002090,6.513619,6.513619,4.931298
1732.000000,-285.666617,41.811844,-0.001863,6.511037,6.511037,4.988461
1734.000000,-287.310843,42.948859,-0.002415,6.508520,6.508520,5.045445
1736.000000,-288.948755,44.094946,-0.002506,6.506774,6.506774,5.098421
1738.000000,-290.580717,45.249490,-0.002226,6.505876,6.505876,5.146954
1740.000000,-292.207857,46.410823,-0.002022,6.505374,6.505374,5.192978
1742.000000,-293.829998,47.579130,-0.001993,6.505053,6.505053,5.237461
1744.000000,-295.448134,48.752975,-0.002321,6.504775,6.504775,5.281271
1746.000000,-297.060604,49.934588,-0.002565,6.505527,6.505527,5.321619
1748.000000,-298.666525,51.125089,-0.002375,6.507360,6.507360,5.357748
1750.000000,-300.266891,52.323048,-0.002247,6.509801,6.509801,5.389401
1752.000000,-301.862258,53.527656,-0.002846,6.512038,6.512038,5.416586
1754.000000,-303.451588,54.740216,-0.004036,6.514019,6.514019,5.437362
1756.000000,-305.030399,55.966396,-0.004563,6.513971,6.513971,5.443542
1758.000000,-306.596818,57.208407,-0.003575,6.511224,6.511224,5.431539
1760.000000,-308.153545,58.462550,-0.002082,6.507004,6.507004,5.404454
1762.000000,-309.706508,59.721355,-0.001952,6.502719,6.502719,5.370059
1764.000000,-311.255827,60.984640,-0.003074,6.498451,6.498451,5.327383
1766.000000,-312.796467,62.258484,-0.003397,6.494376,6.494376,5.266530
1768.000000,-314.326850,63.544637,-0.002136,6.490562,6.490562,5.182849
1770.000000,-315.851699,64.837354,-0.000655,6.486864,6.486864,5.081654
1772.000000,-317.375931,66.130801,-0.000873,6.483235,6.483235,4.968791
1774.000000,-318.900178,67.424230,-0.002649,6.479640,6.479640,4.846135
1776.000000,-320.415935,68.727566,-0.003417,6.476497,6.476497,4.700194
1778.000000,-321.921037,70.043210,-0.001509,6.473863,6.473863,4.521612
1780.000000,-323.420197,71.365630,0.001395,6.471743,6.471743,4.314503
1782.000000,-324.926075,72.680392,-0.001127,6.470246,6.470246,4.098522
1784.000000,-326.439130,73.986895,-0.009685,6.469570,6.469570,3.877074
1786.000000,-327.918432,75.330404,-0.012692,6.475482,6.475482,3.603354
1788.000000,-329.353426,76.722181,-0.004745,6.489626,6.489626,3.232419
1790.000000,-330.773229,78.129423,0.004781,6.508437,6.508437,2.797727
1792.000000,-332.216069,79.513005,0.006022,6.526984,6.526984,2.367658
1794.000000,-333.680933,80.873289,0.001543,6.545117,6.545117,1.952951
1796.000000,-335.145202,82.234234,0.001030,6.559741,6.559741,1.513735
1798.000000,-336.605645,83.599295,0.006183,6.570554,6.570554,1.035819
1800.000000,-338.085417,84.943294,0.010754,6.579555,6.579555,0.547109
1802.000000,-339.596534,86.251902,0.008938,6.587766,6.587766,0.065229
1804.000000,-341.139116,87.523265,0.003920,6.595701,6.595701,-0.406559
1806.000000,-342.680527,88.796156,0.003824,6.597938,6.597938,-0.923896
1808.000000,-344.233192,90.055328,0.008286,6.595710,6.595710,-1.463409
1810.000000,-345.802951,91.292887,0.013447,6.590912,6.590912,-2.001240
1812.000000,-347.408924,92.483122,0.021329,6.586796,6.586796,-2.504664
1814.000000,-349.054515,93.617873,0.035961,6.583464,6.583464,-2.963966
1816.000000,-350.775040,94.628539,0.044303,6.585593,6.585593,-3.276921
1818.000000,-352.597293,95.449272,0.034240,6.597365,6.597365,-3.425627
1820.000000,-354.469261,96.149187,0.019756,6.613928,6.613928,-3.492087
1822.000000,-356.365090,96.783128,0.014866,6.630970,6.630970,-3.525906
1824.000000,-358.274594,97.374500,0.020888,6.647764,6.647764,-3.542056
1826.000000,-360.205462,97.890826,0.027539,6.662714,6.662714,-3.510163
1828.000000,-362.166308,98.277556,0.023711,6.673363,6.673363,-3.381794
1830.000000,-364.143763,98.569824,0.015536,6.681319,6.681319,-3.185285
1832.000000,-366.128431,98.808558,0.013678,6.688314,6.688314,-2.964322
1834.000000,-368.117947,99.003204,0.020597,6.694878,6.694878,-2.743190
1836.000000,-370.112509,99.122114,0.028192,6.699183,6.699183,-2.518171
1838.000000,-372.111230,99.108216,0.025671,6.697226,6.697226,-2.214645
1840.000000,-374.106067,98.985717,0.016686,6.690530,6.690530,-1.839581
1842.000000,-376.096764,98.803422,0.010881,6.682484,6.682484,-1.430127
1844.000000,-378.083618,98.583234,0.009758,6.674186,6.674186,-1.009490
1846.000000,-380.065947,98.325504,0.010479,6.665514,6.665514,-0.584701
1848.000000,-382.042383,98.025930,0.010505,6.653089,6.653089,-0.164933
1850.000000,-384.011548,97.681783,0.009287,6.638719,6.638719,0.245437
1852.000000,-385.974347,97.302883,0.008372,6.623342,6.623342,0.642399
1854.000000,-387.930700,96.892006,0.006901,6.607913,6.607913,1.028417
1856.000000,-389.879980,96.448644,0.004200,6.592432,6.592432,1.402557
1858.000000,-391.826751,95.994377,0.003723,6.576858,6.576858,1.749253
1860.000000,-393.770871,95.528915,0.005408,6.561204,6.561204,2.073077
1862.000000,-395.708931,95.038872,0.006238,6.545515,6.545515,2.383889
1864.000000,-397.640878,94.525302,0.004379,6.529838,6.529838,2.684772
1866.000000,-399.566051,93.986859,0.001134,6.514165,6.514165,2.972412
1868.000000,-401.492810,93.454061,0.000862,6.498887,6.498887,3.209699
1870.000000,-403.418483,92.917341,0.003050,6.483849,6.483849,3.416806
1872.000000,-405.341024,92.369554,0.004505,6.468938,6.468938,3.602984
1874.000000,-407.257513,91.800954,0.001749,6.454014,6.454014,3.778642
1876.000000,-409.169054,91.215917,-0.002963,6.439074,6.439074,3.943178
1878.000000,-411.088559,90.657781,-0.002701,6.424111,6.424111,4.052833
1880.000000,-413.010460,90.107710,0.000558,6.409153,6.409153,4.131316
1882.000000,-414.931889,89.556004,0.002455,6.394272,6.394272,4.189245
1884.000000,-416.849423,88.990921,0.001335,6.379454,6.379454,4.236848
1886.000000,-418.764204,88.416560,-0.001572,6.364869,6.364869,4.269125
1888.000000,-420.682377,87.853659,-0.001917,6.351005,6.351005,4.268771
1890.000000,-422.603600,87.301224,0.000132,6.337854,6.337854,4.234115
1892.000000,-424.523963,86.745807,0.001304,6.324991,6.324991,4.177079
1894.000000,-426.442421,86.183852,-0.000891,6.312238,6.312238,4.104535
1896.000000,-428.359692,85.617942,-0.004532,6.299734,6.299734,4.016833
1898.000000,-430.285075,85.080198,-0.004219,6.288607,6.288607,3.885563
1900.000000,-432.215190,84.559763,-0.000997,6.278394,6.278394,3.724953
1902.000000,-434.145906,84.041483,0.000962,6.268495,6.268495,3.549632
1904.000000,-436.074931,83.516943,-0.000912,6.258564,6.258564,3.370390
1906.000000,-438.002734,82.987922,-0.004096,6.248578,6.248578,3.190298
1908.000000,-439.938318,82.488234,-0.003240,6.238108,6.238108,2.975087
1910.000000,-441.876259,81.997668,-0.000584,6.227417,6.227417,2.743670
1912.000000,-443.814842,81.509628,0.000749,6.216602,6.216602,2.506303
1914.000000,-445.752122,81.016448,0.000735,6.205745,6.205745,2.272834
1916.000000,-447.688418,80.519411,-0.000016,6.194711,6.194711,2.043232
1918.000000,-449.625090,80.023844,-0.000191,6.183133,6.183133,1.811639
1920.000000,-451.562061,79.529448,0.000096,6.171003,6.171003,1.577837
1922.000000,-453.498813,79.034193,0.000257,6.158681,6.158681,1.345191
1924.000000,-455.435326,78.538003,0.000209,6.146283,6.146283,1.115560
1926.000000,-457.371518,78.040563,0.000074,6.133719,6.133719,0.891502
1928.000000,-459.307762,77.543323,-0.000119,6.120179,6.120179,0.670167
1930.000000,-461.243930,77.045790,-0.000510,6.105977,6.105977,0.450032
1932.000000,-463.180668,76.550480,-0.000846,6.091495,6.091495,0.229757
1934.000000,-465.118359,76.058913,-0.000212,6.076983,6.076983,0.008382
1936.000000,-467.056909,75.570745,0.000695,6.062423,6.062423,-0.213596
1938.000000,-468.993614,75.075319,0.000331,6.047497,6.047497,-0.424318
1940.000000,-470.930410,74.580239,-0.000511,6.032366,6.032366,-0.631238
1942.000000,-472.867574,74.086597,-0.000931,6.017149,6.017149,-0.835652
1944.000000,-474.805927,73.597650,-0.000567,6.001930,6.001930,-1.040234
1946.000000,-476.745185,73.112301,0.000356,5.986707,5.986707,-1.242660
1948.000000,-478.683664,72.623852,0.000424,5.971475,5.971475,-1.435775
1950.000000,-480.621407,72.132487,-0.000379,5.956224,5.956224,-1.618539
1952.000000,-482.559746,71.643484,-0.000893,5.940965,5.940965,-1.794394
1954.000000,-484.499106,71.158544,-0.000228,5.925708,5.925708,-1.963887
1956.000000,-486.439301,70.676961,0.000970,5.910461,5.910461,-2.122151
1958.000000,-488.377686,70.188136,0.000840,5.895261,5.895261,-2.254899
1960.000000,-490.315078,69.695398,-0.000400,5.880074,5.880074,-2.366180
1962.000000,-492.252990,69.204704,-0.001126,5.864907,5.864907,-2.459572
1964.000000,-494.192418,68.720038,0.000900,5.849802,5.849802,-2.539833
1966.000000,-496.132684,68.238732,0.003999,5.834799,5.834799,-2.609895
1968.000000,-498.066106,67.730764,0.003218,5.820691,5.820691,-2.640734
1970.000000,-499.996387,67.210874,-0.000205,5.807086,5.807086,-2.647560
1972.000000,-501.926858,66.691698,-0.002325,5.793764,5.793764,-2.642743
1974.000000,-503.860951,66.186178,-0.001566,5.780552,5.780552,-2.636536
1976.000000,-505.797096,65.688559,0.000433,5.767792,5.767792,-2.621872
1978.000000,-507.731885,65.185699,0.000080,5.756411,5.756411,-2.586214
1980.000000,-509.665600,64.678725,-0.002423,5.746486,5.746486,-2.527708
1982.000000,-511.602475,64.183993,-0.003897,5.737047,5.737047,-2.462553
1984.000000,-513.543653,63.706430,-0.002028,5.727807,5.727807,-2.394786
1986.000000,-515.488180,63.242713,0.001259,5.719217,5.719217,-2.315786
1988.000000,-517.429481,62.765604,0.000365,5.713045,5.713045,-2.196922
1990.000000,-519.369140,62.281882,-0.003881,5.708747,5.708747,-2.041874
1992.000000,-521.313888,61.819112,-0.006015,5.704964,5.704964,-1.868004
1994.000000,-523.264426,61.381407,-0.004381,5.701211,5.701211,-1.685048
1996.000000,-525.219909,60.966295,-0.002076,5.697528,5.697528,-1.489550
1998.000000,-527.174992,60.549275,-0.003556,5.694318,5.694318,-1.248847
2000.000000,-529.132941,60.145912,-0.007455,5.691298,5.691298,-0.982793
2002.000000,-531.096837,59.772853,-0.009841,5.688322,5.688322,-0.707167
2004.000000,-533.068387,59.442556,-0.010655,5.685323,5.685323,-0.433560
2006.000000,-535.046057,59.151320,-0.011580,5.682181,5.682181,-0.164460
2008.000000,-537.030116,58.907439,-0.012191,5.678690,5.678690,0.095058
2010.000000,-539.019659,58.713234,-0.012283,5.674902,5.674902,0.349489
2012.000000,-541.013205,58.565976,-0.012988,5.671019,5.671019,0.601172
2014.000000,-543.009916,58.470734,-0.013733,5.667091,5.667091,0.851084
2016.000000,-545.008484,58.431714,-0.014026,5.662909,5.662909,1.093984
2018.000000,-547.007390,58.447566,-0.014871,5.658150,5.658150,1.323086
2020.000000,-549.004966,58.521585,-0.015771,5.652886,5.652886,1.538364
2022.000000,-550.998961,58.661951,-0.016215,5.647755,5.647755,1.737834
2024.000000,-552.987750,58.863079,-0.018774,5.642864,5.642864,1.925640
2026.000000,-554.968090,59.134443,-0.021473,5.638699,5.638699,2.096087
2028.000000,-556.932846,59.502117,-0.020135,5.638279,5.638279,2.227328
2030.000000,-558.881891,59.945453,-0.018257,5.639442,5.639442,2.328533
2032.000000,-560.814412,60.456444,-0.017864,5.641223,5.641223,2.402981
2034.000000,-562.726341,61.039772,-0.017040,5.642966,5.642966,2.453023
2036.000000,-564.618110,61.685360,-0.017181,5.644532,5.644532,2.488294
2038.000000,-566.487484,62.393288,-0.017936,5.645666,5.645666,2.520143
2040.000000,-568.328337,63.172369,-0.017273,5.646339,5.646339,2.569183
2042.000000,-570.141982,64.012779,-0.016844,5.646834,5.646834,2.636696
2044.000000,-571.927262,64.911905,-0.017737,5.647203,5.647203,2.698917
2046.000000,-573.679145,65.874460,-0.018119,5.647343,5.647343,2.729161
2048.000000,-575.393738,66.901966,-0.017211,5.646045,5.646045,2.722503
2050.000000,-577.072317,67.987273,-0.016763,5.643779,5.643779,2.694872
2052.000000,-578.715384,69.125770,-0.016906,5.641205,5.641205,2.657725
2054.000000,-580.316451,70.322608,-0.017137,5.639033,5.639033,2.619668
2056.000000,-581.879291,71.568861,-0.018582,5.637366,5.637366,2.582369
2058.000000,-583.392852,72.874334,-0.019458,5.639509,5.639509,2.527039
2060.000000,-584.852778,74.239684,-0.017615,5.645083,5.645083,2.444285
2062.000000,-586.261835,75.657571,-0.014937,5.652695,5.652695,2.349852
2064.000000,-587.631423,77.113596,-0.014916,5.660011,5.660011,2.275498
2066.000000,-588.959834,78.607327,-0.016541,5.667057,5.667057,2.219236
2068.000000,-590.233684,80.147810,-0.016294,5.671442,5.671442,2.169668
2070.000000,-591.456880,81.728761,-0.014979,5.672608,5.672608,2.129110
2072.000000,-592.633004,83.345104,-0.014322,5.671822,5.671822,2.112464
2074.000000,-593.762754,84.994213,-0.014356,5.670078,5.670078,2.123268
2076.000000,-594.845494,86.674566,-0.014935,5.667919,5.667919,2.146458
2078.000000,-595.877447,88.386440,-0.016157,5.662007,5.662007,2.164365
2080.000000,-596.855257,90.129931,-0.016364,5.651022,5.651022,2.172869
2082.000000,-597.768717,91.907994,-0.014408,5.634250,5.634250,2.179390
2084.000000,-598.634939,93.709523,-0.013657,5.617440,5.617440,2.206232
2086.000000,-599.454250,95.532872,-0.017745,5.600749,5.600749,2.255398
2088.000000,-600.216510,97.380642,-0.021805,5.584447,5.584447,2.320399
2090.000000,-600.878133,99.266879,-0.019510,5.570110,5.570110,2.357546
2092.000000,-601.472409,101.175329,-0.016071,5.556673,5.556673,2.385301
2094.000000,-602.007043,103.101487,-0.015206,5.543671,5.543671,2.413026
2096.000000,-602.482180,105.043180,-0.015242,5.530668,5.530668,2.459647
2098.000000,-602.900926,106.997729,-0.016389,5.517813,5.517813,2.515444
2100.000000,-603.254485,108.965104,-0.017250,5.505371,5.505371,2.562714
2102.000000,-603.537751,110.943853,-0.016451,5.493382,5.493382,2.590387
2104.000000,-603.754716,112.930991,-0.015027,5.481549,5.481549,2.594973
2106.000000,-603.913885,114.923581,-0.016038,5.469734,5.469734,2.577647
2108.000000,-604.015938,116.919948,-0.018348,5.457935,5.457935,2.541934
2110.000000,-604.034241,118.918805,-0.017802,5.446713,5.446713,2.476660
2112.000000,-603.984111,120.917038,-0.016301,5.435842,5.435842,2.390715
2114.000000,-603.870180,122.912742,-0.015895,5.425561,5.425561,2.287344
2116.000000,-603.692047,124.903739,-0.016224,5.416198,5.416198,2.184157
2118.000000,-603.452813,126.888305,-0.017724,5.408081,5.408081,2.095700
2120.000000,-603.142227,128.862834,-0.018633,5.408892,5.408892,2.015742
2122.000000,-602.755122,130.823888,-0.017037,5.418637,5.418637,1.940738
2124.000000,-602.299267,132.770179,-0.014830,5.433869,5.433869,1.850385
2126.000000,-601.791045,134.703453,-0.014475,5.449274,5.449274,1.731552
2128.000000,-601.226192,136.620942,-0.014502,5.464914,5.464914,1.577684
2130.000000,-600.604224,138.520686,-0.014032,5.481627,5.481627,1.395165
2132.000000,-599.931761,140.403143,-0.014098,5.499570,5.499570,1.193298
2134.000000,-599.205227,142.265401,-0.013911,5.518164,5.518164,0.975200
2136.000000,-598.426339,144.106386,-0.013556,5.536836,5.536836,0.743098
2138.000000,-597.600199,145.926658,-0.013830,5.555554,5.555554,0.496080
2140.000000,-596.722525,147.722639,-0.013231,5.574171,5.574171,0.235541
2142.000000,-595.795316,149.493569,-0.011629,5.592669,5.592669,-0.038035
2144.000000,-594.829785,151.243952,-0.010395,5.610759,5.610759,-0.321853
2146.000000,-593.826479,152.972958,-0.006005,5.628159,5.628159,-0.615293
2148.000000,-592.792307,154.683699,0.000395,5.644656,5.644656,-0.910446
2150.000000,-591.774591,156.404235,0.001046,5.653983,5.653983,-1.150051
2152.000000,-590.760182,158.126808,-0.002959,5.657231,5.657231,-1.347776
2154.000000,-589.737018,159.844167,-0.006175,5.657680,5.657680,-1.525316
2156.000000,-588.687526,161.545552,-0.005727,5.658008,5.658008,-1.701877
2158.000000,-587.615202,163.232678,-0.003018,5.657913,5.657913,-1.872781
2160.000000,-586.537048,164.916087,-0.002449,5.656638,5.656638,-2.024542
2162.000000,-585.452596,166.595439,-0.003791,5.653983,5.653983,-2.159198
2164.000000,-584.353697,168.265367,-0.004495,5.650941,5.650941,-2.289832
2166.000000,-583.239298,169.924991,-0.003091,5.647830,5.647830,-2.416537
2168.000000,-582.110504,171.574868,-0.000512,5.644497,5.644497,-2.528909
2170.000000,-580.984985,173.226984,-0.000499,5.640437,5.640437,-2.608830
2172.000000,-579.860507,174.879808,-0.002691,5.635719,5.635719,-2.658108
2174.000000,-578.724108,176.524452,-0.003733,5.630922,5.630922,-2.685337
2176.000000,-577.575113,178.160318,-0.003137,5.626219,5.626219,-2.692532
2178.000000,-576.414270,179.787805,-0.002214,5.621755,5.621755,-2.677140
2180.000000,-575.248733,181.411934,-0.002389,5.618584,5.618584,-2.634054
2182.000000,-574.075626,183.030605,-0.003341,5.616031,5.616031,-2.578580
2184.000000,-572.891414,184.641161,-0.003895,5.613604,5.613604,-2.519982
2186.000000,-571.693893,186.241848,-0.004087,5.611074,5.611074,-2.465686
2188.000000,-570.484098,187.833277,-0.004310,5.608034,5.608034,-2.417408
2190.000000,-569.260009,189.413735,-0.004218,5.603770,5.603770,-2.376078
2192.000000,-568.022145,190.983431,-0.003890,5.598443,5.598443,-2.341754
2194.000000,-566.772972,192.544145,-0.003947,5.592752,5.592752,-2.312848
2196.000000,-565.511495,194.094928,-0.004230,5.586866,5.586866,-2.289819
2198.000000,-564.236855,195.634902,-0.004572,5.579919,5.579919,-2.273778
2200.000000,-562.948596,197.163509,-0.004557,5.571062,5.571062,-2.265901
2202.000000,-561.644672,198.678776,-0.003845,5.560061,5.560061,-2.267969
2204.000000,-560.330197,200.184902,-0.003522,5.549137,5.549137,-2.273759
2206.000000,-559.005976,201.682468,-0.003900,5.538452,5.538452,-2.281187
2208.000000,-557.669520,203.169120,-0.004033,5.528865,5.528865,-2.291031
2210.000000,-556.320783,204.644639,-0.003725,5.522179,5.522179,-2.305030
2212.000000,-554.961072,206.110056,-0.003235,5.517150,5.517150,-2.320144
2214.000000,-553.591758,207.566508,-0.002823,5.512675,5.512675,-2.326200
2216.000000,-552.214804,209.015738,-0.002874,5.508316,5.508316,-2.320137
2218.000000,-550.829926,210.457398,-0.003031,5.504674,5.504674,-2.304436
2220.000000,-549.435338,211.889667,-0.002681,5.502640,5.502640,-2.286718
2222.000000,-548.033270,213.314615,-0.002261,5.501646,5.501646,-2.273113
2224.000000,-546.625218,214.733653,-0.002240,5.501007,5.501007,-2.262951
2226.000000,-545.210895,216.146441,-0.002457,5.500525,5.500525,-2.255990
2228.000000,-543.789749,217.552359,-0.002768,5.501110,5.501110,-2.254030
2230.000000,-542.360850,218.950400,-0.002524,5.503224,5.503224,-2.257645
2232.000000,-540.923260,220.339507,-0.001623,5.507127,5.507127,-2.266537
2234.000000,-539.482644,221.725476,-0.001319,5.511023,5.511023,-2.273803
2236.000000,-538.038734,223.108012,-0.001842,5.514916,5.514916,-2.280094
2238.000000,-536.589855,224.485333,-0.002181,5.518784,5.518784,-2.287377
2240.000000,-535.133911,225.855189,-0.001801,5.522612,5.522612,-2.299412
2242.000000,-533.673103,227.219858,-0.001145,5.526416,5.526416,-2.312260
2244.000000,-532.209372,228.581392,-0.000835,5.530131,5.530131,-2.321360
2246.000000,-530.743859,229.941008,-0.000973,5.533781,5.533781,-2.326319
2248.000000,-529.275742,231.297813,-0.001160,5.537001,5.537001,-2.328496
2250.000000,-527.804048,232.650735,-0.001025,5.539376,5.539376,-2.329509
2252.000000,-526.329551,234.000603,-0.000784,5.541194,5.541194,-2.330456
2254.000000,-524.853158,235.348398,-0.000737,5.542789,5.542789,-2.331276
2256.000000,-523.374901,236.694147,-0.000855,5.544277,5.544277,-2.332875
2258.000000,-521.894335,238.037355,-0.000970,5.544982,5.544982,-2.336438
2260.000000,-520.411058,239.377569,-0.000824,5.544611,5.544611,-2.342113
2262.000000,-518.925104,240.714815,-0.000467,5.543018,5.543018,-2.348882
2264.000000,-517.438392,242.051219,-0.000275,5.541465,5.541465,-2.354192
2266.000000,-515.950878,243.386729,-0.000231,5.539965,5.539965,-2.358367
2268.000000,-514.462793,244.721602,-0.000189,5.538721,5.538721,-2.361663
2270.000000,-512.974181,246.055890,-0.000154,5.537984,5.537984,-2.365195
2272.000000,-511.485175,247.389736,-0.000113,5.537573,5.537573,-2.369369
2274.000000,-509.995838,248.723213,-0.000083,5.537219,5.537219,-2.374492
2276.000000,-508.506353,250.056525,-0.000122,5.536869,5.536869,-2.380296
2278.000000,-507.016607,251.389545,-0.000176,5.536546,5.536546,-2.386714
2280.000000,-505.526229,252.721860,-0.000131,5.536271,5.536271,-2.393736
2282.000000,-504.035495,254.053775,-0.000035,5.536029,5.536029,-2.400405
2284.000000,-502.544711,255.385634,-0.000016,5.535788,5.535788,-2.406082
2286.000000,-501.054013,256.717590,-0.000093,5.535545,5.535545,-2.410656
2288.000000,-499.563024,258.049219,-0.000164,5.535284,5.535284,-2.414920
2290.000000,-498.071539,259.380294,-0.000093,5.534998,5.534998,-2.419190
2292.000000,-496.579586,260.710844,0.000076,5.534677,5.534677,-2.423587
2294.000000,-495.088075,262.041889,0.000141,5.534324,5.534324,-2.426956
2296.000000,-493.596956,263.373373,0.000073,5.533931,5.533931,-2.429364
2298.000000,-492.106115,264.705169,0.000010,5.533340,5.533340,-2.431489
2300.000000,-490.615104,266.036774,0.000050,5.532355,5.532355,-2.435014
2302.000000,-489.124257,267.368563,0.000130,5.531108,5.531108,-2.440252
2304.000000,-487.633787,268.700773,0.000152,5.529798,5.529798,-2.447395
2306.000000,-486.143783,270.033506,0.000095,5.528470,5.528470,-2.455840
2308.000000,-484.654089,271.366584,0.000021,5.527031,5.527031,-2.465565
2310.000000,-483.164323,272.699582,0.000016,5.525376,5.525376,-2.476616
2312.000000,-481.674619,274.032649,0.000047,5.523575,5.523575,-2.487679
2314.000000,-480.185039,275.365855,0.000046,5.521724,5.521724,-2.497910
2316.000000,-478.695652,276.699277,0.000018,5.519851,5.519851,-2.506611
2318.000000,-477.206240,278.032670,-0.000003,5.517827,5.517827,-2.513968
2320.000000,-475.716882,279.366124,-0.000037,5.515595,5.515595,-2.519683
2322.000000,-474.227405,280.699445,-0.000072,5.513115,5.513115,-2.524047
2324.000000,-472.737715,282.032527,0.000031,5.510649,5.510649,-2.527804
2326.000000,-471.247799,283.365358,0.000416,5.508204,5.508204,-2.531222
2328.000000,-469.758881,284.699302,0.000736,5.505855,5.505855,-2.531946
2330.000000,-468.272631,286.036218,0.000427,5.503700,5.503700,-2.526903
2332.000000,-466.787907,287.374830,-0.000200,5.501669,5.501669,-2.516654
2334.000000,-465.302027,288.712158,-0.000251,5.499597,5.499597,-2.503353
2336.000000,-463.814800,290.047987,0.000463,5.497476,5.497476,-2.487317
2338.000000,-462.328735,291.385109,0.001033,5.495051,5.495051,-2.464409
2340.000000,-460.846653,292.726643,0.000444,5.492045,5.492045,-2.429892
2342.000000,-459.366514,294.070323,-0.000820,5.488628,5.488628,-2.386742
2344.000000,-457.883264,295.410566,-0.000843,5.485039,5.485039,-2.341076
2346.000000,-456.395506,296.745803,0.000817,5.481369,5.481369,-2.292647
2348.000000,-454.910853,298.084478,0.002290,5.477119,5.477119,-2.229059
2350.000000,-453.433274,299.430964,0.001065,5.472077,5.472077,-2.141428
2352.000000,-451.963055,300.785481,-0.002157,5.466278,5.466278,-2.026950
2354.000000,-450.482511,302.128697,-0.001237,5.461456,5.461456,-1.913177
2356.000000,-448.992089,303.460955,0.006085,5.458181,5.458181,-1.795793
2358.000000,-447.518748,304.811536,0.011391,5.462178,5.462178,-1.630375
2360.000000,-446.087691,306.207335,0.005305,5.478370,5.478370,-1.372022
2362.000000,-444.680023,307.626671,-0.006150,5.503531,5.503531,-1.031878
2364.000000,-443.241845,309.015039,-0.010903,5.529280,5.529280,-0.675574
2366.000000,-441.773070,310.371050,-0.009821,5.554815,5.554815,-0.312436
2368.000000,-440.276297,311.696120,-0.008830,5.578779,5.578779,0.053568
2370.000000,-438.760451,312.999353,-0.012137,5.600475,5.600475,0.430851
2372.000000,-437.217975,314.270847,-0.017468,5.620683,5.620683,0.807229
2374.000000,-435.624630,315.477858,-0.017291,5.639853,5.639853,1.152881
2376.000000,-433.988036,316.625460,-0.013817,5.658459,5.658459,1.479898
2378.000000,-432.324629,317.734176,-0.013156,5.672227,5.672227,1.836691
2380.000000,-430.632482,318.798494,-0.017900,5.680579,5.680579,2.249695
2382.000000,-428.910954,319.813634,-0.026184,5.683724,5.683724,2.695453
2384.000000,-427.132338,320.724866,-0.036392,5.686601,5.686601,3.108454
2386.000000,-425.300550,321.524230,-0.055268,5.689117,5.689117,3.480164
2388.000000,-423.396551,322.121081,-0.070224,5.690296,5.690296,3.697841
2390.000000,-421.419417,322.399162,-0.062388,5.687750,5.687750,3.689936
2392.000000,-419.423591,322.428944,-0.044166,5.683004,5.683004,3.528563
2394.000000,-417.429780,322.289956,-0.033822,5.677638,5.677638,3.258194
2396.000000,-415.447650,322.033656,-0.034377,5.672820,5.672820,2.946338
2398.000000,-413.487896,321.643444,-0.039790,5.669688,5.669688,2.615298
2400.000000,-411.565923,321.098148,-0.041525,5.671079,5.671079,2.261826
2402.000000,-409.700974,320.381903,-0.035081,5.678329,5.678329,1.869454
2404.000000,-407.891057,319.533986,-0.025689,5.689020,5.689020,1.463822
2406.000000,-406.123113,318.601369,-0.026748,5.701518,5.701518,1.074446
2408.000000,-404.393296,317.599900,-0.040081,5.714828,5.714828,0.690296
2410.000000,-402.759192,316.451369,-0.048816,5.736051,5.736051,0.192703
2412.000000,-401.254940,315.137579,-0.034577,5.765738,5.765738,-0.464990
2414.000000,-399.875772,313.690450,-0.006256,5.804446,5.804446,-1.237817
2416.000000,-398.479429,312.260005,0.013622,5.842100,5.842100,-1.904715
2418.000000,-397.058267,310.854218,0.031160,5.877423,5.877423,-2.486299
2420.000000,-395.554337,309.540502,0.045226,5.903609,5.903609,-2.895340
2422.000000,-393.917228,308.395243,0.040494,5.910532,5.910532,-3.112524
2424.000000,-392.189468,307.391689,0.026807,5.904632,5.904632,-3.204601
2426.000000,-390.415102,306.471175,0.020877,5.895054,5.895054,-3.235806
2428.000000,-388.609866,305.612946,0.026000,5.885225,5.885225,-3.239025
2430.000000,-386.764574,304.845680,0.035131,5.874096,5.874096,-3.192915
2432.000000,-384.868040,304.216274,0.035795,5.860194,5.860194,-3.057482
2434.000000,-382.924952,303.747763,0.026457,5.843057,5.843057,-2.813576
2436.000000,-380.962809,303.366854,0.021872,5.825258,5.825258,-2.535676
2438.000000,-378.987481,303.060714,0.031505,5.807345,5.807345,-2.249410
2440.000000,-376.999833,302.861899,0.045627,5.789275,5.789275,-1.950124
2442.000000,-375.001628,302.873880,0.045204,5.770399,5.770399,-1.513019
2444.000000,-373.016171,303.083538,0.029282,5.750751,5.750751,-0.938339
2446.000000,-371.043414,303.406418,0.014415,5.730748,5.730748,-0.328059
2448.000000,-369.077742,303.770045,0.006644,5.711036,5.711036,0.209609
2450.000000,-367.118476,304.166837,0.001578,5.691813,5.691813,0.706595
2452.000000,-365.158658,304.560963,0.000007,5.675749,5.675749,1.150076
2454.000000,-363.198214,304.952045,0.002691,5.662956,5.662956,1.558880
2456.000000,-361.239589,305.351986,0.005804,5.652084,5.652084,1.961293
2458.000000,-359.286764,305.779361,0.005700,5.641339,5.641339,2.378225
2460.000000,-357.340018,306.233714,0.002610,5.630963,5.630963,2.799527
2462.000000,-355.395044,306.695623,0.001203,5.621873,5.621873,3.195544
2464.000000,-353.449735,307.156118,0.002980,5.614525,5.614525,3.549834
2466.000000,-351.507799,307.630593,0.004847,5.608166,5.608166,3.870374
2468.000000,-349.570797,308.124789,0.003191,5.602087,5.602087,4.165030
2470.000000,-347.639459,308.640694,-0.000959,5.596169,5.596169,4.428547
2472.000000,-345.704496,309.142881,-0.002242,5.592405,5.592405,4.621385
2474.000000,-343.767228,309.635969,-0.000012,5.590396,5.590396,4.765502
2476.000000,-341.829225,310.126279,0.002327,5.589492,5.589492,4.868617
2478.000000,-339.894941,310.631064,0.000603,5.588684,5.588684,4.937822
2480.000000,-337.963247,311.145689,-0.003908,5.588002,5.588002,4.983897
2482.000000,-336.025156,311.635474,-0.004699,5.588085,5.588085,4.982602
2484.000000,-334.081910,312.104549,-0.001558,5.588869,5.588869,4.940060
2486.000000,-332.137074,312.567029,0.001320,5.589993,5.589993,4.864784
2488.000000,-330.194577,313.039232,0.001561,5.591115,5.591115,4.772604
2490.000000,-328.253954,313.519097,0.000155,5.592229,5.592229,4.671183
2492.000000,-326.313133,313.998156,-0.000333,5.593325,5.593325,4.563072
2494.000000,-324.371417,314.473577,0.000447,5.594395,5.594395,4.450420
2496.000000,-322.430419,314.951918,0.001076,5.595443,5.595443,4.343267
2498.000000,-320.490594,315.434990,0.000496,5.596466,5.596466,4.244288
2500.000000,-318.551848,315.922375,-0.000784,5.597442,5.597442,4.153825
2502.000000,-316.611685,316.404097,-0.001047,5.598207,5.598207,4.060143
2504.000000,-314.670255,316.880671,-0.000194,5.598777,5.598777,3.962306
2506.000000,-312.728752,317.356958,0.000442,5.599316,5.599316,3.865187
2508.000000,-310.787915,317.835953,-0.000139,5.599941,5.599941,3.773662
2510.000000,-308.847504,318.316675,-0.001346,5.600689,5.600689,3.688850
2512.000000,-306.905052,318.789070,-0.001387,5.602250,5.602250,3.602786
2514.000000,-304.961155,319.255483,-0.000312,5.604404,5.604404,3.517039
2516.000000,-303.016956,319.720645,0.000506,5.606828,5.606828,3.435861
2518.000000,-301.073631,320.189444,0.000402,5.609225,5.609225,3.368213
2520.000000,-299.130749,320.660077,-0.000205,5.611534,5.611534,3.313933
2522.000000,-297.187610,321.129649,-0.000296,5.613637,5.613637,3.266060
2524.000000,-295.243773,321.596322,0.000344,5.615438,5.615438,3.221333
2526.000000,-293.300480,322.065252,0.000819,5.617118,5.617118,3.184811
2528.000000,-291.358089,322.537907,0.000357,5.618726,5.618726,3.157856
2530.000000,-289.416434,323.013572,-0.000649,5.620177,5.620177,3.140920
2532.000000,-287.473753,323.485033,-0.000741,5.621040,5.621040,3.126591
2534.000000,-285.529942,323.951805,0.000281,5.621320,5.621320,3.113230
2536.000000,-283.586629,324.420654,0.000994,5.621428,5.621428,3.107795
2538.000000,-281.644504,324.894397,-0.000050,5.621597,5.621597,3.111725
2540.000000,-279.703256,325.371723,-0.001842,5.621859,5.621859,3.121470
2542.000000,-277.758898,325.836204,-0.001682,5.622730,5.622730,3.119524
2544.000000,-275.812993,326.294169,0.000025,5.624015,5.624015,3.113550
2546.000000,-273.867023,326.751861,0.001154,5.625551,5.625551,3.107921
2548.000000,-271.922822,327.217011,0.000704,5.627162,5.627162,3.106953
2550.000000,-269.979412,327.685458,-0.000651,5.629020,5.629020,3.106017
2552.000000,-268.035255,328.150796,-0.000885,5.631431,5.631431,3.098397
2554.000000,-266.089389,328.608932,0.000482,5.634668,5.634668,3.077674
2556.000000,-264.144411,329.070818,0.001508,5.638178,5.638178,3.049317
2558.000000,-262.201158,329.539905,0.000449,5.641811,5.641811,3.007869
2560.000000,-260.259192,330.014282,-0.001836,5.645722,5.645722,2.937405
2562.000000,-258.314612,330.477847,-0.001851,5.650649,5.650649,2.814215
2564.000000,-256.367175,330.929195,0.001065,5.656594,5.656594,2.632241
2566.000000,-254.421241,331.387006,0.003291,5.663446,5.663446,2.402431
2568.000000,-252.479102,331.860665,0.002430,5.671170,5.671170,2.144169
2570.000000,-250.540174,332.347305,0.000356,5.680180,5.680180,1.860239
2572.000000,-248.600225,332.829876,0.000923,5.697083,5.697083,1.530529
2574.000000,-246.660445,333.313137,0.004387,5.720168,5.720168,1.160098
2576.000000,-244.725028,333.813378,0.008082,5.746312,5.746312,0.769472
2578.000000,-242.798478,334.346807,0.011064,5.772364,5.772364,0.376930
2580.000000,-240.883896,334.921491,0.013854,5.798201,5.798201,-0.008218
2582.000000,-238.986390,335.550114,0.015540,5.823617,5.823617,-0.363968
2584.000000,-237.110440,336.240392,0.014889,5.848472,5.848472,-0.682455
2586.000000,-235.256418,336.987754,0.012989,5.872842,5.872842,-0.981633
2588.000000,-233.421808,337.781580,0.014488,5.896807,5.896807,-1.283378
2590.000000,-231.605843,338.617178,0.019773,5.920511,5.920511,-1.598818
2592.000000,-229.829401,339.533320,0.022664,5.941986,5.941986,-1.893550
2594.000000,-228.096517,340.529143,0.021013,5.961235,5.961235,-2.187236
2596.000000,-226.410410,341.602783,0.018271,5.978050,5.978050,-2.472471
2598.000000,-224.759176,342.729332,0.020446,5.994234,5.994234,-2.748828
2600.000000,-223.151086,343.916577,0.029336,6.009411,6.009411,-2.982472
2602.000000,-221.614524,345.193162,0.036675,6.021245,6.021245,-3.122699
2604.000000,-220.188160,346.592712,0.033604,6.026597,6.026597,-3.131840
2606.000000,-218.863907,348.089230,0.024250,6.027097,6.027097,-3.038487
2608.000000,-217.607886,349.644270,0.018673,6.025967,6.025967,-2.896129
2610.000000,-216.404553,351.240395,0.019199,6.024507,6.024507,-2.736340
2612.000000,-215.261962,352.880370,0.023220,6.021759,6.021759,-2.554826
2614.000000,-214.194472,354.570236,0.024843,6.016471,6.016471,-2.343261
2616.000000,-213.226598,356.319120,0.020726,6.007247,6.007247,-2.094034
2618.000000,-212.325200,358.103230,0.017075,5.996808,5.996808,-1.848409
2620.000000,-211.482237,359.915704,0.019911,5.985807,5.985807,-1.620341
2622.000000,-210.701202,361.755655,0.025312,5.974186,5.974186,-1.414960
2624.000000,-210.029857,363.638379,0.025223,5.958362,5.958362,-1.187722
2626.000000,-209.454848,365.552275,0.020223,5.939048,5.939048,-0.932682
2628.000000,-208.959391,367.488881,0.015138,5.917475,5.917475,-0.656535
2630.000000,-208.518760,369.438705,0.008924,5.896120,5.896120,-0.385269
2632.000000,-208.123535,371.398253,0.001003,5.875219,5.875219,-0.111289
2634.000000,-207.721811,373.356453,-0.002337,5.856969,5.856969,0.120885
2636.000000,-207.303307,375.311220,0.002377,5.842174,5.842174,0.290734
2638.000000,-206.888273,377.266654,0.009193,5.829833,5.829833,0.405511
2640.000000,-206.520364,379.231491,0.009598,5.817787,5.817787,0.501821
2642.000000,-206.199036,381.204549,0.003526,5.806613,5.806613,0.561047
2644.000000,-205.888327,383.179326,0.000685,5.798001,5.798001,0.564655
2646.000000,-205.565320,385.152110,0.004709,5.793277,5.793277,0.508025
2648.000000,-205.267124,387.128776,0.008494,5.790621,5.790621,0.447422
2650.000000,-205.006064,389.110665,0.005634,5.788639,5.788639,0.407673
2652.000000,-204.780394,391.096906,-0.001665,5.787872,5.787872,0.381906
2654.000000,-204.536093,393.080987,-0.003305,5.792012,5.792012,0.317069
2656.000000,-204.267248,395.061799,0.001752,5.801257,5.801257,0.210814
2658.000000,-204.013708,397.044711,0.004812,5.811925,5.811925,0.102456
2660.000000,-203.781874,399.030275,0.001665,5.822535,5.822535,0.008993
2662.000000,-203.567671,401.017824,-0.003498,5.833059,5.833059,-0.066350
2664.000000,-203.322937,403.001856,-0.003748,5.843258,5.843258,-0.166163
2666.000000,-203.066104,404.984349,-0.001199,5.853213,5.853213,-0.271031
2668.000000,-202.804524,406.966232,0.000361,5.862763,5.862763,-0.372874
2670.000000,-202.545522,408.948453,0.001096,5.872009,5.872009,-0.461483
2672.000000,-202.291826,410.931361,0.001590,5.880247,5.880247,-0.534813
2674.000000,-202.042311,412.914799,0.000967,5.886488,5.886488,-0.595104
2676.000000,-201.804352,414.899655,-0.002011,5.889416,5.889416,-0.633386
2678.000000,-201.554442,416.883029,-0.004158,5.891416,5.891416,-0.672990
2680.000000,-201.284988,418.863844,-0.002175,5.892884,5.892884,-0.719628
2682.000000,-201.000685,420.842578,0.002491,5.892985,5.892985,-0.758377
2684.000000,-200.731162,422.823397,0.002119,5.888971,5.888971,-0.753719
2686.000000,-200.486396,424.807361,-0.005050,5.880264,5.880264,-0.692035
2688.000000,-200.210932,426.787286,-0.009879,5.870179,5.870179,-0.619098
2690.000000,-199.892198,428.760737,-0.005262,5.860334,5.860334,-0.544458
2692.000000,-199.534589,430.727504,0.002765,5.850870,5.850870,-0.464661
2694.000000,-199.214948,432.700856,0.001222,5.844253,5.844253,-0.294272
2696.000000,-198.901793,434.675236,-0.008139,5.839554,5.839554,-0.070275
2698.000000,-198.556963,436.644216,-0.014600,5.835722,5.835722,0.171270
2700.000000,-198.141067,438.599422,-0.014706,5.831974,5.831974,0.400547
2702.000000,-197.670133,440.542126,-0.012931,5.828483,5.828483,0.631915
2704.000000,-197.150970,442.472531,-0.013162,5.825496,5.825496,0.882327
2706.000000,-196.583026,444.389120,-0.014521,5.823291,5.823291,1.171461
2708.000000,-195.958596,446.287997,-0.016213,5.821263,5.821263,1.476055
2710.000000,-195.274632,448.166290,-0.017119,5.819304,5.819304,1.784272
2712.000000,-194.521671,450.018009,-0.016359,5.817507,5.817507,2.083074
2714.000000,-193.710997,451.845145,-0.015893,5.816156,5.816156,2.367126
2716.000000,-192.843982,453.646264,-0.016502,5.815297,5.815297,2.633834
2718.000000,-191.916951,455.417235,-0.016682,5.814445,5.814445,2.882134
2720.000000,-190.930788,457.155951,-0.018007,5.813277,5.813277,3.118670
2722.000000,-189.888845,458.861810,-0.021961,5.811633,5.811633,3.350297
2724.000000,-188.770467,460.518379,-0.023794,5.807708,5.807708,3.543137
2726.000000,-187.567159,462.114428,-0.020430,5.801237,5.801237,3.669377
2728.000000,-186.300368,463.660675,-0.016856,5.793350,5.793350,3.743069
2730.000000,-184.987106,465.167687,-0.017568,5.785518,5.785518,3.793450
2732.000000,-183.624052,466.629770,-0.020446,5.777791,5.777791,3.824930
2734.000000,-182.199544,468.031950,-0.021453,5.770420,5.770420,3.830439
2736.000000,-180.714792,469.369940,-0.020248,5.763542,5.763542,3.807160
2738.000000,-179.176939,470.646892,-0.018506,5.757050,5.757050,3.759278
2740.000000,-177.593024,471.866285,-0.018227,5.750808,5.750808,3.695091
2742.000000,-175.968901,473.031565,-0.020249,5.744745,5.744745,3.618118
2744.000000,-174.298193,474.128446,-0.024022,5.739542,5.739542,3.510976
2746.000000,-172.579258,475.148589,-0.024672,5.735415,5.735415,3.365281
2748.000000,-170.802275,476.063927,-0.019378,5.733177,5.733177,3.158476
2750.000000,-168.996845,476.921917,-0.016058,5.731471,5.731471,2.942678
2752.000000,-167.165766,477.723639,-0.020879,5.730483,5.730483,2.726457
2754.000000,-165.308166,478.461722,-0.027524,5.730745,5.730745,2.508810
2756.000000,-163.405402,479.073720,-0.026164,5.737468,5.737468,2.227597
2758.000000,-161.473823,479.586843,-0.019811,5.748622,5.748622,1.897171
2760.000000,-159.523285,480.024183,-0.015941,5.762035,5.762035,1.548614
2762.000000,-157.561008,480.405409,-0.015459,5.775520,5.775520,1.229093
2764.000000,-155.587900,480.725578,-0.016894,5.789121,5.789121,0.938946
2766.000000,-153.605362,480.980702,-0.018044,5.802910,5.802910,0.648208
2768.000000,-151.614518,481.159747,-0.016619,5.816967,5.816967,0.314793
2770.000000,-149.618536,481.269407,-0.013681,5.831133,5.831133,-0.058056
2772.000000,-147.620457,481.329193,-0.014195,5.845202,5.845202,-0.436585
2774.000000,-145.621496,481.339734,-0.017476,5.859187,5.859187,-0.808078
2776.000000,-143.623733,481.271827,-0.017771,5.872179,5.872179,-1.191642
2778.000000,-141.629930,481.130886,-0.014310,5.884243,5.884243,-1.584672
2780.000000,-139.640936,480.930890,-0.010322,5.895351,5.895351,-1.954264
2782.000000,-137.655982,480.694051,-0.006222,5.905916,5.905916,-2.271643
2784.000000,-135.675009,480.425851,-0.001160,5.915517,5.915517,-2.558884
2786.000000,-133.693924,480.158482,0.001479,5.921341,5.921341,-2.806856
2788.000000,-131.711325,479.902405,-0.001045,5.921933,5.921933,-3.021968
2790.000000,-129.728748,479.646346,-0.005244,5.918868,5.918868,-3.226036
2792.000000,-127.749973,479.362420,-0.005768,5.915838,5.915838,-3.441029
2794.000000,-125.775285,479.051215,-0.002431,5.912902,5.912902,-3.641949
2796.000000,-123.801993,478.731206,-0.000456,5.910236,5.910236,-3.808396
2798.000000,-121.827671,478.417665,-0.002283,5.907999,5.907999,-3.937342
2800.000000,-119.855185,478.092797,-0.004532,5.906099,5.906099,-4.034182
2802.000000,-117.886072,477.748112,-0.003130,5.904495,5.904495,-4.098761
2804.000000,-115.920641,477.382995,0.001054,5.903192,5.903192,-4.134621
2806.000000,-113.953113,477.029275,0.002626,5.903953,5.903953,-4.118377
2808.000000,-111.983138,476.689782,0.000195,5.906719,5.906719,-4.071464
2810.000000,-110.012857,476.351776,-0.002299,5.910221,5.910221,-4.009387
2812.000000,-108.045052,475.999626,-0.000819,5.913121,5.913121,-3.947782
2814.000000,-106.078949,475.638077,0.003105,5.915140,5.915140,-3.883359
2816.000000,-104.109282,475.296579,0.003839,5.912667,5.912667,-3.783635
2818.000000,-102.136543,474.973271,0.000956,5.906097,5.906097,-3.646783
2820.000000,-100.163131,474.654018,-0.001614,5.897562,5.897562,-3.485722
2822.000000,-98.191571,474.323528,-0.001667,5.888970,5.888970,-3.318791
2824.000000,-96.221201,473.985997,-0.000273,5.880206,5.880206,-3.149704
2826.000000,-94.250995,473.647510,0.000236,5.871097,5.871097,-2.977444
2828.000000,-92.279996,473.313673,-0.000689,5.861364,5.861364,-2.797934
2830.000000,-90.309787,472.975211,-0.001399,5.851529,5.851529,-2.618847
2832.000000,-88.340661,472.630500,-0.000705,5.841739,5.841739,-2.435429
2834.000000,-86.372404,472.280870,0.000848,5.832047,5.832047,-2.243402
2836.000000,-84.403265,471.936230,0.001265,5.822612,5.822612,-2.036324
2838.000000,-82.432697,471.599891,0.000074,5.813500,5.813500,-1.813061
2840.000000,-80.462409,471.261886,-0.000739,5.804641,5.804641,-1.584878
2842.000000,-78.492777,470.920074,0.000380,5.796026,5.796026,-1.358183
2844.000000,-76.523555,470.575906,0.002328,5.787779,5.787779,-1.133662
2846.000000,-74.551856,470.246246,0.002347,5.781601,5.781601,-0.895985
2848.000000,-72.578508,469.926613,0.000634,5.776962,5.776962,-0.650486
2850.000000,-70.604761,469.609428,-0.000646,5.773062,5.773062,-0.405758
2852.000000,-68.631811,469.287324,-0.000720,5.769235,5.769235,-0.170254
2854.000000,-66.659320,468.962414,-0.000190,5.765626,5.765626,0.057661
2856.000000,-64.686966,468.636675,0.000013,5.762424,5.762424,0.278124
2858.000000,-62.714371,468.312400,-0.000277,5.759988,5.759988,0.489402
2860.000000,-60.742088,467.986232,-0.000521,5.757740,5.757740,0.687874
2862.000000,-58.770144,467.658019,-0.000500,5.755562,5.755562,0.873026
2864.000000,-56.798573,467.327575,-0.000431,5.753550,5.753550,1.041783
2866.000000,-54.827233,466.995759,-0.000236,5.752003,5.752003,1.197440
2868.000000,-52.856198,466.662128,0.000199,5.751037,5.751037,1.338651
2870.000000,-50.884948,466.329779,0.000468,5.750323,5.750323,1.462605
2872.000000,-48.913295,465.999819,-0.000261,5.749703,5.749703,1.568816
2874.000000,-46.941422,465.671184,-0.001565,5.749227,5.749227,1.654822
2876.000000,-44.971097,465.333405,-0.001460,5.749504,5.749504,1.704656
2878.000000,-43.002106,464.987930,0.000415,5.750430,5.750430,1.721677
2880.000000,-41.032848,464.643992,0.001867,5.751748,5.751748,1.718258
2882.000000,-39.061672,464.311217,0.001378,5.753190,5.753190,1.703479
2884.000000,-37.089564,463.983990,-0.000475,5.754998,5.754998,1.673948
2886.000000,-35.117546,463.656221,-0.000984,5.757517,5.757517,1.622765
2888.000000,-33.147557,463.316498,0.001328,5.761373,5.761373,1.534199
2890.000000,-31.176049,462.985723,0.003207,5.765686,5.765686,1.433539
2892.000000,-29.202085,462.669942,0.001691,5.770220,5.770220,1.330760
2894.000000,-27.226292,462.365827,-0.002179,5.775244,5.775244,1.220092
2896.000000,-25.252314,462.050078,-0.002625,5.781670,5.781670,1.076402
2898.000000,-23.282164,461.711560,0.002127,5.789901,5.789901,0.884294
2900.000000,-21.309346,461.388803,0.005498,5.798674,5.798674,0.671939
2902.000000,-19.332617,461.090865,0.003368,5.807320,5.807320,0.454694
2904.000000,-17.352781,460.814343,-0.000917,5.815753,5.815753,0.230239
2906.000000,-15.374994,460.523404,-0.000447,5.823051,5.823051,-0.040456
2908.000000,-13.398269,460.225371,0.004815,5.829439,5.829439,-0.343096
2910.000000,-11.418462,459.948879,0.008413,5.835289,5.835289,-0.647762
2912.000000,-9.433438,459.712670,0.008331,5.840889,5.840889,-0.936665
2914.000000,-7.444927,459.507752,0.007186,5.845715,5.845715,-1.214397
2916.000000,-5.453593,459.332274,0.007089,5.848960,5.848960,-1.481658
2918.000000,-3.460298,459.180953,0.008563,5.849994,5.849994,-1.738129
2920.000000,-1.464654,459.064821,0.009881,5.850401,5.850401,-1.967319
2922.000000,0.532987,458.990735,0.009568,5.850377,5.850377,-2.161993
2924.000000,2.531705,458.955112,0.008801,5.849050,5.849050,-2.325541
2926.000000,4.530726,458.953383,0.008840,5.845460,5.845460,-2.463735
2928.000000,6.529487,458.986055,0.009263,5.838185,5.838185,-2.580833
2930.000000,8.527239,459.057321,0.009649,5.830780,5.830780,-2.675077
2932.000000,10.523357,459.164989,0.011052,5.823734,5.823734,-2.750188
2934.000000,12.516686,459.315310,0.012561,5.817480,5.817480,-2.804953
2936.000000,14.505149,459.520147,0.011872,5.813758,5.813758,-2.830823
2938.000000,16.488041,459.773221,0.009833,5.812136,5.812136,-2.833835
2940.000000,18.465840,460.063856,0.008595,5.811313,5.811313,-2.829168
2942.000000,20.438599,460.386902,0.008809,5.810605,5.810605,-2.827831
2944.000000,22.405587,460.743327,0.010417,5.810254,5.810254,-2.829080
2946.000000,24.364983,461.139278,0.010839,5.810574,5.810574,-2.828427
2948.000000,26.313422,461.586201,0.008481,5.812025,5.812025,-2.811950
2950.000000,28.255243,462.061079,0.007234,5.813738,5.813738,-2.792839
2952.000000,30.190736,462.561147,0.008714,5.815575,5.815575,-2.772025
2954.000000,32.117130,463.094977,0.010956,5.817736,5.817736,-2.744027
2956.000000,34.031516,463.670494,0.011560,5.820640,5.820640,-2.696040
2958.000000,35.929772,464.296912,0.009181,5.824601,5.824601,-2.614754
2960.000000,37.817012,464.956123,0.006853,5.828398,5.828398,-2.516660
2962.000000,39.696131,465.638083,0.009138,5.831476,5.831476,-2.407702
2964.000000,41.566006,466.345026,0.013796,5.833468,5.833468,-2.285896
2966.000000,43.410438,467.115708,0.013792,5.829820,5.829820,-2.114388
2968.000000,45.232270,467.938287,0.009936,5.821458,5.821458,-1.902474
2970.000000,47.037996,468.795943,0.007108,5.810679,5.810679,-1.667634
2972.000000,48.832850,469.676124,0.006504,5.799506,5.799506,-1.431099
2974.000000,50.616541,470.578678,0.007532,5.787189,5.787189,-1.197241
2976.000000,52.386977,471.506965,0.008332,5.772760,5.772760,-0.965091
2978.000000,54.139685,472.468295,0.007565,5.754133,5.754133,-0.729268
2980.000000,55.878153,473.455167,0.006700,5.734072,5.734072,-0.497725
2982.000000,57.604175,474.463654,0.007106,5.713398,5.713398,-0.276992
2984.000000,59.315912,475.496185,0.007813,5.691709,5.691709,-0.071449
2986.000000,61.010524,476.556581,0.007594,5.666264,5.666264,0.121807
2988.000000,62.688208,477.643548,0.006381,5.636390,5.636390,0.305622
2990.000000,64.351818,478.751982,0.004888,5.604858,5.604858,0.475716
2992.000000,66.004743,479.876303,0.002567,5.574309,5.574309,0.631827
2994.000000,67.649651,481.012320,-0.000467,5.545309,5.545309,0.777461
2996.000000,69.298226,482.143011,-0.001592,5.522975,5.522975,0.892820
2998.000000,70.951712,483.266512,-0.000046,5.508286,5.508286,0.972727
3000.000000,72.606080,484.388716,0.001687,5.497624,5.497624,1.023293
3002.000000,74.254190,485.520088,0.001194,5.487194,5.487194,1.053918
3004.000000,75.898709,486.656681,-0.001294,5.477457,5.477457,1.065978
3006.000000,77.545883,487.789419,-0.002735,5.469036,5.469036,1.059723
3008.000000,79.202988,488.907562,-0.001503,5.463163,5.463163,1.025279
3010.000000,80.862187,490.022616,-0.000132,5.458323,5.458323,0.975729
3012.000000,82.520775,491.138578,-0.001422,5.453694,5.453694,0.916109
3014.000000,84.179669,492.254068,-0.004549,5.449379,5.449379,0.843464
3016.000000,85.851131,493.350646,-0.005706,5.446378,5.446378,0.734424
3018.000000,87.537054,494.424728,-0.003700,5.444886,5.444886,0.584424
3020.000000,89.231060,495.486156,-0.001471,5.444227,5.444227,0.401163
3022.000000,90.926322,496.545576,-0.001676,5.443704,5.443704,0.195445
3024.000000,92.623577,497.601800,-0.003630,5.443387,5.443387,-0.029460
3026.000000,94.329683,498.643638,-0.004270,5.443909,5.443909,-0.280738
3028.000000,96.046374,499.667947,-0.002651,5.445428,5.445428,-0.552223
3030.000000,97.768388,500.683306,-0.000765,5.447422,5.447422,-0.823599
3032.000000,99.490943,501.697747,0.000156,5.449362,5.449362,-1.076915
3034.000000,101.213337,502.712460,0.000847,5.451137,5.451137,-1.308344
3036.000000,102.934241,503.729700,0.001202,5.452602,5.452602,-1.518598
3038.000000,104.651387,504.753265,0.000553,5.453462,5.453462,-1.704758
3040.000000,106.367732,505.778177,-0.000156,5.454017,5.454017,-1.876053
3042.000000,108.084926,506.801667,0.000725,5.454418,5.454418,-2.034963
3044.000000,109.802498,507.824517,0.002980,5.454609,5.454609,-2.174025
3046.000000,111.512486,508.859995,0.003576,5.453831,5.453831,-2.271204
3048.000000,113.212574,509.911586,0.001159,5.451958,5.451958,-2.323618
3050.000000,114.910258,510.967116,-0.001144,5.449485,5.449485,-2.344066
3052.000000,116.613002,512.014469,0.000708,5.447076,5.447076,-2.343827
3054.000000,118.317661,513.058700,0.005632,5.444770,5.444770,-2.322221
3056.000000,120.007341,514.126898,0.006958,5.442897,5.442897,-2.249458
3058.000000,121.676882,515.226316,0.001880,5.441550,5.441550,-2.116118
3060.000000,123.341682,516.332960,-0.003556,5.440463,5.440463,-1.950687
3062.000000,125.019859,517.419211,-0.004084,5.439385,5.439385,-1.786147
3064.000000,126.707062,518.491414,-0.001211,5.438331,5.438331,-1.614933
3066.000000,128.398273,519.557288,-0.000076,5.437321,5.437321,-1.428332
3068.000000,130.082873,520.633563,-0.003235,5.436406,5.436406,-1.199273
3070.000000,131.777277,521.694304,-0.006198,5.435515,5.435515,-0.956190
3072.000000,133.486006,522.731813,-0.005144,5.434623,5.434623,-0.712702
3074.000000,135.208165,523.746913,-0.001233,5.433730,5.433730,-0.466170
3076.000000,136.931682,524.759702,-0.000442,5.432831,5.432831,-0.192532
3078.000000,138.649182,525.782609,-0.005395,5.431926,5.431926,0.121076
3080.000000,140.380788,526.781407,-0.009644,5.431546,5.431546,0.435939
3082.000000,142.133057,527.743472,-0.011548,5.432124,5.432124,0.732813
3084.000000,143.905120,528.668579,-0.013480,5.434160,5.434160,1.011970
3086.000000,145.703489,529.541345,-0.013797,5.442599,5.442599,1.265839
3088.000000,147.525746,530.363058,-0.012675,5.457581,5.457581,1.502289
3090.000000,149.367709,531.139688,-0.012389,5.475771,5.475771,1.731049
3092.000000,151.227721,531.872036,-0.013094,5.493895,5.493895,1.958255
3094.000000,153.106524,532.554641,-0.014479,5.511897,5.511897,2.178076
3096.000000,155.003414,533.185187,-0.015890,5.529706,5.529706,2.383849
3098.000000,156.920628,533.750820,-0.015159,5.547174,5.547174,2.564672
3100.000000,158.854744,534.255967,-0.013056,5.564346,5.564346,2.733414
3102.000000,160.800563,534.713888,-0.013952,5.581170,5.581170,2.894557
3104.000000,162.756946,535.124407,-0.017427,5.597643,5.597643,3.046328
3106.000000,164.727653,535.459049,-0.018690,5.612253,5.612253,3.165612
3108.000000,166.709388,535.718973,-0.016457,5.624888,5.624888,3.249184
3110.000000,168.699329,535.908981,-0.013549,5.635696,5.635696,3.298053
3112.000000,170.693172,536.052472,-0.012840,5.646390,5.646390,3.334172
3114.000000,172.690107,536.143244,-0.013679,5.656805,5.656805,3.352778
3116.000000,174.688662,536.181110,-0.014957,5.666577,5.666577,3.349276
3118.000000,176.687494,536.159018,-0.014888,5.675263,5.675263,3.315914
3120.000000,178.684532,536.070750,-0.012587,5.682802,5.682802,3.249518
3122.000000,180.679050,535.936957,-0.011520,5.690033,5.690033,3.171332
3124.000000,182.670146,535.759496,-0.012998,5.696915,5.696915,3.087568
3126.000000,184.656069,535.531373,-0.014656,5.702732,5.702732,2.998359
3128.000000,186.633885,535.241690,-0.014072,5.706545,5.706545,2.901594
3130.000000,188.602327,534.893616,-0.012296,5.708022,5.708022,2.792886
3132.000000,190.562555,534.501770,-0.012050,5.708801,5.708801,2.681901
3134.000000,192.512737,534.062656,-0.013071,5.709023,5.709023,2.565008
3136.000000,194.450883,533.573549,-0.015153,5.707796,5.707796,2.434670
3138.000000,196.374150,533.028653,-0.016265,5.704055,5.704055,2.283632
3140.000000,198.275462,532.411751,-0.013879,5.695855,5.695855,2.097184
3142.000000,200.160319,531.745892,-0.011547,5.687336,5.687336,1.903703
3144.000000,202.030302,531.039424,-0.013986,5.679604,5.679604,1.710800
3146.000000,203.883392,530.289714,-0.018975,5.673036,5.673036,1.517861
3148.000000,205.701799,529.459740,-0.019378,5.671757,5.671757,1.292766
3150.000000,207.484591,528.555963,-0.014803,5.675577,5.675577,1.027635
3152.000000,209.240454,527.600434,-0.011037,5.682226,5.682226,0.735655
3154.000000,210.977857,526.611736,-0.010278,5.689264,5.689264,0.439665
3156.000000,212.694013,525.586630,-0.011290,5.697423,5.697423,0.144550
3158.000000,214.388235,524.525685,-0.012300,5.707501,5.707501,-0.140557
3160.000000,216.053006,523.419154,-0.011138,5.721585,5.721585,-0.416453
3162.000000,217.691910,522.274537,-0.008829,5.737705,5.737705,-0.676824
3164.000000,219.312466,521.104100,-0.009097,5.754477,5.754477,-0.933584
3166.000000,220.914243,519.908077,-0.011256,5.771900,5.771900,-1.188741
3168.000000,222.485427,518.672169,-0.011580,5.793023,5.793023,-1.453879
3170.000000,224.026633,517.399235,-0.009427,5.818161,5.818161,-1.735783
3172.000000,225.542460,516.095977,-0.006606,5.846078,5.846078,-2.029035
3174.000000,227.042566,514.774644,-0.004002,5.873173,5.873173,-2.318224
3176.000000,228.530622,513.439755,-0.001218,5.898712,5.898712,-2.599980
3178.000000,230.016185,512.102077,0.000585,5.919748,5.919748,-2.858212
3180.000000,231.505853,510.768973,-0.000552,5.933240,5.933240,-3.075602
3182.000000,232.996052,509.436473,-0.003001,5.941368,5.941368,-3.254766
3184.000000,234.475149,508.091662,-0.003422,5.949296,5.949296,-3.411572
3186.000000,235.943698,506.735331,-0.001557,5.956673,5.956673,-3.539575
3188.000000,237.407575,505.373954,-0.000115,5.962905,5.962905,-3.637420
3190.000000,238.874497,504.015865,-0.000867,5.966921,5.966921,-3.700835
3192.000000,240.338755,502.654902,-0.002205,5.969528,5.969528,-3.740432
3194.000000,241.795839,501.286262,-0.001637,5.971875,5.971875,-3.771341
3196.000000,243.245841,499.910120,0.000596,5.974002,5.974002,-3.800503
3198.000000,244.699265,498.537588,0.002015,5.974912,5.974912,-3.816675
3200.000000,246.159440,497.172287,0.001046,5.974387,5.974387,-3.818640
3202.000000,247.624719,495.812421,-0.000798,5.972871,5.972871,-3.809135
3204.000000,249.084486,494.446638,-0.000474,5.971539,5.971539,-3.802321
3206.000000,250.541488,493.077905,0.001998,5.970515,5.970515,-3.793735
3208.000000,252.004356,491.715455,0.003349,5.970396,5.970396,-3.769887
3210.000000,253.479965,490.366815,0.001599,5.971790,5.971790,-3.717212
3212.000000,254.960528,489.023607,-0.000962,5.973996,5.973996,-3.645958
3214.000000,256.435755,487.674539,-0.001542,5.976163,5.976163,-3.571096
3216.000000,257.906328,486.320396,-0.000539,5.978202,5.978202,-3.492990
3218.000000,259.374901,484.964086,0.000093,5.980020,5.980020,-3.412730
3220.000000,260.846299,483.610843,-0.000667,5.981361,5.981361,-3.325704
3222.000000,262.315051,482.254729,-0.001543,5.982427,5.982427,-3.241098
3224.000000,263.779033,480.893466,-0.001331,5.983337,5.983337,-3.163183
3226.000000,265.238432,479.527290,-0.000352,5.984025,5.984025,-3.092542
3228.000000,266.697267,478.160512,0.000237,5.983839,5.983839,-3.024721
3230.000000,268.157971,476.795736,-0.000249,5.982526,5.982526,-2.956506
3232.000000,269.618092,475.430332,-0.000890,5.980345,5.980345,-2.891145
3234.000000,271.074785,474.061270,-0.000592,5.977490,5.977490,-2.833215
3236.000000,272.529189,472.689777,0.000327,5.973585,5.973585,-2.780921
3238.000000,273.985127,471.319912,0.000728,5.965861,5.965861,-2.728760
3240.000000,275.443861,469.953026,0.000259,5.953243,5.953243,-2.674429
3242.000000,276.903434,468.587035,-0.000361,5.938157,5.938157,-2.620230
3244.000000,278.361370,467.219296,-0.000499,5.922985,5.922985,-2.569818
3246.000000,279.817796,465.849949,-0.000351,5.907576,5.907576,-2.522809
3248.000000,281.273416,464.479747,-0.000257,5.891773,5.891773,-2.477775
3250.000000,282.728315,463.108778,-0.000206,5.875038,5.875038,-2.434362
3252.000000,284.182643,461.737203,-0.000153,5.858014,5.858014,-2.392205
3254.000000,285.636576,460.365210,-0.000100,5.841002,5.841002,-2.351046
3256.000000,287.090189,458.992878,-0.000055,5.824015,5.824015,-2.310967
3258.000000,288.543736,457.620476,-0.000031,5.807080,5.807080,-2.271827
3260.000000,289.997134,456.247917,0.000007,5.790204,5.790204,-2.233898
3262.000000,291.450556,454.875381,0.000068,5.773491,5.773491,-2.197186
3264.000000,292.904151,453.503031,0.000188,5.757102,5.757102,-2.161274
3266.000000,294.358125,452.131081,0.000366,5.741214,5.741214,-2.125342
3268.000000,295.813234,450.760335,0.000442,5.727134,5.727134,-2.087547
3270.000000,297.269703,449.391035,0.000363,5.715400,5.715400,-2.046880
3272.000000,298.727160,448.022786,0.000265,5.704949,5.704949,-2.003755
3274.000000,300.185252,446.655213,0.000246,5.694690,5.694690,-1.958558
3276.000000,301.643980,445.288320,0.000291,5.684981,5.684981,-1.911377
3278.000000,303.103486,443.922256,0.000352,5.676142,5.676142,-1.862234
3280.000000,304.563983,442.557252,0.000393,5.669392,5.669392,-1.810900
3282.000000,306.025569,441.193415,0.000412,5.663478,5.663478,-1.757530
3284.000000,307.488271,439.830775,0.000422,5.657884,5.657884,-1.702640
3286.000000,308.952138,438.469386,0.000393,5.652807,5.652807,-1.646986
3288.000000,310.417153,437.109233,0.000365,5.649428,5.649428,-1.591639
3290.000000,311.882979,435.749954,0.000418,5.648409,5.648409,-1.537585
3292.000000,313.350003,434.391968,0.000440,5.648592,5.648592,-1.484350
3294.000000,314.818364,433.035427,0.000225,5.648858,5.648858,-1.431064
3296.000000,316.287633,431.679870,-0.000194,5.649254,5.649254,-1.377398
3298.000000,317.756193,430.323546,-0.000382,5.650092,5.650092,-1.324910
3300.000000,319.223157,428.965495,-0.000042,5.651542,5.651542,-1.274119
3302.000000,320.689880,427.607184,0.000370,5.653255,5.653255,-1.222903
3304.000000,322.158226,426.250627,0.000355,5.654882,5.654882,-1.168790
3306.000000,323.627578,424.895160,-0.000042,5.656253,5.656253,-1.113149
3308.000000,325.097149,423.539930,-0.000298,5.657228,5.657228,-1.057251
3310.000000,326.564824,422.182648,-0.000015,5.657245,5.657245,-1.004382
3312.000000,328.032836,420.825730,0.000311,5.656816,5.656816,-0.951574
3314.000000,329.501908,419.469959,0.000174,5.656166,5.656166,-0.897915
3316.000000,330.971894,418.115179,-0.000304,5.655190,5.655190,-0.843747
3318.000000,332.440877,416.759313,-0.000580,5.653053,5.653053,-0.791839
3320.000000,333.907658,415.401066,-0.000279,5.649335,5.649335,-0.743756
3322.000000,335.373552,414.041861,0.000149,5.644786,5.644786,-0.697471
3324.000000,336.840391,412.683674,0.000207,5.640304,5.640304,-0.650150
3326.000000,338.307849,411.326157,0.000050,5.635930,5.635930,-0.602254
3328.000000,339.775368,409.968705,-0.000044,5.631899,5.631899,-0.554643
3330.000000,341.242687,408.611039,-0.000037,5.628379,5.628379,-0.507663
3332.000000,342.709865,407.253219,0.000011,5.625134,5.625134,-0.461138
3334.000000,344.177127,405.895489,0.000020,5.621908,5.621908,-0.414783
3336.000000,345.644478,404.537856,0.000014,5.618743,5.618743,-0.368665
3338.000000,347.111788,403.180179,-0.000001,5.615669,5.615669,-0.322938
3340.000000,348.579244,401.822659,-0.000069,5.612820,5.612820,-0.277397
3342.000000,350.046439,400.464858,-0.000129,5.610068,5.610068,-0.232667
3344.000000,351.513261,399.106653,-0.000153,5.607342,5.607342,-0.188823
3346.000000,352.979693,397.748027,-0.000171,5.604655,5.604655,-0.145995
3348.000000,354.445617,396.388854,-0.000161,5.602101,5.602101,-0.104680
3350.000000,355.911093,395.029197,-0.000157,5.599735,5.599735,-0.065128
3352.000000,357.376224,393.669168,-0.000191,5.597471,5.597471,-0.027906
3354.000000,358.840791,392.308533,-0.000305,5.595205,5.595205,0.005806
3356.000000,360.304754,390.947247,-0.000549,5.592937,5.592937,0.036030
3358.000000,361.767171,389.584301,-0.000655,5.590661,5.590661,0.062372
3360.000000,363.227300,388.218905,-0.000366,5.588376,5.588376,0.084852
3362.000000,364.686402,386.852410,-0.000030,5.586101,5.586101,0.105212
3364.000000,366.145847,385.486282,0.000014,5.583858,5.583858,0.125301
3366.000000,367.605303,384.120165,-0.000168,5.581706,5.581706,0.145767
3368.000000,369.064548,382.753823,-0.000278,5.579689,5.579689,0.166711
3370.000000,370.522370,381.385963,-0.000055,5.578014,5.578014,0.186152
3372.000000,371.980207,380.018120,0.000209,5.576498,5.576498,0.206122
3374.000000,373.438831,378.651114,0.000141,5.575053,5.575053,0.227521
3376.000000,374.898153,377.284855,-0.000219,5.573713,5.573713,0.249838
3378.000000,376.356837,375.917914,-0.000396,5.572735,5.572735,0.270471
3380.000000,377.813700,374.549034,-0.000018,5.572266,5.572266,0.287014
3382.000000,379.270517,373.180103,0.000414,5.572115,5.572115,0.301372
3384.000000,380.729054,371.813006,0.000341,5.572060,5.572060,0.315631
3386.000000,382.188722,370.447116,-0.000087,5.572160,5.572160,0.329119
3388.000000,383.648137,369.080956,-0.000326,5.572723,5.572723,0.339618
3390.000000,385.105973,367.713111,0.000011,5.574015,5.574015,0.345074
3392.000000,386.563658,366.345106,0.000495,5.575724,5.575724,0.348147
3394.000000,388.023339,364.979230,0.000556,5.577498,5.577498,0.352105
3396.000000,389.484585,363.615028,0.000264,5.579465,5.579465,0.356335
3398.000000,390.946774,362.251837,0.000061,5.581716,5.581716,0.360327
3400.000000,392.408389,360.888031,0.000223,5.584683,5.584683,0.361815
3402.000000,393.870875,359.525159,0.000417,5.588001,5.588001,0.362701
3404.000000,395.334620,358.163639,0.000383,5.591441,5.591441,0.363730
3406.000000,396.799519,356.803361,0.000230,5.595048,5.595048,0.364623
3408.000000,398.265024,355.443735,0.000061,5.599274,5.599274,0.364392
3410.000000,399.730663,354.084255,-0.000021,5.604356,5.604356,0.362655
3412.000000,401.196092,352.724547,-0.000030,5.610065,5.610065,0.358915
3414.000000,402.661578,351.364901,-0.000116,5.616056,5.616056,0.353491
3416.000000,404.126830,350.005002,-0.000287,5.622520,5.622520,0.346318
3418.000000,405.591227,348.644184,-0.000385,5.630281,5.630281,0.336516
3420.000000,407.054445,347.282098,-0.000384,5.640253,5.640253,0.323350
3422.000000,408.516683,345.918960,-0.000358,5.651460,5.651460,0.307320
3424.000000,409.977874,344.554699,-0.000310,5.662763,5.662763,0.288264
3426.000000,411.438236,343.189551,-0.000177,5.674375,5.674375,0.265612
3428.000000,412.897916,341.823674,-0.000095,5.686424,5.686424,0.238866
3430.000000,414.357860,340.458079,-0.000246,5.699596,5.699596,0.208229
3432.000000,415.816916,339.091535,-0.000405,5.713319,5.713319,0.170495
3434.000000,417.274797,337.723738,-0.000409,5.727191,5.727191,0.125793
3436.000000,418.731492,336.354678,-0.000318,5.741282,5.741282,0.074209
3438.000000,420.187260,334.984632,-0.000177,5.756135,5.756135,0.016403
3440.000000,421.642589,333.614120,-0.000106,5.772054,5.772054,-0.045425
3442.000000,423.097787,332.243469,-0.000114,5.788605,5.788605,-0.110543
3444.000000,424.552526,330.872330,-0.000055,5.805243,5.805243,-0.179751
3446.000000,426.007068,329.500983,0.000064,5.822039,5.822039,-0.252309
3448.000000,427.461857,328.129897,0.000143,5.839290,5.839290,-0.327883
3450.000000,428.917047,326.759238,0.000191,5.857311,5.857311,-0.407123
3452.000000,430.372751,325.389124,0.000226,5.875738,5.875738,-0.489706
3454.000000,431.829119,324.019716,0.000235,5.894169,5.894169,-0.575782
3456.000000,433.286124,322.650986,0.000193,5.912611,5.912611,-0.665730
3458.000000,434.743760,321.282927,0.000172,5.931066,5.931066,-0.758443
3460.000000,436.201613,319.915100,0.000256,5.949568,5.949568,-0.854176
3462.000000,437.660287,318.548148,0.000334,5.968085,5.968085,-0.951954
3464.000000,439.119906,317.182206,0.000369,5.986579,5.986579,-1.051030
3466.000000,440.580457,315.817261,0.000402,6.005037,6.005037,-1.151765
3468.000000,442.042224,314.453617,0.000355,6.023369,6.023369,-1.254531
3470.000000,443.505010,313.091067,0.000262,6.041559,6.041559,-1.359181
3472.000000,444.968414,311.729180,0.000249,6.059668,6.059668,-1.466275
3474.000000,446.432416,310.367937,0.000567,6.077730,6.077730,-1.575914
3476.000000,447.897310,309.007653,0.001520,6.095670,6.095670,-1.686504
3478.000000,449.365985,307.651456,0.002035,6.113308,6.113308,-1.791804
3480.000000,450.842676,306.303992,0.000745,6.130455,6.130455,-1.882002
3482.000000,452.321564,304.958938,-0.000843,6.147504,6.147504,-1.964200
3484.000000,453.796094,303.609108,-0.000959,6.164678,6.164678,-2.046029
3486.000000,455.268050,302.256469,0.000530,6.182119,6.182119,-2.119148
3488.000000,456.739164,300.902915,0.001549,6.199896,6.199896,-2.179406
3490.000000,458.220228,299.560274,-0.000368,6.218590,6.218590,-2.207224
3492.000000,459.698926,298.215018,-0.002692,6.237843,6.237843,-2.211113
3494.000000,461.168441,296.859739,-0.001831,6.257359,6.257359,-2.198592
3496.000000,462.629580,295.495429,0.002473,6.277170,6.277170,-2.164668
3498.000000,464.096817,294.137675,0.004486,6.297816,6.297816,-2.089723
3500.000000,465.586793,292.805120,-0.000387,6.320131,6.320131,-1.950542
3502.000000,467.073414,291.468678,-0.005399,6.344218,6.344218,-1.772441
3504.000000,468.539934,290.110159,-0.002431,6.369678,6.369678,-1.583516
3506.000000,469.991780,288.735991,0.006636,6.397056,6.397056,-1.382403
3508.000000,471.466664,287.386688,0.008106,6.431091,6.431091,-1.113683
3510.000000,472.981152,286.082100,-0.004191,6.472519,6.472519,-0.750921
3512.000000,474.479987,284.759582,-0.015710,6.516564,6.516564,-0.369546
3514.000000,475.925340,283.378765,-0.018525,6.559966,6.559966,-0.020908
3516.000000,477.322103,281.948908,-0.018606,6.602031,6.602031,0.310739
3518.000000,478.661392,280.465036,-0.019280,6.641767,6.641767,0.628797
3520.000000,479.947429,278.934858,-0.021520,6.676142,6.676142,0.948127
3522.000000,481.164704,277.349610,-0.025008,6.708889,6.708889,1.252417
3524.000000,482.303604,275.707035,-0.027718,6.740004,6.740004,1.547657
3526.000000,483.344165,274.000558,-0.028419,6.768152,6.768152,1.823905
3528.000000,484.288134,272.238965,-0.028165,6.790626,6.790626,2.059914
3530.000000,485.129788,270.426375,-0.028605,6.803994,6.803994,2.251126
3532.000000,485.870487,268.569951,-0.030690,6.812728,6.812728,2.417780
3534.000000,486.495976,266.671773,-0.035264,6.821974,6.821974,2.579968
3536.000000,486.991682,264.735836,-0.045200,6.832388,6.832388,2.728898
3538.000000,487.320338,262.766339,-0.058352,6.844812,6.844812,2.833071
3540.000000,487.405074,260.771896,-0.057397,6.861429,6.861429,2.827558
3542.000000,487.220854,258.783342,-0.039142,6.883243,6.883243,2.675742
3544.000000,486.905990,256.809434,-0.026491,6.905689,6.905689,2.490639
3546.000000,486.499954,254.852491,-0.026027,6.927474,6.927474,2.307517
3548.000000,485.990416,252.919976,-0.032984,6.947672,6.947672,2.138893
3550.000000,485.374936,251.018426,-0.038545,6.965846,6.965846,1.985211
3552.000000,484.572760,249.188030,-0.030807,6.977281,6.977281,1.745205
3554.000000,483.674787,247.402274,-0.021921,6.986679,6.986679,1.495824
3556.000000,482.705268,245.654369,-0.024144,6.994557,6.994557,1.270346
3558.000000,481.664220,243.948016,-0.032284,7.000565,7.000565,1.065000
3560.000000,480.506872,242.318565,-0.037221,6.999688,6.999688,0.833065
3562.000000,479.228439,240.784649,-0.031088,6.989840,6.989840,0.520109
3564.000000,477.839798,239.346776,-0.017933,6.970793,6.970793,0.109156
3566.000000,476.415844,237.943784,-0.009454,6.951265,6.951265,-0.306758
3568.000000,474.963286,236.570387,-0.003910,6.930486,6.930486,-0.712457
3570.000000,473.497606,235.210953,0.002514,6.907987,6.907987,-1.078731
3572.000000,472.043543,233.839131,0.001920,6.881816,6.881816,-1.344769
3574.000000,470.607028,232.448969,-0.005165,6.851158,6.851158,-1.509942
3576.000000,469.145003,231.085693,-0.008292,6.820185,6.820185,-1.673902
3578.000000,467.660099,229.747324,-0.005600,6.789259,6.789259,-1.834937
3580.000000,466.156695,228.429754,-0.001400,6.758590,6.758590,-1.978418
3582.000000,464.653307,227.112232,-0.001348,6.728632,6.728632,-2.083653
3584.000000,463.153513,225.790545,-0.005293,6.699536,6.699536,-2.154874
3586.000000,461.632420,224.493438,-0.005559,6.670957,6.670957,-2.226772
3588.000000,460.095189,223.215505,-0.001461,6.642857,6.642857,-2.300539
3590.000000,458.553976,221.942346,0.002985,6.616304,6.616304,-2.361797
3592.000000,457.021965,220.658449,0.002777,6.592723,6.592723,-2.395780
3594.000000,455.506404,219.354879,-0.001710,6.572210,6.572210,-2.397453
3596.000000,453.977196,218.067330,-0.002433,6.551604,6.551604,-2.412610
3598.000000,452.440997,216.788126,0.001539,6.530513,6.530513,-2.430264
3600.000000,450.907315,215.505908,0.004532,6.508425,6.508425,-2.433763
3602.000000,449.391521,214.202622,0.002730,6.483885,6.483885,-2.395829
3604.000000,447.884379,212.889308,-0.001035,6.457911,6.457911,-2.332432
3606.000000,446.370365,211.583922,-0.002033,6.432036,6.432036,-2.269999
3608.000000,444.850615,210.285213,-0.000667,6.406569,6.406569,-2.208661
3610.000000,443.328011,208.989853,0.000500,6.381575,6.381575,-2.147708
3612.000000,441.809917,207.689215,-0.000018,6.357965,6.357965,-2.078614
3614.000000,440.290849,206.389709,-0.000817,6.335181,6.335181,-2.013229
3616.000000,438.769028,205.093428,-0.000426,6.312828,6.312828,-1.956067
3618.000000,437.245205,203.799500,0.000894,6.291098,6.291098,-1.905551
3620.000000,435.723720,202.502823,0.001810,6.271139,6.271139,-1.852904
3622.000000,434.208863,201.198436,0.001172,6.254095,6.254095,-1.790675
3624.000000,432.697252,199.890261,0.000113,6.238765,6.238765,-1.724590
3626.000000,431.184721,198.583151,-0.000052,6.223589,6.223589,-1.663366
3628.000000,429.671946,197.276325,0.000301,6.208660,6.208660,-1.606663
3630.000000,428.160031,195.968502,0.000529,6.194304,6.194304,-1.552852
3632.000000,426.649786,194.658751,0.000531,6.180986,6.180986,-1.500627
3634.000000,425.140878,193.347462,0.000440,6.168265,6.168265,-1.449909
3636.000000,423.633189,192.034770,0.000347,6.155654,6.155654,-1.401224
3638.000000,422.126337,190.721117,0.000100,6.143387,6.143387,-1.355970
3640.000000,420.620237,189.406602,-0.000090,6.131527,6.131527,-1.314282
3642.000000,419.112852,188.093561,0.000236,6.120928,6.120928,-1.280454
3644.000000,417.606341,186.779519,0.000643,6.110947,6.110947,-1.252735
3646.000000,416.101847,185.463167,0.000595,6.101194,6.101194,-1.228680
3648.000000,414.599209,184.144695,0.000122,6.091773,6.091773,-1.208634
3650.000000,413.097105,182.825616,-0.000171,6.083353,6.083353,-1.193433
3652.000000,411.593364,181.508407,0.000551,6.076527,6.076527,-1.183938
3654.000000,410.090562,180.190126,0.001736,6.070993,6.070993,-1.175600
3656.000000,408.593342,178.865511,0.002567,6.066333,6.066333,-1.160940
3658.000000,407.102390,177.533844,0.003773,6.063261,6.063261,-1.137899
3660.000000,405.620617,176.191980,0.004803,6.063489,6.063489,-1.101412
3662.000000,404.154682,174.832841,0.004031,6.070835,6.070835,-1.043548
3664.000000,402.699792,173.461867,0.002901,6.082097,6.082097,-0.974064
3666.000000,401.250827,172.084631,0.002948,6.093431,6.093431,-0.901671
3668.000000,399.810814,170.698043,0.003761,6.105006,6.105006,-0.823237
3670.000000,398.379581,169.302395,0.004669,6.116859,6.116859,-0.737523
3672.000000,396.963763,167.891135,0.004370,6.129539,6.129539,-0.635026
3674.000000,395.560789,166.467079,0.003371,6.142622,6.142622,-0.520108
3676.000000,394.166144,165.034868,0.003680,6.155591,6.155591,-0.398704
3678.000000,392.780441,163.594003,0.005178,6.168413,6.168413,-0.270863
3680.000000,391.410884,162.137787,0.005988,6.180716,6.180716,-0.128529
3682.000000,390.060252,160.664073,0.005083,6.192226,6.192226,0.034000
3684.000000,388.725802,159.175611,0.003404,6.202940,6.202940,0.214102
3686.000000,387.400070,157.679379,0.002357,6.212988,6.212988,0.402343
3688.000000,386.081217,156.177081,0.001823,6.221672,6.221672,0.597843
3690.000000,384.768129,154.669739,0.001431,6.227910,6.227910,0.798380
3692.000000,383.458548,153.159348,0.001693,6.228236,6.228236,0.996370
3694.000000,382.153447,151.645088,0.002302,6.224867,6.224867,1.191921
3696.000000,380.856376,150.123945,0.002316,6.221303,6.221303,1.391203
3698.000000,379.566720,148.596506,0.001276,6.217063,6.217063,1.592952
3700.000000,378.282414,147.064567,0.000341,6.212032,6.212032,1.795803
3702.000000,376.995569,145.534763,0.001045,6.204659,6.204659,1.990125
3704.000000,375.712627,144.001683,0.002098,6.195869,6.195869,2.185049
3706.000000,374.437242,142.462310,0.001768,6.186772,6.186772,2.384366
3708.000000,373.168630,140.917351,0.000016,6.177288,6.177288,2.583813
3710.000000,371.900683,139.371842,-0.001394,6.166534,6.166534,2.765574
3712.000000,370.624850,137.832876,-0.000118,6.153780,6.153780,2.911859
3714.000000,369.346960,136.295586,0.001998,6.139596,6.139596,3.023644
3716.000000,368.079610,134.749589,0.001509,6.125266,6.125266,3.107769
3718.000000,366.817878,133.199006,-0.001701,6.110728,6.110728,3.170100
3720.000000,365.553008,131.650991,-0.003745,6.095770,6.095770,3.203662
3722.000000,364.267867,130.119779,-0.000512,6.079850,6.079850,3.187157
3724.000000,362.980317,128.590588,0.004053,6.063326,6.063326,3.144327
3726.000000,361.711556,127.045769,0.004916,6.046820,6.046820,3.097367
3728.000000,360.457566,125.488927,0.002164,6.030525,6.030525,3.036416
3730.000000,359.216120,123.922062,0.000283,6.014517,6.014517,2.958348
3732.000000,357.961743,122.365540,0.003679,5.999545,5.999545,2.819814
3734.000000,356.724261,120.795580,0.007224,5.984825,5.984825,2.657381
3736.000000,355.512214,119.205898,0.005881,5.970344,5.970344,2.487504
3738.000000,354.323750,117.598465,-0.000816,5.956520,5.956520,2.304556
3740.000000,353.137535,115.989373,-0.002775,5.943782,5.943782,2.088118
3742.000000,351.913013,114.409445,0.007486,5.933229,5.933229,1.772170
3744.000000,350.727698,112.799907,0.017713,5.922590,5.922590,1.431731
3746.000000,349.599060,111.150115,0.022270,5.911182,5.911182,1.089179
3748.000000,348.550082,109.448723,0.024470,5.898456,5.898456,0.730110
3750.000000,347.584507,107.698714,0.025241,5.882745,5.882745,0.369723
3752.000000,346.710365,105.901286,0.024380,5.863375,5.863375,0.037302
3754.000000,345.927886,104.062002,0.022961,5.843592,5.843592,-0.266873
3756.000000,345.224343,102.191101,0.023417,5.823892,5.823892,-0.551883
3758.000000,344.611524,100.288606,0.023747,5.804312,5.804312,-0.811676
3760.000000,344.091750,98.358620,0.023482,5.784945,5.784945,-1.029633
3762.000000,343.658727,96.407291,0.024072,5.765827,5.765827,-1.208333
3764.000000,343.323374,94.436866,0.024108,5.746968,5.746968,-1.374689
3766.000000,343.083293,92.452581,0.024376,5.728506,5.728506,-1.545537
3768.000000,342.935913,90.459289,0.026194,5.710745,5.710745,-1.684262
3770.000000,342.895354,88.461047,0.025984,5.694109,5.694109,-1.765347
3772.000000,342.966290,86.463514,0.023374,5.679527,5.679527,-1.821558
3774.000000,343.122319,84.470826,0.023097,5.665221,5.665221,-1.893329
3776.000000,343.369417,82.487366,0.024423,5.651843,5.651843,-1.947921
3778.000000,343.716163,80.518911,0.024763,5.639723,5.639723,-1.998174
3780.000000,344.158148,78.569742,0.025090,5.630548,5.630548,-2.038833
3782.000000,344.697616,76.645176,0.024832,5.625272,5.625272,-2.059854
3784.000000,345.335171,74.750768,0.023499,5.621176,5.621176,-2.088009
3786.000000,346.058280,72.887408,0.023022,5.617670,5.617670,-2.119261
3788.000000,346.865297,71.058851,0.024682,5.615371,5.615371,-2.141963
3790.000000,347.758460,69.270718,0.025981,5.614516,5.614516,-2.163012
3792.000000,348.751447,67.536019,0.024719,5.619034,5.619034,-2.189540
3794.000000,349.824450,65.849763,0.023868,5.624662,5.624662,-2.224926
3796.000000,350.976098,64.216201,0.025312,5.631133,5.631133,-2.254162
3798.000000,352.206863,62.641291,0.026696,5.638750,5.638750,-2.264528
3800.000000,353.524501,61.138325,0.026229,5.649408,5.649408,-2.258210
3802.000000,354.917300,59.705019,0.024987,5.664653,5.664653,-2.257721
3804.000000,356.381032,58.344033,0.025105,5.684138,5.684138,-2.274683
3806.000000,357.907309,57.053394,0.026483,5.703441,5.703441,-2.318135
3808.000000,359.503195,55.849951,0.027773,5.721790,5.721790,-2.377603
3810.000000,361.160371,54.732859,0.029619,5.739067,5.739067,-2.427608
3812.000000,362.881619,53.717655,0.029901,5.753815,5.753815,-2.440334
3814.000000,364.663760,52.813317,0.027351,5.765339,5.765339,-2.402588
3816.000000,366.490943,52.002991,0.025186,5.775781,5.775781,-2.348962
3818.000000,368.357057,51.286923,0.024098,5.785656,5.785656,-2.315147
3820.000000,370.254751,50.659639,0.024512,5.794213,5.794213,-2.306617
3822.000000,372.180004,50.122850,0.026226,5.801377,5.801377,-2.300872
3824.000000,374.131465,49.691043,0.026020,5.803564,5.803564,-2.275634
3826.000000,376.103561,49.365249,0.023813,5.803115,5.803115,-2.252586
3828.000000,378.088440,49.130104,0.022953,5.801719,5.801719,-2.237948
3830.000000,380.081803,48.983980,0.024328,5.799009,5.799009,-2.233868
3832.000000,382.079860,48.934099,0.027900,5.793660,5.793660,-2.235794
3834.000000,384.077750,48.990776,0.028688,5.784928,5.784928,-2.222720
3836.000000,386.067310,49.183473,0.023709,5.767040,5.767040,-2.154042
3838.000000,388.047622,49.454894,0.020861,5.749472,5.749472,-2.081616
3840.000000,390.014672,49.809324,0.024173,5.733639,5.733639,-2.015214
3842.000000,391.964787,50.248027,0.031045,5.719912,5.719912,-1.971775
3844.000000,393.881757,50.812723,0.033482,5.712478,5.712478,-1.930802
3846.000000,395.750883,51.518979,0.026596,5.714654,5.714654,-1.829795
3848.000000,397.580850,52.323259,0.019480,5.721846,5.721846,-1.687458
3850.000000,399.384029,53.185984,0.017828,5.729560,5.729560,-1.563658
3852.000000,401.152551,54.117670,0.019056,5.738890,5.738890,-1.472416
3854.000000,402.889183,55.107450,0.021283,5.749771,5.749771,-1.396328
3856.000000,404.576668,56.178319,0.020087,5.765768,5.765768,-1.290353
3858.000000,406.217868,57.319482,0.015961,5.785147,5.785147,-1.159011
3860.000000,407.825381,58.507638,0.014635,5.805471,5.805471,-1.029990
3862.000000,409.399410,59.739805,0.016825,5.826947,5.826947,-0.905139
3864.000000,410.932207,61.022854,0.019597,5.850959,5.850959,-0.776532
3866.000000,412.410467,62.367960,0.018092,5.879509,5.879509,-0.625016
3868.000000,413.832265,63.773128,0.012418,5.913715,5.913715,-0.434135
3870.000000,415.224507,65.207609,0.008175,5.948555,5.948555,-0.252673
3872.000000,416.593039,66.664752,0.003934,5.985845,5.985845,-0.118342
3874.000000,417.944414,68.137867,-0.002409,6.025678,6.025678,-0.018609
3876.000000,419.308095,69.599554,-0.002157,6.071824,6.071824,0.027016
3878.000000,420.692366,71.041740,0.005120,6.125894,6.125894,0.014672
3880.000000,422.048197,72.510673,0.008337,6.180306,6.180306,0.021194
3882.000000,423.380283,74.001219,0.004899,6.235460,6.235460,0.039484
3884.000000,424.689850,75.511592,0.000360,6.291610,6.291610,0.067193
3886.000000,426.009765,77.012818,0.001497,6.349956,6.349956,0.063211
3888.000000,427.327196,78.516321,0.005592,6.409877,6.409877,0.039374
3890.000000,428.621160,80.040086,0.005516,6.470013,6.470013,0.019259
3892.000000,429.896734,81.579284,0.000400,6.530576,6.530576,-0.006112
3894.000000,431.165260,83.124312,-0.004056,6.592297,6.592297,-0.052316
3896.000000,432.461164,84.646097,-0.001274,6.655003,6.655003,-0.153210
3898.000000,433.758863,86.166674,0.002987,6.716917,6.716917,-0.273781
3900.000000,435.041413,87.700084,0.001899,6.778309,6.778309,-0.384671
3902.000000,436.316130,89.240007,-0.002727,6.839337,6.839337,-0.492214
3904.000000,437.598418,90.773593,-0.005186,6.899866,6.899866,-0.617419
3906.000000,438.906613,92.285125,-0.001873,6.959761,6.959761,-0.781516
3908.000000,440.218588,93.793430,0.001930,7.019341,7.019341,-0.953253
3910.000000,441.519958,95.310899,0.002232,7.078935,7.078935,-1.114435
3912.000000,442.815409,96.833425,0.000626,7.138622,7.138622,-1.270854
3914.000000,444.106211,98.359893,-0.000533,7.198499,7.198499,-1.424944
3916.000000,445.404608,99.879909,0.000323,7.259092,7.259092,-1.592691
3918.000000,446.698961,101.403369,0.001041,7.319683,7.319683,-1.756964
3920.000000,447.989875,102.929746,0.000424,7.380441,7.380441,-1.917734
3922.000000,449.279025,104.457613,-0.001055,7.441540,7.441540,-2.075818
3924.000000,450.569972,105.983962,-0.001996,7.503260,7.503260,-2.235705
3926.000000,451.871929,107.500916,-0.000880,7.566606,7.566606,-2.410147
3928.000000,453.174354,109.017483,0.000228,7.630012,7.630012,-2.585668
3930.000000,454.475544,110.535109,0.000211,7.692812,7.692812,-2.761770
3932.000000,455.775970,112.053390,-0.000034,7.754800,7.754800,-2.938612
3934.000000,457.076595,113.571501,-0.000197,7.814635,7.814635,-3.116431
3936.000000,458.378000,115.088943,-0.000227,7.871086,7.871086,-3.294144
3938.000000,459.680041,116.605840,-0.000179,7.926201,7.926201,-3.470198
3940.000000,460.982790,118.122129,-0.000108,7.981346,7.981346,-3.643195
3942.000000,462.285661,119.638312,0.000239,8.036523,8.036523,-3.812927
3944.000000,463.588892,121.154187,0.000498,8.091746,8.091746,-3.978497
3946.000000,464.888382,122.673270,-0.000020,8.147127,8.147127,-4.132158
3948.000000,466.188948,124.191431,-0.000518,8.202633,8.202633,-4.279856
3950.000000,467.491342,125.708025,-0.000370,8.258368,8.258368,-4.421824
3952.000000,468.795293,127.223279,0.000427,8.314509,8.314509,-4.556772
3954.000000,470.098791,128.738924,0.000914,8.371310,8.371310,-4.682918
3956.000000,471.396455,130.259560,0.000079,8.429741,8.429741,-4.793936
3958.000000,472.695138,131.779331,-0.000656,8.488834,8.488834,-4.899331
3960.000000,473.996663,133.296670,-0.000072,8.547953,8.547953,-5.000786
3962.000000,475.299448,134.812927,0.001865,8.607015,8.607015,-5.096069
3964.000000,476.597742,136.333019,0.002966,8.665887,8.665887,-5.174218
3966.000000,477.881025,137.865800,0.000764,8.724555,8.724555,-5.222439
3968.000000,479.162633,139.399994,-0.001745,8.783348,8.783348,-5.257846
3970.000000,480.453291,140.926584,-0.001987,8.842308,8.842308,-5.289549
3972.000000,481.748869,142.449002,0.000052,8.901396,8.901396,-5.313886
3974.000000,483.049801,143.966848,0.001617,8.960535,8.960535,-5.332123
3976.000000,484.334432,145.498513,-0.000746,9.019968,9.019968,-5.312352
3978.000000,485.626590,147.023824,-0.002980,9.079653,9.079653,-5.285825
3980.000000,486.929096,148.540316,-0.002055,9.139529,9.139529,-5.252899
3982.000000,488.239625,150.049885,0.001983,9.199447,9.199447,-5.202705
3984.000000,489.548692,151.560722,0.003780,9.259263,9.259263,-5.126119
3986.000000,490.828423,153.096381,-0.001396,9.319650,9.319650,-4.979726
3988.000000,492.122249,154.620252,-0.005919,9.380492,9.380492,-4.805976
3990.000000,493.434280,156.128499,-0.005580,9.440290,9.440290,-4.622564
3992.000000,494.767494,157.618049,-0.002455,9.498366,9.498366,-4.431664
3994.000000,496.107182,159.101798,-0.002112,9.551909,9.551909,-4.221384
3996.000000,497.442109,160.589822,-0.006566,9.598709,9.598709,-3.967537
3998.000000,498.804946,162.052268,-0.009241,9.641422,9.641422,-3.703143
4000.000000,500.193644,163.490205,-0.008161,9.677185,9.677185,-3.439255
4002.000000,501.609836,164.901048,-0.005276,9.701529,9.701529,-3.170601
4004.000000,503.038431,166.299377,-0.005680,9.698108,9.698108,-2.878325
4006.000000,504.474327,167.690177,-0.009816,9.662599,9.662599,-2.546258
4008.000000,505.946030,169.043007,-0.010739,9.616896,9.616896,-2.212147
4010.000000,507.445845,170.364588,-0.007565,9.558258,9.558258,-1.879392
4012.000000,508.968850,171.659427,-0.003735,9.473703,9.473703,-1.537468
4014.000000,510.497045,172.948059,-0.005880,9.335631,9.335631,-1.154466
4016.000000,512.030439,174.230444,-0.013256,9.147654,9.147654,-0.720315
4018.000000,513.607549,175.458634,-0.016474,8.956549,8.956549,-0.288416
4020.000000,515.223432,176.635307,-0.016831,8.756636,8.756636,0.145549
4022.000000,516.876567,177.759085,-0.017663,8.546577,8.546577,0.582871
4024.000000,518.570752,178.819953,-0.017360,8.302880,8.302880,1.022932
4026.000000,520.299682,179.823125,-0.017966,8.039967,8.039967,1.458996
4028.000000,522.061582,180.767249,-0.019663,7.781162,7.781162,1.881062
4030.000000,523.861777,181.636022,-0.021489,7.533619,7.533619,2.270289
4032.000000,525.694313,182.434295,-0.024005,7.296337,7.296337,2.619746
4034.000000,527.565386,183.136244,-0.023760,7.092289,7.092289,2.895928
4036.000000,529.469195,183.745334,-0.020923,6.913990,6.913990,3.121810
4038.000000,531.395548,184.278766,-0.020376,6.746542,6.746542,3.321914
4040.000000,533.341228,184.736613,-0.024542,6.594883,6.594883,3.499036
4042.000000,535.305629,185.105779,-0.031521,6.470017,6.470017,3.645610
4044.000000,537.289331,185.343477,-0.030353,6.400141,6.400141,3.730722
4046.000000,539.286179,185.434751,-0.020266,6.407899,6.407899,3.737789
4048.000000,541.284850,185.468175,-0.015010,6.415555,6.415555,3.749267
4050.000000,543.283615,185.440488,-0.014434,6.422634,6.422634,3.763443
4052.000000,545.280662,185.353020,-0.012959,6.429172,6.429172,3.775622
4054.000000,547.274922,185.215660,-0.013235,6.434239,6.434239,3.788392
4056.000000,549.265378,185.031068,-0.015076,6.437218,6.437218,3.804051
4058.000000,551.248518,184.780074,-0.015468,6.439982,6.439982,3.809246
4060.000000,553.223196,184.469713,-0.015507,6.443002,6.443002,3.800463
4062.000000,555.187600,184.099752,-0.016333,6.446433,6.446433,3.775413
4064.000000,557.138514,183.664247,-0.016388,6.450454,6.450454,3.732168
4066.000000,559.073804,183.163878,-0.015817,6.456343,6.456343,3.666824
4068.000000,560.992751,182.604154,-0.016363,6.462645,6.462645,3.593488
4070.000000,562.893163,181.984284,-0.017278,6.469514,6.469514,3.538757
4072.000000,564.769297,181.294429,-0.016993,6.477336,6.477336,3.504679
4074.000000,566.621953,180.543908,-0.016783,6.486627,6.486627,3.437141
4076.000000,568.448223,179.731364,-0.017307,6.499542,6.499542,3.343942
4078.000000,570.245698,178.856822,-0.017391,6.514014,6.514014,3.266612
4080.000000,572.010293,177.917695,-0.016837,6.527974,6.527974,3.233187
4082.000000,573.743550,176.922029,-0.017083,6.540787,6.540787,3.219706
4084.000000,575.442309,175.868555,-0.018093,6.552296,6.552296,3.195319
4086.000000,577.101068,174.753143,-0.017909,6.559876,6.559876,3.149704
4088.000000,578.717206,173.576787,-0.016537,6.563887,6.563887,3.090986
4090.000000,580.294985,172.349512,-0.016045,6.568188,6.568188,3.022571
4092.000000,581.833703,171.073548,-0.016502,6.573257,6.573257,2.942403
4094.000000,583.328236,169.746104,-0.016100,6.579286,6.579286,2.854529
4096.000000,584.778393,168.370290,-0.015213,6.587393,6.587393,2.780243
4098.000000,586.187856,166.952876,-0.015491,6.599122,6.599122,2.733742
4100.000000,587.553356,165.493021,-0.016202,6.611725,6.611725,2.699638
4102.000000,588.869037,163.988107,-0.015768,6.625949,6.625949,2.656924
4104.000000,590.136250,162.442165,-0.014464,6.642350,6.642350,2.600761
4106.000000,591.358204,160.860220,-0.014232,6.662008,6.662008,2.543534
4108.000000,592.538629,159.246974,-0.015537,6.690845,6.690845,2.499712
4110.000000,593.665433,157.595887,-0.016174,6.722686,6.722686,2.456210
4112.000000,594.737891,155.909017,-0.016027,6.755165,6.755165,2.406091
4114.000000,595.756878,154.189356,-0.016873,6.788840,6.788840,2.363941
4116.000000,596.718883,152.437154,-0.018057,6.823822,6.823822,2.347795
4118.000000,597.613858,150.649793,-0.017381,6.863332,6.863332,2.340563
4120.000000,598.444273,148.831499,-0.015524,6.907023,6.907023,2.307044
4122.000000,599.220734,146.989546,-0.014899,6.950662,6.950662,2.250998
4124.000000,599.942784,145.125569,-0.015525,6.993662,6.993662,2.185118
4126.000000,600.606867,143.240144,-0.016070,7.035842,7.035842,2.114412
4128.000000,601.208510,141.333924,-0.015489,7.076277,7.076277,2.029281
4130.000000,601.749398,139.409562,-0.014385,7.113365,7.113365,1.924841
4132.000000,602.237217,137.471039,-0.014342,7.149705,7.149705,1.814055
4134.000000,602.669916,135.519458,-0.014786,7.184660,7.184660,1.706313
4136.000000,603.042853,133.555591,-0.015273,7.217515,7.217515,1.603461
4138.000000,603.358992,131.581826,-0.015739,7.247283,7.247283,1.499493
4140.000000,603.608026,129.598561,-0.015056,7.268945,7.268945,1.390867
4142.000000,603.799100,127.608718,-0.014162,7.287090,7.287090,1.293910
4144.000000,603.934163,125.614327,-0.013901,7.305524,7.305524,1.200233
4146.000000,604.013679,123.616941,-0.015629,7.324509,7.324509,1.078531
4148.000000,604.038487,121.618161,-0.019483,7.344043,7.344043,0.925382
4150.000000,603.978596,119.620253,-0.019006,7.365280,7.365280,0.726156
4152.000000,603.831596,117.626662,-0.014228,7.388183,7.388183,0.497134
4154.000000,603.640154,115.636865,-0.012706,7.411096,7.411096,0.287497
4156.000000,603.398034,113.652625,-0.014687,7.433993,7.433993,0.081822
4158.000000,603.099915,111.676000,-0.017838,7.456875,7.456875,0.009815
4160.000000,602.732111,109.711520,-0.018417,7.479665,7.479665,-0.191328
4162.000000,602.279028,107.764606,-0.015272,7.502276,7.502276,-0.451484
4164.000000,601.777943,105.829425,-0.014041,7.524870,7.524870,-0.710732
4166.000000,601.220748,103.909676,-0.015134,7.547284,7.547284,-0.955695
4168.000000,600.607528,102.007154,-0.019725,7.569410,7.569410,-1.186706
4170.000000,599.931420,100.126095,-0.023740,7.591078,7.591078,-1.436862
4172.000000,599.140409,98.290883,-0.018437,7.611389,7.611389,-1.791560
4174.000000,598.289517,96.481985,-0.011677,7.631543,7.631543,-2.178256
4176.000000,597.402565,94.690546,-0.010684,7.651711,7.651711,-2.548491
4178.000000,596.478951,92.917690,-0.013098,7.671835,7.671835,-2.864829
4180.000000,595.512632,91.167825,-0.015047,7.691830,7.691830,-3.129507
4182.000000,594.484596,89.453538,-0.012542,7.711346,7.711346,-3.399312
4184.000000,593.414357,87.765129,-0.008995,7.730518,7.730518,-3.674628
4186.000000,592.318720,86.093077,-0.007935,7.749471,7.749471,-3.944449
4188.000000,591.194921,84.439819,-0.007003,7.767421,7.767421,-4.203535
4190.000000,590.047340,82.802992,-0.006102,7.784731,7.784731,-4.448924
4192.000000,588.883201,81.177864,-0.006505,7.798674,7.798674,-4.675351
4194.000000,587.696362,79.569266,-0.006626,7.810407,7.810407,-4.895518
4196.000000,586.487471,77.977165,-0.005822,7.821349,7.821349,-5.112340
4198.000000,585.260532,76.398928,-0.003887,7.830969,7.830969,-5.324094
4200.000000,584.017848,74.833045,-0.001086,7.838237,7.838237,-5.526301
4202.000000,582.775701,73.266787,-0.001624,7.840004,7.840004,-5.700158
4204.000000,581.534599,71.699676,-0.004450,7.836610,7.836610,-5.858605
4206.000000,580.270638,70.150919,-0.004591,7.833079,7.833079,-6.021757
4208.000000,578.995982,68.610968,-0.000975,7.829165,7.829165,-6.174196
4210.000000,577.708751,67.081488,0.003693,7.824885,7.824885,-6.313893
4212.000000,576.445419,65.532265,0.002264,7.819160,7.819160,-6.388688
4214.000000,575.192473,63.974591,-0.002759,7.812721,7.812721,-6.431147
4216.000000,573.922779,62.430534,-0.004073,7.806394,7.806394,-6.475897
4218.000000,572.642056,60.895606,-0.001647,7.800337,7.800337,-6.521748
4220.000000,571.349939,59.370258,0.000916,7.794442,7.794442,-6.576322
4222.000000,570.071428,57.833501,-0.000253,7.789583,7.789583,-6.605692
4224.000000,568.788315,56.300568,-0.002038,7.785125,7.785125,-6.631882
4226.000000,567.497673,54.773963,-0.001523,7.780994,7.780994,-6.658132
4228.000000,566.201748,53.251839,0.001213,7.777439,7.777439,-6.680688
4230.000000,564.905321,51.730142,0.003419,7.774680,7.774680,-6.695284
4232.000000,563.630095,50.190718,0.001391,7.774354,7.774354,-6.675512
4234.000000,562.354865,48.651217,-0.000916,7.774769,7.774769,-6.647059
4236.000000,561.075409,47.115222,-0.000654,7.775230,7.775230,-6.618695
4238.000000,559.793113,45.581599,0.001022,7.775752,7.775752,-6.589185
4240.000000,558.512687,44.046423,0.002126,7.776415,7.776415,-6.553461
4242.000000,557.243956,42.501570,0.000750,7.777346,7.777346,-6.499171
4244.000000,555.976144,40.955952,-0.000846,7.778298,7.778298,-6.438249
4246.000000,554.704015,39.413884,-0.001019,7.779019,7.779019,-6.377629
4248.000000,553.429154,37.874075,-0.000493,7.779352,7.779352,-6.316420
4250.000000,552.151512,36.336572,-0.000044,7.779236,7.779236,-6.255475
4252.000000,550.876089,34.797228,-0.000336,7.777300,7.777300,-6.188699
4254.000000,549.598465,33.259709,-0.000611,7.775021,7.775021,-6.122220
4256.000000,548.318896,31.723809,-0.000478,7.772205,7.772205,-6.056246
4258.000000,547.037909,30.189092,-0.000211,7.768622,7.768622,-5.990191
4260.000000,545.755836,28.655281,0.000039,7.763999,7.763999,-5.923353
4262.000000,544.474768,27.120631,-0.000015,7.755742,7.755742,-5.852082
4264.000000,543.193261,25.586348,-0.000054,7.747034,7.747034,-5.777592
4266.000000,541.911441,24.052326,0.000082,7.738357,7.738357,-5.700098
4268.000000,540.630027,22.517965,0.000111,7.729716,7.729716,-5.618330
4270.000000,539.349114,20.983185,0.000094,7.721140,7.721140,-5.532143
4272.000000,538.068159,19.448440,0.000183,7.712662,7.712662,-5.442868
4274.000000,536.787942,17.913080,0.000238,7.704240,7.704240,-5.349496
4276.000000,535.508534,16.377046,0.000206,7.695937,7.695937,-5.251974
4278.000000,534.229692,14.840541,0.000158,7.687827,7.687827,-5.151361
4280.000000,532.951441,13.303543,0.000134,7.679949,7.679949,-5.048010
4282.000000,531.673381,11.766387,0.000192,7.673006,7.673006,-4.943141
4284.000000,530.395993,10.228673,0.000245,7.666238,7.666238,-4.836580
4286.000000,529.119436,8.690268,0.000222,7.659727,7.659727,-4.728059
4288.000000,527.843560,7.151299,0.000195,7.653587,7.653587,-4.617957
4290.000000,526.568226,5.611880,0.000214,7.647933,7.647933,-4.506710
4292.000000,525.293523,4.071939,0.000233,7.644029,7.644029,-4.394411
4294.000000,524.019655,2.531307,0.000218,7.640423,7.640423,-4.281322
4296.000000,522.746353,0.990207,0.000180,7.636892,7.636892,-4.168805
4298.000000,521.473775,-0.551491,-0.000019,7.633451,7.633451,-4.058001
4300.000000,520.201403,-2.093358,-0.000166,7.630207,7.630207,-3.949656
4302.000000,518.927663,-3.634095,0.000055,7.627348,7.627348,-3.845361
4304.000000,517.654408,-5.175234,0.000276,7.624645,7.624645,-3.743612
4306.000000,516.382232,-6.717264,0.000280,7.622044,7.622044,-3.643972
4308.000000,515.110814,-8.259918,0.000115,7.619612,7.619612,-3.546005
4310.000000,513.840255,-9.803279,-0.000034,7.617351,7.617351,-3.448528
4312.000000,512.568633,-11.345766,0.000108,7.615917,7.615917,-3.352522
4314.000000,511.297854,-12.888946,0.000234,7.614629,7.614629,-3.254673
4316.000000,510.027789,-14.432715,0.000210,7.613533,7.613533,-3.155066
4318.000000,508.758340,-15.976990,0.000080,7.612726,7.612726,-3.054250
4320.000000,507.489539,-17.521797,-0.000072,7.612288,7.612288,-2.952980
4322.000000,506.219820,-19.065851,-0.000015,7.613167,7.613167,-2.854040
4324.000000,504.950397,-20.610147,0.000026,7.614297,7.614297,-2.756655
4326.000000,503.681109,-22.154554,-0.000112,7.615346,7.615346,-2.661020
4328.000000,502.411576,-23.698761,-0.000342,7.616296,7.616296,-2.567821
4330.000000,501.141009,-25.242115,-0.000434,7.617035,7.617035,-2.478446
4332.000000,499.868539,-26.783902,-0.000204,7.617336,7.617336,-2.394391
4334.000000,498.595561,-28.325270,0.000063,7.617491,7.617491,-2.314639
4336.000000,497.322984,-29.866967,0.000153,7.617661,7.617661,-2.238509
4338.000000,496.050884,-31.409060,-0.000005,7.617855,7.617855,-2.165505
4340.000000,494.779311,-32.951587,-0.000152,7.618072,7.618072,-2.095901
4342.000000,493.506147,-34.492800,0.000075,7.618412,7.618412,-2.032837
4344.000000,492.233763,-36.034658,0.000283,7.618779,7.618779,-1.972450
4346.000000,490.962331,-37.577301,0.000256,7.619202,7.619202,-1.914138
4348.000000,489.691708,-39.120610,-0.000026,7.619711,7.619711,-1.857242
4350.000000,488.421672,-40.664402,-0.000269,7.620324,7.620324,-1.800204
4352.000000,487.149332,-42.206295,0.000038,7.621333,7.621333,-1.745869
4354.000000,485.877700,-43.748773,0.000382,7.622447,7.622447,-1.689849
4356.000000,484.607424,-45.292368,0.000506,7.623683,7.623683,-1.631386
4358.000000,483.338444,-46.837028,0.000734,7.625069,7.625069,-1.571600
4360.000000,482.071768,-48.383578,0.000811,7.626747,7.626747,-1.511719
4362.000000,480.808269,-49.932724,0.000317,7.629105,7.629105,-1.452514
4364.000000,479.546153,-51.482999,-0.000734,7.631688,7.631688,-1.398376
4366.000000,478.282017,-53.031619,-0.001877,7.633737,7.633737,-1.356681
4368.000000,477.011460,-54.574982,-0.001106,7.634566,7.634566,-1.333469
