s_m,x_m,y_m,kappa_radpm,w_tr_right_m,w_tr_left_m,d_m
0.000000,-372.265971,237.780572,-0.001479,8.598052,8.598052,-4.972310
2.000000,-372.239841,235.777274,0.000350,8.643445,8.643445,-4.971888
4.000000,-372.211819,233.774003,0.000836,8.688228,8.688228,-4.959129
6.000000,-372.178498,231.770813,0.000344,8.727720,8.727720,-4.930244
8.000000,-372.144237,229.767637,-0.000384,8.761155,8.761155,-4.889133
10.000000,-372.111639,227.764434,-0.000935,8.792340,8.792340,-4.835266
12.000000,-372.082818,225.761176,-0.001207,8.823874,8.823874,-4.772864
14.000000,-372.059784,223.757841,-0.001265,8.854836,8.854836,-4.704503
16.000000,-372.040783,221.754464,-0.001568,8.884685,8.884685,-4.626516
18.000000,-372.028233,219.751036,-0.002252,8.913641,8.913641,-4.542626
20.000000,-372.023927,217.747577,-0.002974,8.943482,8.943482,-4.453854
22.000000,-372.032845,215.744136,-0.002806,8.970759,8.970759,-4.361416
24.000000,-372.054822,213.740789,-0.002399,8.993016,8.993016,-4.269239
26.000000,-372.082512,211.737513,-0.003799,9.011950,9.011950,-4.172802
28.000000,-372.124234,209.734495,-0.005838,9.011853,9.011853,-4.078207
30.000000,-372.193155,207.732237,-0.006766,8.977116,8.977116,-3.998800
32.000000,-372.287324,205.731006,-0.007629,8.918207,8.918207,-3.932652
34.000000,-372.412335,203.731478,-0.009051,8.843241,8.843241,-3.886068
36.000000,-372.572686,201.734478,-0.008937,8.744691,8.744691,-3.862859
38.000000,-372.776404,199.741519,-0.005751,8.623352,8.623352,-3.866863
40.000000,-373.000953,197.750675,-0.004391,8.497323,8.497323,-3.883637
42.000000,-373.232352,195.760659,-0.006290,8.378114,8.378114,-3.903798
44.000000,-373.499233,193.775082,-0.005905,8.290501,8.290501,-3.942655
46.000000,-373.788468,191.792612,-0.003734,8.216872,8.216872,-3.991535
48.000000,-374.091455,189.812191,-0.002889,8.153167,8.153167,-4.039472
50.000000,-374.403906,187.833246,-0.002657,8.098589,8.098589,-4.079254
52.000000,-374.729505,185.856415,-0.001664,8.055088,8.055088,-4.115909
54.000000,-375.061469,183.880641,-0.000155,8.016956,8.016956,-4.142867
56.000000,-375.393923,181.904950,0.000681,7.978841,7.978841,-4.154392
58.000000,-375.721481,179.928440,0.000544,7.937095,7.937095,-4.146190
60.000000,-376.047551,177.951684,0.000160,7.894442,7.894442,-4.124228
62.000000,-376.372879,175.974806,-0.000008,7.851191,7.851191,-4.090286
64.000000,-376.698650,173.998001,0.000034,7.809376,7.809376,-4.046324
66.000000,-377.024403,172.021193,0.000085,7.767245,7.767245,-3.994406
68.000000,-377.349211,170.044229,-0.000232,7.725427,7.725427,-3.935172
70.000000,-377.674582,168.067358,-0.000843,7.683720,7.683720,-3.870515
72.000000,-378.003451,166.091067,-0.001174,7.645282,7.645282,-3.803010
74.000000,-378.338111,164.115748,-0.001022,7.612639,7.612639,-3.736194
76.000000,-378.676283,162.141027,-0.000866,7.583037,7.583037,-3.668358
78.000000,-379.017818,160.166885,-0.000625,7.557859,7.557859,-3.599816
80.000000,-379.362820,158.193345,-0.000252,7.537624,7.537624,-3.530736
82.000000,-379.707418,156.219735,-0.000199,7.519579,7.519579,-3.457598
84.000000,-380.053343,154.246356,-0.000519,7.503249,7.503249,-3.381847
86.000000,-380.400172,152.273137,-0.000904,7.489293,7.489293,-3.302605
88.000000,-380.752067,150.300815,-0.001162,7.480813,7.480813,-3.223911
90.000000,-381.107210,148.329076,-0.001370,7.477659,7.477659,-3.144477
92.000000,-381.469160,146.358577,-0.001201,7.481205,7.481205,-3.067835
94.000000,-381.835893,144.388960,-0.000640,7.490648,7.490648,-2.991492
96.000000,-382.205222,142.419828,-0.000114,7.501840,7.501840,-2.912712
98.000000,-382.574679,140.450720,0.000247,7.514321,7.514321,-2.829044
100.000000,-382.943080,138.481414,0.000236,7.525153,7.525153,-2.739291
102.000000,-383.309569,136.511751,0.000018,7.534613,7.534613,-2.642761
104.000000,-383.677210,134.542303,0.000028,7.544402,7.544402,-2.544692
106.000000,-384.044170,132.572728,0.000086,7.553959,7.553959,-2.443650
108.000000,-384.410903,130.603111,0.000070,7.563384,7.563384,-2.339962
110.000000,-384.777419,128.633453,0.000065,7.572827,7.572827,-2.233785
112.000000,-385.143494,126.663714,-0.000000,7.581652,7.581652,-2.125537
114.000000,-385.509646,124.693988,0.000038,7.590606,7.590606,-2.016008
116.000000,-385.876088,122.724317,0.000127,7.600182,7.600182,-1.905797
118.000000,-386.241272,120.754412,0.000053,7.609570,7.609570,-1.793673
120.000000,-386.606676,118.784547,0.000045,7.619253,7.619253,-1.681454
122.000000,-386.972066,116.814680,0.000049,7.628917,7.628917,-1.569117
124.000000,-387.336558,114.844647,-0.000037,7.638679,7.638679,-1.455733
126.000000,-387.702093,112.874807,-0.000038,7.648543,7.648543,-1.343249
128.000000,-388.067020,110.904855,-0.000012,7.657735,7.657735,-1.229884
130.000000,-388.432725,108.935046,0.000024,7.667703,7.667703,-1.116809
132.000000,-388.797673,106.965097,0.000051,7.677467,7.677467,-1.002136
134.000000,-389.162975,104.995214,0.000030,7.687328,7.687328,-0.886809
136.000000,-389.527523,103.025191,0.000009,7.697172,7.697172,-0.769548
138.000000,-389.892752,101.055295,0.000089,7.707132,7.707132,-0.651794
140.000000,-390.257235,99.085260,0.000138,7.716430,7.716430,-0.532456
142.000000,-390.621122,97.115115,0.000101,7.726106,7.726106,-0.412066
144.000000,-390.984772,95.144926,0.000080,7.735915,7.735915,-0.291356
146.000000,-391.347890,93.174639,0.000034,7.745420,7.745420,-0.170295
148.000000,-391.711053,91.204360,0.000027,7.755512,7.755512,-0.049579
150.000000,-392.074116,89.234063,-0.000017,7.765753,7.765753,0.070849
152.000000,-392.436903,87.263716,-0.000051,7.775313,7.775313,0.191064
154.000000,-392.800603,85.293536,0.000048,7.785253,7.785253,0.309842
156.000000,-393.163561,83.323220,0.000015,7.795383,7.795383,0.428953
158.000000,-393.526337,81.352870,-0.000055,7.804851,7.804851,0.547861
160.000000,-393.889989,79.382681,-0.000003,7.814789,7.814789,0.665416
162.000000,-394.252942,77.412364,0.000017,7.824819,7.824819,0.783111
164.000000,-394.616462,75.442151,0.000035,7.834599,7.834599,0.899426
166.000000,-394.979277,73.471808,0.000034,7.844487,7.844487,1.015290
168.000000,-395.342383,71.501519,-0.000014,7.853661,7.853661,1.129274
170.000000,-395.705079,69.531154,-0.000023,7.862801,7.862801,1.242197
172.000000,-396.068519,67.560927,-0.000000,7.870982,7.870982,1.352806
174.000000,-396.431239,65.590566,-0.000037,7.879378,7.879378,1.462293
176.000000,-396.794656,63.620335,0.000007,7.887424,7.887424,1.569240
178.000000,-397.157982,61.650086,0.000051,7.894985,7.894985,1.674891
180.000000,-397.520684,59.679722,-0.000012,7.903264,7.903264,1.779797
182.000000,-397.883924,57.709458,0.000019,7.911279,7.911279,1.882148
184.000000,-398.246907,55.739146,0.000017,7.919206,7.919206,1.981962
186.000000,-398.609564,53.768774,-0.000056,7.926932,7.926932,2.078194
188.000000,-398.972860,51.798520,-0.000027,7.934934,7.934934,2.169513
190.000000,-399.336089,49.828253,0.000013,7.943091,7.943091,2.256960
192.000000,-399.699237,47.857972,0.000012,7.951247,7.951247,2.340507
194.000000,-400.062408,45.887695,0.000074,7.959972,7.959972,2.418982
196.000000,-400.425424,43.917389,0.000171,7.967358,7.967358,2.490345
198.000000,-400.787551,41.946920,0.000140,7.974299,7.974299,2.554345
200.000000,-401.148913,39.976310,0.000094,7.979846,7.979846,2.610239
202.000000,-401.510490,38.005740,0.000102,7.984921,7.984921,2.657134
204.000000,-401.870916,36.034959,0.000020,7.989159,7.989159,2.696302
206.000000,-402.231821,34.064265,-0.000028,7.993923,7.993923,2.728429
208.000000,-402.592601,32.093549,-0.000005,7.998458,7.998458,2.755223
210.000000,-402.953599,30.122872,0.000018,8.002955,8.002955,2.776587
212.000000,-403.314362,28.152153,0.000021,8.007221,8.007221,2.793144
214.000000,-403.675093,26.181428,-0.000110,8.011947,8.011947,2.805432
216.000000,-404.035796,24.210697,-0.000113,8.016983,8.016983,2.812237
218.000000,-404.398323,22.240301,0.000191,8.022800,8.022800,2.809340
220.000000,-404.759017,20.269569,0.000563,8.028102,8.028102,2.800429
222.000000,-405.118531,18.298622,0.000862,8.030907,8.030907,2.784026
224.000000,-405.473345,16.326823,0.000737,8.031624,8.031624,2.761818
226.000000,-405.825115,14.354479,0.000341,8.029415,8.029415,2.733164
228.000000,-406.176032,12.381982,0.000033,8.025562,8.025562,2.695051
230.000000,-406.526318,10.409374,-0.000144,8.023556,8.023556,2.644023
232.000000,-406.878200,8.437049,0.000016,8.023072,8.023072,2.579620
234.000000,-407.229796,6.464673,0.000557,8.023147,8.023147,2.503274
236.000000,-407.580109,4.492070,0.001140,8.021242,8.021242,2.414240
238.000000,-407.924465,2.518419,0.001285,8.014546,8.014546,2.321630
240.000000,-408.263992,0.543931,0.001394,8.003569,8.003569,2.227181
242.000000,-408.598810,-1.431361,0.001967,7.985917,7.985917,2.130831
244.000000,-408.925807,-3.407959,0.003003,7.957181,7.957181,2.034826
246.000000,-409.242008,-5.386313,0.004145,7.920850,7.920850,1.940359
248.000000,-409.540014,-7.367482,0.004700,7.881541,7.881541,1.852693
250.000000,-409.819432,-9.351352,0.004809,7.840076,7.840076,1.771122
252.000000,-410.079541,-11.337852,0.004543,7.794224,7.794224,1.696349
254.000000,-410.320357,-13.326783,0.003237,7.739462,7.739462,1.627347
256.000000,-410.546714,-15.317423,0.001491,7.676374,7.676374,1.560630
258.000000,-410.769682,-17.308445,0.000727,7.612787,7.612787,1.489032
260.000000,-410.990109,-19.299750,0.000856,7.552756,7.552756,1.413477
262.000000,-411.207402,-21.291399,0.000978,7.495364,7.495364,1.335816
264.000000,-411.419835,-23.283573,0.001035,7.438564,7.438564,1.259176
266.000000,-411.629518,-25.276038,0.001190,7.381463,7.381463,1.179339
268.000000,-411.833036,-27.269142,0.001132,7.326163,7.326163,1.096152
270.000000,-412.032635,-29.262641,0.000975,7.270798,7.270798,1.005914
272.000000,-412.228150,-31.256546,0.000934,7.216490,7.216490,0.907251
274.000000,-412.420177,-33.250790,0.000984,7.162912,7.162912,0.797469
276.000000,-412.608333,-35.245403,0.001095,7.109724,7.109724,0.677545
278.000000,-412.791985,-37.240435,0.001335,7.058585,7.058585,0.551428
280.000000,-412.971018,-39.235888,0.001612,7.009922,7.009922,0.423324
282.000000,-413.142440,-41.232006,0.001436,6.965344,6.965344,0.301905
284.000000,-413.307924,-43.228628,0.001110,6.923980,6.923980,0.188433
286.000000,-413.469922,-45.225536,0.000849,6.883489,6.883489,0.078339
288.000000,-413.627063,-47.222832,0.000383,6.844037,6.844037,-0.029055
290.000000,-413.783812,-49.220159,0.000274,6.806170,6.806170,-0.139102
292.000000,-413.940065,-51.217525,0.000523,6.770184,6.770184,-0.252780
294.000000,-414.093316,-53.215123,0.000606,6.737655,6.737655,-0.369002
296.000000,-414.244697,-55.212863,0.000633,6.705637,6.705637,-0.489412
298.000000,-414.393125,-57.210826,0.000733,6.675353,6.675353,-0.612625
300.000000,-414.539197,-59.208962,0.000896,6.644959,6.644959,-0.738651
302.000000,-414.681198,-61.207391,0.000952,6.618620,6.618620,-0.865048
304.000000,-414.819349,-63.206089,0.001011,6.593077,6.593077,-0.990546
306.000000,-414.954023,-65.205026,0.001124,6.568072,6.568072,-1.115032
308.000000,-415.083313,-67.204318,0.001208,6.545192,6.545192,-1.236411
310.000000,-415.208839,-69.203849,0.001332,6.522087,6.522087,-1.355768
312.000000,-415.327921,-71.203773,0.001357,6.499569,6.499569,-1.470435
314.000000,-415.442308,-73.203973,0.001559,6.477079,6.477079,-1.582755
316.000000,-415.550785,-75.204498,0.001855,6.455499,6.455499,-1.691717
318.000000,-415.650783,-77.205468,0.001968,6.436926,6.436926,-1.794945
320.000000,-415.743900,-79.206769,0.002091,6.418761,6.418761,-1.894268
322.000000,-415.827693,-81.208484,0.002252,6.401232,6.401232,-1.988164
324.000000,-415.903477,-83.210512,0.002727,6.384868,6.384868,-2.077433
326.000000,-415.968474,-85.212922,0.003111,6.370091,6.370091,-2.159245
328.000000,-416.019291,-87.215741,0.002911,6.359859,6.359859,-2.230541
330.000000,-416.059324,-89.218803,0.002716,6.352270,6.352270,-2.294681
332.000000,-416.088378,-91.222058,0.002790,6.346428,6.346428,-2.351225
334.000000,-416.106572,-93.225439,0.002798,6.343033,6.343033,-2.400259
336.000000,-416.112679,-95.228895,0.002523,6.339055,6.339055,-2.440685
338.000000,-416.108906,-97.232355,0.002144,6.337307,6.337307,-2.473854
340.000000,-416.096472,-99.235783,0.002012,6.334899,6.334899,-2.500808
342.000000,-416.076818,-101.239153,0.002098,6.330549,6.330549,-2.523120
344.000000,-416.047955,-103.242410,0.001963,6.325396,6.325396,-2.538614
346.000000,-416.011046,-105.245537,0.001768,6.319894,6.319894,-2.548224
348.000000,-415.967933,-107.248540,0.001764,6.314090,6.314090,-2.553699
350.000000,-415.916891,-109.251356,0.001746,6.308109,6.308109,-2.553490
352.000000,-415.859590,-111.254004,0.001892,6.302964,6.302964,-2.549130
354.000000,-415.794711,-113.256418,0.002165,6.297530,6.297530,-2.539458
356.000000,-415.720884,-115.258524,0.002288,6.293030,6.293030,-2.524088
358.000000,-415.637785,-117.260264,0.002091,6.288345,6.288345,-2.503489
360.000000,-415.545470,-119.261602,0.001422,6.281641,6.281641,-2.478015
362.000000,-415.447313,-121.262663,0.000315,6.276824,6.276824,-2.451271
364.000000,-415.347251,-123.263630,-0.000299,6.278237,6.278237,-2.427547
366.000000,-415.251786,-125.264823,0.001196,6.291693,6.291693,-2.413149
368.000000,-415.153834,-127.265894,0.004434,6.311027,6.311027,-2.401821
370.000000,-415.037088,-129.265932,0.006493,6.318304,6.318304,-2.379532
372.000000,-414.889350,-131.263908,0.005505,6.302111,6.302111,-2.333821
374.000000,-414.718379,-133.260058,0.002830,6.270094,6.270094,-2.271069
376.000000,-414.536739,-135.255273,0.000754,6.235093,6.235093,-2.202680
378.000000,-414.354382,-137.250425,0.000347,6.209953,6.209953,-2.138182
380.000000,-414.172064,-139.245580,0.001203,6.192684,6.192684,-2.077932
382.000000,-413.984836,-141.240280,0.002109,6.179643,6.179643,-2.017073
384.000000,-413.788164,-143.234069,0.002512,6.169549,6.169549,-1.952035
386.000000,-413.581591,-145.226853,0.002590,6.158696,6.158696,-1.882374
388.000000,-413.364137,-147.218482,0.002411,6.146926,6.146926,-1.806761
390.000000,-413.136989,-149.209029,0.002098,6.135845,6.135845,-1.725989
392.000000,-412.901638,-151.198624,0.001869,6.125371,6.125371,-1.641434
394.000000,-412.658932,-153.187335,0.001612,6.116374,6.116374,-1.553801
396.000000,-412.409337,-155.175193,0.000962,6.107686,6.107686,-1.464058
398.000000,-412.155182,-157.162476,0.000214,6.098220,6.098220,-1.375695
400.000000,-411.901715,-159.149846,0.000056,6.089407,6.089407,-1.293667
402.000000,-411.648029,-161.137188,0.000213,6.082097,6.082097,-1.216878
404.000000,-411.393202,-163.124384,0.000256,6.076046,6.076046,-1.144384
406.000000,-411.137480,-165.111465,0.000228,6.070685,6.070685,-1.075833
408.000000,-410.880620,-167.098399,0.000180,6.066516,6.066516,-1.008999
410.000000,-410.623304,-169.085275,0.000167,6.062552,6.062552,-0.943521
412.000000,-410.365164,-171.072043,0.000170,6.060240,6.060240,-0.878921
414.000000,-410.106471,-173.058740,0.000138,6.057298,6.057298,-0.815555
416.000000,-409.846997,-175.045335,0.000121,6.054741,6.054741,-0.753416
418.000000,-409.587438,-177.031918,0.000147,6.052981,6.052981,-0.693652
420.000000,-409.326898,-179.018374,0.000109,6.051090,6.051090,-0.635931
422.000000,-409.066068,-181.004791,0.000044,6.049451,6.049451,-0.580779
424.000000,-408.805070,-182.991186,0.000088,6.048328,6.048328,-0.528340
426.000000,-408.544006,-184.977572,0.000102,6.046759,6.046759,-0.478903
428.000000,-408.281848,-186.963815,-0.000006,6.045982,6.045982,-0.430908
430.000000,-408.020318,-188.950140,-0.000046,6.044860,6.044860,-0.385703
432.000000,-407.758727,-190.936457,-0.000005,6.043764,6.043764,-0.342414
434.000000,-407.497356,-192.922803,0.000047,6.042791,6.042791,-0.301284
436.000000,-407.235683,-194.909109,0.000074,6.041423,6.041423,-0.261451
438.000000,-406.973647,-196.895367,0.000009,6.040933,6.040933,-0.222923
440.000000,-406.711459,-198.881606,-0.000014,6.040869,6.040869,-0.186332
442.000000,-406.449798,-200.867914,0.000068,6.040653,6.040653,-0.152541
444.000000,-406.187455,-202.854131,0.000032,6.040909,6.040909,-0.120448
446.000000,-405.924869,-204.840317,-0.000047,6.041451,6.041451,-0.090783
448.000000,-405.662938,-206.826590,0.000005,6.041767,6.041767,-0.065422
450.000000,-405.400695,-208.812821,0.000031,6.042011,6.042011,-0.043254
452.000000,-405.138346,-210.799038,0.000009,6.042620,6.042620,-0.024520
454.000000,-404.876028,-212.785259,0.000018,6.042596,6.042596,-0.009616
456.000000,-404.613614,-214.771468,-0.000007,6.043557,6.043557,0.001741
458.000000,-404.351072,-216.757659,-0.000024,6.043724,6.043724,0.010284
460.000000,-404.088995,-218.743912,0.000001,6.044427,6.044427,0.015958
462.000000,-403.826491,-220.730109,-0.000011,6.044556,6.044556,0.020111
464.000000,-403.564353,-222.716354,-0.000044,6.044811,6.044811,0.022786
466.000000,-403.302079,-224.702581,-0.000012,6.045510,6.045510,0.024882
468.000000,-403.040406,-226.688887,0.000013,6.046267,6.046267,0.025848
470.000000,-402.777866,-228.675079,-0.000052,6.046775,6.046775,0.027342
472.000000,-402.516254,-230.661393,0.000001,6.047543,6.047543,0.027663
474.000000,-402.254486,-232.647687,0.000034,6.048562,6.048562,0.027570
476.000000,-401.992088,-234.633898,-0.000040,6.048921,6.048921,0.026886
478.000000,-401.730564,-236.620224,0.000012,6.049369,6.049369,0.024003
480.000000,-401.468558,-238.606486,0.000019,6.049866,6.049866,0.020509
482.000000,-401.206444,-240.592734,-0.000037,6.050703,6.050703,0.016169
484.000000,-400.944726,-242.579034,-0.000011,6.051336,6.051336,0.010505
486.000000,-400.682912,-244.565322,0.000017,6.051941,6.051941,0.004195
488.000000,-400.421076,-246.551607,0.000022,6.052345,6.052345,-0.002889
490.000000,-400.159115,-248.537875,0.000013,6.053509,6.053509,-0.010698
492.000000,-399.897083,-250.524134,-0.000033,6.053873,6.053873,-0.019231
494.000000,-399.635115,-252.510402,-0.000049,6.054521,6.054521,-0.028382
496.000000,-399.373623,-254.496732,-0.000048,6.055551,6.055551,-0.038394
498.000000,-399.111899,-256.483031,-0.000071,6.056792,6.056792,-0.048370
500.000000,-398.850919,-258.469429,-0.000042,6.058174,6.058174,-0.059257
502.000000,-398.589804,-260.455808,-0.000015,6.059853,6.059853,-0.070285
504.000000,-398.328882,-262.442213,-0.000004,6.061344,6.061344,-0.081745
506.000000,-398.067942,-264.428616,0.000030,6.063477,6.063477,-0.093232
508.000000,-397.806911,-266.415007,0.000038,6.064912,6.064912,-0.104481
510.000000,-397.545604,-268.401361,0.000012,6.066590,6.066590,-0.115109
512.000000,-397.284337,-270.387721,-0.000025,6.068203,6.068203,-0.125410
514.000000,-397.023076,-272.374082,-0.000025,6.069872,6.069872,-0.135639
516.000000,-396.762168,-274.360489,-0.000021,6.071262,6.071262,-0.146513
518.000000,-396.500953,-276.346855,-0.000012,6.072687,6.072687,-0.157882
520.000000,-396.240330,-278.333299,0.000001,6.074535,6.074535,-0.170751
522.000000,-395.979026,-280.319654,-0.000057,6.076775,6.076775,-0.183715
524.000000,-395.718469,-282.306107,-0.000040,6.078618,6.078618,-0.198082
526.000000,-395.458011,-284.292573,0.000017,6.081155,6.081155,-0.213103
528.000000,-395.197244,-286.278999,-0.000025,6.083283,6.083283,-0.228291
530.000000,-394.936724,-288.265456,-0.000042,6.085580,6.085580,-0.244185
532.000000,-394.676420,-290.251943,-0.000050,6.088423,6.088423,-0.260745
534.000000,-394.416110,-292.238428,-0.000111,6.091099,6.091099,-0.277800
536.000000,-394.156398,-294.224992,-0.000132,6.094569,6.094569,-0.296246
538.000000,-393.897269,-296.211631,-0.000130,6.098254,6.098254,-0.316673
540.000000,-393.638486,-298.198316,-0.000139,6.102691,6.102691,-0.338941
542.000000,-393.380498,-300.185104,-0.000142,6.107733,6.107733,-0.363788
544.000000,-393.122780,-302.171928,-0.000150,6.113007,6.113007,-0.391331
546.000000,-392.865995,-304.158872,-0.000141,6.119994,6.119994,-0.422190
548.000000,-392.609455,-306.145848,-0.000176,6.127024,6.127024,-0.456024
550.000000,-392.353735,-308.132929,-0.000191,6.134463,6.134463,-0.494332
552.000000,-392.098936,-310.120129,-0.000115,6.142816,6.142816,-0.537944
554.000000,-391.844517,-312.107377,-0.000281,6.152194,6.152194,-0.586617
556.000000,-391.590242,-314.094644,-0.000581,6.162310,6.162310,-0.641045
558.000000,-391.339778,-316.082394,-0.000090,6.174218,6.174218,-0.705878
560.000000,-391.090801,-318.070331,0.001261,6.187332,6.187332,-0.778400
562.000000,-390.836466,-320.057589,0.001693,6.199599,6.199599,-0.852100
564.000000,-390.571277,-322.043429,0.001594,6.209586,6.209586,-0.923657
566.000000,-390.306190,-324.029282,0.004396,6.216450,6.216450,-1.002988
568.000000,-390.026391,-326.013094,0.009559,6.222271,6.222271,-1.075210
570.000000,-389.706094,-327.990708,0.012449,6.222249,6.222249,-1.116992
572.000000,-389.329988,-329.958429,0.011006,6.224826,6.224826,-1.113879
574.000000,-388.909254,-331.917176,0.007586,6.232246,6.232246,-1.077082
576.000000,-388.460232,-333.869660,0.005193,6.243381,6.243381,-1.024538
578.000000,-387.993367,-335.817963,0.004374,6.250670,6.250670,-0.967256
580.000000,-387.509265,-337.762048,0.003373,6.250581,6.250581,-0.903502
582.000000,-387.009257,-339.702114,0.001470,6.253270,6.253270,-0.834710
584.000000,-386.505770,-341.641286,0.000345,6.259286,6.259286,-0.775514
586.000000,-386.002269,-343.580453,0.000471,6.264422,6.264422,-0.727812
588.000000,-385.496918,-345.519140,0.000653,6.267648,6.267648,-0.690074
590.000000,-384.987967,-347.456884,0.000509,6.270850,6.270850,-0.662708
592.000000,-384.477928,-349.394343,0.000476,6.273913,6.273913,-0.647558
594.000000,-383.965760,-351.331239,0.000488,6.276329,6.276329,-0.644736
596.000000,-383.451552,-353.267595,0.000418,6.278558,6.278558,-0.655879
598.000000,-382.935975,-355.203587,0.000383,6.280648,6.280648,-0.680113
600.000000,-382.418685,-357.139123,0.000402,6.282761,6.282761,-0.715080
602.000000,-381.900252,-359.074352,0.000418,6.284712,6.284712,-0.761155
604.000000,-381.379583,-361.008981,0.000411,6.286550,6.286550,-0.816506
606.000000,-380.858045,-362.943376,0.000449,6.288661,6.288661,-0.879821
608.000000,-380.334115,-364.877124,0.000407,6.289450,6.289450,-0.948388
610.000000,-379.808883,-366.810519,0.000273,6.290910,6.290910,-1.022412
612.000000,-379.282346,-368.743559,0.000222,6.292061,6.292061,-1.099267
614.000000,-378.755497,-370.676514,0.000240,6.293062,6.293062,-1.178652
616.000000,-378.227135,-372.609056,0.000169,6.294951,6.294951,-1.258072
618.000000,-377.698392,-374.541494,0.000116,6.296654,6.296654,-1.337174
620.000000,-377.169299,-376.473836,0.000139,6.297972,6.297972,-1.415691
622.000000,-376.639496,-378.405984,0.000121,6.299530,6.299530,-1.493695
624.000000,-376.109311,-380.338027,0.000141,6.300743,6.300743,-1.571578
626.000000,-375.578729,-382.269961,0.000104,6.302517,6.302517,-1.649061
628.000000,-375.047137,-384.201616,0.000023,6.303981,6.303981,-1.725352
630.000000,-374.516356,-386.133496,0.000092,6.305293,6.305293,-1.802441
632.000000,-373.984602,-388.065107,0.000184,6.306944,6.306944,-1.878578
634.000000,-373.452563,-389.996640,0.000196,6.308376,6.308376,-1.954351
636.000000,-372.919215,-391.927812,0.000143,6.309880,6.309880,-2.028447
638.000000,-372.385729,-393.858946,0.000074,6.310965,6.310965,-2.101872
640.000000,-371.851616,-395.789907,-0.000029,6.312188,6.312188,-2.173985
642.000000,-371.317749,-397.720935,-0.000120,6.313989,6.313989,-2.245619
644.000000,-370.784467,-399.652125,-0.000132,6.315148,6.315148,-2.317262
646.000000,-370.251621,-401.583436,-0.000179,6.316859,6.316859,-2.388601
648.000000,-369.719357,-403.514907,-0.000155,6.318286,6.318286,-2.459737
650.000000,-369.188260,-405.446699,-0.000066,6.319754,6.319754,-2.531168
652.000000,-368.656645,-407.378349,-0.000057,6.320826,6.320826,-2.600178
654.000000,-368.125923,-409.310244,0.000101,6.322594,6.322594,-2.666413
656.000000,-367.594823,-411.242036,0.000247,6.323464,6.323464,-2.728194
658.000000,-367.062029,-413.173361,0.000230,6.323394,6.323394,-2.784930
660.000000,-366.529172,-415.104668,0.000396,6.323096,6.323096,-2.840299
662.000000,-365.994581,-417.035496,0.000762,6.321898,6.321898,-2.893675
664.000000,-365.457402,-418.965605,0.000971,6.319535,6.319535,-2.944194
666.000000,-364.915350,-420.894352,0.001064,6.317208,6.317208,-2.989163
668.000000,-364.370620,-422.822344,0.001843,6.314429,6.314429,-3.031459
670.000000,-363.819679,-424.748567,0.002839,6.309749,6.309749,-3.072099
672.000000,-363.255391,-426.670916,0.002383,6.304960,6.304960,-3.115278
674.000000,-362.680242,-428.590053,0.002498,6.305397,6.305397,-3.169980
676.000000,-362.103454,-430.508698,0.006266,6.295359,6.295359,-3.250475
678.000000,-361.502447,-432.419851,0.011402,6.282328,6.282328,-3.339136
680.000000,-360.855688,-434.315863,0.014616,6.282482,6.282482,-3.412769
682.000000,-360.151205,-436.191244,0.017348,6.321295,6.321295,-3.474467
684.000000,-359.387335,-438.043219,0.021762,6.388551,6.388551,-3.545016
686.000000,-358.541573,-439.859075,0.024922,6.450216,6.450216,-3.633551
688.000000,-357.600544,-441.627425,0.026678,6.509310,6.509310,-3.729272
690.000000,-356.574628,-443.347696,0.029501,6.573617,6.573617,-3.846650
692.000000,-355.442290,-444.999541,0.032611,6.632358,6.632358,-3.963278
694.000000,-354.210717,-446.579262,0.036467,6.669338,6.669338,-4.083551
696.000000,-352.863671,-448.061198,0.039568,6.690670,6.690670,-4.166181
698.000000,-351.402991,-449.430917,0.040219,6.712516,6.712516,-4.188210
700.000000,-349.835412,-450.676504,0.039428,6.736062,6.736062,-4.143660
702.000000,-348.174320,-451.795380,0.036537,6.754206,6.754206,-4.027708
704.000000,-346.432303,-452.783856,0.029795,6.735231,6.735231,-3.840070
706.000000,-344.633179,-453.664852,0.024342,6.665123,6.665123,-3.605359
708.000000,-342.799934,-454.472153,0.025475,6.559192,6.559192,-3.380489
710.000000,-340.926539,-455.180761,0.026097,6.419719,6.419719,-3.148175
712.000000,-339.015496,-455.781253,0.022169,6.285286,6.285286,-2.892134
714.000000,-337.081050,-456.301833,0.018737,6.191295,6.191295,-2.657966
716.000000,-335.128509,-456.749840,0.015702,6.167149,6.167149,-2.460820
718.000000,-333.161906,-457.131426,0.009633,6.183354,6.183354,-2.301883
720.000000,-331.187665,-457.472264,0.003334,6.214652,6.214652,-2.178073
722.000000,-329.212755,-457.809322,0.001710,6.236946,6.236946,-2.083429
724.000000,-327.237133,-458.142052,0.001414,6.246958,6.246958,-1.971188
726.000000,-325.259080,-458.460145,-0.002839,6.253466,6.253466,-1.817192
728.000000,-323.282887,-458.789442,-0.007906,6.267748,6.267748,-1.651837
730.000000,-321.313277,-459.155870,-0.009612,6.306359,6.306359,-1.499585
732.000000,-319.351405,-459.561687,-0.007767,6.376365,6.376365,-1.348341
734.000000,-317.397177,-460.003006,-0.002626,6.469688,6.469688,-1.186108
736.000000,-315.445584,-460.455958,0.002928,6.558817,6.558817,-0.984445
738.000000,-313.490056,-460.891333,0.002504,6.622552,6.622552,-0.714468
740.000000,-311.529622,-461.304329,-0.005832,6.651234,6.651234,-0.362774
742.000000,-309.574268,-461.740404,-0.014908,6.659004,6.659004,0.031332
744.000000,-307.635387,-462.243770,-0.017909,6.661396,6.661396,0.412644
746.000000,-305.717155,-462.821428,-0.017880,6.684388,6.684388,0.769208
748.000000,-303.818356,-463.460023,-0.020654,6.708484,6.708484,1.114981
750.000000,-301.947368,-464.175744,-0.024216,6.714808,6.714808,1.436963
752.000000,-300.116041,-464.987153,-0.024883,6.703109,6.703109,1.724761
754.000000,-298.327184,-465.888512,-0.024981,6.694414,6.694414,1.999117
756.000000,-296.583939,-466.875231,-0.025991,6.689717,6.689717,2.265143
758.000000,-294.896335,-467.954358,-0.025604,6.696577,6.696577,2.503489
760.000000,-293.267344,-469.120108,-0.023476,6.702064,6.702064,2.710292
762.000000,-291.694822,-470.360837,-0.021654,6.710387,6.710387,2.891291
764.000000,-290.175820,-471.666864,-0.022834,6.713807,6.713807,3.054409
766.000000,-288.713511,-473.035959,-0.025323,6.701066,6.701066,3.195152
768.000000,-287.330390,-474.484905,-0.023905,6.658140,6.658140,3.279898
770.000000,-286.018770,-475.998924,-0.019172,6.589389,6.589389,3.315756
772.000000,-284.766857,-477.562847,-0.015559,6.521067,6.521067,3.316364
774.000000,-283.558605,-479.160872,-0.014047,6.453653,6.453653,3.301331
776.000000,-282.399693,-480.795005,-0.011898,6.373381,6.373381,3.261387
778.000000,-281.280092,-482.456371,-0.010081,6.294772,6.294772,3.200954
780.000000,-280.189012,-484.136634,-0.010725,6.227186,6.227186,3.130130
782.000000,-279.136467,-485.841270,-0.011515,6.182016,6.182016,3.038236
784.000000,-278.124044,-487.569973,-0.010213,6.154740,6.154740,2.922704
786.000000,-277.151266,-489.321378,-0.007034,6.156685,6.156685,2.779042
788.000000,-276.201116,-491.085192,-0.003220,6.174769,6.174769,2.625281
790.000000,-275.264756,-492.856381,0.000148,6.180815,6.180815,2.475808
792.000000,-274.323640,-494.625048,0.003063,6.177667,6.177667,2.352016
794.000000,-273.376128,-496.390295,0.005216,6.185661,6.185661,2.254742
796.000000,-272.402923,-498.141484,0.004338,6.224486,6.224486,2.202977
798.000000,-271.414097,-499.883916,0.000904,6.284239,6.284239,2.177459
800.000000,-270.421319,-501.624109,-0.001918,6.349407,6.349407,2.159946
802.000000,-269.439397,-503.370446,-0.002503,6.403658,6.403658,2.132050
804.000000,-268.466543,-505.121856,-0.002123,6.446558,6.446558,2.094850
806.000000,-267.499752,-506.876617,-0.002701,6.482842,6.482842,2.051439
808.000000,-266.541591,-508.636104,-0.003690,6.508943,6.508943,1.998824
810.000000,-265.598184,-510.403534,-0.003444,6.517919,6.517919,1.929998
812.000000,-264.668819,-512.178399,-0.001642,6.511004,6.511004,1.844883
814.000000,-263.745446,-513.956394,0.000262,6.496619,6.496619,1.751788
816.000000,-262.819371,-515.732983,0.000934,6.485833,6.485833,1.661117
818.000000,-261.888982,-517.507316,0.000592,6.480172,6.480172,1.576446
820.000000,-260.956633,-519.280621,0.000189,6.476031,6.476031,1.495905
822.000000,-260.024100,-521.053830,0.000165,6.472892,6.472892,1.417701
824.000000,-259.091201,-522.826845,0.000460,6.469112,6.469112,1.341279
826.000000,-258.156875,-524.599109,0.000380,6.466652,6.466652,1.267767
828.000000,-257.219232,-526.369620,-0.000726,6.468015,6.468015,1.198982
830.000000,-256.284262,-528.141540,-0.002669,6.466090,6.466090,1.127226
832.000000,-255.357581,-529.917811,-0.004330,6.455408,6.455408,1.045570
834.000000,-254.449675,-531.703735,-0.003715,6.422234,6.422234,0.941616
836.000000,-253.557794,-533.497732,-0.000582,6.371479,6.371479,0.817464
838.000000,-252.668282,-535.292907,0.001995,6.318706,6.318706,0.687624
840.000000,-251.766342,-537.081864,0.002073,6.279234,6.279234,0.567657
842.000000,-250.858261,-538.867717,0.001662,6.247280,6.247280,0.449471
844.000000,-249.945166,-540.651010,0.002062,6.220120,6.220120,0.331098
846.000000,-249.024474,-542.430392,0.002426,6.201418,6.201418,0.215196
848.000000,-248.094566,-544.204974,0.002084,6.192182,6.192182,0.103694
850.000000,-247.156149,-545.975072,0.001055,6.194232,6.194232,-0.002219
852.000000,-246.214342,-547.743373,0.000187,6.201992,6.201992,-0.107485
854.000000,-245.272843,-549.511836,0.000098,6.210473,6.210473,-0.220300
856.000000,-244.331469,-551.280367,0.000406,6.216564,6.216564,-0.345522
858.000000,-243.388143,-553.047857,0.000411,6.222235,6.222235,-0.487700
860.000000,-242.442848,-554.814295,0.000078,6.229446,6.229446,-0.655614
862.000000,-241.497620,-556.580768,0.000643,6.232658,6.232658,-0.855450
864.000000,-240.553126,-558.347634,0.002987,6.225605,6.225605,-1.088553
866.000000,-239.598011,-560.108771,0.006118,6.219176,6.219176,-1.342561
868.000000,-238.621306,-561.857996,0.008397,6.231125,6.231125,-1.608624
870.000000,-237.612610,-563.588937,0.008980,6.263014,6.263014,-1.863799
872.000000,-236.572576,-565.301259,0.008493,6.300364,6.300364,-2.106237
874.000000,-235.503272,-566.995469,0.008316,6.342573,6.342573,-2.341830
876.000000,-234.407843,-568.672891,0.009381,6.387356,6.387356,-2.579898
878.000000,-233.281646,-570.329786,0.011595,6.424297,6.424297,-2.812770
880.000000,-232.118066,-571.960608,0.014947,6.452729,6.452729,-3.033128
882.000000,-230.907779,-573.557033,0.017249,6.487976,6.487976,-3.229128
884.000000,-229.635990,-575.104912,0.016539,6.535543,6.535543,-3.380585
886.000000,-228.316803,-576.612540,0.015531,6.576623,6.576623,-3.502984
888.000000,-226.951002,-578.078125,0.015386,6.613237,6.613237,-3.603970
890.000000,-225.540780,-579.501053,0.014925,6.637761,6.637761,-3.700655
892.000000,-224.087868,-580.880335,0.014465,6.649802,6.649802,-3.798190
894.000000,-222.597035,-582.218544,0.016168,6.652530,6.652530,-3.893179
896.000000,-221.067220,-583.511997,0.019567,6.647407,6.647407,-3.965367
898.000000,-219.484053,-584.739357,0.019719,6.622914,6.622914,-3.982903
900.000000,-217.850251,-585.898641,0.016847,6.586372,6.586372,-3.956146
902.000000,-216.181406,-587.006912,0.015418,6.539828,6.539828,-3.918718
904.000000,-214.479139,-588.063187,0.015469,6.498555,6.498555,-3.872863
906.000000,-212.745009,-589.066286,0.014757,6.450583,6.450583,-3.818239
908.000000,-210.980486,-590.014742,0.012604,6.413537,6.413537,-3.741884
910.000000,-209.192786,-590.919072,0.009944,6.387318,6.387318,-3.650016
912.000000,-207.387328,-591.787424,0.007291,6.356276,6.356276,-3.549029
914.000000,-205.569229,-592.629064,0.005490,6.306526,6.306526,-3.450696
916.000000,-203.743712,-593.454486,0.006687,6.250726,6.250726,-3.367557
918.000000,-201.908887,-594.258965,0.008502,6.195937,6.195937,-3.294797
920.000000,-200.056973,-595.023234,0.006536,6.145686,6.145686,-3.210704
922.000000,-198.195200,-595.763233,0.002113,6.118643,6.118643,-3.129432
924.000000,-196.330157,-596.494999,-0.001967,6.133108,6.133108,-3.063329
926.000000,-194.468786,-597.236060,-0.003543,6.183863,6.183863,-3.028931
928.000000,-192.615076,-597.996078,-0.001290,6.257651,6.257651,-3.035082
930.000000,-190.763645,-598.761640,0.001705,6.330385,6.330385,-3.061525
932.000000,-188.907779,-599.516355,0.002265,6.394795,6.394795,-3.089113
934.000000,-187.048186,-600.261872,0.001904,6.451458,6.451458,-3.119784
936.000000,-185.186814,-601.002932,0.002617,6.503512,6.503512,-3.158347
938.000000,-183.321392,-601.733719,0.003936,6.545030,6.545030,-3.196794
940.000000,-181.450502,-602.450394,0.004395,6.571991,6.571991,-3.230496
942.000000,-179.571895,-603.146585,0.002788,6.577471,6.577471,-3.253466
944.000000,-177.689264,-603.831847,0.000409,6.572493,6.572493,-3.273617
946.000000,-175.806778,-604.517508,-0.000557,6.567740,6.567740,-3.299654
948.000000,-173.925742,-605.207137,-0.000284,6.567999,6.567999,-3.328411
950.000000,-172.044730,-605.896832,-0.000019,6.569504,6.569504,-3.352784
952.000000,-170.163787,-606.586716,0.000036,6.570656,6.570656,-3.376171
954.000000,-168.282784,-607.276435,0.000059,6.571790,6.571790,-3.399584
956.000000,-166.401631,-607.965744,0.000054,6.573160,6.573160,-3.422322
958.000000,-164.520510,-608.655141,0.000073,6.574355,6.574355,-3.444362
960.000000,-162.639173,-609.343951,-0.000155,6.575921,6.575921,-3.464437
962.000000,-160.757833,-610.032751,-0.000467,6.577844,6.577844,-3.481988
964.000000,-158.877575,-610.724495,0.000017,6.582840,6.582840,-3.498885
966.000000,-156.997740,-611.417392,0.001531,6.589131,6.589131,-3.511643
968.000000,-155.115886,-612.104773,0.002787,6.588895,6.588895,-3.511447
970.000000,-153.229254,-612.778931,0.002571,6.574691,6.574691,-3.490913
972.000000,-151.339031,-613.442953,0.001440,6.549893,6.549893,-3.453977
974.000000,-149.446916,-614.101577,0.000265,6.518641,6.518641,-3.405516
976.000000,-147.554495,-614.759320,-0.000437,6.486549,6.486549,-3.352158
978.000000,-145.663170,-615.420206,-0.000412,6.457865,6.457865,-3.300394
980.000000,-143.772270,-616.082311,0.000088,6.430390,6.430390,-3.249921
982.000000,-141.881600,-616.745074,0.000886,6.402869,6.402869,-3.201183
984.000000,-139.989579,-617.403962,0.002158,6.371558,6.371558,-3.149674
986.000000,-138.095363,-618.056499,0.002615,6.333203,6.333203,-3.093006
988.000000,-136.195640,-618.692843,0.000289,6.277635,6.277635,-3.020248
990.000000,-134.295580,-619.328179,-0.003614,6.220812,6.220812,-2.946191
992.000000,-132.400208,-619.977325,-0.005416,6.178590,6.178590,-2.886326
994.000000,-130.514733,-620.654704,-0.003836,6.165478,6.165478,-2.856595
996.000000,-128.633533,-621.343875,-0.001400,6.165754,6.165754,-2.839384
998.000000,-126.754606,-622.039228,0.000166,6.171712,6.171712,-2.828390
1000.000000,-124.874559,-622.731546,0.000574,6.175221,6.175221,-2.813606
1002.000000,-122.993549,-623.421247,0.000229,6.174870,6.174870,-2.795502
1004.000000,-121.112400,-624.110568,0.000052,6.174834,6.174834,-2.776571
1006.000000,-119.231225,-624.799821,0.000034,6.174381,6.174381,-2.757129
1008.000000,-117.349954,-625.488809,0.000014,6.174593,6.174593,-2.737010
1010.000000,-115.468713,-626.177879,-0.000000,6.173862,6.173862,-2.717057
1012.000000,-113.587435,-626.866846,-0.000023,6.174066,6.174066,-2.697487
1014.000000,-111.706202,-627.555940,-0.000018,6.173199,6.173199,-2.678965
1016.000000,-109.825040,-628.245226,0.000030,6.173264,6.173264,-2.661828
1018.000000,-107.943790,-628.934272,0.000038,6.173100,6.173100,-2.645422
1020.000000,-106.062478,-629.623148,-0.000022,6.172918,6.172918,-2.629673
1022.000000,-104.181167,-630.312025,-0.000042,6.172235,6.172235,-2.614511
1024.000000,-102.300036,-631.001397,0.000025,6.172319,6.172319,-2.599799
1026.000000,-100.418772,-631.690404,0.000039,6.171876,6.171876,-2.584191
1028.000000,-98.537455,-632.379267,0.000006,6.171438,6.171438,-2.567527
1030.000000,-96.656163,-633.068197,0.000016,6.171674,6.171674,-2.550243
1032.000000,-94.774841,-633.757046,0.000037,6.170880,6.170880,-2.532415
1034.000000,-92.893466,-634.445751,0.000023,6.171030,6.171030,-2.514098
1036.000000,-91.012021,-635.134264,-0.000008,6.170893,6.170893,-2.495408
1038.000000,-89.130645,-635.822965,-0.000014,6.170683,6.170683,-2.476884
1040.000000,-87.249248,-636.511609,-0.000025,6.170930,6.170930,-2.458455
1042.000000,-85.367903,-637.200395,-0.000005,6.170887,6.170887,-2.440499
1044.000000,-83.486612,-637.889328,0.000023,6.170839,6.170839,-2.423126
1046.000000,-81.605189,-638.577902,-0.000003,6.170814,6.170814,-2.405836
1048.000000,-79.723846,-639.266695,0.000016,6.170860,6.170860,-2.389171
1050.000000,-77.842494,-639.955460,0.000021,6.170717,6.170717,-2.372955
1052.000000,-75.960991,-640.643814,-0.000000,6.170399,6.170399,-2.356953
1054.000000,-74.079682,-641.332701,0.000065,6.170201,6.170201,-2.342041
1056.000000,-72.198136,-642.020938,0.000084,6.169959,6.169959,-2.326810
1058.000000,-70.316511,-642.708957,0.000016,6.170023,6.170023,-2.311986
1060.000000,-68.434818,-643.396792,0.000003,6.169749,6.169749,-2.298397
1062.000000,-66.553250,-644.084969,0.000046,6.169368,6.169368,-2.286210
1064.000000,-64.671484,-644.772604,-0.000008,6.168836,6.168836,-2.273333
1066.000000,-62.789738,-645.460295,-0.000046,6.168754,6.168754,-2.259198
1068.000000,-60.908192,-646.148531,0.000031,6.168402,6.168402,-2.243733
1070.000000,-59.026483,-646.836321,0.000007,6.168293,6.168293,-2.226141
1072.000000,-57.144729,-647.523991,-0.000053,6.167717,6.167717,-2.206619
1074.000000,-55.263186,-648.212236,-0.000019,6.167722,6.167722,-2.185729
1076.000000,-53.381557,-648.900247,0.000032,6.167400,6.167400,-2.163006
1078.000000,-51.499993,-649.588435,0.000054,6.167567,6.167567,-2.139846
1080.000000,-49.618211,-650.276024,0.000067,6.167198,6.167198,-2.116397
1082.000000,-47.736504,-650.963821,0.000120,6.166960,6.166960,-2.094701
1084.000000,-45.854496,-651.650795,0.000137,6.165683,6.165683,-2.074169
1086.000000,-43.972351,-652.337392,0.000025,6.164993,6.164993,-2.055262
1088.000000,-42.090027,-653.023499,-0.000047,6.164213,6.164213,-2.037849
1090.000000,-40.208061,-653.710586,0.000005,6.163598,6.163598,-2.023608
1092.000000,-38.325815,-654.396905,-0.000025,6.162663,6.162663,-2.009944
1094.000000,-36.443744,-655.083703,-0.000018,6.161833,6.161833,-1.997760
1096.000000,-34.561738,-655.770682,0.000053,6.161120,6.161120,-1.986302
1098.000000,-32.679527,-656.457099,0.000013,6.160292,6.160292,-1.974246
1100.000000,-30.797371,-657.143666,-0.000029,6.159575,6.159575,-1.961948
1102.000000,-28.915236,-657.830291,0.000009,6.158572,6.158572,-1.949041
1104.000000,-27.033163,-658.517086,0.000062,6.158021,6.158021,-1.935300
1106.000000,-25.150898,-659.203353,0.000037,6.157084,6.157084,-1.919863
1108.000000,-23.268617,-659.889577,0.000025,6.156640,6.156640,-1.903139
1110.000000,-21.386354,-660.575852,0.000038,6.156153,6.156153,-1.884992
1112.000000,-19.503935,-661.261697,-0.000002,6.155502,6.155502,-1.864444
1114.000000,-17.621602,-661.947779,0.000002,6.155441,6.155441,-1.842376
1116.000000,-15.739263,-662.633844,-0.000006,6.154838,6.154838,-1.818795
1118.000000,-13.856837,-663.319668,-0.000009,6.154236,6.154236,-1.793880
1120.000000,-11.974627,-664.006088,0.000018,6.154080,6.154080,-1.769234
1122.000000,-10.092118,-664.691688,-0.000035,6.153699,6.153699,-1.743867
1124.000000,-8.209892,-665.378063,-0.000016,6.153571,6.153571,-1.719941
1126.000000,-6.327590,-666.064228,0.000038,6.153064,6.153064,-1.697042
1128.000000,-4.445247,-666.750283,0.000008,6.152402,6.152402,-1.675606
1130.000000,-2.562852,-667.436194,-0.000021,6.151629,6.151629,-1.655890
1132.000000,-0.680557,-668.122378,0.000002,6.152142,6.152142,-1.638549
1134.000000,1.201768,-668.808482,0.000004,6.151900,6.151900,-1.622717
1136.000000,3.084147,-669.494439,-0.000026,6.152639,6.152639,-1.607913
1138.000000,4.966412,-670.180706,-0.000033,6.153149,6.153149,-1.594211
1140.000000,6.848708,-670.866891,-0.000002,6.154215,6.154215,-1.580567
1142.000000,8.730877,-671.553422,0.000015,6.155170,6.155170,-1.566815
1144.000000,10.613260,-672.239366,-0.000018,6.156334,6.156334,-1.551443
1146.000000,12.495424,-672.925912,-0.000000,6.157002,6.157002,-1.534892
1148.000000,14.377716,-673.612105,0.000000,6.158386,6.158386,-1.516102
1150.000000,16.259970,-674.298401,0.000001,6.159812,6.159812,-1.495717
1152.000000,18.142174,-674.984838,0.000014,6.160970,6.160970,-1.473927
1154.000000,20.024525,-675.670871,-0.000038,6.161678,6.161678,-1.450562
1156.000000,21.906709,-676.357360,0.000004,6.163197,6.163197,-1.427003
1158.000000,23.788872,-677.043909,0.000068,6.164350,6.164350,-1.403374
1160.000000,25.671268,-677.729816,0.000011,6.165443,6.165443,-1.379591
1162.000000,27.553592,-678.415923,-0.000051,6.167168,6.167168,-1.356925
1164.000000,29.435888,-679.102106,-0.000016,6.168342,6.168342,-1.335517
1166.000000,31.318033,-679.788703,0.000035,6.170346,6.170346,-1.316028
1168.000000,33.200418,-680.474642,0.000007,6.172675,6.172675,-1.297007
1170.000000,35.082668,-681.160951,0.000015,6.173726,6.173726,-1.279275
1172.000000,36.964988,-681.847069,0.000024,6.175739,6.175739,-1.261931
1174.000000,38.847383,-682.532980,0.000009,6.177358,6.177358,-1.244424
1176.000000,40.729690,-683.219133,0.000003,6.179031,6.179031,-1.226750
1178.000000,42.612149,-683.904868,-0.000025,6.180624,6.180624,-1.207610
1180.000000,44.494411,-684.591145,-0.000002,6.182132,6.182132,-1.187629
1182.000000,46.376776,-685.277137,0.000040,6.183713,6.183713,-1.165923
1184.000000,48.259120,-685.963189,0.000047,6.185493,6.185493,-1.142990
1186.000000,50.141624,-686.648803,0.000041,6.187339,6.187339,-1.118423
1188.000000,52.024085,-687.334531,0.000038,6.188798,6.188798,-1.093285
1190.000000,53.906697,-688.019849,0.000029,6.189821,6.189821,-1.067149
1192.000000,55.789261,-688.705296,0.000025,6.191071,6.191071,-1.040424
1194.000000,57.671927,-689.390463,-0.000024,6.192131,6.192131,-1.012668
1196.000000,59.554575,-690.075678,-0.000028,6.193740,6.193740,-0.984164
1198.000000,61.437026,-690.761436,0.000057,6.194757,6.194757,-0.955204
1200.000000,63.319737,-691.446481,0.000017,6.196104,6.196104,-0.924163
1202.000000,65.202438,-692.131550,-0.000048,6.197345,6.197345,-0.891558
1204.000000,67.084990,-692.817030,-0.000006,6.198929,6.198929,-0.857318
1206.000000,68.967586,-693.502390,-0.000024,6.200110,6.200110,-0.820033
1208.000000,70.850209,-694.187675,-0.000018,6.201234,6.201234,-0.779469
1210.000000,72.732604,-694.873587,0.000015,6.202864,6.202864,-0.736153
1212.000000,74.615327,-695.558597,-0.000062,6.204809,6.204809,-0.687976
1214.000000,76.497706,-696.244552,-0.000008,6.206514,6.206514,-0.637598
1216.000000,78.380103,-696.930458,0.000059,6.208128,6.208128,-0.584252
1218.000000,80.262766,-697.615636,-0.000019,6.210289,6.210289,-0.527155
1220.000000,82.145203,-698.301430,-0.000028,6.212205,6.212205,-0.467894
1222.000000,84.027721,-698.987005,-0.000040,6.213779,6.213779,-0.405776
1224.000000,85.910149,-699.672825,-0.000070,6.215669,6.215669,-0.341147
1226.000000,87.792457,-700.358977,-0.000068,6.217689,6.217689,-0.273592
1228.000000,89.674710,-701.045276,-0.000034,6.220131,6.220131,-0.202487
1230.000000,91.556821,-701.731968,0.000033,6.222578,6.222578,-0.126992
1232.000000,93.439085,-702.418237,-0.000022,6.224562,6.224562,-0.044545
1234.000000,95.321364,-703.104466,-0.000110,6.226774,6.226774,0.043089
1236.000000,97.203338,-703.791532,-0.000059,6.229237,6.229237,0.133857
1238.000000,99.085302,-704.478626,0.000012,6.232006,6.232006,0.227222
1240.000000,100.967265,-705.165720,0.000012,6.234560,6.234560,0.321559
1242.000000,102.849303,-705.852613,0.000014,6.237349,6.237349,0.416333
1244.000000,104.731258,-706.539728,-0.000005,6.240268,6.240268,0.511405
1246.000000,106.613382,-707.226385,-0.000081,6.242654,6.242654,0.608165
1248.000000,108.495226,-707.913805,-0.000052,6.245554,6.245554,0.705489
1250.000000,110.377015,-708.601378,-0.000011,6.248006,6.248006,0.804178
1252.000000,112.258906,-709.288670,-0.000019,6.250672,6.250672,0.904673
1254.000000,114.140589,-709.976534,-0.000054,6.253442,6.253442,1.005644
1256.000000,116.022483,-710.663819,-0.000114,6.256435,6.256435,1.108004
1258.000000,117.903862,-711.352509,-0.000033,6.258981,6.258981,1.209375
1260.000000,119.785428,-712.040692,0.000004,6.261768,6.261768,1.311400
1262.000000,121.666956,-712.728979,-0.000032,6.263983,6.263983,1.413269
1264.000000,123.548398,-713.417499,-0.000007,6.266107,6.266107,1.515115
1266.000000,125.429874,-714.105927,-0.000025,6.268666,6.268666,1.617837
1268.000000,127.311331,-714.794408,-0.000080,6.270610,6.270610,1.721508
1270.000000,129.192653,-715.483257,-0.000076,6.273412,6.273412,1.825784
1272.000000,131.073821,-716.172528,-0.000042,6.275802,6.275802,1.930560
1274.000000,132.955009,-716.861740,-0.000044,6.277856,6.277856,2.035693
1276.000000,134.836076,-717.551285,-0.000006,6.280260,6.280260,2.137122
1278.000000,136.717122,-718.240890,0.000044,6.282118,6.282118,2.230963
1280.000000,138.598298,-718.930136,0.000065,6.284331,6.284331,2.316392
1282.000000,140.479479,-719.619370,0.000099,6.285956,6.285956,2.390261
1284.000000,142.360878,-720.308008,0.000107,6.288261,6.288261,2.450448
1286.000000,144.242383,-720.996357,0.000151,6.290195,6.290195,2.496308
1288.000000,146.124051,-721.684261,0.000204,6.292276,6.292276,2.526297
1290.000000,148.006121,-722.371063,0.000220,6.294043,6.294043,2.534420
1292.000000,149.888347,-723.057439,0.000307,6.295730,6.295730,2.519161
1294.000000,151.771068,-723.742456,0.000404,6.297750,6.297750,2.479457
1296.000000,153.654327,-724.425990,0.000434,6.299214,6.299214,2.410571
1298.000000,155.538228,-725.107753,0.000368,6.301142,6.301142,2.313706
1300.000000,157.422679,-725.787995,0.000275,6.303312,6.303312,2.189652
1302.000000,159.307397,-726.467498,0.000422,6.304604,6.304604,2.038333
1304.000000,161.192532,-727.145842,0.000989,6.305071,6.305071,1.852724
1306.000000,163.078858,-727.820865,0.001013,6.306269,6.306269,1.633507
1308.000000,164.967724,-728.488741,-0.000266,6.312563,6.312563,1.383934
1310.000000,166.855778,-729.158907,0.000633,6.312652,6.312652,1.085890
1312.000000,168.741483,-729.835658,0.006242,6.310225,6.310225,0.728881
1314.000000,170.635906,-730.487309,0.013905,6.324973,6.324973,0.348958
1316.000000,172.547216,-731.087605,0.017826,6.366862,6.366862,-0.021593
1318.000000,174.483178,-731.602870,0.016624,6.467692,6.467692,-0.358738
1320.000000,176.432529,-732.064759,0.016887,6.606007,6.606007,-0.707434
1322.000000,178.396374,-732.459943,0.019769,6.749144,6.749144,-1.056423
1324.000000,180.374412,-732.776888,0.020472,6.860405,6.860405,-1.375197
1326.000000,182.364732,-733.004660,0.017982,6.927384,6.927384,-1.635347
1328.000000,184.361690,-733.163694,0.015695,6.979334,6.979334,-1.851782
1330.000000,186.362607,-733.262351,0.015970,7.020214,7.020214,-2.035434
1332.000000,188.365606,-733.299165,0.016151,7.047166,7.047166,-2.185808
1334.000000,190.368654,-733.263874,0.014020,7.065298,7.065298,-2.298954
1336.000000,192.370078,-733.175425,0.012288,7.073838,7.073838,-2.391501
1338.000000,194.368910,-733.040457,0.013758,7.057957,7.057957,-2.471354
1340.000000,196.363640,-732.854744,0.016154,7.002947,7.002947,-2.532747
1342.000000,198.350299,-732.597028,0.015789,6.899564,6.899564,-2.547449
1344.000000,200.327802,-732.276485,0.013433,6.765133,6.765133,-2.520372
1346.000000,202.296008,-731.902740,0.011898,6.633863,6.633863,-2.464103
1348.000000,204.255528,-731.485723,0.011255,6.516637,6.516637,-2.393238
1350.000000,206.204329,-731.021173,0.009673,6.403338,6.403338,-2.298674
1352.000000,208.143695,-730.518677,0.008557,6.311562,6.311562,-2.179417
1354.000000,210.075794,-729.988758,0.008475,6.254926,6.254926,-2.041566
1356.000000,211.996472,-729.418900,0.005605,6.245076,6.245076,-1.878342
1358.000000,213.910034,-728.825474,0.000853,6.257357,6.257357,-1.710030
1360.000000,215.823831,-728.232805,-0.001193,6.269142,6.269142,-1.560795
1362.000000,217.740370,-727.649061,-0.000535,6.271909,6.271909,-1.430937
1364.000000,219.656819,-727.065016,0.000032,6.274727,6.274727,-1.304012
1366.000000,221.573233,-726.480855,-0.000046,6.277575,6.277575,-1.179854
1368.000000,223.489657,-725.896729,-0.000101,6.278795,6.278795,-1.059074
1370.000000,225.406313,-725.313363,-0.000082,6.277787,6.277787,-0.942484
1372.000000,227.322965,-724.729987,-0.000045,6.276006,6.276006,-0.827862
1374.000000,229.239776,-724.147129,-0.000003,6.273301,6.273301,-0.714627
1376.000000,231.156486,-723.563942,-0.000042,6.269799,6.269799,-0.600412
1378.000000,233.073253,-722.980941,-0.000055,6.265733,6.265733,-0.484450
1380.000000,234.990201,-722.398537,0.000040,6.260636,6.260636,-0.365749
1382.000000,236.906986,-721.815593,0.000052,6.255602,6.255602,-0.240737
1384.000000,238.823732,-721.232525,-0.000139,6.248875,6.248875,-0.110101
1386.000000,240.740474,-720.649444,-0.000597,6.241659,6.241659,0.027268
1388.000000,242.657909,-720.068644,-0.000341,6.233415,6.233415,0.174722
1390.000000,244.576738,-719.492466,0.000644,6.225008,6.225008,0.337040
1392.000000,246.493658,-718.910010,-0.001444,6.206012,6.206012,0.525939
1394.000000,248.409992,-718.325594,-0.008307,6.182725,6.182725,0.738158
1396.000000,250.335818,-717.773655,-0.013939,6.176088,6.176088,0.945886
1398.000000,252.279150,-717.287144,-0.014646,6.209282,6.209282,1.121670
1400.000000,254.235071,-716.853620,-0.015442,6.278726,6.278726,1.281457
1402.000000,256.202726,-716.477363,-0.019580,6.384897,6.384897,1.424153
1404.000000,258.183256,-716.176531,-0.023442,6.507401,6.507401,1.541977
1406.000000,260.176442,-715.977720,-0.024255,6.639597,6.639597,1.621541
1408.000000,262.176931,-715.872729,-0.026823,6.793720,6.793720,1.684393
1410.000000,264.179831,-715.865974,-0.031567,6.935822,6.935822,1.739313
1412.000000,266.178324,-715.998939,-0.031944,7.034092,7.034092,1.755923
1414.000000,268.164324,-716.259914,-0.029681,7.071979,7.071979,1.763158
1416.000000,270.131814,-716.634917,-0.029088,7.069342,7.069342,1.764954
1418.000000,272.074077,-717.123744,-0.030697,7.036499,7.036499,1.766601
1420.000000,273.984369,-717.726142,-0.032649,6.982047,6.982047,1.777436
1422.000000,275.847898,-718.460450,-0.031999,6.913632,6.913632,1.787580
1424.000000,277.661473,-719.310399,-0.031159,6.839277,6.839277,1.785345
1426.000000,279.420161,-720.268751,-0.032400,6.753091,6.753091,1.755110
1428.000000,281.112273,-721.339824,-0.030615,6.629539,6.629539,1.675415
1430.000000,282.727864,-722.523804,-0.023372,6.489877,6.489877,1.527672
1432.000000,284.290579,-723.777409,-0.017767,6.368451,6.368451,1.367235
1434.000000,285.812324,-725.079982,-0.016153,6.273411,6.273411,1.228957
1436.000000,287.287796,-726.435168,-0.013194,6.182727,6.182727,1.111162
1438.000000,288.725282,-727.830541,-0.007856,6.122026,6.122026,1.017428
1440.000000,290.140973,-729.248164,-0.001937,6.124530,6.124530,0.979686
1442.000000,291.550611,-730.671800,0.002541,6.189524,6.189524,1.012405
1444.000000,292.972364,-732.083350,0.001990,6.289084,6.289084,1.124839
1446.000000,294.404714,-733.484146,-0.002140,6.388821,6.388821,1.289327
1448.000000,295.826270,-734.895879,-0.003796,6.474569,6.474569,1.447558
1450.000000,297.234583,-736.320843,-0.002792,6.549317,6.549317,1.580417
1452.000000,298.637099,-737.751517,-0.002237,6.620036,6.620036,1.695793
1454.000000,300.032577,-739.189055,-0.002001,6.683468,6.683468,1.796059
1456.000000,301.422220,-740.632237,-0.001858,6.742289,6.742289,1.892795
1458.000000,302.807486,-742.079619,-0.002475,6.797705,6.797705,1.992138
1460.000000,304.185814,-743.533606,-0.003573,6.846765,6.846765,2.088497
1462.000000,305.553567,-744.997540,-0.004788,6.882154,6.882154,2.170829
1464.000000,306.907548,-746.474209,-0.004792,6.901241,6.901241,2.235017
1466.000000,308.243118,-747.967561,-0.002453,6.898104,6.898104,2.281526
1468.000000,309.572358,-749.466562,0.000186,6.887907,6.887907,2.328344
1470.000000,310.903410,-750.963954,0.000959,6.878592,6.878592,2.383470
1472.000000,312.239401,-752.456942,0.000417,6.874915,6.874915,2.448521
1474.000000,313.575194,-753.950107,0.000003,6.871643,6.871643,2.515197
1476.000000,314.911441,-755.442866,-0.000046,6.868966,6.868966,2.583030
1478.000000,316.247009,-756.936232,-0.000035,6.865569,6.865569,2.648080
1480.000000,317.582933,-758.429279,0.000040,6.862413,6.862413,2.711594
1482.000000,318.918406,-759.922731,0.000189,6.858435,6.858435,2.772522
1484.000000,320.254902,-761.415266,0.000399,6.854195,6.854195,2.832835
1486.000000,321.592064,-762.907204,0.000398,6.851207,6.851207,2.892447
1488.000000,322.931636,-764.396980,-0.000393,6.851313,6.851313,2.953110
1490.000000,324.270480,-765.887409,-0.002031,6.850390,6.850390,3.009889
1492.000000,325.603670,-767.382894,-0.003512,6.840818,6.840818,3.056724
1494.000000,326.924522,-768.889276,-0.003614,6.816285,6.816285,3.085423
1496.000000,328.233395,-770.406089,-0.002463,6.775950,6.775950,3.097141
1498.000000,329.534841,-771.929281,-0.001200,6.726782,6.726782,3.098230
1500.000000,330.833182,-773.455123,-0.000761,6.676015,6.676015,3.094598
1502.000000,332.130529,-774.981811,-0.001498,6.624786,6.624786,3.089579
1504.000000,333.423657,-776.512070,-0.003488,6.568998,6.568998,3.079559
1506.000000,334.707835,-778.049844,-0.006137,6.500893,6.500893,3.058972
1508.000000,335.971069,-779.604808,-0.005979,6.404584,6.404584,3.013939
1510.000000,337.208813,-781.180191,0.000108,6.277690,6.277690,2.938023
1512.000000,338.443749,-782.757788,0.007903,6.147919,6.147919,2.858871
1514.000000,339.711085,-784.309392,0.011060,6.060902,6.060902,2.823210
1516.000000,341.014738,-785.830576,0.008974,6.021114,6.021114,2.838027
1518.000000,342.349483,-787.324615,0.003834,6.021726,6.021726,2.896664
1520.000000,343.694776,-788.809225,-0.000600,6.037572,6.037572,2.971582
1522.000000,345.034116,-790.299201,-0.001476,6.045010,6.045010,3.040650
1524.000000,346.367689,-791.794350,-0.000487,6.044662,6.044662,3.103800
1526.000000,347.701115,-793.289629,0.000028,6.043841,6.043841,3.167662
1528.000000,349.034785,-794.784691,-0.000034,6.043437,6.043437,3.232176
1530.000000,350.368453,-796.279755,-0.000028,6.043717,6.043717,3.296739
1532.000000,351.701476,-797.775393,0.000030,6.042898,6.042898,3.359947
1534.000000,353.035450,-799.270184,-0.000004,6.043009,6.043009,3.422850
1536.000000,354.368523,-800.765778,0.000018,6.042508,6.042508,3.481985
1538.000000,355.702401,-802.260654,-0.000053,6.042831,6.042831,3.538290
1540.000000,357.035784,-803.755972,-0.000027,6.042120,6.042120,3.587308
1542.000000,358.368714,-805.251693,0.000054,6.041851,6.041851,3.627630
1544.000000,359.702723,-806.746452,-0.000044,6.041692,6.041692,3.660203
1546.000000,361.035679,-808.242151,-0.000020,6.041812,6.041812,3.680128
1548.000000,362.369141,-809.737398,0.000024,6.041243,6.041243,3.687539
1550.000000,363.702407,-811.232819,0.000022,6.041443,6.041443,3.682312
1552.000000,365.035851,-812.728083,0.000022,6.041163,6.041163,3.665584
1554.000000,366.369403,-814.223250,0.000028,6.041580,6.041580,3.638141
1556.000000,367.702828,-815.718530,0.000039,6.041413,6.041413,3.602011
1558.000000,369.036740,-817.213377,0.000029,6.041068,6.041068,3.557655
1560.000000,370.370275,-818.708558,0.000068,6.041146,6.041146,3.501631
1562.000000,371.704424,-820.203193,0.000099,6.040978,6.040978,3.436472
1564.000000,373.038542,-821.697855,0.000111,6.040956,6.040956,3.361880
1566.000000,374.373293,-823.191952,0.000057,6.041564,6.041564,3.278326
1568.000000,375.708141,-824.685962,0.000045,6.041226,6.041226,3.185945
1570.000000,377.042846,-826.180100,0.000076,6.041615,6.041615,3.086419
1572.000000,378.378275,-827.673590,0.000031,6.042109,6.042109,2.982685
1574.000000,379.713305,-829.167438,0.000052,6.042329,6.042329,2.875088
1576.000000,381.048783,-830.660884,-0.000018,6.042674,6.042674,2.766648
1578.000000,382.384389,-832.154218,-0.000022,6.042326,6.042326,2.658192
1580.000000,383.719079,-833.648369,0.000099,6.043592,6.043592,2.548836
1582.000000,385.055208,-835.141233,0.000027,6.043271,6.043271,2.441874
1584.000000,386.390563,-836.634789,0.000023,6.044349,6.044349,2.334534
1586.000000,387.726347,-838.127963,-0.000004,6.043992,6.043992,2.228627
1588.000000,389.062322,-839.620965,-0.000035,6.044089,6.044089,2.124118
1590.000000,390.397437,-841.114736,0.000039,6.045385,6.045385,2.019613
1592.000000,391.733663,-842.607514,-0.000041,6.045128,6.045128,1.917739
1594.000000,393.068991,-844.101095,-0.000029,6.045895,6.045895,1.815794
1596.000000,394.404516,-845.594500,0.000048,6.046663,6.046663,1.714802
1598.000000,395.740198,-847.087764,-0.000035,6.046093,6.046093,1.614159
1600.000000,397.075938,-848.580977,0.000004,6.047157,6.047157,1.513034
1602.000000,398.410990,-850.074803,0.000128,6.047692,6.047692,1.410673
1604.000000,399.747404,-851.567412,-0.000022,6.047268,6.047268,1.310455
1606.000000,401.083309,-853.060476,-0.000062,6.046861,6.046861,1.211232
1608.000000,402.418608,-854.554083,-0.000023,6.047455,6.047455,1.113226
1610.000000,403.754883,-856.046816,-0.000064,6.046966,6.046966,1.019913
1612.000000,405.089535,-857.541001,0.000179,6.048455,6.048455,0.930140
1614.000000,406.425686,-859.033846,0.000027,6.047059,6.047059,0.849018
1616.000000,407.762607,-860.526001,-0.000187,6.046729,6.046729,0.776725
1618.000000,409.096809,-862.020587,0.000051,6.048091,6.048091,0.710080
1620.000000,410.433436,-863.513006,0.000071,6.046613,6.046613,0.654006
1622.000000,411.768540,-865.006787,0.000017,6.048585,6.048585,0.602522
1624.000000,413.105121,-866.499247,-0.000059,6.046928,6.046928,0.559805
1626.000000,414.440477,-867.992802,0.000014,6.047323,6.047323,0.520446
1628.000000,415.776102,-869.486116,0.000057,6.047236,6.047236,0.484940
1630.000000,417.112579,-870.978669,-0.000146,6.045834,6.045834,0.452277
1632.000000,418.447764,-872.472378,-0.000100,6.046547,6.046547,0.415530
1634.000000,419.782935,-873.966098,-0.000047,6.046416,6.046416,0.372850
1636.000000,421.118231,-875.459708,-0.000041,6.045782,6.045782,0.321667
1638.000000,422.452734,-876.954025,0.000157,6.047516,6.047516,0.259942
1640.000000,423.788208,-878.447475,0.000387,6.046306,6.046306,0.190596
1642.000000,425.124417,-879.940268,0.000953,6.044741,6.044741,0.111649
1644.000000,426.462812,-881.431097,0.001678,6.050894,6.050894,0.023404
1646.000000,427.807475,-882.916277,0.001806,6.058924,6.058924,-0.066028
1648.000000,429.157416,-884.396661,0.002245,6.071302,6.071302,-0.157014
1650.000000,430.512004,-885.872789,0.003353,6.089250,6.089250,-0.250977
1652.000000,431.878558,-887.337834,0.004090,6.118247,6.118247,-0.340173
1654.000000,433.255979,-888.792675,0.004390,6.155824,6.155824,-0.433725
1656.000000,434.647516,-890.234013,0.004774,6.198429,6.198429,-0.534528
1658.000000,436.050891,-891.663837,0.005400,6.249786,6.249786,-0.647445
1660.000000,437.471344,-893.076682,0.005913,6.310453,6.310453,-0.771389
1662.000000,438.907232,-894.473829,0.006834,6.369650,6.369650,-0.911067
1664.000000,440.361695,-895.851622,0.008372,6.435297,6.435297,-1.062488
1666.000000,441.839347,-897.204477,0.008999,6.507975,6.507975,-1.219328
1668.000000,443.343381,-898.527959,0.009032,6.589778,6.589778,-1.370164
1670.000000,444.868014,-899.827668,0.010153,6.673802,6.673802,-1.531415
1672.000000,446.419929,-901.094644,0.011719,6.771734,6.771734,-1.720344
1674.000000,448.000659,-902.325360,0.012233,6.868641,6.868641,-1.944327
1676.000000,449.613353,-903.513942,0.013830,6.951202,6.951202,-2.186517
1678.000000,451.251963,-904.666608,0.018793,7.013124,7.013124,-2.461906
1680.000000,452.935497,-905.752407,0.024467,7.084250,7.084250,-2.749230
1682.000000,454.668661,-906.755711,0.028185,7.153477,7.153477,-3.002960
1684.000000,456.458980,-907.654078,0.029646,7.230995,7.230995,-3.214917
1686.000000,458.298539,-908.446381,0.031318,7.310098,7.310098,-3.400380
1688.000000,460.183075,-909.124927,0.032977,7.371229,7.371229,-3.560320
1690.000000,462.110565,-909.669281,0.032219,7.423218,7.423218,-3.666921
1692.000000,464.068186,-910.092359,0.030906,7.449687,7.449687,-3.735557
1694.000000,466.048423,-910.391429,0.030423,7.482522,7.482522,-3.777575
1696.000000,468.043272,-910.572696,0.029139,7.494724,7.494724,-3.812253
1698.000000,470.045603,-910.629550,0.026338,7.504972,7.504972,-3.849128
1700.000000,472.048331,-910.586787,0.024777,7.495668,7.495668,-3.897340
1702.000000,474.046222,-910.445325,0.026031,7.487442,7.487442,-3.953032
1704.000000,476.034731,-910.203961,0.028137,7.477457,7.477457,-4.043841
1706.000000,478.005125,-909.845792,0.030151,7.461158,7.461158,-4.162268
1708.000000,479.952255,-909.375320,0.032315,7.441519,7.441519,-4.310549
1710.000000,481.862763,-908.773685,0.031459,7.417817,7.417817,-4.456243
1712.000000,483.729785,-908.047960,0.029387,7.405871,7.405871,-4.586038
1714.000000,485.555662,-907.224932,0.030645,7.384268,7.384268,-4.714001
1716.000000,487.324671,-906.286403,0.031630,7.374542,7.374542,-4.809338
1718.000000,489.030142,-905.236263,0.032162,7.365284,7.365284,-4.878008
1720.000000,490.668794,-904.084336,0.032692,7.352764,7.352764,-4.929859
1722.000000,492.220449,-902.817570,0.031080,7.365134,7.365134,-4.955392
1724.000000,493.697021,-901.464127,0.030756,7.368003,7.368003,-4.974364
1726.000000,495.085707,-900.021392,0.031197,7.385998,7.385998,-4.967510
1728.000000,496.379572,-898.492484,0.029641,7.407094,7.407094,-4.927370
1730.000000,497.580441,-896.889540,0.028683,7.421658,7.421658,-4.862866
1732.000000,498.691914,-895.223030,0.028512,7.408342,7.408342,-4.786700
1734.000000,499.699892,-893.491927,0.027510,7.379533,7.379533,-4.687548
1736.000000,500.616629,-891.711151,0.026922,7.335649,7.335649,-4.570500
1738.000000,501.432725,-889.881974,0.027481,7.280981,7.280981,-4.425070
1740.000000,502.152147,-888.012508,0.027421,7.203168,7.203168,-4.256222
1742.000000,502.758511,-886.103305,0.025443,7.106994,7.106994,-4.050656
1744.000000,503.273000,-884.167468,0.025242,6.982265,6.982265,-3.823999
1746.000000,503.693042,-882.208859,0.027997,6.842826,6.842826,-3.581160
1748.000000,503.999837,-880.229579,0.027917,6.688178,6.688178,-3.315903
1750.000000,504.185727,-878.235107,0.021933,6.518074,6.518074,-3.032553
1752.000000,504.282731,-876.234079,0.015098,6.382081,6.382081,-2.724627
1754.000000,504.327851,-874.231240,0.012331,6.297130,6.297130,-2.417894
1756.000000,504.323555,-872.227841,0.011945,6.260141,6.260141,-2.124660
1758.000000,504.272056,-870.225135,0.013332,6.252081,6.252081,-1.847397
1760.000000,504.172657,-868.224201,0.014017,6.271546,6.271546,-1.571612
1762.000000,504.002463,-866.228084,0.009515,6.335544,6.335544,-1.274041
1764.000000,503.797240,-864.235180,0.004016,6.417514,6.417514,-0.983393
1766.000000,503.580641,-862.243455,0.002355,6.495165,6.495165,-0.724269
1768.000000,503.357648,-860.252442,0.002929,6.562979,6.562979,-0.519596
1770.000000,503.121242,-858.262976,0.003401,6.633390,6.633390,-0.346632
1772.000000,502.871348,-856.275159,0.003843,6.695526,6.695526,-0.198512
1774.000000,502.607641,-854.289131,0.004655,6.742305,6.742305,-0.065988
1776.000000,502.323862,-852.305882,0.004236,6.770167,6.770167,0.062588
1778.000000,502.020013,-850.325593,0.002221,6.780120,6.780120,0.181173
1780.000000,501.709081,-848.346400,0.000599,6.785106,6.785106,0.275028
1782.000000,501.397121,-846.367369,0.000462,6.787994,6.787994,0.338104
1784.000000,501.084792,-844.388396,0.000920,6.795248,6.795248,0.381195
1786.000000,500.766897,-842.410310,0.001046,6.796280,6.796280,0.424893
1788.000000,500.445922,-840.432721,0.000750,6.797887,6.797887,0.467348
1790.000000,500.120090,-838.455926,0.000937,6.798757,6.798757,0.508995
1792.000000,499.795162,-836.478983,0.003237,6.800171,6.800171,0.541144
1794.000000,499.458447,-834.504022,0.005990,6.792507,6.792507,0.570389
1796.000000,499.093205,-832.534155,0.006075,6.754824,6.754824,0.607573
1798.000000,498.702167,-830.569236,0.003640,6.692618,6.692618,0.658175
1800.000000,498.295423,-828.607496,0.000758,6.613778,6.613778,0.716238
1802.000000,497.888558,-826.645776,-0.000855,6.535818,6.535818,0.766177
1804.000000,497.485710,-824.683229,-0.000855,6.461481,6.461481,0.805538
1806.000000,497.088400,-822.719552,-0.000668,6.391698,6.391698,0.833924
1808.000000,496.689448,-820.756211,-0.001407,6.324127,6.324127,0.857287
1810.000000,496.298761,-818.791205,-0.002181,6.264893,6.264893,0.866619
1812.000000,495.915339,-816.824774,-0.002475,6.213386,6.213386,0.864866
1814.000000,495.543483,-814.856123,-0.001640,6.175152,6.175152,0.848167
1816.000000,495.180259,-812.885855,-0.000100,6.147003,6.147003,0.819018
1818.000000,494.814082,-810.916135,0.000075,6.117238,6.117238,0.787295
1820.000000,494.446748,-808.946630,-0.000879,6.086233,6.086233,0.750863
1822.000000,494.083493,-806.976368,-0.001748,6.059476,6.059476,0.708713
1824.000000,493.727115,-805.004860,-0.002599,6.040433,6.040433,0.660122
1826.000000,493.380513,-803.031604,-0.002843,6.031223,6.031223,0.602296
1828.000000,493.048577,-801.055828,-0.001588,6.036463,6.036463,0.528570
1830.000000,492.722514,-799.079071,-0.000119,6.048784,6.048784,0.446829
1832.000000,492.395167,-797.102527,0.000404,6.058576,6.058576,0.364467
1834.000000,492.066393,-795.126220,0.000212,6.065332,6.065332,0.281812
1836.000000,491.735364,-793.150289,-0.000091,6.069685,6.069685,0.200968
1838.000000,491.406912,-791.173927,-0.000063,6.074203,6.074203,0.118467
1840.000000,491.077005,-789.197808,0.000007,6.076838,6.076838,0.040206
1842.000000,490.748430,-787.221468,-0.000058,6.077410,6.077410,-0.036470
1844.000000,490.418543,-785.245346,-0.000053,6.078344,6.078344,-0.108852
1846.000000,490.090872,-783.268855,0.000024,6.078886,6.078886,-0.180108
1848.000000,489.760913,-781.292745,-0.000036,6.077522,6.077522,-0.245418
1850.000000,489.432938,-779.316305,0.000025,6.076635,6.076635,-0.308433
1852.000000,489.103852,-777.340049,0.000049,6.074484,6.074484,-0.364977
1854.000000,488.774601,-775.363822,-0.000111,6.073552,6.073552,-0.415654
1856.000000,488.446007,-773.387485,-0.000248,6.073167,6.073167,-0.462131
1858.000000,488.118020,-771.411046,-0.000259,6.071367,6.071367,-0.504965
1860.000000,487.792093,-769.434267,-0.000108,6.071136,6.071136,-0.545722
1862.000000,487.465537,-767.457592,-0.000266,6.069778,6.069778,-0.582560
1864.000000,487.139884,-765.480767,-0.000387,6.068546,6.068546,-0.617366
1866.000000,486.817272,-763.503444,-0.000229,6.067427,6.067427,-0.652066
1868.000000,486.493813,-761.526259,-0.000255,6.065626,6.065626,-0.683261
1870.000000,486.172640,-759.548703,-0.000216,6.064624,6.064624,-0.714269
1872.000000,485.851783,-757.571094,-0.000050,6.061870,6.061870,-0.743425
1874.000000,485.531430,-755.593404,-0.000075,6.060733,6.060733,-0.771991
1876.000000,485.210550,-753.615799,-0.000169,6.057731,6.057731,-0.799721
1878.000000,484.891406,-751.637913,-0.000085,6.056609,6.056609,-0.829620
1880.000000,484.571988,-749.660071,-0.000005,6.053859,6.053859,-0.860472
1882.000000,484.252736,-747.682203,0.000024,6.052707,6.052707,-0.892795
1884.000000,483.933501,-745.704332,0.000070,6.050826,6.050826,-0.925875
1886.000000,483.613682,-743.726555,0.000029,6.048313,6.048313,-0.958006
1888.000000,483.293907,-741.748771,-0.000034,6.047233,6.047233,-0.989131
1890.000000,482.974166,-739.770982,-0.000096,6.044885,6.044885,-1.019095
1892.000000,482.654849,-737.793124,-0.000066,6.042718,6.042718,-1.048369
1894.000000,482.336180,-735.815162,-0.000046,6.042095,6.042095,-1.078112
1896.000000,482.016837,-733.837308,-0.000083,6.040517,6.040517,-1.107874
1898.000000,481.698921,-731.859225,-0.000102,6.040040,6.040040,-1.140058
1900.000000,481.380136,-729.881281,-0.000155,6.039646,6.039646,-1.171551
1902.000000,481.063287,-727.903026,-0.000055,6.039892,6.039892,-1.204778
1904.000000,480.745899,-725.924858,-0.000099,6.039664,6.039664,-1.237114
1906.000000,480.428527,-723.946687,-0.000254,6.040182,6.040182,-1.268627
1908.000000,480.113235,-721.968184,-0.000074,6.041163,6.041163,-1.300727
1910.000000,479.797793,-719.989704,0.000024,6.041549,6.041549,-1.330084
1912.000000,479.481747,-718.011321,-0.000011,6.043430,6.043430,-1.353568
1914.000000,479.166682,-716.032782,-0.000038,6.044697,6.044697,-1.371378
1916.000000,478.850441,-714.054429,-0.000131,6.046050,6.046050,-1.380646
1918.000000,478.536168,-712.075764,0.000006,6.048326,6.048326,-1.384350
1920.000000,478.221219,-710.097206,0.000076,6.049219,6.049219,-1.381717
1922.000000,477.905551,-708.118762,-0.000038,6.050436,6.050436,-1.373828
1924.000000,477.590791,-706.140174,0.000010,6.052925,6.052925,-1.363245
1926.000000,477.275538,-704.161664,0.000042,6.053951,6.053951,-1.349622
1928.000000,476.960199,-702.183168,-0.000036,6.056104,6.056104,-1.334446
1930.000000,476.644857,-700.204673,-0.000046,6.057185,6.057185,-1.318361
1932.000000,476.330186,-698.226071,0.000039,6.057916,6.057916,-1.302641
1934.000000,476.014910,-696.247565,0.000021,6.060223,6.060223,-1.286334
1936.000000,475.699549,-694.269073,-0.000029,6.061295,6.061295,-1.270081
1938.000000,475.384623,-692.290511,0.000040,6.061990,6.061990,-1.254673
1940.000000,475.069363,-690.312003,0.000009,6.063825,6.063825,-1.239722
1942.000000,474.753708,-688.333557,-0.000025,6.065238,6.065238,-1.225410
1944.000000,474.439036,-686.354955,0.000026,6.066439,6.066439,-1.212768
1946.000000,474.123182,-684.376541,-0.000073,6.067615,6.067615,-1.198472
1948.000000,473.808290,-682.397974,0.000019,6.068561,6.068561,-1.183641
1950.000000,473.493805,-680.419342,0.000136,6.068877,6.068877,-1.167389
1952.000000,473.177241,-678.441042,-0.000073,6.070822,6.070822,-1.147660
1954.000000,472.862270,-676.462487,-0.000014,6.071571,6.071571,-1.128415
1956.000000,472.547344,-674.483925,0.000097,6.072304,6.072304,-1.108126
1958.000000,472.230961,-672.505596,-0.000087,6.073837,6.073837,-1.085218
1960.000000,471.915917,-670.527053,-0.000029,6.074630,6.074630,-1.062664
1962.000000,471.601035,-668.548484,0.000060,6.074719,6.074719,-1.038871
1964.000000,471.284952,-666.570107,-0.000081,6.076774,6.076774,-1.011443
1966.000000,470.970152,-664.591525,0.000003,6.077232,6.077232,-0.982362
1968.000000,470.655268,-662.612956,0.000057,6.077827,6.077827,-0.950479
1970.000000,470.339226,-660.634573,-0.000078,6.079716,6.079716,-0.914748
1972.000000,470.024676,-658.655951,-0.000010,6.080586,6.080586,-0.878454
1974.000000,469.709531,-656.677425,-0.000027,6.081502,6.081502,-0.840343
1976.000000,469.394246,-654.698920,-0.000132,6.083459,6.083459,-0.801277
1978.000000,469.080260,-652.720209,-0.000102,6.082967,6.082967,-0.762953
1980.000000,468.765916,-650.741554,-0.000070,6.084201,6.084201,-0.723913
1982.000000,468.452607,-648.762736,0.000090,6.084463,6.084463,-0.685572
1984.000000,468.138696,-646.784013,0.000045,6.085555,6.085555,-0.646320
1986.000000,467.823528,-644.805490,-0.000181,6.087247,6.087247,-0.605552
1988.000000,467.510757,-642.826587,0.000071,6.087016,6.087016,-0.566815
1990.000000,467.197325,-640.847788,0.000132,6.087108,6.087108,-0.526939
1992.000000,466.881685,-638.869340,-0.000075,6.089056,6.089056,-0.484425
1994.000000,466.569022,-636.890420,-0.000043,6.089126,6.089126,-0.444735
1996.000000,466.253802,-634.911906,-0.000024,6.091047,6.091047,-0.402398
1998.000000,465.941402,-632.932944,0.000058,6.091177,6.091177,-0.362920
2000.000000,465.626297,-630.954412,-0.000068,6.092400,6.092400,-0.320793
2002.000000,465.312861,-628.975616,-0.000036,6.093621,6.093621,-0.280082
2004.000000,464.999878,-626.996748,0.000060,6.093860,6.093860,-0.238553
2006.000000,464.684885,-625.018200,0.000043,6.096095,6.096095,-0.193558
2008.000000,464.372513,-623.039233,0.000029,6.094716,6.094716,-0.149994
2010.000000,464.056222,-621.060891,-0.000053,6.098454,6.098454,-0.101291
2012.000000,463.744690,-619.081792,0.000043,6.097418,6.097418,-0.056638
2014.000000,463.428399,-617.103450,-0.000045,6.100764,6.100764,-0.006648
2016.000000,463.116184,-615.124459,0.000037,6.100801,6.100801,0.039585
2018.000000,462.801285,-613.145895,0.000007,6.101887,6.101887,0.089010
2020.000000,462.487092,-611.167218,-0.000129,6.103221,6.103221,0.138676
2022.000000,462.174064,-609.188355,0.000076,6.102907,6.102907,0.189033
2024.000000,461.860038,-607.209652,0.000072,6.104677,6.104677,0.243248
2026.000000,461.545644,-605.231007,-0.000028,6.106095,6.106095,0.301277
2028.000000,461.231843,-603.252266,-0.000139,6.105451,6.105451,0.362723
2030.000000,460.917670,-601.273585,-0.000108,6.109169,6.109169,0.429016
2032.000000,460.605856,-599.294530,-0.000087,6.108291,6.108291,0.497123
2034.000000,460.291402,-597.315894,-0.000291,6.111179,6.111179,0.572042
2036.000000,459.981245,-595.336579,-0.000132,6.109553,6.109553,0.647469
2038.000000,459.669757,-593.357474,0.000018,6.110118,6.110118,0.728331
2040.000000,459.358721,-591.378297,-0.000135,6.109313,6.109313,0.812635
2042.000000,459.047822,-589.399098,-0.000426,6.108958,6.108958,0.901469
2044.000000,458.738340,-587.419678,-0.000854,6.111703,6.111703,0.993244
2046.000000,458.432649,-585.439669,-0.001084,6.111671,6.111671,1.084989
2048.000000,458.131513,-583.458962,-0.001192,6.111224,6.111224,1.175584
2050.000000,457.834672,-581.477607,-0.001379,6.113019,6.113019,1.264180
2052.000000,457.543609,-579.495396,-0.001555,6.112741,6.112741,1.347444
2054.000000,457.258597,-577.512305,-0.001727,6.111627,6.111627,1.424512
2056.000000,456.980414,-575.528246,-0.001853,6.113024,6.113024,1.495588
2058.000000,456.709983,-573.543115,-0.001980,6.110738,6.110738,1.561299
2060.000000,456.446683,-571.557026,-0.002018,6.107975,6.107975,1.623112
2062.000000,456.192880,-569.569702,-0.001968,6.106639,6.106639,1.679824
2064.000000,455.945087,-567.581620,-0.002115,6.103703,6.103703,1.736185
2066.000000,455.707120,-565.592336,-0.001985,6.099578,6.099578,1.787979
2068.000000,455.477207,-563.602107,-0.001884,6.097061,6.097061,1.837068
2070.000000,455.253013,-561.611224,-0.002208,6.094051,6.094051,1.886656
2072.000000,455.039385,-559.619182,-0.002101,6.091811,6.091811,1.932857
2074.000000,454.834141,-557.626255,-0.002020,6.091256,6.091256,1.977126
2076.000000,454.635102,-555.632701,-0.002157,6.091925,6.091925,2.021500
2078.000000,454.447530,-553.638033,-0.002078,6.095715,6.095715,2.061385
2080.000000,454.265283,-551.642874,-0.002240,6.099147,6.099147,2.102238
2082.000000,454.094134,-549.646734,-0.002165,6.104987,6.104987,2.138585
2084.000000,453.931285,-547.649896,-0.002115,6.109168,6.109168,2.174464
2086.000000,453.775379,-545.652506,-0.002439,6.113932,6.113932,2.210037
2088.000000,453.631142,-543.654243,-0.002526,6.121775,6.121775,2.241061
2090.000000,453.495667,-541.655362,-0.002496,6.125283,6.125283,2.272496
2092.000000,453.371462,-539.655758,-0.002504,6.128374,6.128374,2.301069
2094.000000,453.255945,-537.655623,-0.002742,6.129937,6.129937,2.329313
2096.000000,453.151909,-535.654864,-0.002764,6.128487,6.128487,2.354268
2098.000000,453.060187,-533.653498,-0.002546,6.126580,6.126580,2.373384
2100.000000,452.976677,-531.651774,-0.002428,6.119592,6.119592,2.389162
2102.000000,452.905259,-529.649583,-0.002112,6.113581,6.113581,2.397608
2104.000000,452.840405,-527.647167,-0.002285,6.101658,6.101658,2.405808
2106.000000,452.784223,-525.644491,-0.002421,6.087615,6.087615,2.411765
2108.000000,452.740804,-523.641499,-0.001973,6.074071,6.074071,2.411368
2110.000000,452.702038,-521.638407,-0.001921,6.055261,6.055261,2.414262
2112.000000,452.672874,-519.635158,-0.001964,6.035557,6.035557,2.414761
2114.000000,452.650694,-517.631813,-0.002116,6.013537,6.013537,2.415635
2116.000000,452.636483,-515.628400,-0.002105,5.988959,5.988959,2.416953
2118.000000,452.633316,-513.624934,-0.001668,5.967512,5.967512,2.416191
2120.000000,452.633896,-511.621468,-0.002279,5.941832,5.941832,2.420316
2122.000000,452.642714,-509.618021,-0.002863,5.915392,5.915392,2.425117
2124.000000,452.667897,-507.614711,-0.002465,5.896923,5.896923,2.423884
2126.000000,452.698081,-505.611475,-0.002447,5.876519,5.876519,2.425361
2128.000000,452.741470,-503.608486,-0.002489,5.862450,5.862450,2.420264
2130.000000,452.792732,-501.605675,-0.002788,5.848959,5.848959,2.412819
2132.000000,452.854998,-499.603181,-0.003099,5.839508,5.839508,2.398966
2134.000000,452.932125,-497.601209,-0.002798,5.838507,5.838507,2.374704
2136.000000,453.018255,-495.599594,-0.002989,5.838955,5.838955,2.346817
2138.000000,453.116407,-493.598535,-0.003274,5.840660,5.840660,2.313643
2140.000000,453.229450,-491.598279,-0.002959,5.847427,5.847427,2.271894
2142.000000,453.353183,-489.598635,-0.003020,5.854937,5.854937,2.225941
2144.000000,453.488063,-487.599723,-0.003145,5.862897,5.862897,2.176894
2146.000000,453.638345,-485.601900,-0.002850,5.871994,5.871994,2.119620
2148.000000,453.797052,-483.604734,-0.003213,5.876893,5.876893,2.061162
2150.000000,453.969132,-481.608676,-0.003365,5.882651,5.882651,1.998047
2152.000000,454.157447,-479.614079,-0.002720,5.890218,5.890218,1.928337
2154.000000,454.353737,-477.620254,-0.002835,5.893381,5.893381,1.859426
2156.000000,454.561316,-475.627573,-0.002984,5.896332,5.896332,1.788226
2158.000000,454.783616,-473.636479,-0.002427,5.901071,5.901071,1.711873
2160.000000,455.012816,-471.646166,-0.002525,5.902017,5.902017,1.636394
2162.000000,455.252213,-469.657058,-0.002687,5.902459,5.902459,1.557945
2164.000000,455.504574,-467.669550,-0.002240,5.905395,5.905395,1.473849
2166.000000,455.763629,-465.682905,-0.002261,5.905968,5.905968,1.390642
2168.000000,456.032008,-463.697496,-0.002346,5.906348,5.906348,1.305062
2170.000000,456.311032,-461.713557,-0.001750,5.908801,5.908801,1.215553
2172.000000,456.596749,-459.730567,-0.001188,5.909685,5.909685,1.127222
2174.000000,456.886259,-457.748129,-0.001151,5.912259,5.912259,1.041832
2176.000000,457.180361,-455.766365,-0.001081,5.915871,5.915871,0.957818
2178.000000,457.479776,-453.785397,-0.000629,5.919260,5.919260,0.873774
2180.000000,457.781136,-451.804723,-0.000326,5.924338,5.924338,0.791425
2182.000000,458.083274,-449.824168,-0.000334,5.929827,5.929827,0.710588
2184.000000,458.387083,-447.843869,-0.000280,5.935047,5.935047,0.629630
2186.000000,458.692065,-445.863750,-0.000065,5.940726,5.940726,0.548869
2188.000000,458.997471,-443.883697,0.000091,5.946941,5.946941,0.468949
2190.000000,459.301887,-441.903491,0.000053,5.952234,5.952234,0.391301
2192.000000,459.606412,-439.923301,0.000023,5.956892,5.956892,0.315040
2194.000000,459.910865,-437.943101,0.000043,5.961122,5.961122,0.240124
2196.000000,460.214979,-435.962848,0.000052,5.965091,5.965091,0.166902
2198.000000,460.519166,-433.982607,0.000055,5.969408,5.969408,0.095527
2200.000000,460.822717,-432.002268,-0.000027,5.973361,5.973361,0.026869
2202.000000,461.126594,-430.021979,-0.000048,5.976506,5.976506,-0.040486
2204.000000,461.430881,-428.041753,0.000018,5.980517,5.980517,-0.106845
2206.000000,461.734786,-426.061469,-0.000005,5.984083,5.984083,-0.171573
2208.000000,462.038764,-424.081195,-0.000067,5.986786,5.986786,-0.235229
2210.000000,462.343057,-422.100970,-0.000067,5.989492,5.989492,-0.297856
2212.000000,462.647706,-420.120800,-0.000050,5.992009,5.992009,-0.359415
2214.000000,462.952394,-418.140636,0.000027,5.994255,5.994255,-0.420033
2216.000000,463.257446,-416.160528,0.000019,5.996708,5.996708,-0.480152
2218.000000,463.561303,-414.180236,-0.000091,5.998700,5.998700,-0.538235
2220.000000,463.866884,-412.200209,-0.000022,6.000826,6.000826,-0.597265
2222.000000,464.171661,-410.220059,0.000016,6.002678,6.002678,-0.654686
2224.000000,464.476672,-408.239944,-0.000016,6.005031,6.005031,-0.711515
2226.000000,464.781771,-406.259843,-0.000035,6.006482,6.006482,-0.767623
2228.000000,465.086709,-404.279717,-0.000060,6.007923,6.007923,-0.823216
2230.000000,465.392444,-402.299714,0.000036,6.009901,6.009901,-0.879649
2232.000000,465.697690,-400.319636,0.000042,6.012258,6.012258,-0.936123
2234.000000,466.002545,-398.339498,-0.000010,6.013282,6.013282,-0.993043
2236.000000,466.308002,-396.359452,-0.000002,6.015544,6.015544,-1.051562
2238.000000,466.612802,-394.379305,-0.000003,6.016909,6.016909,-1.110705
2240.000000,466.918342,-392.399272,0.000013,6.019149,6.019149,-1.171938
2242.000000,467.223112,-390.419120,-0.000002,6.020912,6.020912,-1.233621
2244.000000,467.528470,-388.439059,0.000006,6.022594,6.022594,-1.297159
2246.000000,467.833462,-386.458942,0.000013,6.024696,6.024696,-1.361662
2248.000000,468.138501,-384.478831,-0.000007,6.026571,6.026571,-1.427348
2250.000000,468.443601,-382.498731,0.000004,6.028442,6.028442,-1.494294
2252.000000,468.748648,-380.518622,0.000034,6.030427,6.030427,-1.562732
2254.000000,469.053683,-378.538511,-0.000004,6.032454,6.032454,-1.632583
2256.000000,469.358260,-376.558329,-0.000096,6.033924,6.033924,-1.703469
2258.000000,469.663834,-374.578302,-0.000083,6.036052,6.036052,-1.777158
2260.000000,469.969399,-372.598273,-0.000054,6.037440,6.037440,-1.852534
2262.000000,470.275307,-370.618296,-0.000040,6.039117,6.039117,-1.930060
2264.000000,470.581392,-368.638347,-0.000008,6.040605,6.040605,-2.009808
2266.000000,470.887422,-366.658390,-0.000022,6.042542,6.042542,-2.091514
2268.000000,471.193511,-364.678442,-0.000056,6.044335,6.044335,-2.175903
2270.000000,471.499893,-362.698539,-0.000065,6.046722,6.046722,-2.264776
2272.000000,471.806516,-360.718673,-0.000007,6.049071,6.049071,-2.359021
2274.000000,472.113393,-358.738847,0.000215,6.051434,6.051434,-2.459536
2276.000000,472.419638,-356.758923,0.000462,6.052785,6.052785,-2.567666
2278.000000,472.723479,-354.778629,0.000395,6.052822,6.052822,-2.683117
2280.000000,473.025430,-352.798046,0.000394,6.052708,6.052708,-2.808231
2282.000000,473.327304,-350.817450,0.000955,6.050344,6.050344,-2.947242
2284.000000,473.624964,-348.836219,0.001496,6.049089,6.049089,-3.097394
2286.000000,473.915966,-346.853999,0.001609,6.052392,6.052392,-3.256823
2288.000000,474.200733,-344.870873,0.001974,6.059040,6.059040,-3.427908
2290.000000,474.479060,-342.886836,0.003346,6.065897,6.065897,-3.611335
2292.000000,474.745124,-340.901120,0.005106,6.079895,6.079895,-3.795703
2294.000000,474.988902,-338.912576,0.006450,6.113845,6.113845,-3.970513
2296.000000,475.208173,-336.921164,0.007302,6.163747,6.163747,-4.141230
2298.000000,475.395873,-334.926540,0.007497,6.224706,6.224706,-4.311078
2300.000000,475.554599,-332.929400,0.008025,6.293322,6.293322,-4.481725
2302.000000,475.682937,-330.930087,0.010017,6.379124,6.379124,-4.649824
2304.000000,475.772511,-328.928683,0.012142,6.471072,6.471072,-4.808861
2306.000000,475.809399,-326.925681,0.012603,6.555949,6.555949,-4.947769
2308.000000,475.795609,-324.922330,0.013210,6.641301,6.641301,-5.072171
2310.000000,475.733580,-322.919924,0.016089,6.726974,6.726974,-5.182212
2312.000000,475.606740,-320.920631,0.019147,6.795158,6.795158,-5.274723
2314.000000,475.399932,-318.928089,0.021297,6.852498,6.852498,-5.359082
2316.000000,475.111824,-316.945783,0.023559,6.902297,6.902297,-5.446615
2318.000000,474.727436,-314.979957,0.024233,6.955450,6.955450,-5.518584
2320.000000,474.244628,-313.035792,0.021905,6.993303,6.993303,-5.557849
2322.000000,473.675274,-311.115125,0.018253,7.019258,7.019258,-5.556052
2324.000000,473.037793,-309.215990,0.016289,7.046515,7.046515,-5.522311
2326.000000,472.343313,-307.336862,0.017934,7.078689,7.078689,-5.471967
2328.000000,471.584369,-305.482913,0.020502,7.109991,7.109991,-5.409433
2330.000000,470.743788,-303.664565,0.021304,7.136625,7.136625,-5.330301
2332.000000,469.829749,-301.882071,0.021313,7.151895,7.151895,-5.244932
2334.000000,468.837149,-300.142209,0.020106,7.168291,7.168291,-5.144160
2336.000000,467.774445,-298.443996,0.017168,7.184517,7.184517,-5.017051
2338.000000,466.652834,-296.784048,0.013814,7.191085,7.191085,-4.857759
2340.000000,465.487240,-295.154652,0.012113,7.180226,7.180226,-4.666927
2342.000000,464.285814,-293.551482,0.013461,7.152145,7.152145,-4.457319
2344.000000,463.043114,-291.980112,0.016411,7.117517,7.117517,-4.239968
2346.000000,461.748235,-290.451533,0.018653,7.084009,7.084009,-4.032718
2348.000000,460.396154,-288.973564,0.019195,7.058186,7.058186,-3.842511
2350.000000,458.986643,-287.550071,0.018654,7.040697,7.040697,-3.672582
2352.000000,457.525895,-286.179135,0.017870,7.025842,7.025842,-3.523451
2354.000000,456.015831,-284.862664,0.017258,7.004068,7.004068,-3.378428
2356.000000,454.462985,-283.597111,0.016447,6.961943,6.961943,-3.212250
2358.000000,452.866503,-282.386977,0.013790,6.894064,6.894064,-3.009178
2360.000000,451.236486,-281.222222,0.010019,6.824929,6.824929,-2.791859
2362.000000,449.584636,-280.088542,0.008508,6.792465,6.792465,-2.595872
2364.000000,447.916892,-278.978484,0.010262,6.803830,6.803830,-2.428386
2366.000000,446.226406,-277.903347,0.011492,6.855148,6.855148,-2.267102
2368.000000,444.508102,-276.873248,0.009302,6.935083,6.935083,-2.110525
2370.000000,442.771081,-275.875007,0.006667,7.009588,7.009588,-1.966127
2372.000000,441.022928,-274.896328,0.006496,7.070794,7.070794,-1.838973
2374.000000,439.262678,-273.939615,0.007243,7.125254,7.125254,-1.717672
2376.000000,437.487559,-273.010820,0.007086,7.170690,7.170690,-1.586461
2378.000000,435.699634,-272.106864,0.006748,7.201141,7.201141,-1.451077
2380.000000,433.900026,-271.226413,0.006165,7.214267,7.214267,-1.316238
2382.000000,432.088330,-270.371108,0.005290,7.213487,7.213487,-1.181707
2384.000000,430.269452,-269.531135,0.004745,7.201135,7.201135,-1.057623
2386.000000,428.440990,-268.712262,0.003027,7.170838,7.170838,-0.939934
2388.000000,426.607279,-267.905175,0.000545,7.129571,7.129571,-0.830770
2390.000000,424.773720,-267.097742,-0.000306,7.093517,7.093517,-0.735102
2392.000000,422.941532,-266.287207,-0.000001,7.063173,7.063173,-0.650078
2394.000000,421.108437,-265.478722,0.000122,7.033349,7.033349,-0.564628
2396.000000,419.275790,-264.669223,0.000311,7.008237,7.008237,-0.479420
2398.000000,417.442365,-263.861491,0.000614,6.984925,6.984925,-0.390707
2400.000000,415.608035,-263.055814,0.000448,6.960843,6.960843,-0.300405
2402.000000,413.772324,-262.253292,0.000281,6.934951,6.934951,-0.209063
2404.000000,411.937391,-261.448987,0.000435,6.914905,6.914905,-0.122793
2406.000000,410.100477,-260.649223,0.000425,6.892475,6.892475,-0.034101
2408.000000,408.263949,-259.848568,0.000597,6.874383,6.874383,0.050706
2410.000000,406.425904,-259.051407,0.000802,6.856322,6.856322,0.134178
2412.000000,404.586689,-258.256943,0.001048,6.840311,6.840311,0.212060
2414.000000,402.746212,-257.465407,0.001438,6.828218,6.828218,0.280547
2416.000000,400.902788,-256.680769,0.001251,6.818675,6.818675,0.342816
2418.000000,399.057448,-255.900637,0.001044,6.810577,6.810577,0.396615
2420.000000,397.211021,-255.123082,0.001054,6.803542,6.803542,0.437679
2422.000000,395.362169,-254.351312,0.000858,6.797223,6.797223,0.468157
2424.000000,393.512711,-253.580995,0.000953,6.793706,6.793706,0.486280
2426.000000,391.661582,-252.814702,0.000958,6.792004,6.792004,0.494623
2428.000000,389.808542,-252.053043,0.000622,6.790239,6.790239,0.493093
2430.000000,387.955121,-251.292309,0.000538,6.788685,6.788685,0.479121
2432.000000,386.100575,-250.534324,0.000338,6.787514,6.787514,0.454416
2434.000000,384.245387,-249.777908,0.000342,6.789746,6.789746,0.416347
2436.000000,382.390552,-249.020631,0.002386,6.799211,6.799211,0.361310
2438.000000,380.533586,-248.268597,0.006432,6.799596,6.799596,0.289110
2440.000000,378.666362,-247.542529,0.009511,6.775594,6.775594,0.213942
2442.000000,376.784425,-246.855553,0.010311,6.730492,6.730492,0.150487
2444.000000,374.888753,-246.207452,0.009781,6.679782,6.679782,0.100673
2446.000000,372.980100,-245.598567,0.008405,6.625656,6.625656,0.066631
2448.000000,371.061602,-245.021375,0.007095,6.572721,6.572721,0.036748
2450.000000,369.135431,-244.470345,0.007373,6.516059,6.516059,0.005196
2452.000000,367.202213,-243.944551,0.008975,6.453864,6.453864,-0.030685
2454.000000,365.259229,-243.456207,0.008766,6.380174,6.380174,-0.062571
2456.000000,363.306763,-243.007226,0.004726,6.288060,6.288060,-0.086375
2458.000000,361.349644,-242.578785,-0.001012,6.190728,6.190728,-0.116773
2460.000000,359.393979,-242.143776,-0.004073,6.113500,6.113500,-0.175658
2462.000000,357.443632,-241.685515,-0.002458,6.073919,6.073919,-0.279062
2464.000000,355.495816,-241.216585,0.001805,6.063422,6.063422,-0.408029
2466.000000,353.546540,-240.753795,0.005724,6.066924,6.066924,-0.542405
2468.000000,351.591156,-240.317637,0.006780,6.065751,6.065751,-0.663019
2470.000000,349.629253,-239.911731,0.005541,6.055813,6.055813,-0.768225
2472.000000,347.663465,-239.525068,0.004614,6.046179,6.046179,-0.868822
2474.000000,345.694143,-239.156814,0.004197,6.040320,6.040320,-0.968680
2476.000000,343.721767,-238.805245,0.004056,6.044019,6.044019,-1.078977
2478.000000,341.746871,-238.468182,0.004430,6.053100,6.053100,-1.202309
2480.000000,339.768909,-238.149581,0.004764,6.065618,6.065618,-1.336396
2482.000000,337.788021,-237.849719,0.004654,6.078715,6.078715,-1.484077
2484.000000,335.804260,-237.569484,0.004882,6.097256,6.097256,-1.635793
2486.000000,333.818311,-237.305177,0.005672,6.115440,6.115440,-1.788273
2488.000000,331.829068,-237.067056,0.005723,6.131867,6.131867,-1.929295
2490.000000,329.837293,-236.850991,0.005493,6.144089,6.144089,-2.061816
2492.000000,327.843378,-236.655902,0.005699,6.153839,6.153839,-2.188215
2494.000000,325.847266,-236.484526,0.006019,6.162465,6.162465,-2.311755
2496.000000,323.849348,-236.335868,0.006208,6.162251,6.162251,-2.439314
2498.000000,321.849591,-236.214383,0.005506,6.162838,6.162838,-2.564992
2500.000000,319.848591,-236.115268,0.005142,6.161921,6.161921,-2.692957
2502.000000,317.846854,-236.032495,0.005408,6.157608,6.157608,-2.828297
2504.000000,315.844170,-235.977144,0.004925,6.161419,6.161419,-2.956475
2506.000000,313.841099,-235.937374,0.004544,6.161708,6.161708,-3.087729
2508.000000,311.837742,-235.918065,0.003908,6.165050,6.165050,-3.215637
2510.000000,309.834280,-235.915200,0.003256,6.167517,6.167517,-3.345713
2512.000000,307.830824,-235.921729,0.003857,6.163114,6.163114,-3.480148
2514.000000,305.827517,-235.945305,0.004050,6.159053,6.159053,-3.609987
2516.000000,303.824496,-235.987320,0.002647,6.156023,6.156023,-3.736133
2518.000000,301.821732,-236.040428,0.002596,6.147278,6.147278,-3.865020
2520.000000,299.819018,-236.095404,0.006011,6.122354,6.122354,-4.001849
2522.000000,297.817291,-236.177207,0.009085,6.099944,6.099944,-4.118300
2524.000000,295.817611,-236.299907,0.009798,6.092764,6.092764,-4.204427
2526.000000,293.820631,-236.459627,0.009169,6.101160,6.101160,-4.261116
2528.000000,291.827379,-236.661292,0.007957,6.126332,6.126332,-4.283736
2530.000000,289.836889,-236.888676,0.006749,6.136400,6.136400,-4.288253
2532.000000,287.850516,-237.149708,0.005584,6.144361,6.144361,-4.265915
2534.000000,285.866094,-237.425293,0.005812,6.138781,6.138781,-4.235900
2536.000000,283.885509,-237.726989,0.006191,6.136315,6.136315,-4.189281
2538.000000,281.908949,-238.054210,0.005950,6.134449,6.134449,-4.131388
2540.000000,279.936026,-238.402442,0.006058,6.131673,6.131673,-4.067810
2542.000000,277.967952,-238.777281,0.005495,6.135726,6.135726,-3.991575
2544.000000,276.004077,-239.173564,0.005120,6.141612,6.141612,-3.904666
2546.000000,274.043758,-239.586952,0.004887,6.141353,6.141353,-3.809067
2548.000000,272.088816,-240.025168,0.003806,6.148682,6.148682,-3.695618
2550.000000,270.136114,-240.473317,0.002930,6.155995,6.155995,-3.579915
2552.000000,268.186902,-240.936399,0.001730,6.169232,6.169232,-3.458305
2554.000000,266.239127,-241.405502,0.000680,6.177028,6.177028,-3.337412
2556.000000,264.291367,-241.874667,0.000787,6.179167,6.179167,-3.223556
2558.000000,262.344693,-242.348309,0.000657,6.185999,6.185999,-3.112150
2560.000000,260.398816,-242.825217,0.000438,6.191807,6.191807,-3.003902
2562.000000,258.452756,-243.301370,0.000389,6.193743,6.193743,-2.902707
2564.000000,256.507943,-243.782605,0.000218,6.199418,6.199418,-2.801952
2566.000000,254.562308,-244.260502,0.000489,6.201508,6.201508,-2.710979
2568.000000,252.617904,-244.743387,0.000209,6.206768,6.206768,-2.621706
2570.000000,250.673743,-245.227252,-0.000079,6.211454,6.211454,-2.537067
2572.000000,248.728669,-245.707424,0.000370,6.211988,6.211988,-2.461835
2574.000000,246.784877,-246.192765,0.000242,6.215546,6.215546,-2.387664
2576.000000,244.840866,-246.677223,0.000152,6.217644,6.217644,-2.320016
2578.000000,242.896945,-247.162046,0.000154,6.220079,6.220079,-2.257962
2580.000000,240.953656,-247.649395,-0.000136,6.224224,6.224224,-2.199442
2582.000000,239.009612,-248.133722,0.000086,6.225085,6.225085,-2.150457
2584.000000,237.065915,-248.619443,0.000198,6.227389,6.227389,-2.105077
2586.000000,235.122611,-249.106731,-0.000024,6.230518,6.230518,-2.062237
2588.000000,233.178944,-249.592572,0.000079,6.231400,6.231400,-2.024643
2590.000000,231.235515,-250.079363,0.000059,6.233465,6.233465,-1.988656
2592.000000,229.292282,-250.566936,-0.000068,6.236747,6.236747,-1.954045
2594.000000,227.348651,-251.052922,0.000110,6.237488,6.237488,-1.922795
2596.000000,225.405353,-251.540235,0.000003,6.239607,6.239607,-1.890160
2598.000000,223.462217,-252.028197,-0.000130,6.243154,6.243154,-1.855631
2600.000000,221.518437,-252.513580,0.000119,6.243118,6.243118,-1.821747
2602.000000,219.575280,-253.001453,0.000197,6.244713,6.244713,-1.783738
2604.000000,217.631985,-253.488778,0.000022,6.246658,6.246658,-1.745283
2606.000000,215.689111,-253.977782,-0.000183,6.250375,6.250375,-1.704086
2608.000000,213.745619,-254.464322,-0.000027,6.250425,6.250425,-1.664321
2610.000000,211.802229,-254.951262,0.000029,6.251479,6.251479,-1.622716
2612.000000,209.859149,-255.439440,-0.000129,6.253834,6.253834,-1.578467
2614.000000,207.915458,-255.925186,0.000082,6.253349,6.253349,-1.535624
2616.000000,205.972173,-256.412553,0.000093,6.255407,6.255407,-1.490896
2618.000000,204.029008,-256.900394,-0.000056,6.257683,6.257683,-1.446130
2620.000000,202.085562,-257.387119,0.000032,6.257702,6.257702,-1.403578
2622.000000,200.142339,-257.874728,-0.000110,6.259525,6.259525,-1.361073
2624.000000,198.199078,-258.362188,-0.000177,6.261046,6.261046,-1.318859
2626.000000,196.255242,-258.847350,0.000041,6.260293,6.260293,-1.278865
2628.000000,194.311906,-259.334507,-0.000181,6.262401,6.262401,-1.236940
2630.000000,192.368305,-259.820614,-0.000212,6.263164,6.263164,-1.196383
2632.000000,190.424031,-260.304015,0.000182,6.261330,6.261330,-1.158717
2634.000000,188.480542,-260.790572,-0.000112,6.262666,6.262666,-1.117623
2636.000000,186.536862,-261.276363,-0.000296,6.263346,6.263346,-1.076969
2638.000000,184.592344,-261.758786,0.000153,6.261037,6.261037,-1.039366
2640.000000,182.648544,-262.244095,-0.000066,6.261911,6.261911,-0.998134
2642.000000,180.704739,-262.729388,-0.000239,6.263579,6.263579,-0.956087
2644.000000,178.759970,-263.210793,0.000108,6.261036,6.261036,-0.917152
2646.000000,176.816213,-263.696273,-0.000037,6.260524,6.260524,-0.873048
2648.000000,174.871815,-264.179177,-0.000014,6.259025,6.259025,-0.830970
2650.000000,172.927543,-264.662588,-0.000008,6.256100,6.256100,-0.788319
2652.000000,170.983607,-265.147347,-0.000108,6.254436,6.254436,-0.744584
2654.000000,169.038843,-265.628772,0.000161,6.249318,6.249318,-0.704956
2656.000000,167.094979,-266.113826,-0.000030,6.247885,6.247885,-0.662362
2658.000000,165.150764,-266.597472,-0.000103,6.244456,6.244456,-0.622191
2660.000000,163.206231,-267.079835,0.000023,6.238045,6.238045,-0.584507
2662.000000,161.262285,-267.564561,-0.000019,6.235421,6.235421,-0.545124
2664.000000,159.317574,-268.046205,0.000202,6.227506,6.227506,-0.509311
2666.000000,157.373731,-268.531347,0.000280,6.224028,6.224028,-0.469914
2668.000000,155.429697,-269.015717,0.000109,6.216265,6.216265,-0.430951
2670.000000,153.486264,-269.502490,-0.000060,6.209705,6.209705,-0.388906
2672.000000,151.542247,-269.986920,0.000072,6.199987,6.199987,-0.348267
2674.000000,149.598569,-270.472705,0.000014,6.191833,6.191833,-0.305177
2676.000000,147.655079,-270.959251,-0.000106,6.184054,6.184054,-0.260311
2678.000000,145.710924,-271.443134,0.000019,6.172234,6.172234,-0.217220
2680.000000,143.767497,-271.929938,-0.000026,6.164514,6.164514,-0.170067
2682.000000,141.823350,-272.413853,-0.000032,6.154258,6.154258,-0.124504
2684.000000,139.879815,-272.900221,-0.000155,6.144865,6.144865,-0.074542
2686.000000,137.935653,-273.384079,-0.000251,6.135481,6.135481,-0.025452
2688.000000,135.991530,-273.868094,-0.000432,6.125641,6.125641,0.025263
2690.000000,134.046983,-274.350397,-0.000560,6.118511,6.118511,0.076062
2692.000000,132.101579,-274.829239,-0.000556,6.109447,6.109447,0.125625
2694.000000,130.156154,-275.307991,-0.000682,6.102263,6.102263,0.177651
2696.000000,128.209497,-275.781712,-0.000687,6.093521,6.093521,0.227590
2698.000000,126.262723,-276.254944,-0.000903,6.084534,6.084534,0.280236
2700.000000,124.314809,-276.723470,-0.001135,6.074622,6.074622,0.331682
2702.000000,122.365893,-277.187806,-0.001107,6.061569,6.061569,0.384167
2704.000000,120.415878,-277.647507,-0.000996,6.052109,6.052109,0.440858
2706.000000,118.464963,-278.103373,-0.001014,6.042342,6.042342,0.506326
2708.000000,116.513287,-278.555972,-0.000822,6.035240,6.035240,0.585043
2710.000000,114.560346,-279.003080,0.000064,6.028022,6.028022,0.677109
2712.000000,112.607726,-279.451583,-0.000100,6.012827,6.012827,0.786699
2714.000000,110.655961,-279.903795,-0.003993,5.984908,5.984908,0.915562
2716.000000,108.701826,-280.345619,-0.010821,5.965990,5.965990,1.050992
2718.000000,106.738074,-280.741834,-0.015142,5.982431,5.982431,1.162609
2720.000000,104.761739,-281.069351,-0.014515,6.036181,6.036181,1.230140
2722.000000,102.776829,-281.340742,-0.013784,6.120760,6.120760,1.281875
2724.000000,100.785803,-281.562898,-0.015989,6.232394,6.232394,1.336669
2726.000000,98.788709,-281.720051,-0.018394,6.341655,6.341655,1.368514
2728.000000,96.787150,-281.800863,-0.019817,6.426534,6.426534,1.359881
2730.000000,94.783890,-281.804690,-0.021033,6.496179,6.496179,1.312962
2732.000000,92.782406,-281.720933,-0.020865,6.555282,6.555282,1.223039
2734.000000,90.786306,-281.551957,-0.020104,6.597439,6.597439,1.100849
2736.000000,88.798120,-281.306881,-0.022108,6.614555,6.614555,0.957076
2738.000000,86.822035,-280.978409,-0.025190,6.609792,6.609792,0.784460
2740.000000,84.866999,-280.542184,-0.023412,6.572635,6.572635,0.563975
2742.000000,82.936163,-280.008505,-0.017400,6.515661,6.515661,0.299644
2744.000000,81.023581,-279.412304,-0.013895,6.469450,6.469450,0.027439
2746.000000,79.125987,-278.769842,-0.013594,6.442003,6.442003,-0.232760
2748.000000,77.248704,-278.070199,-0.013562,6.420061,6.420061,-0.482642
2750.000000,75.388910,-277.325596,-0.014432,6.400594,6.400594,-0.727280
2752.000000,73.552460,-276.525125,-0.015013,6.381755,6.381755,-0.987478
2754.000000,71.741763,-275.667896,-0.013724,6.360307,6.360307,-1.269551
2756.000000,69.955627,-274.760563,-0.012154,6.341788,6.341788,-1.567267
2758.000000,68.190960,-273.812111,-0.010818,6.339613,6.339613,-1.876375
2760.000000,66.448822,-272.822937,-0.007621,6.342271,6.342271,-2.198183
2762.000000,64.723755,-271.804123,-0.002937,6.340335,6.340335,-2.513827
2764.000000,63.002459,-270.778930,-0.000485,6.332469,6.332469,-2.799710
2766.000000,61.280208,-269.755339,-0.000690,6.329416,6.329416,-3.055165
2768.000000,59.560061,-268.728220,-0.000848,6.333133,6.333133,-3.289720
2770.000000,57.842339,-267.697047,-0.000320,6.338792,6.338792,-3.502001
2772.000000,56.124646,-266.665826,-0.000115,6.343266,6.343266,-3.694330
2774.000000,54.407110,-265.634344,-0.000216,6.348073,6.348073,-3.868356
2776.000000,52.690186,-264.601844,-0.000164,6.352984,6.352984,-4.023520
2778.000000,50.973663,-263.568676,-0.000100,6.358379,6.358379,-4.163452
2780.000000,49.257084,-262.535601,-0.000093,6.364755,6.364755,-4.289795
2782.000000,47.541048,-261.501627,-0.000002,6.370292,6.370292,-4.402668
2784.000000,45.824755,-260.468077,0.000113,6.376819,6.376819,-4.499710
2786.000000,44.108451,-259.434546,0.000384,6.383360,6.383360,-4.581969
2788.000000,42.391490,-258.402109,0.000489,6.390953,6.390953,-4.647409
2790.000000,40.672680,-257.372751,-0.000380,6.401653,6.401653,-4.695813
2792.000000,38.954181,-256.342875,-0.001962,6.411133,6.411133,-4.735293
2794.000000,37.240060,-255.305740,-0.002625,6.411410,6.411410,-4.775940
2796.000000,35.533193,-254.256698,-0.002029,6.398380,6.398380,-4.823904
2798.000000,33.829365,-253.202730,-0.001658,6.377933,6.377933,-4.870932
2800.000000,32.129259,-252.142768,-0.002169,6.350332,6.350332,-4.916395
2802.000000,30.432725,-251.077106,-0.002468,6.315476,6.315476,-4.957584
2804.000000,28.743854,-249.999349,-0.000547,6.266663,6.266663,-5.000488
2806.000000,27.057270,-248.918000,0.003042,6.212201,6.212201,-5.029851
2808.000000,25.363168,-247.848520,0.005278,6.171768,6.171768,-5.021381
2810.000000,23.655842,-246.800254,0.004723,6.154360,6.154360,-4.966193
2812.000000,21.937779,-245.769669,0.002614,6.155892,6.155892,-4.864168
2814.000000,20.214861,-244.747203,0.000797,6.164734,6.164734,-4.723825
2816.000000,18.490740,-243.726765,0.000165,6.171166,6.171166,-4.557061
2818.000000,16.767326,-242.705135,0.000159,6.171052,6.171052,-4.363248
2820.000000,15.042349,-241.686147,-0.000309,6.171337,6.171337,-4.134910
2822.000000,13.318489,-240.665269,-0.001066,6.171370,6.171370,-3.867917
2824.000000,11.596485,-239.641265,-0.002272,6.170153,6.170153,-3.553412
2826.000000,9.878408,-238.610695,-0.003358,6.169362,6.169362,-3.192911
2828.000000,8.169425,-237.565124,-0.002566,6.169900,6.169900,-2.782149
2830.000000,6.466296,-236.510027,-0.003062,6.154723,6.154723,-2.291631
2832.000000,4.763851,-235.453839,-0.008639,6.123934,6.123934,-1.693550
2834.000000,3.080416,-234.367791,-0.019958,6.119614,6.119614,-1.018854
2836.000000,1.434036,-233.226404,-0.030049,6.135014,6.135014,-0.297747
2838.000000,-0.121056,-231.963793,-0.030305,6.214302,6.214302,0.394609
2840.000000,-1.602928,-230.616250,-0.030817,6.319604,6.319604,1.078438
2842.000000,-3.008431,-229.189196,-0.041994,6.467501,6.467501,1.742163
2844.000000,-4.292913,-227.654705,-0.054646,6.612943,6.612943,2.313416
2846.000000,-5.385171,-225.978020,-0.059547,6.685726,6.685726,2.735558
2848.000000,-6.273919,-224.184184,-0.056948,6.709896,6.709896,3.040967
2850.000000,-6.937241,-222.294704,-0.051625,6.716712,6.716712,3.257610
2852.000000,-7.419983,-220.352498,-0.050678,6.677836,6.677836,3.437249
2854.000000,-7.700522,-218.370426,-0.054105,6.609841,6.609841,3.549407
2856.000000,-7.770383,-216.370063,-0.054650,6.515131,6.515131,3.577752
2858.000000,-7.602609,-214.374907,-0.046829,6.462268,6.462268,3.488149
2860.000000,-7.247639,-212.403941,-0.033277,6.370808,6.370808,3.301594
2862.000000,-6.760004,-210.460934,-0.022610,6.274603,6.274603,3.031853
2864.000000,-6.201001,-208.537337,-0.020219,6.202945,6.202945,2.736135
2866.000000,-5.566215,-206.637367,-0.018794,6.178100,6.178100,2.412592
2868.000000,-4.845055,-204.768459,-0.009109,6.179021,6.179021,2.036359
2870.000000,-4.087846,-202.913595,0.003738,6.192679,6.192679,1.659267
2872.000000,-3.352005,-201.050361,0.010774,6.215606,6.215606,1.357792
2874.000000,-2.665466,-199.168251,0.009452,6.272805,6.272805,1.169156
2876.000000,-2.020824,-197.271382,0.002108,6.385782,6.385782,1.057731
2878.000000,-1.385758,-195.371239,-0.005534,6.510188,6.510188,0.947304
2880.000000,-0.721568,-193.481169,-0.007438,6.605594,6.605594,0.801463
2882.000000,-0.022256,-191.603738,-0.003882,6.660279,6.660279,0.622642
2884.000000,0.690117,-189.731198,0.000608,6.699906,6.699906,0.433339
2886.000000,1.399780,-187.857636,0.003325,6.740945,6.740945,0.244624
2888.000000,2.092660,-185.977809,0.003052,6.796944,6.796944,0.064132
2890.000000,2.771766,-184.092948,0.000518,6.867182,6.867182,-0.123850
2892.000000,3.449224,-182.207496,-0.002406,6.934651,6.934651,-0.338430
2894.000000,4.135939,-180.325408,-0.002972,6.985917,6.985917,-0.598635
2896.000000,4.842050,-178.450503,0.000495,7.016217,7.016217,-0.918920
2898.000000,5.544875,-176.574378,0.005461,7.041295,7.041295,-1.262838
2900.000000,6.227413,-174.690779,0.008412,7.068378,7.068378,-1.604522
2902.000000,6.871316,-172.793661,0.009347,7.130145,7.130145,-1.924292
2904.000000,7.485259,-170.886595,0.013573,7.212644,7.212644,-2.229766
2906.000000,8.055218,-168.966053,0.020287,7.280649,7.280649,-2.501751
2908.000000,8.534096,-167.020996,0.021192,7.320460,7.320460,-2.697506
2910.000000,8.924217,-165.056007,0.018326,7.354253,7.354253,-2.828551
2912.000000,9.251463,-163.079649,0.016205,7.365307,7.365307,-2.922773
2914.000000,9.504104,-161.092328,0.012260,7.354721,7.354721,-2.968505
2916.000000,9.711640,-159.099664,0.008404,7.293422,7.293422,-2.992481
2918.000000,9.888744,-157.104087,0.007709,7.220206,7.220206,-2.999946
2920.000000,10.037579,-155.106177,0.008185,7.136681,7.136681,-2.992797
2922.000000,10.150026,-153.105902,0.007234,7.040126,7.040126,-2.969626
2924.000000,10.232393,-151.104167,0.005089,6.952296,6.952296,-2.942528
2926.000000,10.295335,-149.101688,0.003338,6.882540,6.882540,-2.922832
2928.000000,10.345573,-147.098858,0.001530,6.816623,6.816623,-2.914626
2930.000000,10.387082,-145.095821,0.000020,6.747245,6.747245,-2.917474
2932.000000,10.434202,-143.092907,0.000315,6.668868,6.668868,-2.935222
2934.000000,10.478504,-141.089932,0.001351,6.590717,6.590717,-2.956079
2936.000000,10.517780,-139.086850,0.001829,6.512663,6.512663,-2.977064
2938.000000,10.548237,-137.083615,0.001813,6.441055,6.441055,-2.993387
2940.000000,10.571997,-135.080289,0.002524,6.374254,6.374254,-3.006530
2942.000000,10.588862,-133.076895,0.004702,6.311327,6.311327,-3.016474
2944.000000,10.585685,-131.073460,0.006525,6.266230,6.266230,-3.011304
2946.000000,10.553997,-129.070264,0.006031,6.247207,6.247207,-2.982689
2948.000000,10.494625,-127.067709,0.003596,6.250211,6.250211,-2.929982
2950.000000,10.422328,-125.065548,0.001107,6.265061,6.265061,-2.866238
2952.000000,10.345856,-123.063541,-0.000048,6.279548,6.279548,-2.800051
2954.000000,10.272888,-121.061402,0.000269,6.287206,6.287206,-2.739840
2956.000000,10.197855,-119.059339,0.000788,6.291869,6.291869,-2.680409
2958.000000,10.119133,-117.057418,0.000663,6.297321,6.297321,-2.619380
2960.000000,10.037210,-115.055626,0.000279,6.299640,6.299640,-2.556256
2962.000000,9.954742,-113.053856,0.000280,6.300195,6.300195,-2.492919
2964.000000,9.872097,-111.052095,0.000402,6.301425,6.301425,-2.429310
2966.000000,9.785864,-109.050483,0.000134,6.300494,6.300494,-2.361534
2968.000000,9.700528,-107.048833,-0.000032,6.301203,6.301203,-2.294137
2970.000000,9.614840,-105.047198,-0.000012,6.298869,6.298869,-2.225966
2972.000000,9.529473,-103.045549,-0.000110,6.298349,6.298349,-2.157761
2974.000000,9.444011,-101.043904,-0.000098,6.297339,6.297339,-2.089453
2976.000000,9.360175,-99.042191,0.000088,6.296535,6.296535,-2.023467
2978.000000,9.274746,-97.040545,-0.000003,6.294501,6.294501,-1.957185
2980.000000,9.189463,-95.038893,-0.000104,6.292719,6.292719,-1.892301
2982.000000,9.105532,-93.037183,0.000044,6.291374,6.291374,-1.829747
2984.000000,9.020416,-91.035524,0.000111,6.290750,6.290750,-1.766571
2986.000000,8.935608,-89.033852,0.000003,6.288281,6.288281,-1.703701
2988.000000,8.849596,-87.032231,-0.000056,6.286390,6.286390,-1.639901
2990.000000,8.765642,-85.030523,0.000036,6.285387,6.285387,-1.578177
2992.000000,8.679672,-83.028900,-0.000023,6.283156,6.283156,-1.513124
2994.000000,8.595094,-81.027218,-0.000041,6.282336,6.282336,-1.447471
2996.000000,8.510111,-79.025553,0.000021,6.279704,6.279704,-1.379135
2998.000000,8.425200,-77.023885,0.000029,6.277921,6.277921,-1.309052
3000.000000,8.340218,-75.022220,-0.000023,6.276416,6.276416,-1.238204
3002.000000,8.254836,-73.020571,-0.000035,6.273636,6.273636,-1.166783
3004.000000,8.170701,-71.018871,0.000035,6.272527,6.272527,-1.096655
3006.000000,8.085034,-69.017235,-0.000040,6.270147,6.270147,-1.024958
3008.000000,8.000623,-67.015546,-0.000039,6.269490,6.269490,-0.954379
3010.000000,7.915879,-65.013870,0.000054,6.267122,6.267122,-0.883185
3012.000000,7.831170,-63.012194,0.000039,6.265744,6.265744,-0.811859
3014.000000,7.745854,-61.010543,-0.000011,6.262724,6.262724,-0.739950
3016.000000,7.661083,-59.008869,-0.000010,6.261921,6.261921,-0.669085
3018.000000,7.576004,-57.007207,-0.000016,6.259400,6.259400,-0.598860
3020.000000,7.491152,-55.005537,-0.000016,6.257143,6.257143,-0.529950
3022.000000,7.406411,-53.003861,0.000018,6.256311,6.256311,-0.462659
3024.000000,7.321473,-51.002194,0.000036,6.254243,6.254243,-0.397463
3026.000000,7.236522,-49.000528,0.000025,6.252039,6.252039,-0.335289
3028.000000,7.151209,-46.998877,-0.000052,6.250488,6.250488,-0.276854
3030.000000,7.066236,-44.997211,0.000006,6.249109,6.249109,-0.224276
3032.000000,6.981775,-42.995524,0.000061,6.247198,6.247198,-0.177102
3034.000000,6.895859,-40.993899,-0.000040,6.245230,6.245230,-0.132425
3036.000000,6.811361,-38.992214,0.000039,6.242978,6.242978,-0.092621
3038.000000,6.726130,-36.990559,0.000024,6.241644,6.241644,-0.055741
3040.000000,6.640320,-34.988929,-0.000109,6.239760,6.239760,-0.021393
3042.000000,6.556023,-32.987235,0.000052,6.237916,6.237916,0.008269
3044.000000,6.471031,-30.985571,0.000065,6.236477,6.236477,0.035167
3046.000000,6.385078,-28.983947,-0.000108,6.234426,6.234426,0.059521
3048.000000,6.300700,-26.982256,-0.000027,6.232587,6.232587,0.079223
3050.000000,6.215869,-24.980585,0.000055,6.231203,6.231203,0.096344
3052.000000,6.130802,-22.978923,0.000012,6.229363,6.229363,0.110763
3054.000000,6.045781,-20.977260,0.000046,6.227172,6.227172,0.123206
3056.000000,5.960713,-18.975598,-0.000003,6.226099,6.226099,0.133978
3058.000000,5.874963,-16.973966,-0.000092,6.223990,6.223990,0.143058
3060.000000,5.790669,-14.972272,0.000053,6.222125,6.222125,0.148859
3062.000000,5.705626,-12.970609,0.000046,6.221075,6.221075,0.154120
3064.000000,5.619768,-10.968981,-0.000097,6.219106,6.219106,0.159152
3066.000000,5.535554,-8.967284,0.000012,6.217079,6.217079,0.161442
3068.000000,5.450417,-6.965625,0.000043,6.215996,6.215996,0.163276
3070.000000,5.365281,-4.963966,-0.000010,6.215017,6.215017,0.163667
3072.000000,5.280383,-2.962298,0.000009,6.212141,6.212141,0.163095
3074.000000,5.195170,-0.960642,-0.000002,6.211212,6.211212,0.162930
3076.000000,5.110212,1.041024,0.000011,6.208587,6.208587,0.162738
3078.000000,5.025085,3.042683,-0.000029,6.207266,6.207266,0.162971
3080.000000,4.939868,5.044338,-0.000010,6.206270,6.206270,0.163525
3082.000000,4.855471,7.046028,0.000097,6.204432,6.204432,0.163321
3084.000000,4.769682,9.047659,-0.000014,6.202260,6.202260,0.164448
3086.000000,4.684306,11.049307,-0.000057,6.201144,6.201144,0.165422
3088.000000,4.599720,13.050989,0.000060,6.199217,6.199217,0.166235
3090.000000,4.514059,15.052625,-0.000016,6.196857,6.196857,0.168824
3092.000000,4.428798,17.054278,-0.000020,6.195308,6.195308,0.171447
3094.000000,4.344075,19.055954,0.000004,6.192717,6.192717,0.173667
3096.000000,4.258197,21.057581,-0.000051,6.191057,6.191057,0.177096
3098.000000,4.174025,23.059280,0.000099,6.188578,6.188578,0.178882
3100.000000,4.088413,25.060918,0.000037,6.187136,6.187136,0.182350
3102.000000,4.002389,27.062539,-0.000122,6.185454,6.185454,0.186726
3104.000000,3.918034,29.064230,0.000070,6.183121,6.183121,0.190189
3106.000000,3.832712,31.065881,0.000063,6.181609,6.181609,0.195570
3108.000000,3.746526,33.067495,-0.000121,6.179883,6.179883,0.202664
3110.000000,3.662033,35.069180,0.000012,6.177721,6.177721,0.208660
3112.000000,3.576963,37.070842,0.000052,6.176086,6.176086,0.215656
3114.000000,3.491168,39.072472,0.000009,6.173641,6.173641,0.223430
3116.000000,3.406558,41.074152,0.000019,6.171471,6.171471,0.229610
3118.000000,3.320165,43.075757,-0.000087,6.169804,6.169804,0.236891
3120.000000,3.235850,45.077450,-0.000002,6.167369,6.167369,0.241127
3122.000000,3.150552,47.079102,0.000130,6.165258,6.165258,0.245541
3124.000000,3.065173,49.080750,0.000006,6.163279,6.163279,0.249446
3126.000000,2.978848,51.082358,-0.000138,6.161508,6.161508,0.253911
3128.000000,2.894403,53.084045,-0.000010,6.159115,6.159115,0.256433
3130.000000,2.809361,55.085708,0.000059,6.156449,6.156449,0.259750
3132.000000,2.723795,57.087348,0.000011,6.154864,6.154864,0.263971
3134.000000,2.638932,59.089018,0.000014,6.151903,6.151903,0.267964
3136.000000,2.553018,61.090644,-0.000029,6.151096,6.151096,0.273318
3138.000000,2.468280,63.092319,-0.000000,6.147911,6.147911,0.277756
3140.000000,2.382707,65.093959,0.000076,6.146548,6.146548,0.283309
3142.000000,2.297632,67.095619,0.000046,6.143844,6.143844,0.288472
3144.000000,2.211180,69.097222,-0.000073,6.142675,6.142675,0.294906
3146.000000,2.126246,71.098889,-0.000020,6.139293,6.139293,0.299446
3148.000000,2.040825,73.100535,0.000089,6.137520,6.137520,0.303865
3150.000000,1.955184,75.102171,-0.000009,6.135116,6.135116,0.307759
3152.000000,1.869035,77.103786,-0.000100,6.133860,6.133860,0.311364
3154.000000,1.784265,79.105460,0.000063,6.130931,6.130931,0.312804
3156.000000,1.698855,81.107106,0.000073,6.128503,6.128503,0.314349
3158.000000,1.612332,83.108705,-0.000071,6.126862,6.126862,0.316948
3160.000000,1.527509,85.110376,-0.000044,6.124233,6.124233,0.318574
3162.000000,1.441535,87.111999,0.000062,6.122529,6.122529,0.322336
3164.000000,1.356871,89.113677,0.000075,6.119298,6.119298,0.325835
3166.000000,1.269739,91.115250,-0.000019,6.118683,6.118683,0.333034
3168.000000,1.185035,93.116926,-0.000013,6.115859,6.115859,0.338681
3170.000000,1.098253,95.118514,-0.000096,6.114638,6.114638,0.346755
3172.000000,1.013415,97.120185,-0.000008,6.112375,6.112375,0.352727
3174.000000,0.928301,99.121845,0.000109,6.109681,6.109681,0.358399
3176.000000,0.841926,101.123450,-0.000051,6.108963,6.108963,0.364521
3178.000000,0.756606,103.125101,-0.000035,6.106756,6.106756,0.368460
3180.000000,0.671251,105.126750,0.000007,6.104652,6.104652,0.370985
3182.000000,0.585473,107.128381,-0.000062,6.103275,6.103275,0.372648
3184.000000,0.500459,109.130045,0.000006,6.100920,6.100920,0.372218
3186.000000,0.415334,111.131703,0.000114,6.099281,6.099281,0.370462
3188.000000,0.329568,113.133334,-0.000010,6.097590,6.097590,0.368111
3190.000000,0.243366,115.134947,-0.000115,6.096315,6.096315,0.364950
3192.000000,0.158843,117.136631,0.000038,6.094120,6.094120,0.358905
3194.000000,0.073236,119.138269,0.000013,6.092369,6.092369,0.353143
3196.000000,-0.012488,121.139902,-0.000088,6.091280,6.091280,0.346563
3198.000000,-0.097107,123.141583,0.000009,6.088786,6.088786,0.337183
3200.000000,-0.182408,125.143234,0.000002,6.087243,6.087243,0.325995
3202.000000,-0.267598,127.144890,0.000013,6.085515,6.085515,0.311431
3204.000000,-0.352365,129.146564,0.000051,6.083011,6.083011,0.291620
3206.000000,-0.438296,131.148189,0.000008,6.081939,6.081939,0.266151
3208.000000,-0.523143,133.149860,0.000022,6.079700,6.079700,0.231827
3210.000000,-0.609117,135.151483,0.000014,6.078745,6.078745,0.189681
3212.000000,-0.694268,137.153141,0.000028,6.076352,6.076352,0.136539
3214.000000,-0.780169,139.154767,-0.000018,6.074899,6.074899,0.076806
3216.000000,-0.865844,141.156402,-0.000042,6.073012,6.073012,0.010718
3218.000000,-0.950939,143.158063,0.000045,6.070679,6.070679,-0.062250
3220.000000,-1.036745,145.159692,0.000020,6.069102,6.069102,-0.138962
3222.000000,-1.122425,147.161328,0.000005,6.067172,6.067172,-0.219494
3224.000000,-1.207967,149.162969,0.000044,6.065443,6.065443,-0.302978
3226.000000,-1.293991,151.164589,0.000021,6.063868,6.063868,-0.387166
3228.000000,-1.379892,153.166215,-0.000021,6.061998,6.061998,-0.471488
3230.000000,-1.465901,155.167837,-0.000039,6.060554,6.060554,-0.555230
3232.000000,-1.551483,157.169476,0.000007,6.058399,6.058399,-0.639744
3234.000000,-1.637186,159.171111,0.000046,6.056424,6.056424,-0.724943
3236.000000,-1.723188,161.172732,0.000004,6.054920,6.054920,-0.810423
3238.000000,-1.809210,163.174353,-0.000041,6.053237,6.053237,-0.896071
3240.000000,-1.894956,165.175985,-0.000016,6.051514,6.051514,-0.981892
3242.000000,-1.980577,167.177623,0.000023,6.049615,6.049615,-1.067603
3244.000000,-2.066464,169.179250,-0.000004,6.048187,6.048187,-1.152669
3246.000000,-2.152318,171.180878,0.000004,6.046603,6.046603,-1.237395
3248.000000,-2.237904,173.182517,0.000035,6.044897,6.044897,-1.321959
3250.000000,-2.324126,175.184129,-0.000027,6.043537,6.043537,-1.405168
3252.000000,-2.409906,177.185760,-0.000011,6.041871,6.041871,-1.487939
3254.000000,-2.495504,179.187399,0.000035,6.040109,6.040109,-1.569938
3256.000000,-2.581726,181.189011,-0.000022,6.038973,6.038973,-1.650151
3258.000000,-2.667452,183.190645,-0.000027,6.037403,6.037403,-1.729874
3260.000000,-2.753189,185.192278,-0.000010,6.036150,6.036150,-1.808940
3262.000000,-2.838968,187.193909,-0.000038,6.034883,6.034883,-1.887733
3264.000000,-2.924487,189.195551,-0.000013,6.033532,6.033532,-1.966685
3266.000000,-3.009867,191.197199,0.000006,6.031936,6.031936,-2.045425
3268.000000,-3.095581,193.198833,-0.000032,6.030565,6.030565,-2.123230
3270.000000,-3.180859,195.200486,0.000008,6.028905,6.028905,-2.200688
3272.000000,-3.266163,197.202137,0.000008,6.027111,6.027111,-2.277616
3274.000000,-3.351984,199.203767,-0.000065,6.025836,6.025836,-2.354278
3276.000000,-3.436874,201.205436,-0.000001,6.023711,6.023711,-2.433560
3278.000000,-3.522074,203.207091,0.000011,6.021830,6.021830,-2.514566
3280.000000,-3.607566,205.208735,-0.000034,6.020218,6.020218,-2.596577
3282.000000,-3.692339,207.210409,0.000018,6.018090,6.018090,-2.680018
3284.000000,-3.777707,209.212058,0.000032,6.016370,6.016370,-2.762650
3286.000000,-3.862894,211.213714,0.000001,6.014428,6.014428,-2.844545
3288.000000,-3.948360,213.215359,-0.000040,6.012896,6.012896,-2.924734
3290.000000,-4.033473,215.217018,-0.000002,6.010656,6.010656,-3.004071
3292.000000,-4.118370,217.218687,0.000068,6.008539,6.008539,-3.082107
3294.000000,-4.204016,219.220324,0.000014,6.006999,6.006999,-3.156694
3296.000000,-4.289464,221.221969,0.000012,6.005370,6.005370,-3.228213
3298.000000,-4.374781,223.223620,0.000045,6.003755,6.003755,-3.296879
3300.000000,-4.460752,225.225243,0.000006,6.002688,6.002688,-3.361919
3302.000000,-4.546273,227.226885,0.000044,6.001337,6.001337,-3.424821
3304.000000,-4.632141,229.228513,0.000074,6.000267,6.000267,-3.486158
3306.000000,-4.718468,231.230120,0.000085,5.999279,5.999279,-3.546980
3308.000000,-4.804718,233.231731,0.000160,5.997912,5.997912,-3.608593
3310.000000,-4.892032,235.233296,0.000216,5.997353,5.997353,-3.668998
3312.000000,-4.979866,237.234838,0.000254,5.996612,5.996612,-3.726678
3314.000000,-5.069062,239.236320,0.000262,5.996208,5.996208,-3.777537
3316.000000,-5.159090,241.237764,0.000198,5.995890,5.995890,-3.821020
3318.000000,-5.250289,243.239156,0.000099,5.995870,5.995870,-3.855190
3320.000000,-5.341487,245.240547,0.000015,5.995904,5.995904,-3.879399
3322.000000,-5.433102,247.241920,-0.000020,5.996528,5.996528,-3.891933
3324.000000,-5.524117,249.243320,0.000152,5.997531,5.997531,-3.888075
3326.000000,-5.615588,251.244699,0.000020,5.997398,5.997398,-3.858392
3328.000000,-5.709189,253.245979,-0.001363,5.992892,5.992892,-3.796950
3330.000000,-5.798389,255.247459,-0.003318,5.991292,5.991292,-3.698295
3332.000000,-5.872400,257.249544,-0.004173,5.998856,5.998856,-3.547983
3334.000000,-5.927959,259.252235,-0.004967,6.016808,6.016808,-3.337747
3336.000000,-5.968652,261.255280,-0.007242,6.037780,6.037780,-3.036301
3338.000000,-5.977803,263.258691,-0.008954,6.074719,6.074719,-2.604345
3340.000000,-5.948645,265.261858,-0.007685,6.128575,6.128575,-1.984591
3342.000000,-5.883907,267.264273,-0.006052,6.190816,6.190816,-1.134610
3344.000000,-5.805290,269.266188,-0.008641,6.245448,6.245448,-0.047062
3346.000000,-5.692912,271.266432,-0.021293,6.324927,6.324927,1.195166
3348.000000,-5.523450,273.262622,-0.042680,6.447996,6.447996,2.480978
3350.000000,-5.162408,275.231524,-0.054763,6.718042,6.718042,3.532782
3352.000000,-4.568182,277.143561,-0.076919,7.102960,7.102960,4.351113
3354.000000,-3.783246,278.983275,-0.119420,7.565591,7.565591,4.891065
3356.000000,-2.523332,280.484745,-0.109836,7.712072,7.712072,4.936112
3358.000000,-0.895863,281.649496,-0.056330,7.533073,7.533073,4.703688
3360.000000,0.809899,282.699615,-0.030374,7.374416,7.374416,4.368622
3362.000000,2.578975,283.639188,-0.019875,7.261784,7.261784,3.914900
3364.000000,4.390415,284.495048,-0.004083,7.169160,7.169160,3.328294
3366.000000,6.203499,285.347309,0.006024,7.092972,7.092972,2.686648
3368.000000,8.000911,286.232182,0.008162,7.061996,7.061996,2.049346
3370.000000,9.785667,287.142364,0.010928,7.096654,7.096654,1.390079
3372.000000,11.552694,288.086450,0.016567,7.170177,7.170177,0.690333
3374.000000,13.285199,289.092142,0.019882,7.243023,7.243023,-0.037809
3376.000000,14.972698,290.171630,0.020402,7.308111,7.308111,-0.801586
3378.000000,16.618205,291.314022,0.026906,7.373398,7.373398,-1.640845
3380.000000,18.210613,292.528786,0.044581,7.445541,7.445541,-2.501159
3382.000000,19.687934,293.877475,0.067312,7.498573,7.498573,-3.211795
3384.000000,20.968679,295.412880,0.088235,7.540213,7.540213,-3.677070
3386.000000,21.954884,297.150203,0.108900,7.569152,7.569152,-3.894277
3388.000000,22.554122,299.056927,0.106059,7.558337,7.558337,-3.905148
3390.000000,22.627753,301.056260,0.063029,7.434811,7.434811,-3.585027
3392.000000,22.498966,303.055450,0.027129,7.393147,7.393147,-3.133749
3394.000000,22.300508,305.048859,0.024146,7.373692,7.373692,-2.768411
3396.000000,22.009637,307.030335,0.030169,7.372829,7.372829,-2.494374
3398.000000,21.589690,308.988418,0.030196,7.413749,7.413749,-2.239469
3400.000000,21.045077,310.915867,0.024459,7.484753,7.484753,-1.967458
3402.000000,20.408191,312.815204,0.016758,7.547735,7.547735,-1.681740
3404.000000,19.704152,314.690862,0.009745,7.594094,7.594094,-1.390027
3406.000000,18.971978,316.555719,0.007222,7.627565,7.627565,-1.120160
3408.000000,18.216617,318.411310,0.008439,7.652938,7.652938,-0.868902
3410.000000,17.428156,320.253052,0.007592,7.666111,7.666111,-0.620668
3412.000000,16.604205,322.079241,0.003319,7.657522,7.657522,-0.371129
3414.000000,15.772508,323.901922,0.000200,7.644262,7.644262,-0.130520
3416.000000,14.943061,325.725626,-0.000034,7.636235,7.636235,0.086707
3418.000000,14.113927,327.549474,0.000315,7.630535,7.630535,0.270704
3420.000000,13.282417,329.372240,0.000180,7.624400,7.624400,0.435408
3422.000000,12.450741,331.194931,-0.000081,7.618276,7.618276,0.584917
3424.000000,11.619143,333.017657,-0.000265,7.610994,7.610994,0.710138
3426.000000,10.788733,334.840924,-0.000288,7.604362,7.604362,0.808776
3428.000000,9.959739,336.664836,-0.000217,7.597592,7.597592,0.885098
3430.000000,9.130932,338.488832,-0.000243,7.589857,7.589857,0.940485
3432.000000,8.303507,340.313457,-0.000208,7.582415,7.582415,0.974572
3434.000000,7.476687,342.138355,-0.000168,7.575159,7.575159,0.987025
3436.000000,6.650317,343.963457,-0.000216,7.567022,7.567022,0.977037
3438.000000,5.824905,345.788993,-0.000188,7.559017,7.559017,0.956329
3440.000000,5.000288,347.614887,-0.000169,7.551315,7.551315,0.927051
3442.000000,4.175870,349.440872,-0.000128,7.542350,7.542350,0.887458
3444.000000,3.352733,351.267435,-0.000033,7.534578,7.534578,0.836727
3446.000000,2.528702,353.093594,-0.000040,7.525494,7.525494,0.775934
3448.000000,1.705667,354.920202,0.000048,7.517385,7.517385,0.697931
3450.000000,0.882118,356.746579,-0.000034,7.508761,7.508761,0.607710
3452.000000,0.057894,358.572651,-0.000574,7.500007,7.500007,0.510377
3454.000000,-0.763974,360.399784,-0.000636,7.493097,7.493097,0.404808
3456.000000,-1.581479,362.228874,0.000416,7.491395,7.491395,0.290335
3458.000000,-2.400744,364.057173,0.002386,7.487482,7.487482,0.174641
3460.000000,-3.226937,365.882346,0.004148,7.475083,7.475083,0.064127
3462.000000,-4.072375,367.698685,0.004010,7.441199,7.441199,-0.027034
3464.000000,-4.932869,369.507933,0.002449,7.390399,7.390399,-0.103216
3466.000000,-5.802319,371.312909,0.000725,7.329227,7.329227,-0.171978
3468.000000,-6.674316,373.116656,-0.000099,7.265619,7.265619,-0.241030
3470.000000,-7.542759,374.922117,-0.000220,7.205347,7.205347,-0.317085
3472.000000,-8.414332,376.726069,-0.001714,7.141795,7.141795,-0.392352
3474.000000,-9.280007,378.532852,-0.003853,7.084747,7.084747,-0.476119
3476.000000,-10.129487,380.347294,-0.004430,7.045171,7.045171,-0.578837
3478.000000,-10.961273,382.169921,-0.003146,7.024948,7.024948,-0.701540
3480.000000,-11.780103,383.998417,-0.001079,7.018676,7.018676,-0.837755
3482.000000,-12.596585,385.827963,-0.000001,7.015187,7.015187,-0.975060
3484.000000,-13.414934,387.656676,-0.000106,7.008559,7.008559,-1.109048
3486.000000,-14.231889,389.486012,0.000102,7.003447,7.003447,-1.243863
3488.000000,-15.048205,391.315632,0.001295,6.998866,6.998866,-1.378502
3490.000000,-15.868688,393.143387,0.002874,6.989182,6.989182,-1.507424
3492.000000,-16.700424,394.966040,0.003596,6.967335,6.967335,-1.622384
3494.000000,-17.547469,396.781632,0.002561,6.927973,6.927973,-1.718301
3496.000000,-18.405073,398.592265,0.000322,6.876852,6.876852,-1.800587
3498.000000,-19.263514,400.402504,-0.001221,6.824801,6.824801,-1.880477
3500.000000,-20.114410,402.216300,-0.001024,6.781403,6.781403,-1.967179
3502.000000,-20.961824,404.031727,-0.000093,6.741402,6.741402,-2.056053
3504.000000,-21.808867,405.847327,0.000728,6.702031,6.702031,-2.143268
3506.000000,-22.658786,407.661582,0.001273,6.659655,6.659655,-2.224003
3508.000000,-23.513907,409.473388,0.001071,6.611825,6.611825,-2.294463
3510.000000,-24.374244,411.282726,-0.000159,6.558453,6.558453,-2.354848
3512.000000,-25.234493,413.092106,-0.001803,6.505795,6.505795,-2.411165
3514.000000,-26.087388,414.904960,-0.002776,6.460691,6.460691,-2.471060
3516.000000,-26.928885,416.723131,-0.002685,6.428616,6.428616,-2.539393
3518.000000,-27.760135,418.546011,-0.001809,6.408019,6.408019,-2.614086
3520.000000,-28.584127,420.372188,-0.000714,6.395615,6.395615,-2.689766
3522.000000,-29.406458,422.199113,-0.000216,6.386238,6.386238,-2.760090
3524.000000,-30.228928,424.025976,-0.000323,6.377163,6.377163,-2.822693
3526.000000,-31.049619,425.853639,-0.000320,6.370582,6.370582,-2.879150
3528.000000,-31.868998,427.681890,-0.000042,6.365775,6.365775,-2.930399
3530.000000,-32.688096,429.510268,0.000180,6.361602,6.361602,-2.977372
3532.000000,-33.508451,431.338082,0.000145,6.356473,6.356473,-3.018952
3534.000000,-34.329203,433.165717,0.000051,6.351754,6.351754,-3.055772
3536.000000,-35.150034,434.993317,0.000041,6.346479,6.346479,-3.088454
3538.000000,-35.971050,436.820834,0.000045,6.341422,6.341422,-3.116032
3540.000000,-36.792219,438.648282,0.000091,6.336451,6.336451,-3.136953
3542.000000,-37.613554,440.475656,0.000219,6.331708,6.331708,-3.150511
3544.000000,-38.435734,442.302649,0.000321,6.327302,6.327302,-3.157765
3546.000000,-39.259261,444.129036,0.000290,6.323378,6.323378,-3.159520
3548.000000,-40.083946,445.954900,0.000320,6.319272,6.319272,-3.157916
3550.000000,-40.909216,447.780500,0.000617,6.316008,6.316008,-3.156029
3552.000000,-41.736835,449.605036,0.000928,6.312524,6.312524,-3.153536
3554.000000,-42.568195,451.427870,0.001041,6.308785,6.308785,-3.150529
3556.000000,-43.403282,453.248999,0.001357,6.302077,6.302077,-3.147285
3558.000000,-44.242369,455.068289,0.002163,6.295992,6.295992,-3.143936
3560.000000,-45.089521,456.883834,0.002717,6.291101,6.291101,-3.136343
3562.000000,-45.948022,458.694041,0.002508,6.284559,6.284559,-3.121015
3564.000000,-46.815227,460.500093,0.002149,6.276684,6.276684,-3.100684
3566.000000,-47.690035,462.302477,0.001818,6.266467,6.266467,-3.077083
3568.000000,-48.572015,464.101363,0.001437,6.256127,6.256127,-3.051713
3570.000000,-49.458293,465.898137,0.001470,6.247547,6.247547,-3.028265
3572.000000,-50.349513,467.692461,0.002012,6.240573,6.240573,-3.005125
3574.000000,-51.247700,469.483310,0.002515,6.236605,6.236605,-2.980111
3576.000000,-52.155903,471.269096,0.002489,6.234884,6.234884,-2.950235
3578.000000,-53.073139,473.050263,0.002538,6.234863,6.234863,-2.916886
3580.000000,-53.997884,474.827542,0.002942,6.237758,6.237758,-2.884128
3582.000000,-54.934748,476.598461,0.002956,6.241757,6.241757,-2.851015
3584.000000,-55.881680,478.364016,0.003054,6.246182,6.246182,-2.820925
3586.000000,-56.838257,480.124366,0.003640,6.249763,6.249763,-2.794628
3588.000000,-57.808608,481.877155,0.004004,6.252946,6.252946,-2.768868
3590.000000,-58.792970,483.622112,0.004018,6.256366,6.256366,-2.742685
3592.000000,-59.791637,485.358922,0.004232,6.258311,6.258311,-2.713861
3594.000000,-60.803738,487.087941,0.004606,6.259002,6.259002,-2.684523
3596.000000,-61.833419,488.806548,0.004644,6.256741,6.256741,-2.652967
3598.000000,-62.878120,490.516059,0.004623,6.255657,6.255657,-2.617708
3600.000000,-63.938998,492.215578,0.004531,6.253759,6.253759,-2.576216
3602.000000,-65.015638,493.905162,0.003988,6.251139,6.251139,-2.529252
3604.000000,-66.106135,495.585842,0.003410,6.249466,6.249466,-2.478664
3606.000000,-67.207060,497.259703,0.003236,6.250084,6.250084,-2.425670
3608.000000,-68.319123,498.926190,0.002816,6.250614,6.250614,-2.368001
3610.000000,-69.441790,500.585555,0.001961,6.251067,6.251067,-2.305343
3612.000000,-70.569681,502.241376,0.001478,6.251389,6.251389,-2.243520
3614.000000,-71.702596,503.893762,0.001580,6.252006,6.252006,-2.181863
3616.000000,-72.839830,505.543181,0.001749,6.252310,6.252310,-2.120913
3618.000000,-73.984293,507.187590,0.001611,6.253660,6.253660,-2.058017
3620.000000,-75.133058,508.828999,0.001552,6.254736,6.254736,-1.996732
3622.000000,-76.287202,510.466627,0.001464,6.255468,6.255468,-1.936088
3624.000000,-77.446676,512.100488,0.001241,6.256603,6.256603,-1.877948
3626.000000,-78.609306,513.732105,0.001139,6.256108,6.256108,-1.826170
3628.000000,-79.776531,515.360437,0.001097,6.257907,6.257907,-1.779101
3630.000000,-80.946283,516.986956,0.001089,6.257353,6.257353,-1.739519
3632.000000,-82.120688,518.610119,0.001043,6.256641,6.256641,-1.702559
3634.000000,-83.297440,520.231579,0.000972,6.255686,6.255686,-1.667723
3636.000000,-84.478408,521.849973,0.000898,6.254796,6.254796,-1.631630
3638.000000,-85.661212,523.467024,0.000798,6.252351,6.252351,-1.598269
3640.000000,-86.847773,525.081322,0.000511,6.251533,6.251533,-1.565442
3642.000000,-88.035322,526.694893,0.000448,6.250569,6.250569,-1.536898
3644.000000,-89.223747,528.307819,0.000596,6.248154,6.248154,-1.513268
3646.000000,-90.415227,529.918490,0.000634,6.246545,6.246545,-1.491085
3648.000000,-91.607418,531.528635,0.000758,6.244521,6.244521,-1.472521
3650.000000,-92.803309,533.136032,0.000781,6.241917,6.241917,-1.453132
3652.000000,-94.000862,534.742193,0.000942,6.240366,6.240366,-1.435214
3654.000000,-95.201455,536.346080,0.001262,6.237866,6.237866,-1.416475
3656.000000,-96.406410,537.946694,0.001263,6.237133,6.237133,-1.395131
3658.000000,-97.615797,539.543962,0.001259,6.234291,6.234291,-1.371428
3660.000000,-98.828142,541.138983,0.001455,6.230952,6.230952,-1.347388
3662.000000,-100.046234,542.729622,0.001373,6.229346,6.229346,-1.319234
3664.000000,-101.268443,544.317100,0.001336,6.228380,6.228380,-1.289146
3666.000000,-102.494165,545.901867,0.001453,6.225326,6.225326,-1.258778
3668.000000,-103.725725,547.482102,0.001414,6.224091,6.224091,-1.225075
3670.000000,-104.960521,549.059809,0.001485,6.221238,6.221238,-1.191929
3672.000000,-106.200895,550.633134,0.001439,6.219786,6.219786,-1.157283
3674.000000,-107.445623,552.203018,0.001411,6.218189,6.218189,-1.124480
3676.000000,-108.694195,553.769843,0.001480,6.216646,6.216646,-1.093364
3678.000000,-109.948455,555.332121,0.001275,6.216216,6.216216,-1.062105
3680.000000,-111.206057,556.891711,0.001462,6.215024,6.215024,-1.034540
3682.000000,-112.467241,558.448402,0.002000,6.212323,6.212323,-1.010678
3684.000000,-113.736157,559.998798,0.002358,6.210432,6.210432,-0.982677
3686.000000,-115.010915,561.544394,0.002543,6.206357,6.206357,-0.953400
3688.000000,-116.295492,563.081834,0.002202,6.202114,6.202114,-0.918456
3690.000000,-117.586001,564.614306,0.001759,6.197366,6.197366,-0.884111
3692.000000,-118.881936,566.142185,0.001532,6.191436,6.191436,-0.850157
3694.000000,-120.182669,567.665990,0.001652,6.186230,6.186230,-0.817602
3696.000000,-121.487125,569.186602,0.002100,6.177246,6.177246,-0.788922
3698.000000,-122.799475,570.700409,0.002463,6.169313,6.169313,-0.756997
3700.000000,-124.117838,572.208983,0.002631,6.159428,6.159428,-0.724461
3702.000000,-125.446092,573.708855,0.002408,6.151081,6.151081,-0.688035
3704.000000,-126.780274,575.203458,0.002262,6.141502,6.141502,-0.652277
3706.000000,-128.121620,576.691629,0.002598,6.132664,6.132664,-0.615666
3708.000000,-129.469738,578.173668,0.002863,6.123569,6.123569,-0.579871
3710.000000,-130.828040,579.646383,0.002651,6.117430,6.117430,-0.539545
3712.000000,-132.193100,581.112835,0.002639,6.113723,6.113723,-0.498606
3714.000000,-133.565696,582.572236,0.002847,6.110452,6.110452,-0.457598
3716.000000,-134.947385,584.023029,0.002576,6.109854,6.109854,-0.416076
3718.000000,-136.336554,585.466665,0.002254,6.109874,6.109874,-0.374585
3720.000000,-137.731576,586.904647,0.002139,6.111657,6.111657,-0.335231
3722.000000,-139.133446,588.335955,0.002047,6.113176,6.113176,-0.298148
3724.000000,-140.540364,589.762297,0.001914,6.116863,6.116863,-0.263644
3726.000000,-141.953776,591.182205,0.001740,6.122299,6.122299,-0.228089
3728.000000,-143.370983,592.598329,0.001731,6.127105,6.127105,-0.194693
3730.000000,-144.793892,594.008722,0.001655,6.133004,6.133004,-0.159206
3732.000000,-146.221204,595.414659,0.001482,6.137888,6.137888,-0.120825
3734.000000,-147.652691,596.816346,0.001290,6.143729,6.143729,-0.080355
3736.000000,-149.088101,598.214016,0.001047,6.149939,6.149939,-0.041322
3738.000000,-150.525972,599.609155,0.000984,6.154341,6.154341,-0.007235
3740.000000,-151.966715,601.001326,0.000858,6.159030,6.159030,0.021284
3742.000000,-153.410236,602.390618,0.000662,6.164814,6.164814,0.043432
3744.000000,-154.854895,603.778725,0.000601,6.168090,6.168090,0.058398
3746.000000,-156.301864,605.164426,0.000619,6.172112,6.172112,0.069271
3748.000000,-157.749760,606.549157,0.000611,6.175551,6.175551,0.074737
3750.000000,-159.200368,607.931048,0.000452,6.178594,6.178594,0.077851
3752.000000,-160.651397,609.312497,0.000390,6.181179,6.181179,0.074866
3754.000000,-162.103883,610.692413,0.000351,6.184036,6.184036,0.065053
3756.000000,-163.557352,612.071294,0.000340,6.186422,6.186422,0.044852
3758.000000,-165.011280,613.449689,0.000396,6.188832,6.188832,0.015799
3760.000000,-166.467061,614.826129,0.000365,6.190893,6.190893,-0.016723
3762.000000,-167.923048,616.202352,0.000294,6.191281,6.191281,-0.052869
3764.000000,-169.380802,617.576702,0.000164,6.193318,6.193318,-0.089026
3766.000000,-170.838052,618.951587,0.000171,6.193508,6.193508,-0.127229
3768.000000,-172.296349,620.325360,0.000191,6.193597,6.193597,-0.165002
3770.000000,-173.754936,621.698826,0.000234,6.193821,6.193821,-0.203723
3772.000000,-175.214002,623.071784,0.000175,6.192612,6.192612,-0.243006
3774.000000,-176.674392,624.443333,0.000024,6.192113,6.192113,-0.281561
3776.000000,-178.133573,625.816167,0.000156,6.189419,6.189419,-0.323015
3778.000000,-179.594115,627.187554,0.000214,6.187685,6.187685,-0.363367
3780.000000,-181.054855,628.558729,0.000108,6.185420,6.185420,-0.403992
3782.000000,-182.516187,629.929273,0.000075,6.182769,6.182769,-0.444179
3784.000000,-183.977321,631.300029,0.000129,6.179888,6.179888,-0.485187
3786.000000,-185.439078,632.670120,0.000092,6.176156,6.176156,-0.525940
3788.000000,-186.901203,634.039819,0.000102,6.173021,6.173021,-0.566841
3790.000000,-188.362981,635.409888,0.000181,6.168602,6.168602,-0.608996
3792.000000,-189.826199,636.778419,-0.000059,6.164884,6.164884,-0.649480
3794.000000,-191.288867,638.147538,-0.000103,6.160824,6.160824,-0.690882
3796.000000,-192.750553,639.517705,0.000113,6.155621,6.155621,-0.733587
3798.000000,-194.213625,640.886393,0.000049,6.152394,6.152394,-0.774107
3800.000000,-195.676143,642.255670,0.000031,6.147116,6.147116,-0.815286
3802.000000,-197.138917,643.624676,0.000012,6.143817,6.143817,-0.855792
3804.000000,-198.602074,644.993272,-0.000123,6.139675,6.139675,-0.895123
3806.000000,-200.064338,646.362822,0.000022,6.134639,6.134639,-0.934786
3808.000000,-201.526659,647.732311,0.000078,6.130020,6.130020,-0.973519
3810.000000,-202.989995,649.100714,-0.000147,6.126946,6.126946,-1.010289
3812.000000,-204.452097,650.470436,-0.000043,6.122652,6.122652,-1.048690
3814.000000,-205.914036,651.840331,0.000085,6.118803,6.118803,-1.087343
3816.000000,-207.377060,653.209068,0.000031,6.116216,6.116216,-1.124332
3818.000000,-208.839011,654.578952,0.000001,6.112237,6.112237,-1.162582
3820.000000,-210.302366,655.947338,-0.000060,6.110876,6.110876,-1.198461
3822.000000,-211.764001,657.317559,-0.000050,6.106738,6.106738,-1.236570
3824.000000,-213.227016,658.686306,-0.000137,6.104635,6.104635,-1.272324
3826.000000,-214.688439,660.056753,0.000013,6.101085,6.101085,-1.310010
3828.000000,-216.150167,661.426875,0.000233,6.097519,6.097519,-1.346922
3830.000000,-217.613016,662.795799,-0.000009,6.095840,6.095840,-1.381898
3832.000000,-219.075880,664.164707,-0.000244,6.095372,6.095372,-1.416642
3834.000000,-220.537496,665.534947,-0.000065,6.092968,6.092968,-1.452989
3836.000000,-221.998913,666.905400,0.000070,6.089632,6.089632,-1.489495
3838.000000,-223.461265,668.274856,0.000049,6.088989,6.088989,-1.524544
3840.000000,-224.922716,669.645273,-0.000057,6.085764,6.085764,-1.560925
3842.000000,-226.385571,671.014193,-0.000230,6.085598,6.085598,-1.595613
3844.000000,-227.845894,672.385811,-0.000016,6.082925,6.082925,-1.634635
3846.000000,-229.307347,673.756225,0.000007,6.081543,6.081543,-1.672578
3848.000000,-230.768890,675.126542,0.000001,6.080789,6.080789,-1.710770
3850.000000,-232.229203,676.498171,0.000204,6.079182,6.079182,-1.750846
3852.000000,-233.691903,677.867257,0.000023,6.081010,6.081010,-1.787172
3854.000000,-235.153304,679.237725,-0.000169,6.080554,6.080554,-1.825161
3856.000000,-236.615171,680.607698,-0.000087,6.081621,6.081621,-1.862103
3858.000000,-238.075547,681.979261,0.000207,6.080832,6.080832,-1.900822
3860.000000,-239.537488,683.349154,0.000094,6.081677,6.081677,-1.936945
3862.000000,-241.000067,684.718367,-0.000136,6.083697,6.083697,-1.971877
3864.000000,-242.460833,686.089513,0.000088,6.083826,6.083826,-2.009108
3866.000000,-243.923093,687.459064,0.000179,6.085749,6.085749,-2.043755
3868.000000,-245.385145,688.828839,0.000034,6.087444,6.087444,-2.078180
3870.000000,-246.848090,690.197663,-0.000122,6.091142,6.091142,-2.110601
3872.000000,-248.309828,691.567773,0.000002,6.093526,6.093526,-2.144151
3874.000000,-249.771743,692.937695,0.000063,6.095598,6.095598,-2.176894
3876.000000,-251.234535,694.306682,-0.000105,6.099912,6.099912,-2.207982
3878.000000,-252.696090,695.676988,-0.000035,6.101615,6.101615,-2.240484
3880.000000,-254.158086,697.046824,-0.000068,6.105036,6.105036,-2.272131
3882.000000,-255.620050,698.416694,-0.000074,6.108714,6.108714,-2.303726
3884.000000,-257.080892,699.787760,0.000143,6.112201,6.112201,-2.337146
3886.000000,-258.543192,701.157269,-0.000052,6.115583,6.115583,-2.369065
3888.000000,-260.005268,702.527019,-0.000234,6.118979,6.118979,-2.401407
3890.000000,-261.465764,703.898454,-0.000037,6.122338,6.122338,-2.434871
3892.000000,-262.927080,705.269015,-0.000044,6.126021,6.126021,-2.464113
3894.000000,-264.387928,706.640076,-0.000167,6.129330,6.129330,-2.490280
3896.000000,-265.848414,708.011524,-0.000127,6.133958,6.133958,-2.512483
3898.000000,-267.308261,709.383650,-0.000138,6.136548,6.136548,-2.530712
3900.000000,-268.768351,710.755519,-0.000191,6.141804,6.141804,-2.545055
3902.000000,-270.227073,712.128841,-0.000322,6.146811,6.146811,-2.558579
3904.000000,-271.686185,713.501748,-0.000654,6.151496,6.151496,-2.568795
3906.000000,-273.142335,714.877797,-0.000662,6.155123,6.155123,-2.580241
3908.000000,-274.596811,716.255616,-0.000908,6.158550,6.158550,-2.590893
3910.000000,-276.050295,717.634481,-0.001475,6.162039,6.162039,-2.599345
3912.000000,-277.497391,719.020049,-0.001556,6.164473,6.164473,-2.611738
3914.000000,-278.941906,720.408307,-0.002022,6.163756,6.163756,-2.622342
3916.000000,-280.380673,721.802513,-0.002804,6.162886,6.162886,-2.634718
3918.000000,-281.810931,723.205448,-0.003083,6.164723,6.164723,-2.650030
3920.000000,-283.232502,724.617190,-0.003316,6.164914,6.164914,-2.665842
3922.000000,-284.645185,726.037806,-0.004072,6.161544,6.161544,-2.681144
3924.000000,-286.046666,727.469486,-0.004980,6.162289,6.162289,-2.696347
3926.000000,-287.432816,728.916001,-0.005352,6.163976,6.163976,-2.714863
3928.000000,-288.803333,730.377337,-0.006002,6.163933,6.163933,-2.738862
3930.000000,-290.158081,731.853303,-0.007212,6.159316,6.159316,-2.767965
3932.000000,-291.489225,733.350572,-0.007672,6.164343,6.164343,-2.810314
3934.000000,-292.797289,734.868053,-0.007547,6.174589,6.174589,-2.864376
3936.000000,-294.082449,736.404949,-0.007441,6.188292,6.188292,-2.927562
3938.000000,-295.344126,737.961215,-0.007143,6.206494,6.206494,-2.996576
3940.000000,-296.583492,739.535318,-0.007021,6.227836,6.227836,-3.063126
3942.000000,-297.801415,741.126020,-0.006486,6.258567,6.258567,-3.131884
3944.000000,-298.995464,742.734759,-0.004058,6.298733,6.298733,-3.208109
3946.000000,-300.175698,744.353685,-0.001856,6.334870,6.334870,-3.279382
3948.000000,-301.355203,745.973134,-0.001802,6.354800,6.354800,-3.333811
3950.000000,-302.525927,747.598952,-0.003198,6.371596,6.371596,-3.383499
3952.000000,-303.691494,749.228465,-0.005070,6.380142,6.380142,-3.422964
3954.000000,-304.834319,750.873985,-0.005429,6.394416,6.394416,-3.470998
3956.000000,-305.961135,752.530535,-0.005339,6.405562,6.405562,-3.520345
3958.000000,-307.070951,754.198497,-0.005447,6.419908,6.419908,-3.571812
3960.000000,-308.159604,755.880364,-0.004958,6.435594,6.435594,-3.625239
3962.000000,-309.234509,757.571056,-0.005142,6.444701,6.444701,-3.674253
3964.000000,-310.291108,759.273216,-0.005522,6.452572,6.452572,-3.722117
3966.000000,-311.328098,760.987419,-0.005829,6.460165,6.460165,-3.766271
3968.000000,-312.347028,762.712393,-0.006301,6.456583,6.456583,-3.801819
3970.000000,-313.341306,764.451701,-0.005512,6.448787,6.448787,-3.834561
3972.000000,-314.315474,766.202363,-0.004660,6.434753,6.434753,-3.854766
3974.000000,-315.277573,767.959684,-0.004655,6.410584,6.410584,-3.847518
3976.000000,-316.218416,769.728487,-0.004323,6.391458,6.391458,-3.829426
3978.000000,-317.148094,771.503189,-0.003865,6.368908,6.368908,-3.794304
3980.000000,-318.060005,773.287073,-0.002519,6.350287,6.350287,-3.750937
3982.000000,-318.963524,775.075237,-0.000770,6.328354,6.328354,-3.691285
3984.000000,-319.865605,776.864122,-0.000606,6.300447,6.300447,-3.615335
3986.000000,-320.767940,778.652883,-0.001300,6.261577,6.261577,-3.525719
3988.000000,-321.662504,780.445545,-0.001815,6.225490,6.225490,-3.434075
3990.000000,-322.553703,782.239883,-0.002788,6.190582,6.190582,-3.340578
3992.000000,-323.433302,784.039921,-0.003152,6.164940,6.164940,-3.253251
3994.000000,-324.299262,785.846570,-0.001960,6.151676,6.151676,-3.172176
3996.000000,-325.158574,787.656396,-0.000853,6.143908,6.143908,-3.089932
3998.000000,-326.016461,789.466896,-0.000388,6.138958,6.138958,-3.000694
4000.000000,-326.871485,791.278751,-0.000371,6.136175,6.136175,-2.906143
4002.000000,-327.728028,793.089886,-0.000376,6.132567,6.132567,-2.799692
4004.000000,-328.579005,794.903645,-0.000021,6.134547,6.134547,-2.691318
4006.000000,-329.434132,796.715447,0.000073,6.132049,6.132049,-2.571643
4008.000000,-330.286216,798.528684,0.000110,6.132076,6.132076,-2.449694
4010.000000,-331.141293,800.340512,-0.000070,6.130080,6.130080,-2.321900
4012.000000,-331.995022,802.152976,-0.000120,6.128204,6.128204,-2.195680
4014.000000,-332.847435,803.966060,-0.000099,6.129567,6.129567,-2.072236
4016.000000,-333.702080,805.778090,-0.000138,6.127246,6.127246,-1.947745
4018.000000,-334.552140,807.592280,0.000023,6.129619,6.129619,-1.829999
4020.000000,-335.407131,809.404149,-0.000116,6.128361,6.128361,-1.708553
4022.000000,-336.257187,811.218340,-0.000029,6.130046,6.130046,-1.594585
4024.000000,-337.110494,813.031002,0.000218,6.130533,6.130533,-1.478832
4026.000000,-337.961810,814.844599,0.000111,6.131138,6.131138,-1.366544
4028.000000,-338.817022,816.656364,-0.000031,6.129030,6.129030,-1.251104
4030.000000,-339.668054,818.470098,0.000047,6.130952,6.130952,-1.140800
4032.000000,-340.523098,820.281940,-0.000049,6.128777,6.128777,-1.026338
4034.000000,-341.374976,822.095276,0.000047,6.129868,6.129868,-0.915140
4036.000000,-342.228469,823.907850,-0.000040,6.129156,6.129156,-0.801960
4038.000000,-343.082586,825.720130,-0.000098,6.128826,6.128826,-0.687531
4040.000000,-343.933263,827.534029,0.000141,6.130370,6.130370,-0.576536
4042.000000,-344.788773,829.345652,0.000052,6.127814,6.127814,-0.459889
4044.000000,-345.640114,831.159241,0.000109,6.129244,6.129244,-0.347909
4046.000000,-346.495715,832.970822,-0.000227,6.126055,6.126055,-0.231579
4048.000000,-347.348553,834.783707,-0.000164,6.127293,6.127293,-0.119102
4050.000000,-348.199357,836.597548,0.000418,6.128284,6.128284,-0.009987
4052.000000,-349.054604,838.409294,0.000015,6.126435,6.126435,0.102595
4054.000000,-349.909068,840.221411,-0.000499,6.123529,6.123529,0.212266
4056.000000,-350.760875,842.034776,-0.000055,6.124761,6.124761,0.317193
4058.000000,-351.611534,843.848679,0.000252,6.126925,6.126925,0.419411
4060.000000,-352.466351,845.660627,-0.000118,6.124565,6.124565,0.525270
4062.000000,-353.317657,847.474227,0.000086,6.125188,6.125188,0.626854
4064.000000,-354.170114,849.287287,0.000058,6.126248,6.126248,0.729443
4066.000000,-355.025033,851.099188,-0.000284,6.121262,6.121262,0.834393
4068.000000,-355.874726,852.913550,0.000004,6.125180,6.125180,0.933847
4070.000000,-356.728278,854.726096,0.000184,6.122869,6.122869,1.039153
4072.000000,-357.579390,856.539789,0.000027,6.123111,6.123111,1.142829
4074.000000,-358.434194,858.351745,-0.000042,6.119236,6.119236,1.249385
4076.000000,-359.284449,860.165843,-0.000005,6.122212,6.122212,1.347707
4078.000000,-360.139505,861.977681,-0.000369,6.116470,6.116470,1.446016
4080.000000,-360.989439,863.791929,0.000151,6.117791,6.117791,1.530682
4082.000000,-361.839458,865.606137,0.000460,6.119008,6.119008,1.606889
4084.000000,-362.696615,867.416978,-0.000257,6.113815,6.113815,1.681268
4086.000000,-363.546090,869.231442,-0.000158,6.115332,6.115332,1.739313
4088.000000,-364.400053,871.043792,-0.000069,6.111932,6.111932,1.798259
4090.000000,-365.250426,872.857833,-0.000122,6.110870,6.110870,1.846086
4092.000000,-366.102495,874.671077,-0.000002,6.109963,6.109963,1.883142
4094.000000,-366.952988,876.485059,0.000232,6.107902,6.107902,1.901428
4096.000000,-367.804901,878.298377,0.000296,6.106994,6.106994,1.897916
4098.000000,-368.658923,880.110702,0.000338,6.103507,6.103507,1.876121
4100.000000,-369.511608,881.923658,0.001007,6.102182,6.102182,1.826687
4102.000000,-370.369773,883.734027,0.001079,6.095860,6.095860,1.733706
4104.000000,-371.232929,885.542020,0.001010,6.091222,6.091222,1.587942
4106.000000,-372.096277,887.349923,0.002552,6.082421,6.082421,1.353733
4108.000000,-372.968874,889.153373,0.004500,6.073218,6.073218,0.975062
4110.000000,-373.859631,890.947890,0.003925,6.064222,6.064222,0.492151
4112.000000,-374.769618,892.732766,0.003982,6.060285,6.060285,-0.040139
4114.000000,-375.679395,894.517755,0.010428,6.049322,6.049322,-0.654061
4116.000000,-376.627123,896.282762,0.019967,6.027573,6.027573,-1.338236
4118.000000,-377.645939,898.007156,0.026724,6.014800,6.014800,-2.058525
4120.000000,-378.761116,899.670998,0.030270,6.047019,6.047019,-2.778438
4122.000000,-379.973204,901.265261,0.035071,6.133714,6.133714,-3.466066
4124.000000,-381.288751,902.775612,0.040389,6.237496,6.237496,-4.086028
4126.000000,-382.732239,904.163831,0.039859,6.331747,6.331747,-4.606935
4128.000000,-384.282596,905.431756,0.036605,6.427123,6.427123,-5.070449
4130.000000,-385.917791,906.587525,0.035965,6.515641,6.515641,-5.494129
4132.000000,-387.632495,907.622133,0.037962,6.595348,6.595348,-5.873778
4134.000000,-389.418264,908.528855,0.041949,6.658574,6.658574,-6.197712
4136.000000,-391.274855,909.279526,0.044292,6.699476,6.699476,-6.450332
4138.000000,-393.192200,909.856782,0.043158,6.737654,6.737654,-6.616293
4140.000000,-395.151696,910.267966,0.039976,6.749702,6.749702,-6.714465
4142.000000,-397.138572,910.515979,0.035038,6.719541,6.719541,-6.761147
4144.000000,-399.138489,910.625971,0.031997,6.648358,6.648358,-6.774901
4146.000000,-401.141471,910.616778,0.031280,6.554318,6.554318,-6.758381
4148.000000,-403.139224,910.471378,0.030023,6.445629,6.445629,-6.684234
4150.000000,-405.125836,910.216469,0.030847,6.342047,6.342047,-6.574651
4152.000000,-407.092400,909.837911,0.033099,6.269965,6.269965,-6.416594
4154.000000,-409.029451,909.328395,0.028620,6.206963,6.206963,-6.194052
4156.000000,-410.927409,908.687343,0.015384,6.191566,6.191566,-5.884124
4158.000000,-412.808718,907.998527,0.003825,6.217245,6.217245,-5.553717
4160.000000,-414.687088,907.301683,0.001230,6.285674,6.285674,-5.246957
4162.000000,-416.567632,906.610713,0.004623,6.380009,6.380009,-4.986046
4164.000000,-418.439839,905.897538,0.007558,6.501838,6.501838,-4.746642
4166.000000,-420.299999,905.153586,0.007352,6.629661,6.629661,-4.504311
4168.000000,-422.148256,904.380454,0.006022,6.734939,6.734939,-4.250145
4170.000000,-423.987938,903.587106,0.004740,6.807402,6.807402,-3.991755
4172.000000,-425.819097,902.774286,0.003700,6.860242,6.860242,-3.735279
4174.000000,-427.645521,901.950846,0.003442,6.901951,6.901951,-3.489824
4176.000000,-429.465765,901.113858,0.002926,6.929318,6.929318,-3.254694
4178.000000,-431.280189,900.264302,0.001297,6.942653,6.942653,-3.020095
4180.000000,-433.092748,899.410771,0.000038,6.951092,6.951092,-2.791054
4182.000000,-434.906078,898.558880,-0.000031,6.959595,6.959595,-2.570101
4184.000000,-436.719473,897.707127,0.000586,6.967457,6.967457,-2.353046
4186.000000,-438.532177,896.853907,0.001217,6.973598,6.973598,-2.138750
4188.000000,-440.342182,895.994976,0.001167,6.972876,6.972876,-1.926277
4190.000000,-442.149915,895.131274,0.000978,6.966246,6.966246,-1.720906
4192.000000,-443.956851,894.265905,0.001876,6.957654,6.957654,-1.533803
4194.000000,-445.760876,893.394483,0.003789,6.942840,6.942840,-1.362143
4196.000000,-447.558382,892.509729,0.006016,6.913628,6.913628,-1.199481
4198.000000,-449.344949,891.603124,0.006526,6.861123,6.861123,-1.039585
4200.000000,-451.116399,890.667327,0.003289,6.774601,6.774601,-0.863662
4202.000000,-452.881012,889.718632,-0.000615,6.674048,6.674048,-0.685692
4204.000000,-454.649988,888.778103,-0.001460,6.583181,6.583181,-0.532238
4206.000000,-456.421751,887.842828,-0.001363,6.499321,6.499321,-0.398320
4208.000000,-458.194581,886.909579,-0.002515,6.417833,6.417833,-0.281835
4210.000000,-459.972665,885.986391,-0.003394,6.349700,6.349700,-0.200268
4212.000000,-461.757785,885.076883,-0.003295,6.296096,6.296096,-0.158213
4214.000000,-463.548492,884.178421,-0.002982,6.255339,6.255339,-0.156346
4216.000000,-465.344885,883.291378,-0.002765,6.226522,6.226522,-0.206753
4218.000000,-467.145678,882.413305,-0.002583,6.208491,6.208491,-0.301093
4220.000000,-468.951550,881.545727,-0.001456,6.205169,6.205169,-0.434930
4222.000000,-470.760947,880.685513,0.000869,6.214362,6.214362,-0.605050
4224.000000,-472.568359,879.821142,0.002452,6.223271,6.223271,-0.799090
4226.000000,-474.370161,878.945147,0.002158,6.227488,6.227488,-1.017328
4228.000000,-476.168038,878.061108,0.002448,6.231375,6.231375,-1.276901
4230.000000,-477.964213,877.173623,0.005393,6.224148,6.224148,-1.580123
4232.000000,-479.750200,876.265883,0.008999,6.212608,6.212608,-1.906206
4234.000000,-481.518920,875.324976,0.011733,6.219689,6.219689,-2.243218
4236.000000,-483.265004,874.342851,0.013972,6.249730,6.249730,-2.578861
4238.000000,-484.982476,873.311524,0.016592,6.290602,6.290602,-2.908807
4240.000000,-486.666449,872.226333,0.019084,6.332973,6.332973,-3.234265
4242.000000,-488.304233,871.072707,0.020221,6.402405,6.402405,-3.559750
4244.000000,-489.895941,869.856418,0.021727,6.480371,6.480371,-3.893550
4246.000000,-491.433558,868.572696,0.024582,6.552118,6.552118,-4.222407
4248.000000,-492.906612,867.215213,0.028597,6.602852,6.602852,-4.518851
4250.000000,-494.301379,865.777636,0.031681,6.648273,6.648273,-4.752258
4252.000000,-495.594692,864.248198,0.030983,6.715315,6.715315,-4.899078
4254.000000,-496.791848,862.642712,0.027967,6.791569,6.791569,-4.986394
4256.000000,-497.895086,860.970874,0.024431,6.867724,6.867724,-5.035026
4258.000000,-498.916961,859.247875,0.021650,6.930583,6.930583,-5.086547
4260.000000,-499.864976,857.483089,0.021817,6.972447,6.972447,-5.164561
4262.000000,-500.740155,855.681360,0.024115,6.990000,6.990000,-5.235627
4264.000000,-501.522504,853.837489,0.025407,6.979678,6.979678,-5.261764
4266.000000,-502.210604,851.956208,0.023945,6.941028,6.941028,-5.240662
4268.000000,-502.801164,850.041940,0.021365,6.877660,6.877660,-5.181700
4270.000000,-503.317705,848.106511,0.021876,6.802166,6.802166,-5.112341
4272.000000,-503.750702,846.150730,0.026956,6.731699,6.731699,-5.021326
4274.000000,-504.083407,844.175647,0.032859,6.662895,6.662895,-4.892747
4276.000000,-504.275043,842.181981,0.033220,6.613568,6.613568,-4.683791
4278.000000,-504.326508,840.179550,0.028813,6.567677,6.567677,-4.394852
4280.000000,-504.268146,838.177341,0.026077,6.523357,6.523357,-4.055891
4282.000000,-504.107684,836.180821,0.024710,6.454730,6.454730,-3.682810
4284.000000,-503.843704,834.195199,0.021322,6.365760,6.365760,-3.267965
4286.000000,-503.494618,832.222518,0.017899,6.286173,6.286173,-2.805380
4288.000000,-503.080792,830.262454,0.016829,6.242376,6.242376,-2.310544
4290.000000,-502.599404,828.317873,0.015746,6.223162,6.223162,-1.786075
4292.000000,-502.054651,826.390054,0.011699,6.234253,6.234253,-1.224593
4294.000000,-501.459679,824.477018,0.004763,6.295996,6.295996,-0.641313
4296.000000,-500.847942,822.569229,-0.000996,6.417847,6.417847,-0.080375
4298.000000,-500.246701,820.658122,0.000096,6.570316,6.570316,0.434900
4300.000000,-499.656484,818.743566,0.006351,6.723159,6.723159,0.905043
4302.000000,-499.032307,816.839881,0.009245,6.850402,6.850402,1.343660
4304.000000,-498.368170,814.949738,0.007494,6.943722,6.943722,1.742092
4306.000000,-497.677317,813.069174,0.005796,7.012799,7.012799,2.085609
4308.000000,-496.966450,811.196072,0.005881,7.062031,7.062031,2.363592
4310.000000,-496.235114,809.330890,0.006336,7.093575,7.093575,2.597190
4312.000000,-495.476699,807.476555,0.004518,7.098605,7.098605,2.819609
4314.000000,-494.698473,805.630416,0.001056,7.084451,7.084451,3.030452
4316.000000,-493.919799,803.784465,-0.000673,7.074137,7.074137,3.207909
4318.000000,-493.146152,801.936397,-0.000245,7.070994,7.070994,3.352102
4320.000000,-492.372855,800.088182,0.000223,7.068461,7.068461,3.467480
4322.000000,-491.597461,798.240847,0.000016,7.066599,7.066599,3.556436
4324.000000,-490.822611,796.393282,-0.000200,7.064981,7.064981,3.617838
4326.000000,-490.048533,794.545395,-0.000171,7.062559,7.062559,3.647006
4328.000000,-489.275332,792.697140,-0.000092,7.060890,7.060890,3.636344
4330.000000,-488.502132,790.848885,-0.000483,7.059295,7.059295,3.590108
4332.000000,-487.729423,789.000426,-0.001067,7.057463,7.057463,3.519256
4334.000000,-486.962892,787.149396,-0.000007,7.063170,7.063170,3.433400
4336.000000,-486.199326,785.297140,0.002739,7.072093,7.072093,3.341688
4338.000000,-485.423760,783.449888,0.004777,7.067235,7.067235,3.258614
4340.000000,-484.628715,781.610956,0.005141,7.041752,7.041752,3.191710
4342.000000,-483.814132,779.780571,0.004513,6.995414,6.995414,3.142632
4344.000000,-482.982498,777.957871,0.004061,6.931272,6.931272,3.111077
4346.000000,-482.138395,776.140918,0.005133,6.852707,6.852707,3.095239
4348.000000,-481.277063,774.332067,0.005893,6.756672,6.756672,3.103336
4350.000000,-480.388208,772.536598,0.002616,6.630653,6.630653,3.148815
4352.000000,-479.486487,770.747528,-0.002870,6.489938,6.489938,3.213884
4354.000000,-478.600304,768.950741,-0.005285,6.366931,6.366931,3.265431
4356.000000,-477.737282,767.142703,-0.004460,6.269043,6.269043,3.295601
4358.000000,-476.888732,765.327813,-0.003778,6.187631,6.187631,3.314397
4360.000000,-476.052731,763.507111,-0.004836,6.119883,6.119883,3.322325
4362.000000,-475.232197,761.679391,-0.006208,6.069438,6.069438,3.315387
4364.000000,-474.438983,759.839665,-0.005116,6.048684,6.048684,3.280283
4366.000000,-473.666938,757.990937,-0.001807,6.051930,6.051930,3.222324
4368.000000,-472.900693,756.139788,0.000613,6.062423,6.062423,3.157468
4370.000000,-472.128390,754.291159,0.000751,6.063906,6.063906,3.098932
4372.000000,-471.353314,752.443689,0.000085,6.063704,6.063704,3.042932
4374.000000,-470.578716,750.596019,-0.000041,6.063086,6.063086,2.985313
4376.000000,-469.804672,748.748118,0.000061,6.063726,6.063726,2.925636
4378.000000,-469.029653,746.900625,-0.000023,6.063259,6.063259,2.866102
4380.000000,-468.255123,745.052926,-0.000126,6.062806,6.062806,2.806224
4382.000000,-467.480937,743.205084,-0.000088,6.063002,6.063002,2.746708
4384.000000,-466.707436,741.356955,0.000015,6.062680,6.062680,2.687294
4386.000000,-465.933522,739.508998,-0.000003,6.062685,6.062685,2.628803
4388.000000,-465.159523,737.661078,-0.000096,6.062225,6.062225,2.570636
4390.000000,-464.386146,735.812897,-0.000112,6.061388,6.061388,2.511832
4392.000000,-463.613031,733.964606,-0.000149,6.060585,6.060585,2.453025
4394.000000,-462.840432,732.116100,-0.000459,6.059717,6.059717,2.394242
4396.000000,-462.068747,730.267212,-0.000493,6.060019,6.060019,2.335463
4398.000000,-461.301517,728.416470,0.000839,6.065643,6.065643,2.272522
4400.000000,-460.531771,726.566776,0.003485,6.068457,6.068457,2.211912
4402.000000,-459.750185,724.722064,0.005227,6.057931,6.057931,2.162855
4404.000000,-458.943322,722.888283,0.003508,6.020193,6.020193,2.139760
4406.000000,-458.121827,721.060982,-0.001168,5.965455,5.965455,2.131005
4408.000000,-457.303275,719.232364,-0.004618,5.915133,5.915133,2.117123
4410.000000,-456.510649,717.392365,-0.004120,5.891853,5.891853,2.073314
4412.000000,-455.731165,715.546756,-0.002293,5.883563,5.883563,2.014253
4414.000000,-454.960218,713.697563,-0.001016,5.884507,5.884507,1.945858
4416.000000,-454.192977,711.846826,0.000067,5.889270,5.889270,1.874429
4418.000000,-453.424835,709.996464,0.000498,5.892602,5.892602,1.805449
4420.000000,-452.653798,708.147306,0.000284,5.892576,5.892576,1.741292
4422.000000,-451.882066,706.298437,0.000051,5.892490,5.892490,1.679797
4424.000000,-451.110402,704.449540,0.000099,5.892156,5.892156,1.620307
4426.000000,-450.338548,702.600722,0.000192,5.891474,5.891474,1.562742
4428.000000,-449.565539,700.752388,0.000198,5.890853,5.890853,1.507940
4430.000000,-448.792191,698.904194,0.000178,5.889279,5.889279,1.454945
4432.000000,-448.017745,697.056461,0.000088,5.886666,5.886666,1.403777
4434.000000,-447.243193,695.208772,-0.000036,5.884646,5.884646,1.352770
4436.000000,-446.468653,693.361078,-0.000064,5.882424,5.882424,1.300835
4438.000000,-445.694721,691.513129,0.000009,5.879944,5.879944,1.247344
4440.000000,-444.920504,689.665300,0.000023,5.878055,5.878055,1.194007
4442.000000,-444.146116,687.817542,0.000020,5.876053,5.876053,1.141010
4444.000000,-443.372017,685.969663,0.000067,5.874061,5.874061,1.087735
4446.000000,-442.597215,684.122079,0.000033,5.872198,5.872198,1.034932
4448.000000,-441.822538,682.274443,0.000036,5.871013,5.871013,0.981509
4450.000000,-441.047831,680.426819,0.000053,5.870125,5.870125,0.929759
4452.000000,-440.272528,678.579445,-0.000037,5.869262,5.869262,0.883134
4454.000000,-439.497660,676.731888,-0.000040,5.868207,5.868207,0.842013
4456.000000,-438.723072,674.884214,0.000051,5.866464,5.866464,0.807896
4458.000000,-437.948088,673.036707,0.000078,5.865500,5.865500,0.781785
4460.000000,-437.172864,671.189299,0.000056,5.865001,5.865001,0.762773
4462.000000,-436.397353,669.342013,0.000059,5.864161,5.864161,0.750855
4464.000000,-435.621831,667.494730,0.000276,5.864260,5.864260,0.744127
4466.000000,-434.845744,665.647686,0.000637,5.863676,5.863676,0.740875
4468.000000,-434.066718,663.801879,0.000227,5.860097,5.860097,0.742370
4470.000000,-433.284705,661.957336,-0.001505,5.853825,5.853825,0.747470
4472.000000,-432.508244,660.110452,-0.003695,5.853556,5.853556,0.746148
4474.000000,-431.745960,658.257680,-0.004594,5.868830,5.868830,0.729197
4476.000000,-431.004627,656.396426,-0.002989,5.906699,5.906699,0.689631
4478.000000,-430.275573,654.530317,0.000660,5.958505,5.958505,0.636896
4480.000000,-429.545559,652.664583,0.003995,6.008708,6.008708,0.585329
4482.000000,-428.795345,650.806899,0.004452,6.038281,6.038281,0.556052
4484.000000,-428.026973,648.956640,0.002755,6.047863,6.047863,0.547364
4486.000000,-427.248907,647.110429,0.000893,6.047094,6.047094,0.550165
4488.000000,-426.467520,645.265620,-0.000372,6.043180,6.043180,0.557471
4490.000000,-425.689243,643.419498,-0.000588,6.042512,6.042512,0.562251
4492.000000,-424.913573,641.572278,-0.000250,6.044558,6.044558,0.565038
4494.000000,-424.138280,639.724900,-0.000041,6.046564,6.046564,0.568291
4496.000000,-423.363325,637.877380,0.000004,6.049031,6.049031,0.572015
4498.000000,-422.587925,636.030047,-0.000075,6.052214,6.052214,0.576783
4500.000000,-421.813023,634.182504,-0.000109,6.055288,6.055288,0.581255
4502.000000,-421.038685,632.334726,-0.000018,6.058671,6.058671,0.584997
4504.000000,-420.264333,630.486953,0.000478,6.061957,6.061957,0.588203
4506.000000,-419.489707,628.639295,0.000981,6.065803,6.065803,0.590928
4508.000000,-418.708576,626.794380,-0.000209,6.061744,6.061744,0.599857
4510.000000,-417.926221,624.949982,-0.002809,6.056729,6.056729,0.609360
4512.000000,-417.155926,623.100542,-0.005944,6.064375,6.064375,0.605360
4514.000000,-416.404394,621.243380,-0.007253,6.092761,6.092761,0.580899
4516.000000,-415.691758,619.370951,-0.003737,6.162085,6.162085,0.514501
4518.000000,-414.990897,617.494072,0.002162,6.243684,6.243684,0.434816
4520.000000,-414.283516,615.619651,0.006630,6.319213,6.319213,0.360948
4522.000000,-413.545030,613.757302,0.006826,6.360509,6.360509,0.318930
4524.000000,-412.776198,611.907236,0.003181,6.369988,6.369988,0.308245
4526.000000,-411.997443,610.061315,-0.000252,6.367981,6.367981,0.307243
4528.000000,-411.221618,608.214162,-0.001284,6.368877,6.368877,0.302261
4530.000000,-410.453579,606.363756,-0.000758,6.378591,6.378591,0.288160
4532.000000,-409.686053,604.513138,-0.000799,6.388085,6.388085,0.273067
4534.000000,-408.920942,602.661520,-0.001626,6.400351,6.400351,0.255246
4536.000000,-408.162353,600.807222,-0.002456,6.418940,6.418940,0.230617
4538.000000,-407.412463,598.949399,-0.002550,6.448226,6.448226,0.197627
4540.000000,-406.675202,597.086518,-0.001183,6.490412,6.490412,0.152575
4542.000000,-405.941988,595.222039,0.000886,6.535997,6.535997,0.105037
4544.000000,-405.205695,593.358776,0.002500,6.578307,6.578307,0.063225
4546.000000,-404.458299,591.499949,0.002734,6.609354,6.609354,0.035849
4548.000000,-403.698940,589.645968,0.001283,6.626672,6.626672,0.024347
4550.000000,-402.933916,587.794314,-0.001198,6.637105,6.637105,0.022836
4552.000000,-402.173112,585.940926,-0.003165,6.652362,6.652362,0.020836
4554.000000,-401.427355,584.081449,-0.003241,6.683456,6.683456,0.007019
4556.000000,-400.694407,582.216869,-0.001995,6.727085,6.727085,-0.015845
4558.000000,-399.969127,580.349290,-0.000594,6.780617,6.780617,-0.042079
4560.000000,-399.245497,578.481070,0.000099,6.835692,6.835692,-0.065404
4562.000000,-398.519778,576.613661,-0.000469,6.885169,6.885169,-0.081504
4564.000000,-397.795103,574.745847,-0.001837,6.929037,6.929037,-0.092725
4566.000000,-397.077460,572.875323,-0.003141,6.973602,6.973602,-0.105948
4568.000000,-396.372249,571.000086,-0.003841,7.027386,7.027386,-0.126512
4570.000000,-395.682322,569.119167,-0.003710,7.088447,7.088447,-0.155553
4572.000000,-395.007214,567.232877,-0.003099,7.153438,7.153438,-0.189703
4574.000000,-394.343170,565.342661,-0.002851,7.221330,7.221330,-0.224490
4576.000000,-393.689055,563.448986,-0.003058,7.290694,7.290694,-0.257787
4578.000000,-393.047248,561.551105,-0.003208,7.357954,7.357954,-0.289950
4580.000000,-392.417358,559.649241,-0.003606,7.427144,7.427144,-0.322152
4582.000000,-391.800172,557.743213,-0.004782,7.499000,7.499000,-0.355368
4584.000000,-391.200700,555.831550,-0.005334,7.572680,7.572680,-0.394252
4586.000000,-390.626301,553.912198,-0.003970,7.655027,7.655027,-0.444837
4588.000000,-390.065904,551.988707,-0.001827,7.734931,7.734931,-0.495535
4590.000000,-389.513498,550.062901,-0.000486,7.806251,7.806251,-0.539312
4592.000000,-388.959262,548.137620,-0.000730,7.857354,7.857354,-0.563748
4594.000000,-388.408186,546.211433,-0.002155,7.897866,7.897866,-0.576229
4596.000000,-387.863892,544.283321,-0.003335,7.932509,7.932509,-0.581655
4598.000000,-387.336177,542.350611,-0.003267,7.966658,7.966658,-0.588917
4600.000000,-386.820133,540.414747,-0.003071,7.997814,7.997814,-0.592494
4602.000000,-386.314785,538.476066,-0.003719,8.025836,8.025836,-0.592823
4604.000000,-385.824064,536.533635,-0.004196,8.053869,8.053869,-0.594236
4606.000000,-385.351246,534.586765,-0.003993,8.079518,8.079518,-0.599722
4608.000000,-384.893382,532.636332,-0.003997,8.103244,8.103244,-0.607095
4610.000000,-384.450052,530.682534,-0.004197,8.125980,8.125980,-0.613686
4612.000000,-384.025230,528.724637,-0.003880,8.148594,8.148594,-0.619146
4614.000000,-383.614647,526.763697,-0.003799,8.172422,8.172422,-0.616202
4616.000000,-383.217993,524.799898,-0.004604,8.198221,8.198221,-0.606347
4618.000000,-382.838986,522.832618,-0.005621,8.227090,8.227090,-0.592845
4620.000000,-382.483300,520.860993,-0.006083,8.257236,8.257236,-0.579046
4622.000000,-382.152061,518.885123,-0.005882,8.286645,8.286645,-0.570504
4624.000000,-381.844827,516.905374,-0.005247,8.316545,8.316545,-0.569277
4626.000000,-381.558357,514.922502,-0.004645,8.346682,8.346682,-0.572830
4628.000000,-381.289637,512.937153,-0.004220,8.381083,8.381083,-0.579025
4630.000000,-381.038501,510.949494,-0.004080,8.418252,8.418252,-0.590497
4632.000000,-380.801615,508.960086,-0.004210,8.454425,8.454425,-0.603777
4634.000000,-380.583659,506.968513,-0.004182,8.493847,8.493847,-0.619429
4636.000000,-380.380744,504.975364,-0.004026,8.535458,8.535458,-0.633856
4638.000000,-380.195582,502.980479,-0.003097,8.579995,8.579995,-0.650192
4640.000000,-380.024203,500.984357,-0.001533,8.620639,8.620639,-0.665651
4642.000000,-379.857015,498.987877,-0.000968,8.651401,8.651401,-0.669959
4644.000000,-379.692184,496.991202,-0.001625,8.671882,8.671882,-0.660884
4646.000000,-379.533941,494.993994,-0.002439,8.684682,8.684682,-0.642525
4648.000000,-379.386181,492.995987,-0.002745,8.691398,8.691398,-0.620115
4650.000000,-379.249906,490.997163,-0.002555,8.693807,8.693807,-0.599917
4652.000000,-379.124142,488.997650,-0.002179,8.690766,8.690766,-0.582523
4654.000000,-379.006803,486.997623,-0.001813,8.682245,8.682245,-0.565853
4656.000000,-378.897017,484.997166,-0.001512,8.669210,8.669210,-0.549827
4658.000000,-378.792753,482.996413,-0.001488,8.646597,8.646597,-0.533882
4660.000000,-378.694135,480.995375,-0.001804,8.618934,8.618934,-0.519178
4662.000000,-378.602559,478.994003,-0.002357,8.591821,8.591821,-0.507062
4664.000000,-378.520192,476.992232,-0.002637,8.572454,8.572454,-0.498762
4666.000000,-378.450178,474.989996,-0.001918,8.560387,8.560387,-0.497128
4668.000000,-378.388559,472.987476,-0.000403,8.553376,8.553376,-0.498916
4670.000000,-378.328566,470.984906,0.000915,8.547753,8.547753,-0.498260
4672.000000,-378.263384,468.982501,0.001355,8.536232,8.536232,-0.488680
4674.000000,-378.192270,466.980296,0.000979,8.517479,8.517479,-0.470021
4676.000000,-378.116473,464.978262,0.000300,8.494071,8.494071,-0.445292
4678.000000,-378.040267,462.976244,-0.000191,8.469771,8.469771,-0.420796
4680.000000,-377.964755,460.974199,-0.000328,8.446895,8.446895,-0.399106
4682.000000,-377.891332,458.972076,-0.000339,8.426066,8.426066,-0.383306
4684.000000,-377.818305,456.969939,-0.000740,8.405074,8.405074,-0.371484
4686.000000,-377.747842,454.967711,-0.001551,8.386279,8.386279,-0.366146
4688.000000,-377.683735,452.965272,-0.001865,8.371488,8.371488,-0.372473
4690.000000,-377.629247,450.962545,-0.001316,8.364748,8.364748,-0.394292
4692.000000,-377.579099,448.959705,-0.000589,8.361906,8.361906,-0.425828
4694.000000,-377.531774,446.956796,-0.000000,8.361539,8.361539,-0.465755
4696.000000,-377.483917,444.953899,0.000308,8.360411,8.360411,-0.512568
4698.000000,-377.434308,442.951046,0.000301,8.357883,8.357883,-0.565976
4700.000000,-377.383784,440.948214,0.000290,8.356028,8.356028,-0.626571
4702.000000,-377.332015,438.945415,0.000283,8.354723,8.354723,-0.700700
4704.000000,-377.278989,436.942648,0.000184,8.355130,8.355130,-0.784860
4706.000000,-377.225183,434.939903,0.000029,8.355319,8.355319,-0.864804
4708.000000,-377.171235,432.937161,-0.000032,8.355677,8.355677,-0.935901
4710.000000,-377.117878,430.934403,0.000007,8.356049,8.356049,-1.008875
4712.000000,-377.064000,428.931659,0.000014,8.356405,8.356405,-1.073690
4714.000000,-377.010455,426.928907,-0.000004,8.356711,8.356711,-1.153874
4716.000000,-376.956546,424.926164,0.000008,8.357233,8.357233,-1.231691
4718.000000,-376.903101,422.923408,0.000007,8.357338,8.357338,-1.294016
4720.000000,-376.848970,420.920672,-0.000039,8.357697,8.357697,-1.355488
4722.000000,-376.795631,418.917913,-0.000013,8.358205,8.358205,-1.417435
4724.000000,-376.742014,416.915163,0.000017,8.358365,8.358365,-1.478590
4726.000000,-376.688370,414.912413,-0.000017,8.359084,8.359084,-1.539128
4728.000000,-376.634790,412.909661,-0.000079,8.359032,8.359032,-1.598905
4730.000000,-376.581390,410.906904,-0.000177,8.360083,8.360083,-1.657877
4732.000000,-376.528837,408.904126,-0.000210,8.361889,8.361889,-1.716742
4734.000000,-376.477256,406.901321,-0.000127,8.364744,8.364744,-1.775628
4736.000000,-376.426257,404.898502,-0.000006,8.367302,8.367302,-1.834167
4738.000000,-376.375164,402.895686,0.000020,8.370540,8.370540,-1.891996
4740.000000,-376.323776,400.892876,0.000007,8.373874,8.373874,-1.949248
4742.000000,-376.272745,398.890058,0.000028,8.376415,8.376415,-2.006718
4744.000000,-376.221187,396.887253,0.000010,8.379301,8.379301,-2.063815
4746.000000,-376.169871,394.884442,-0.000021,8.381831,8.381831,-2.121547
4748.000000,-376.118434,392.881634,-0.000024,8.385031,8.385031,-2.179559
4750.000000,-376.067334,390.878818,0.000004,8.387874,8.387874,-2.238380
4752.000000,-376.016067,388.876005,0.000042,8.390714,8.390714,-2.297546
4754.000000,-375.964739,386.873195,0.000025,8.393452,8.393452,-2.356960
4756.000000,-375.913019,384.870394,-0.000051,8.396135,8.396135,-2.415903
4758.000000,-375.861738,382.867582,-0.000024,8.398969,8.398969,-2.475078
4760.000000,-375.810795,380.864762,0.000026,8.402135,8.402135,-2.534241
4762.000000,-375.759128,378.861960,-0.000093,8.404916,8.404916,-2.592281
4764.000000,-375.708159,376.859140,-0.000189,8.407051,8.407051,-2.650482
4766.000000,-375.658014,374.856299,-0.000191,8.407968,8.407968,-2.709032
4768.000000,-375.608549,372.853441,-0.000186,8.408233,8.408233,-2.767710
4770.000000,-375.559962,370.850562,-0.000095,8.407495,8.407495,-2.826993
4772.000000,-375.511931,368.847670,0.000020,8.406697,8.406697,-2.886908
4774.000000,-375.463434,366.844789,0.000037,8.405656,8.405656,-2.946764
4776.000000,-375.414997,364.841906,0.000011,8.404939,8.404939,-3.007368
4778.000000,-375.366307,362.839029,-0.000003,8.404617,8.404617,-3.068707
4780.000000,-375.317882,360.836146,0.000028,8.403603,8.403603,-3.131448
4782.000000,-375.269228,358.833269,0.000028,8.402902,8.402902,-3.195319
4784.000000,-375.220317,356.830398,-0.000058,8.402818,8.402818,-3.260515
4786.000000,-375.171701,354.827519,-0.000032,8.401592,8.401592,-3.327390
4788.000000,-375.123684,352.824626,0.000067,8.401282,8.401282,-3.396000
4790.000000,-375.074688,350.821757,0.000025,8.400680,8.400680,-3.464332
4792.000000,-375.025970,348.818881,-0.000016,8.400260,8.400260,-3.532912
4794.000000,-374.977274,346.816005,0.000001,8.399476,8.399476,-3.600833
4796.000000,-374.928509,344.813130,0.000038,8.398956,8.398956,-3.667424
4798.000000,-374.879845,342.810253,0.000266,8.398429,8.398429,-3.732526
4800.000000,-374.830432,340.807394,0.000660,8.398498,8.398498,-3.794989
4802.000000,-374.778152,338.804609,0.000443,8.401290,8.401290,-3.852213
4804.000000,-374.721758,336.801935,-0.000292,8.407752,8.407752,-3.903251
4806.000000,-374.669350,334.799153,-0.000447,8.410516,8.410516,-3.956137
4808.000000,-374.617772,332.796348,-0.000265,8.412038,8.412038,-4.007199
4810.000000,-374.567716,330.793505,-0.000252,8.412538,8.412538,-4.056354
4812.000000,-374.518032,328.790654,-0.000239,8.412261,8.412261,-4.102432
4814.000000,-374.470124,326.787758,-0.000157,8.410548,8.410548,-4.146238
4816.000000,-374.422130,324.784865,-0.000092,8.408471,8.408471,-4.185252
4818.000000,-374.375045,322.781950,-0.000004,8.406119,8.406119,-4.220463
4820.000000,-374.327712,320.779041,0.000042,8.403373,8.403373,-4.251618
4822.000000,-374.280027,318.776140,0.000021,8.401793,8.401793,-4.279191
4824.000000,-374.232617,316.773233,0.000059,8.399379,8.399379,-4.304036
4826.000000,-374.184677,314.770338,0.000033,8.397008,8.397008,-4.326270
4828.000000,-374.136567,312.767447,-0.000012,8.395129,8.395129,-4.346853
4830.000000,-374.088801,310.764548,0.000050,8.393403,8.393403,-4.366509
4832.000000,-374.040705,308.761657,0.000115,8.391917,8.391917,-4.384903
4834.000000,-373.992125,306.758778,0.000165,8.390864,8.390864,-4.401928
4836.000000,-373.942993,304.755912,0.000255,8.391121,8.391121,-4.417401
4838.000000,-373.892793,302.753073,0.000269,8.393349,8.393349,-4.430778
4840.000000,-373.841184,300.750270,0.000100,8.396615,8.396615,-4.441722
4842.000000,-373.789147,298.747477,-0.000035,8.400485,8.400485,-4.451160
4844.000000,-373.737773,296.744668,-0.000017,8.403960,8.403960,-4.460245
4846.000000,-373.686070,294.741866,0.000001,8.406913,8.406913,-4.468494
4848.000000,-373.634635,292.739058,-0.000007,8.410116,8.410116,-4.476801
4850.000000,-373.582974,290.736256,0.000005,8.413541,8.413541,-4.485126
4852.000000,-373.531602,288.733447,0.000019,8.416769,8.416769,-4.494627
4854.000000,-373.479797,286.730648,-0.000033,8.420383,8.420383,-4.505205
4856.000000,-373.428266,284.727843,-0.000160,8.423711,8.423711,-4.518486
4858.000000,-373.377145,282.725027,-0.000265,8.425779,8.425779,-4.535037
4860.000000,-373.327496,280.722174,-0.000345,8.428337,8.428337,-4.555609
4862.000000,-373.278752,278.719298,-0.000393,8.430925,8.430925,-4.579460
4864.000000,-373.232269,276.716369,-0.000278,8.433732,8.433732,-4.608130
4866.000000,-373.186675,274.713420,-0.000117,8.437287,8.437287,-4.639367
4868.000000,-373.141507,272.710461,-0.000047,8.440649,8.440649,-4.672080
4870.000000,-373.096469,270.707499,0.000093,8.443477,8.443477,-4.705425
4872.000000,-373.051501,268.704535,0.000246,8.445586,8.445586,-4.738749
4874.000000,-373.004771,266.701612,0.000298,8.448901,8.448901,-4.769798
4876.000000,-372.957547,264.698700,0.000420,8.452694,8.452694,-4.799401
4878.000000,-372.908290,262.695838,0.000457,8.457165,8.457165,-4.826047
4880.000000,-372.856853,260.693030,0.000314,8.461183,8.461183,-4.849562
4882.000000,-372.804480,258.690246,0.000217,8.466064,8.466064,-4.871005
4884.000000,-372.751123,256.687489,0.000044,8.472800,8.472800,-4.890540
4886.000000,-372.697186,254.684747,-0.000256,8.481192,8.481192,-4.908484
4888.000000,-372.644688,252.681967,-0.000312,8.491793,8.491793,-4.926537
4890.000000,-372.594005,250.679140,0.000229,8.500741,8.500741,-4.945168
4892.000000,-372.543257,248.676314,0.000896,8.508640,8.508640,-4.962265
4894.000000,-372.487147,246.673633,0.000728,8.512584,8.512584,-4.971700
4896.000000,-372.427453,244.671054,-0.000351,8.517461,8.517461,-4.974089
4898.000000,-372.368611,242.668450,-0.001863,8.526250,8.526250,-4.970104
4900.000000,-372.317281,240.665646,-0.002425,8.546214,8.546214,-4.968150
4902.000000,-372.279975,238.662530,-0.002847,8.580375,8.580375,-4.971375
