s_m,x_m,y_m,kappa_radpm,w_tr_right_m,w_tr_left_m,d_m
0.000000,257.307462,-263.289397,-0.003946,9.207456,9.207456,5.241073
2.000000,259.261841,-262.838164,0.003278,9.285097,9.285097,5.204709
4.000000,261.206151,-262.345083,0.002499,9.409300,9.409300,5.211944
6.000000,263.150967,-261.854000,0.000072,9.414845,9.414845,5.216305
8.000000,265.095463,-261.361654,0.000191,9.420111,9.420111,5.221563
10.000000,267.039810,-260.868716,0.000135,9.425403,9.425403,5.226466
12.000000,268.984023,-260.375250,0.000081,9.429885,9.429885,5.231558
14.000000,270.928121,-259.881327,-0.000031,9.432651,9.432651,5.236854
16.000000,272.872264,-259.387587,-0.000121,9.435859,9.435859,5.241801
18.000000,274.816555,-258.894429,-0.000101,9.438427,9.438427,5.246051
20.000000,276.760984,-258.401816,0.000018,9.440409,9.440409,5.249386
22.000000,278.705390,-257.909109,0.000117,9.442550,9.442550,5.252152
24.000000,280.649633,-257.415761,0.000137,9.445965,9.445965,5.254739
26.000000,282.593763,-256.921968,0.000186,9.448720,9.448720,5.256934
28.000000,284.537738,-256.427565,0.000162,9.450602,9.450602,5.259229
30.000000,286.481396,-255.931919,-0.000043,9.451867,9.451867,5.262625
32.000000,288.425199,-255.436839,-0.000108,9.453692,9.453692,5.265512
34.000000,290.369201,-254.942543,0.000040,9.455098,9.455098,5.267869
36.000000,292.313091,-254.447804,0.000064,9.457002,9.457002,5.271010
38.000000,294.256847,-253.952542,-0.000006,9.458717,9.458717,5.275085
40.000000,296.200728,-253.457768,0.000015,9.461038,9.461038,5.279253
42.000000,298.144516,-252.962633,0.000109,9.464294,9.464294,5.283860
44.000000,300.088305,-252.467497,0.000216,9.467549,9.467549,5.288467
46.000000,302.031750,-251.971016,0.000210,9.468568,9.468568,5.293780
48.000000,303.975021,-251.473854,0.000160,9.469585,9.469585,5.298434
50.000000,305.918147,-250.976125,-0.000396,9.472293,9.472293,5.302503
52.000000,307.861100,-250.477722,-0.001258,9.474759,9.474759,5.306883
54.000000,309.806096,-249.987409,-0.001168,9.469670,9.469670,5.303723
56.000000,311.752142,-249.501226,-0.000680,9.460745,9.460745,5.298432
58.000000,313.698656,-249.016916,-0.000695,9.449253,9.449253,5.292500
60.000000,315.645851,-248.535352,-0.000857,9.433910,9.433910,5.284233
62.000000,317.593904,-248.057274,-0.000861,9.415540,9.415540,5.272234
64.000000,319.542856,-247.582871,-0.000773,9.394111,9.394111,5.255655
66.000000,321.492446,-247.111098,-0.000722,9.369159,9.369159,5.235550
68.000000,323.442798,-246.642482,-0.000593,9.342507,9.342507,5.211440
70.000000,325.393712,-246.176211,-0.000343,9.312612,9.312612,5.184091
72.000000,327.344967,-245.711372,-0.000133,9.280536,9.280536,5.154629
74.000000,329.296259,-245.246686,-0.000172,9.246675,9.246675,5.124537
76.000000,331.247634,-244.782351,-0.000361,9.213321,9.213321,5.093892
78.000000,333.199448,-244.319861,-0.000426,9.177943,9.177943,5.061553
80.000000,335.151642,-243.858981,-0.000403,9.141237,9.141237,5.028112
82.000000,337.104214,-243.399702,-0.000405,9.102833,9.102833,4.994004
84.000000,339.057136,-242.941919,-0.000458,9.063095,9.063095,4.959266
86.000000,341.010471,-242.485896,-0.000463,9.021791,9.021791,4.923444
88.000000,342.964308,-242.032033,-0.000397,8.978893,8.978893,4.885896
90.000000,344.918417,-241.579341,-0.000404,8.934213,8.934213,4.847429
92.000000,346.872923,-241.128363,-0.000401,8.888351,8.888351,4.807303
94.000000,348.827830,-240.679128,-0.000281,8.839610,8.839610,4.765194
96.000000,350.782988,-240.230986,-0.000192,8.789033,8.789033,4.721670
98.000000,352.738256,-239.783325,-0.000212,8.736765,8.736765,4.677377
100.000000,354.693742,-239.336620,-0.000202,8.684001,8.684001,4.631727
102.000000,356.649443,-238.890853,-0.000121,8.630563,8.630563,4.584340
104.000000,358.605218,-238.445415,-0.000110,8.577331,8.577331,4.535487
106.000000,360.561062,-238.000274,-0.000142,8.524768,8.524768,4.485001
108.000000,362.517089,-237.555943,-0.000090,8.473042,8.473042,4.432220
110.000000,364.473189,-237.111931,0.000005,8.421251,8.421251,4.377398
112.000000,366.429279,-236.667879,0.000100,8.369759,8.369759,4.320411
114.000000,368.385300,-236.223516,0.000254,8.318323,8.318323,4.261682
116.000000,370.341114,-235.778249,0.000463,8.267519,8.267519,4.201880
118.000000,372.296504,-235.331123,0.000560,8.218601,8.218601,4.142172
120.000000,374.251288,-234.881351,0.000415,8.172244,8.172244,4.083515
122.000000,376.205695,-234.429950,0.000196,8.127214,8.127214,4.025171
124.000000,378.159965,-233.977952,0.000055,8.082995,8.082995,3.966413
126.000000,380.114179,-233.525709,0.000028,8.038375,8.038375,3.907083
128.000000,382.068444,-233.073691,0.000079,7.993432,7.993432,3.846807
130.000000,384.022562,-232.621037,0.000075,7.948341,7.948341,3.786703
132.000000,385.976634,-232.168186,0.000035,7.902935,7.902935,3.726599
134.000000,387.930675,-231.715197,0.000021,7.857032,7.857032,3.667103
136.000000,389.884696,-231.262127,0.000018,7.810604,7.810604,3.608631
138.000000,391.838711,-230.809025,0.000022,7.763965,7.763965,3.550707
140.000000,393.792694,-230.355791,0.000115,7.717245,7.717245,3.492629
142.000000,395.746666,-229.902506,0.000305,7.670691,7.670691,3.433571
144.000000,397.700275,-229.447658,0.000414,7.623794,7.623794,3.374211
146.000000,399.653508,-228.991200,0.000392,7.575601,7.575601,3.314325
148.000000,401.606342,-228.533041,0.000420,7.526112,7.526112,3.253899
150.000000,403.558910,-228.073745,0.000515,7.475553,7.475553,3.192611
152.000000,405.510862,-227.611842,0.000563,7.423288,7.423288,3.131890
154.000000,407.462409,-227.148230,0.000567,7.369348,7.369348,3.071277
156.000000,409.413290,-226.681823,0.000534,7.312703,7.312703,3.012172
158.000000,411.363793,-226.213837,0.000532,7.254420,7.254420,2.952843
160.000000,413.313716,-225.743439,0.000512,7.194090,7.194090,2.893208
162.000000,415.263174,-225.271120,0.000493,7.131905,7.131905,2.831807
164.000000,417.212207,-224.797050,0.000533,7.068454,7.068454,2.766934
166.000000,419.160681,-224.320686,0.000568,7.001365,7.001365,2.697760
168.000000,421.108666,-223.842330,0.000634,6.931026,6.931026,2.624491
170.000000,423.056011,-223.361372,0.000754,6.856809,6.856809,2.548668
172.000000,425.002686,-222.877711,0.000871,6.778528,6.778528,2.471644
174.000000,426.948420,-222.390276,0.000927,6.695759,6.695759,2.395088
176.000000,428.893311,-221.899492,0.000933,6.609508,6.609508,2.319305
178.000000,430.837188,-221.404707,0.000839,6.519019,6.519019,2.244257
180.000000,432.780249,-220.906724,0.000670,6.424926,6.424926,2.168076
182.000000,434.722618,-220.406049,0.000225,6.328380,6.328380,2.089255
184.000000,436.664505,-219.903510,-0.000060,6.230383,6.230383,2.006460
186.000000,438.607143,-219.403881,0.000170,6.136141,6.136141,1.914204
188.000000,440.549003,-218.901236,-0.000051,6.039343,6.039343,1.817311
190.000000,442.490985,-218.399063,-0.000506,5.943263,5.943263,1.712900
192.000000,444.433707,-217.899763,-0.000467,5.850364,5.850364,1.598533
194.000000,446.376857,-217.402126,-0.000155,5.759547,5.759547,1.473941
196.000000,448.320285,-216.905576,0.000219,5.670039,5.670039,1.338528
198.000000,450.263350,-216.407610,0.000530,5.579941,5.579941,1.194622
200.000000,452.205985,-215.907970,0.000997,5.490306,5.490306,1.041435
202.000000,454.147716,-215.404827,0.001655,5.398195,5.398195,0.878071
204.000000,456.087655,-214.894834,0.002198,5.302243,5.302243,0.708024
206.000000,458.025324,-214.376278,0.002497,5.201005,5.201005,0.532565
208.000000,459.960231,-213.847511,0.002573,5.096947,5.096947,0.351739
210.000000,461.892432,-213.308941,0.002745,4.993073,4.993073,0.161628
212.000000,463.821787,-212.760268,0.003496,4.888914,4.888914,-0.035662
214.000000,465.747539,-212.199084,0.004414,4.782317,4.782317,-0.235558
216.000000,467.667672,-211.618984,0.004606,4.675327,4.675327,-0.427685
218.000000,469.582358,-211.021151,0.004894,4.569430,4.569430,-0.608597
220.000000,471.491822,-210.406841,0.006216,4.465472,4.465472,-0.782667
222.000000,473.393262,-209.768183,0.007561,4.368321,4.368321,-0.952666
224.000000,475.284426,-209.099761,0.008309,4.282886,4.282886,-1.118952
226.000000,477.164318,-208.400255,0.009299,4.207865,4.207865,-1.277118
228.000000,479.031313,-207.667033,0.010510,4.145667,4.145667,-1.420004
230.000000,480.881610,-206.892688,0.010793,4.103556,4.103556,-1.539881
232.000000,482.714360,-206.077705,0.010942,4.087626,4.087626,-1.638674
234.000000,484.530191,-205.225626,0.011455,4.098012,4.098012,-1.718467
236.000000,486.324088,-204.328302,0.011343,4.138245,4.138245,-1.770842
238.000000,488.098314,-203.392733,0.011570,4.202727,4.202727,-1.799940
240.000000,489.850505,-202.416507,0.011959,4.287569,4.287569,-1.804564
242.000000,491.577468,-201.396305,0.011369,4.392024,4.392024,-1.784201
244.000000,493.281209,-200.337786,0.010867,4.513588,4.513588,-1.746741
246.000000,494.962056,-199.243290,0.011337,4.645812,4.645812,-1.702011
248.000000,496.618060,-198.111536,0.011975,4.788216,4.788216,-1.664401
250.000000,498.245185,-196.938670,0.012019,4.940816,4.940816,-1.650184
252.000000,499.844116,-195.727653,0.012718,5.099110,5.099110,-1.652425
254.000000,501.413431,-194.478481,0.014024,5.263801,5.263801,-1.643179
256.000000,502.944262,-193.182470,0.014028,5.435716,5.435716,-1.616991
258.000000,504.438210,-191.844138,0.013394,5.614055,5.614055,-1.590224
260.000000,505.896391,-190.466916,0.013538,5.798272,5.798272,-1.572229
262.000000,507.317177,-189.051119,0.013723,5.986959,5.986959,-1.564030
264.000000,508.696752,-187.595141,0.012956,6.176842,6.176842,-1.558023
266.000000,510.038108,-186.103915,0.012068,6.366558,6.366558,-1.545741
268.000000,511.344225,-184.581668,0.011675,6.547652,6.547652,-1.533958
270.000000,512.613306,-183.028407,0.012775,6.721059,6.721059,-1.531426
272.000000,513.847735,-181.447520,0.016122,6.868198,6.868198,-1.573513
274.000000,515.027283,-179.825407,0.018745,7.019645,7.019645,-1.683127
276.000000,516.142967,-178.158839,0.017973,7.180674,7.180674,-1.881019
278.000000,517.193636,-176.450417,0.021852,7.336988,7.336988,-2.121456
280.000000,518.195667,-174.712848,0.027828,7.453331,7.453331,-2.367536
282.000000,519.055205,-172.900649,0.024735,7.631020,7.631020,-2.536241
284.000000,519.851550,-171.059962,0.024027,7.780271,7.780271,-2.732459
286.000000,520.556519,-169.182637,0.029998,7.929593,7.929593,-2.898727
288.000000,521.147565,-167.266775,0.033221,8.086860,8.086860,-3.015002
290.000000,521.600132,-165.313761,0.034241,8.245971,8.245971,-3.089958
292.000000,521.928232,-163.335438,0.035211,8.371429,8.371429,-3.166983
294.000000,522.104402,-161.338057,0.034818,8.493519,8.493519,-3.223426
296.000000,522.147813,-159.333313,0.031725,8.591311,8.591311,-3.296237
298.000000,522.050423,-157.330065,0.027557,8.694709,8.694709,-3.326228
300.000000,521.857648,-155.334218,0.027488,8.761053,8.761053,-3.325338
302.000000,521.554617,-153.351840,0.028629,8.804549,8.804549,-3.286999
304.000000,521.129491,-151.392503,0.029203,8.847485,8.847485,-3.229026
306.000000,520.606266,-149.456330,0.030437,8.876067,8.876067,-3.212250
308.000000,519.945720,-147.562891,0.029309,8.913825,8.913825,-3.197980
310.000000,519.190523,-145.705147,0.027733,8.888908,8.888908,-3.198683
312.000000,518.320689,-143.897890,0.026829,8.845103,8.845103,-3.151495
314.000000,517.367136,-142.134341,0.025696,8.752813,8.752813,-3.071251
316.000000,516.311691,-140.428989,0.022710,8.645509,8.645509,-2.953084
318.000000,515.185659,-138.769370,0.020025,8.519816,8.519816,-2.827787
320.000000,513.994422,-137.155742,0.018524,8.395673,8.395673,-2.678700
322.000000,512.740936,-135.589919,0.016063,8.290024,8.290024,-2.511141
324.000000,511.440187,-134.063139,0.014921,8.204476,8.204476,-2.334193
326.000000,510.096320,-132.574223,0.015956,8.138839,8.138839,-2.150682
328.000000,508.705609,-131.128950,0.016311,8.089813,8.089813,-1.939406
330.000000,507.264373,-129.734010,0.013909,8.053569,8.053569,-1.684753
332.000000,505.784855,-128.379666,0.010377,8.009843,8.009843,-1.397917
334.000000,504.278019,-127.055782,0.007709,7.955000,7.955000,-1.090784
336.000000,502.751931,-125.754071,0.006400,7.880850,7.880850,-0.766019
338.000000,501.210117,-124.471028,0.005082,7.786009,7.786009,-0.421439
340.000000,499.652533,-123.207151,0.002599,7.676599,7.676599,-0.058177
342.000000,498.090078,-121.949293,0.000158,7.559043,7.559043,0.304554
344.000000,496.526673,-120.692616,-0.002090,7.433256,7.433256,0.662490
346.000000,494.968444,-119.429537,-0.004778,7.313592,7.313592,1.015609
348.000000,493.422062,-118.152010,-0.007576,7.208564,7.208564,1.359271
350.000000,491.895832,-116.850536,-0.010128,7.117457,7.117457,1.680732
352.000000,490.396270,-115.518400,-0.011363,7.045119,7.045119,1.974373
354.000000,488.930669,-114.148999,-0.010844,6.997025,6.997025,2.241995
356.000000,487.493638,-112.749648,-0.010839,6.972111,6.972111,2.497444
358.000000,486.085753,-111.321014,-0.012743,6.969693,6.969693,2.737604
360.000000,484.714203,-109.857450,-0.015046,6.983677,6.983677,2.950847
362.000000,483.389282,-108.351599,-0.016291,7.007674,7.007674,3.131694
364.000000,482.114514,-106.803124,-0.017317,7.039847,7.039847,3.277177
366.000000,480.892655,-105.212652,-0.019858,7.084604,7.084604,3.389112
368.000000,479.733334,-103.576048,-0.023952,7.144189,7.144189,3.456556
370.000000,478.654092,-101.885578,-0.026761,7.214957,7.214957,3.466887
372.000000,477.673234,-100.136301,-0.026021,7.305387,7.305387,3.420364
374.000000,476.785062,-98.338211,-0.024099,7.402740,7.402740,3.352720
376.000000,475.982558,-96.500344,-0.023496,7.491222,7.491222,3.299812
378.000000,475.267027,-94.626828,-0.024973,7.571892,7.571892,3.261301
380.000000,474.641480,-92.721258,-0.027427,7.648439,7.648439,3.215381
382.000000,474.127857,-90.782595,-0.028671,7.722198,7.722198,3.137129
384.000000,473.723590,-88.818485,-0.029314,7.798404,7.798404,3.018432
386.000000,473.437441,-86.833828,-0.029847,7.874216,7.874216,2.857413
388.000000,473.269870,-84.835535,-0.030421,7.937190,7.937190,2.676999
390.000000,473.223489,-82.830636,-0.029850,7.982627,7.982627,2.493479
392.000000,473.304290,-80.826715,-0.027056,8.010816,8.010816,2.266494
394.000000,473.489263,-78.829826,-0.024872,8.020258,8.020258,2.015565
396.000000,473.772778,-76.844545,-0.024374,8.005629,8.005629,1.780453
398.000000,474.152178,-74.875312,-0.024780,7.965977,7.965977,1.590279
400.000000,474.627747,-72.926951,-0.024694,7.904840,7.904840,1.431351
402.000000,475.204262,-71.005959,-0.022472,7.821413,7.821413,1.246989
404.000000,475.866073,-69.112670,-0.019650,7.729028,7.729028,1.031120
406.000000,476.600617,-67.246402,-0.017544,7.634979,7.634979,0.806228
408.000000,477.401053,-65.407352,-0.015499,7.546242,7.546242,0.579134
410.000000,478.258077,-63.593906,-0.013040,7.465792,7.465792,0.358062
412.000000,479.163521,-61.804106,-0.010281,7.404172,7.404172,0.133888
414.000000,480.104441,-60.032695,-0.008197,7.363324,7.363324,-0.092568
416.000000,481.073206,-58.276315,-0.006527,7.350585,7.350585,-0.319910
418.000000,482.066975,-56.533946,-0.004284,7.368288,7.368288,-0.547331
420.000000,483.074676,-54.799590,-0.001164,7.403970,7.403970,-0.771680
422.000000,484.089411,-53.069335,0.001088,7.450253,7.450253,-0.991733
424.000000,485.092371,-51.332239,0.001272,7.521753,7.521753,-1.192289
426.000000,486.096707,-49.595931,0.001481,7.592225,7.592225,-1.394440
428.000000,487.092353,-47.854623,0.000961,7.665871,7.665871,-1.588000
430.000000,488.083331,-46.110655,0.000597,7.735062,7.735062,-1.784980
432.000000,489.078913,-44.369322,0.002218,7.784677,7.784677,-1.992578
434.000000,490.061580,-42.620659,0.003881,7.830634,7.830634,-2.190437
436.000000,491.034384,-40.866491,0.005414,7.862175,7.862175,-2.383801
438.000000,491.985230,-39.100340,0.006353,7.882480,7.882480,-2.560432
440.000000,492.913265,-37.322108,0.006153,7.896009,7.896009,-2.720659
442.000000,493.818539,-35.532173,0.005676,7.907593,7.907593,-2.864024
444.000000,494.704113,-33.732401,0.005631,7.913814,7.913814,-2.994789
446.000000,495.570143,-31.923149,0.006105,7.911364,7.911364,-3.113270
448.000000,496.413405,-30.103183,0.006420,7.908843,7.908843,-3.213912
450.000000,497.232814,-28.272358,0.006734,7.909174,7.909174,-3.295649
452.000000,498.028666,-26.431157,0.006850,7.910957,7.910957,-3.358127
454.000000,498.796268,-24.577999,0.006155,7.915916,7.915916,-3.400639
456.000000,499.542439,-22.716110,0.005871,7.920343,7.920343,-3.436307
458.000000,500.268044,-20.846119,0.006826,7.922824,7.922824,-3.472681
460.000000,500.968285,-18.966492,0.008133,7.929026,7.929026,-3.510354
462.000000,501.637056,-17.075444,0.008793,7.943261,7.943261,-3.545170
464.000000,502.271023,-15.172450,0.008510,7.965460,7.965460,-3.576483
466.000000,502.872225,-13.258854,0.008122,7.994019,7.994019,-3.601824
468.000000,503.443510,-11.336103,0.008272,8.025951,8.025951,-3.622865
470.000000,503.982415,-9.404027,0.008434,8.062420,8.062420,-3.637458
472.000000,504.488056,-7.462988,0.008086,8.104670,8.104670,-3.641436
474.000000,504.961568,-5.513866,0.007544,8.151760,8.151760,-3.638781
476.000000,505.406454,-3.557990,0.007203,8.199383,8.199383,-3.638259
478.000000,505.822567,-1.595789,0.006936,8.244768,8.244768,-3.640215
480.000000,506.211657,0.371941,0.006663,8.287196,8.287196,-3.637293
482.000000,506.574233,2.344729,0.006616,8.323985,8.323985,-3.626748
484.000000,506.911537,4.322003,0.007195,8.352493,8.352493,-3.610521
486.000000,507.221060,6.303810,0.008178,8.370301,8.370301,-3.588022
488.000000,507.497118,8.290537,0.008650,8.379826,8.379826,-3.557581
490.000000,507.737653,10.281860,0.008368,8.382394,8.382394,-3.525965
492.000000,507.944659,12.276969,0.008129,8.379212,8.379212,-3.500230
494.000000,508.120441,14.275081,0.008114,8.368899,8.368899,-3.478008
496.000000,508.261985,16.275911,0.007754,8.353791,8.353791,-3.452361
498.000000,508.373063,18.278656,0.006748,8.337784,8.337784,-3.422774
500.000000,508.454788,20.282817,0.006334,8.322742,8.322742,-3.391357
502.000000,508.517233,22.287697,0.006694,8.299174,8.299174,-3.369688
504.000000,508.545720,24.293344,0.005970,8.276182,8.276182,-3.350218
506.000000,508.553711,26.299165,0.005446,8.244984,8.244984,-3.344948
508.000000,508.540578,28.304967,0.006137,8.206588,8.206588,-3.353730
510.000000,508.502547,30.310445,0.006672,8.165373,8.165373,-3.369817
512.000000,508.436692,32.315177,0.006247,8.120126,8.120126,-3.382614
514.000000,508.344046,34.318896,0.005768,8.076604,8.076604,-3.385000
516.000000,508.232353,36.321575,0.006518,8.027986,8.027986,-3.383792
518.000000,508.092842,38.322563,0.007092,7.984088,7.984088,-3.378769
520.000000,507.923342,40.321229,0.006933,7.944246,7.944246,-3.372607
522.000000,507.727844,42.317500,0.006853,7.906850,7.906850,-3.363364
524.000000,507.503232,44.310715,0.006791,7.876358,7.876358,-3.343959
526.000000,507.253170,46.300898,0.007238,7.849312,7.849312,-3.316356
528.000000,506.974606,48.287296,0.007873,7.830626,7.830626,-3.280535
530.000000,506.663056,50.268784,0.007545,7.820911,7.820911,-3.242216
532.000000,506.320666,52.245180,0.006828,7.819345,7.819345,-3.204728
534.000000,505.953120,54.217047,0.006871,7.819504,7.819504,-3.174154
536.000000,505.558565,56.183686,0.007473,7.823094,7.823094,-3.148155
538.000000,505.134642,58.144213,0.007948,7.831629,7.831629,-3.124915
540.000000,504.678754,60.097548,0.007976,7.841234,7.841234,-3.104127
542.000000,504.191397,62.043265,0.007701,7.852287,7.852287,-3.081665
544.000000,503.674182,63.981242,0.007443,7.861178,7.861178,-3.058773
546.000000,503.128159,65.911322,0.007551,7.868705,7.868705,-3.034968
548.000000,502.554105,67.833251,0.007474,7.871850,7.871850,-3.011715
550.000000,501.948259,69.745401,0.008381,7.873990,7.873990,-2.982994
552.000000,501.319046,71.649996,0.008923,7.869122,7.869122,-2.951134
554.000000,500.640248,73.537341,0.007077,7.885502,7.885502,-2.888297
556.000000,499.948220,75.420013,0.006947,7.880821,7.880821,-2.838846
558.000000,499.225019,77.290921,0.007589,7.877941,7.877941,-2.778049
560.000000,498.472871,79.150380,0.006843,7.875961,7.875961,-2.714821
562.000000,497.696171,80.999743,0.006409,7.871743,7.871743,-2.658346
564.000000,496.895652,82.838913,0.006158,7.865447,7.865447,-2.612483
566.000000,496.072471,84.668060,0.005983,7.860714,7.860714,-2.573423
568.000000,495.227797,86.487369,0.006411,7.856549,7.856549,-2.541857
570.000000,494.361199,88.296347,0.006606,7.851529,7.851529,-2.517044
572.000000,493.466691,90.091694,0.005806,7.852073,7.852073,-2.493164
574.000000,492.554359,91.878049,0.005677,7.851041,7.851041,-2.475778
576.000000,491.622094,93.654070,0.006233,7.851314,7.851314,-2.455923
578.000000,490.666453,95.417630,0.006100,7.854972,7.854972,-2.426951
580.000000,489.689004,97.169204,0.005543,7.859215,7.859215,-2.390571
582.000000,488.692481,98.909984,0.005267,7.864622,7.864622,-2.348599
584.000000,487.678224,100.640506,0.005803,7.869701,7.869701,-2.306402
586.000000,486.645153,102.359858,0.006660,7.875983,7.875983,-2.264734
588.000000,485.587215,104.064014,0.006543,7.888778,7.888778,-2.220877
590.000000,484.506411,105.753765,0.005911,7.908494,7.908494,-2.174928
592.000000,483.407059,107.431504,0.005836,7.929594,7.929594,-2.132368
594.000000,482.287791,109.096025,0.006045,7.952980,7.952980,-2.092531
596.000000,481.148665,110.747025,0.006201,7.974803,7.974803,-2.060313
598.000000,479.988790,112.383501,0.006067,7.997014,7.997014,-2.033459
600.000000,478.808511,114.005328,0.005582,8.019760,8.019760,-2.011910
602.000000,477.610447,115.614068,0.005982,8.040499,8.040499,-1.999115
604.000000,476.395955,117.210446,0.006890,8.057507,8.057507,-1.995252
606.000000,475.155307,118.786576,0.006487,8.080855,8.080855,-1.988667
608.000000,473.895762,120.347649,0.005935,8.103428,8.103428,-1.985219
610.000000,472.618417,121.894174,0.006128,8.122521,8.122521,-1.982472
612.000000,471.321601,123.424422,0.006266,8.139555,8.139555,-1.975011
614.000000,470.005905,124.938474,0.006558,8.151578,8.151578,-1.961388
616.000000,468.670924,126.435525,0.006589,8.159228,8.159228,-1.936752
618.000000,467.314259,127.912958,0.005728,8.167454,8.167454,-1.897703
620.000000,465.941574,129.375544,0.005278,8.167468,8.167468,-1.853578
622.000000,464.554913,130.824886,0.005992,8.154819,8.154819,-1.807955
624.000000,463.150584,132.257111,0.006982,8.129411,8.129411,-1.764964
626.000000,461.726437,133.669581,0.007699,8.097083,8.097083,-1.731212
628.000000,460.280060,135.059316,0.008410,8.064193,8.064193,-1.704729
630.000000,458.811502,136.425526,0.009376,8.031241,8.031241,-1.680909
632.000000,457.316724,137.763032,0.009671,8.005404,8.005404,-1.648948
634.000000,455.795054,139.069865,0.008884,7.986712,7.986712,-1.602451
636.000000,454.250697,140.349817,0.008255,7.970860,7.970860,-1.540627
638.000000,452.686230,141.605109,0.008364,7.956646,7.956646,-1.463584
640.000000,451.100689,142.833679,0.008311,7.944578,7.944578,-1.369825
642.000000,449.494117,144.034621,0.007794,7.934801,7.934801,-1.257624
644.000000,447.869602,145.211175,0.007675,7.927107,7.927107,-1.130022
646.000000,446.227577,146.363180,0.007490,7.920794,7.920794,-0.988622
648.000000,444.566855,147.488079,0.006538,7.915577,7.915577,-0.836174
650.000000,442.892506,148.592587,0.005922,7.912588,7.912588,-0.680126
652.000000,441.205468,149.677622,0.005860,7.911248,7.911248,-0.522442
654.000000,439.505412,150.742148,0.005709,7.909766,7.909766,-0.364863
656.000000,437.793532,151.787550,0.005731,7.907000,7.907000,-0.208533
658.000000,436.069975,152.813580,0.006158,7.901992,7.901992,-0.051828
660.000000,434.334009,153.818477,0.006422,7.893299,7.893299,0.108124
662.000000,432.584445,154.799513,0.006177,7.880236,7.880236,0.274062
664.000000,430.823311,155.759607,0.006036,7.862847,7.862847,0.446294
666.000000,429.050771,156.698484,0.006073,7.841095,7.841095,0.623382
668.000000,427.266651,157.615172,0.005797,7.813954,7.813954,0.801030
670.000000,425.471876,158.510822,0.005359,7.782802,7.782802,0.973966
672.000000,423.667780,159.387542,0.005176,7.750040,7.750040,1.139658
674.000000,421.854830,160.245817,0.005078,7.716809,7.716809,1.296659
676.000000,420.032873,161.084805,0.004765,7.685096,7.685096,1.442959
678.000000,418.203178,161.906775,0.004394,7.654798,7.654798,1.583613
680.000000,416.366178,162.712290,0.004051,7.625341,7.625341,1.721251
682.000000,414.522799,163.503112,0.003690,7.598207,7.598207,1.856636
684.000000,412.673498,164.279991,0.003379,7.573749,7.573749,1.990326
686.000000,410.819178,165.044804,0.003210,7.551159,7.551159,2.123009
688.000000,408.959905,165.797499,0.003113,7.530073,7.530073,2.254663
690.000000,407.096006,166.538671,0.002938,7.510616,7.510616,2.384156
692.000000,405.227637,167.268510,0.002632,7.493943,7.493943,2.510423
694.000000,403.355483,167.988560,0.001819,7.477249,7.477249,2.630239
696.000000,401.480044,168.700037,0.001625,7.460594,7.460594,2.735825
698.000000,399.604462,169.411127,0.002564,7.451212,7.451212,2.812814
700.000000,397.723214,170.107093,0.002635,7.434303,7.434303,2.872302
702.000000,395.839018,170.795037,0.002099,7.416048,7.416048,2.908979
704.000000,393.951700,171.474368,0.001996,7.395309,7.395309,2.925958
706.000000,392.062050,172.147194,0.002436,7.371907,7.371907,2.925609
708.000000,390.169372,172.811391,0.002141,7.344656,7.344656,2.917421
710.000000,388.272082,173.462361,0.000894,7.310344,7.310344,2.911354
712.000000,386.375671,174.115888,0.001161,7.264741,7.264741,2.893007
714.000000,384.477384,174.763938,0.001909,7.222111,7.222111,2.872318
716.000000,382.575948,175.402696,0.001491,7.182801,7.182801,2.853465
718.000000,380.672827,176.036411,0.000975,7.145641,7.145641,2.832974
720.000000,378.768587,176.666762,0.000765,7.112089,7.112089,2.809286
722.000000,376.863315,177.293988,0.000172,7.082283,7.082283,2.782115
724.000000,374.957362,177.919138,-0.000345,7.055753,7.055753,2.749729
726.000000,373.052957,178.548926,0.000857,7.022941,7.022941,2.705802
728.000000,371.147921,179.176779,0.003190,6.989530,6.989530,2.658375
730.000000,369.238340,179.790751,0.003429,6.964766,6.964766,2.620110
732.000000,367.322705,180.385568,0.002103,6.935203,6.935203,2.595666
734.000000,365.406954,180.979997,0.002362,6.920442,6.920442,2.564835
736.000000,363.487407,181.562042,0.002907,6.907063,6.907063,2.539058
738.000000,361.564491,182.132877,0.002602,6.894649,6.894649,2.516819
740.000000,359.638635,182.693714,0.002159,6.885005,6.885005,2.497557
742.000000,357.710190,183.245594,0.001569,6.879549,6.879549,2.480256
744.000000,355.780191,183.792011,0.001215,6.880447,6.880447,2.461933
746.000000,353.848951,184.334027,0.001003,6.886046,6.886046,2.441808
748.000000,351.916439,184.871496,0.000750,6.894607,6.894607,2.420011
750.000000,349.983357,185.406908,0.000574,6.907013,6.907013,2.396705
752.000000,348.049455,185.939350,0.000455,6.921514,6.921514,2.374545
754.000000,346.115303,186.470883,0.000495,6.939070,6.939070,2.352033
756.000000,344.180526,187.000138,0.000535,6.955905,6.955905,2.331059
758.000000,342.245144,187.527174,0.000102,6.970707,6.970707,2.311531
760.000000,340.309329,188.052620,-0.000730,6.983395,6.983395,2.292523
762.000000,338.374558,188.581883,-0.000522,6.997662,6.997662,2.268787
764.000000,336.441238,189.116436,0.000528,7.013793,7.013793,2.240041
766.000000,334.506190,189.644696,0.000590,7.017786,7.017786,2.218764
768.000000,332.570895,190.172056,0.000288,7.016577,7.016577,2.199334
770.000000,330.635309,190.698345,0.000328,7.012618,7.012618,2.182453
772.000000,328.699336,191.223209,0.000308,7.006505,7.006505,2.169100
774.000000,326.763045,191.746896,0.000220,6.997547,6.997547,2.159188
776.000000,324.826480,192.269571,0.000138,6.984558,6.984558,2.152431
778.000000,322.889855,192.792025,0.000203,6.968494,6.968494,2.148052
780.000000,320.953046,193.313796,0.000345,6.949650,6.949650,2.146612
782.000000,319.015814,193.833992,0.000420,6.927762,6.927762,2.148750
784.000000,317.078173,194.352664,0.000441,6.902796,6.902796,2.154358
786.000000,315.140023,194.869429,0.000004,6.874653,6.874653,2.164627
788.000000,313.201467,195.384668,-0.000096,6.843989,6.843989,2.178496
790.000000,311.264221,195.904803,0.000881,6.817762,6.817762,2.188603
792.000000,309.325168,196.418160,0.001280,6.784640,6.784640,2.206010
794.000000,307.384782,196.926466,0.000820,6.746742,6.746742,2.227078
796.000000,305.443604,197.431740,0.000544,6.706107,6.706107,2.249932
798.000000,303.501998,197.935365,0.000431,6.662479,6.662479,2.273368
800.000000,301.559835,198.436839,0.000623,6.615449,6.615449,2.297981
802.000000,299.617473,198.937542,0.000602,6.566460,6.566460,2.322581
804.000000,297.673576,199.432229,-0.000012,6.510529,6.510529,2.352200
806.000000,295.730547,199.930331,-0.000225,6.457423,6.457423,2.375934
808.000000,293.787357,200.427809,-0.000285,6.403179,6.403179,2.397828
810.000000,291.844513,200.926638,-0.000707,6.350056,6.350056,2.415428
812.000000,289.902279,201.427837,-0.001221,6.299329,6.299329,2.428167
814.000000,287.961324,201.933957,-0.001643,6.253725,6.253725,2.434127
816.000000,286.022154,202.446877,-0.001720,6.216270,6.216270,2.431846
818.000000,284.084863,202.966844,-0.001303,6.187794,6.187794,2.420607
820.000000,282.149151,203.492666,-0.000512,6.167889,6.167889,2.401647
822.000000,280.213844,204.019983,0.000172,6.152774,6.152774,2.379271
824.000000,278.278295,204.546407,0.000383,6.140603,6.140603,2.356304
826.000000,276.342102,205.070457,0.000059,6.129362,6.129362,2.334348
828.000000,274.405824,205.594192,-0.000405,6.120116,6.120116,2.311176
830.000000,272.470110,206.120011,-0.000558,6.112570,6.112570,2.284220
832.000000,270.535060,206.648264,-0.000479,6.108902,6.108902,2.253305
834.000000,268.600477,207.178227,-0.000402,6.108612,6.108612,2.218925
836.000000,266.666329,207.709779,-0.000265,6.110937,6.110937,2.180760
838.000000,264.732552,208.242676,-0.000063,6.114669,6.114669,2.138597
840.000000,262.798728,208.775402,0.000002,6.117806,6.117806,2.094566
842.000000,260.864896,209.308100,0.000068,6.120085,6.120085,2.048981
844.000000,258.931119,209.840996,0.000137,6.122217,6.122217,2.002187
846.000000,256.996949,210.372466,0.000010,6.123148,6.123148,1.956463
848.000000,255.062927,210.904472,-0.000072,6.125048,6.125048,1.910403
850.000000,253.128959,211.436679,0.000054,6.127957,6.127957,1.864908
852.000000,251.195040,211.969059,0.000249,6.132019,6.132019,1.820290
854.000000,249.260739,212.500052,0.000374,6.135825,6.135825,1.778311
856.000000,247.326094,213.029789,0.000512,6.139648,6.139648,1.738476
858.000000,245.390928,213.557617,0.000641,6.142529,6.142529,1.701309
860.000000,243.454980,214.082574,0.000542,6.143638,6.143638,1.667532
862.000000,241.518410,214.605230,0.000290,6.142452,6.142452,1.636413
864.000000,239.581586,215.126945,0.000099,6.140129,6.140129,1.606755
866.000000,237.644675,215.648334,0.000006,6.138092,6.138092,1.578335
868.000000,235.707778,216.169779,0.000014,6.135912,6.135912,1.550945
870.000000,233.770912,216.691337,0.000050,6.135810,6.135810,1.524312
872.000000,231.833912,217.212396,-0.000001,6.135457,6.135457,1.498640
874.000000,229.896942,217.733570,-0.000091,6.135316,6.135316,1.473068
876.000000,227.960047,218.255021,-0.000086,6.135266,6.135266,1.447411
878.000000,226.023354,218.777220,0.000025,6.136692,6.136692,1.421227
880.000000,224.086543,219.298984,0.000060,6.138661,6.138661,1.395708
882.000000,222.149662,219.820486,0.000036,6.141160,6.141160,1.370493
884.000000,220.212789,220.342019,0.000026,6.144645,6.144645,1.345205
886.000000,218.275818,220.863185,0.000008,6.148154,6.148154,1.320163
888.000000,216.338928,221.384654,0.000082,6.151920,6.151920,1.294590
890.000000,214.401939,221.905758,0.000262,6.154536,6.154536,1.269056
892.000000,212.464725,222.426022,0.000378,6.156050,6.156050,1.243977
894.000000,210.526967,222.944256,0.000337,6.155085,6.155085,1.220614
896.000000,208.588947,223.461510,0.000210,6.152508,6.152508,1.198207
898.000000,206.650593,223.977508,-0.000037,6.149439,6.149439,1.177550
900.000000,204.712296,224.493726,-0.000224,6.146894,6.146894,1.157705
902.000000,202.774373,225.011341,-0.000225,6.144597,6.144597,1.137796
904.000000,200.836574,225.529421,-0.000196,6.140833,6.140833,1.118857
906.000000,198.899089,226.048678,-0.000068,6.136402,6.136402,1.100190
908.000000,196.961666,226.568164,0.000064,6.130981,6.130981,1.082889
910.000000,195.024088,227.087071,0.000044,6.125168,6.125168,1.068010
912.000000,193.086494,227.605917,0.000006,6.118291,6.118291,1.054928
914.000000,191.148906,228.124785,-0.000012,6.110587,6.110587,1.043625
916.000000,189.211298,228.643582,-0.000079,6.102696,6.102696,1.034220
918.000000,187.273772,229.162684,-0.000158,6.095009,6.095009,1.026224
920.000000,185.336430,229.682470,-0.000182,6.086829,6.086829,1.019089
922.000000,183.399298,230.203038,-0.000200,6.077498,6.077498,1.012425
924.000000,181.462321,230.724184,-0.000198,6.067154,6.067154,1.006129
926.000000,179.525660,231.246506,-0.000145,6.055609,6.055609,0.999542
928.000000,177.589039,231.768972,-0.000138,6.043246,6.043246,0.993699
930.000000,175.652630,232.292224,-0.000107,6.031598,6.031598,0.987753
932.000000,173.716338,232.815911,-0.000028,6.020020,6.020020,0.981835
934.000000,171.780048,233.339602,0.000063,6.008089,6.008089,0.976311
936.000000,169.843754,233.863282,0.000254,5.996896,5.996896,0.971196
938.000000,167.907201,234.386000,0.000386,5.986609,5.986609,0.967444
940.000000,165.970107,234.906710,0.000290,5.977876,5.977876,0.966028
942.000000,164.032737,235.426393,0.000161,5.970177,5.970177,0.965776
944.000000,162.095247,235.945628,0.000051,5.962014,5.962014,0.966014
946.000000,160.157602,236.464283,-0.000013,5.953930,5.953930,0.966979
948.000000,158.220173,236.983748,0.000187,5.947999,5.947999,0.967456
950.000000,156.282521,237.502380,0.000445,5.944790,5.944790,0.969417
952.000000,154.344322,238.018962,0.000622,5.944548,5.944548,0.974324
954.000000,152.405597,238.533561,0.000698,5.948254,5.948254,0.982508
956.000000,150.465902,239.044499,0.000267,5.954855,5.954855,0.995552
958.000000,148.525798,239.553882,-0.000374,5.961804,5.961804,1.011008
960.000000,146.586383,240.065878,-0.000690,5.968111,5.968111,1.024374
962.000000,144.647537,240.580024,-0.001042,5.973763,5.973763,1.035496
964.000000,142.709708,241.097990,-0.001308,5.977149,5.977149,1.042295
966.000000,140.773604,241.622367,-0.001042,5.976332,5.976332,1.042075
968.000000,138.838505,242.150427,-0.000477,5.971196,5.971196,1.037626
970.000000,136.904059,242.680888,-0.000214,5.963767,5.963767,1.030589
972.000000,134.969319,243.210275,-0.000505,5.959188,5.959188,1.024042
974.000000,133.035442,243.742730,-0.000010,5.948808,5.948808,1.013087
976.000000,131.102328,244.277944,0.000839,5.935503,5.935503,0.999894
978.000000,129.166876,244.804726,0.000395,5.929519,5.929519,0.995068
980.000000,127.231724,245.332607,-0.000026,5.925192,5.925192,0.988945
982.000000,125.296604,245.860606,0.000142,5.920265,5.920265,0.982883
984.000000,123.361229,246.387668,0.000185,5.915932,5.915932,0.978076
986.000000,121.425730,246.914278,0.000188,5.913504,5.913504,0.974001
988.000000,119.489951,247.439855,0.000089,5.911457,5.911457,0.971361
990.000000,117.554063,247.965031,0.000072,5.910698,5.910698,0.969590
992.000000,115.618298,248.490662,0.000162,5.910449,5.910449,0.967954
994.000000,113.682094,249.014672,0.000031,5.909740,5.909740,0.968703
996.000000,111.745962,249.538949,0.000008,5.909968,5.909968,0.969726
998.000000,109.809996,250.063838,0.000111,5.910931,5.910931,0.970742
1000.000000,107.873593,250.587111,0.000033,5.912186,5.912186,0.974238
1002.000000,105.937432,251.111279,0.000015,5.915386,5.915386,0.977372
1004.000000,104.001085,251.634763,-0.000011,5.920282,5.920282,0.981737
1006.000000,102.064803,252.158484,-0.000126,5.927330,5.927330,0.986088
1008.000000,100.128623,252.682581,-0.000204,5.934144,5.934144,0.990208
1010.000000,98.192706,253.207651,-0.000103,5.941835,5.941835,0.993471
1012.000000,96.257019,253.733566,0.000024,5.949467,5.949467,0.995946
1014.000000,94.321041,254.258413,-0.000056,5.955414,5.955414,0.999602
1016.000000,92.385312,254.784175,-0.000273,5.961957,5.961957,1.002352
1018.000000,90.449611,255.310038,-0.000407,5.967196,5.967196,1.005047
1020.000000,88.514758,255.839016,-0.000312,5.972567,5.972567,1.004805
1022.000000,86.579902,256.367978,-0.000258,5.976184,5.976184,1.005034
1024.000000,84.645529,256.898709,-0.000238,5.978819,5.978819,1.003794
1026.000000,82.711291,257.429929,-0.000251,5.980141,5.980141,1.002292
1028.000000,80.777313,257.962098,-0.000349,5.977440,5.977440,0.999972
1030.000000,78.843753,258.495782,-0.000325,5.974109,5.974109,0.996133
1032.000000,76.910592,259.030906,-0.000141,5.970962,5.970962,0.991027
1034.000000,74.977607,259.566671,0.000022,5.967889,5.967889,0.985503
1036.000000,73.044474,260.101896,0.000053,5.963242,5.963242,0.980964
1038.000000,71.111365,260.637214,0.000069,5.959655,5.959655,0.976864
1040.000000,69.178126,261.172061,0.000044,5.955952,5.955952,0.973862
1042.000000,67.244829,261.706694,-0.000115,5.952247,5.952247,0.971824
1044.000000,65.311590,262.241541,-0.000180,5.948760,5.948760,0.970345
1046.000000,63.378788,262.777963,-0.000023,5.945577,5.945577,0.968157
1048.000000,61.445829,263.313817,-0.000041,5.942308,5.942308,0.967262
1050.000000,59.512845,263.849584,-0.000078,5.938561,5.938561,0.966983
1052.000000,57.580243,264.386728,0.000110,5.935659,5.935659,0.965718
1054.000000,55.647238,264.922419,0.000130,5.931736,5.931736,0.966088
1056.000000,53.714184,265.457930,-0.000075,5.928062,5.928062,0.966554
1058.000000,51.781071,265.993231,-0.000110,5.924070,5.924070,0.966934
1060.000000,49.848447,266.530294,0.000165,5.922335,5.922335,0.965287
1062.000000,47.915377,267.065750,0.000296,5.919836,5.919836,0.965101
1064.000000,45.982002,267.600102,0.000187,5.916729,5.916729,0.965927
1066.000000,44.048410,268.133673,-0.000016,5.914032,5.914032,0.967576
1068.000000,42.114753,268.667005,-0.000177,5.909323,5.909323,0.969696
1070.000000,40.181510,269.201836,-0.000148,5.905194,5.905194,0.970471
1072.000000,38.248263,269.736650,-0.000073,5.900119,5.900119,0.971621
1074.000000,36.315244,270.272289,-0.000025,5.894956,5.894956,0.972070
1076.000000,34.382087,270.807430,-0.000021,5.888946,5.888946,0.973250
1078.000000,32.449085,271.343131,0.000041,5.883928,5.883928,0.974212
1080.000000,30.516001,271.878537,0.000097,5.877929,5.877929,0.976056
1082.000000,28.582749,272.413334,-0.000080,5.871051,5.871051,0.979354
1084.000000,26.649500,272.948141,-0.000230,5.864394,5.864394,0.983284
1086.000000,24.716758,273.484781,-0.000122,5.858545,5.858545,0.985879
1088.000000,22.783987,274.021316,-0.000157,5.852474,5.852474,0.988879
1090.000000,20.851290,274.558116,-0.000211,5.845376,5.845376,0.991695
1092.000000,18.919154,275.096932,-0.000039,5.838879,5.838879,0.992456
1094.000000,16.986734,275.634729,-0.000039,5.830489,5.830489,0.994180
1096.000000,15.054487,276.173146,-0.000327,5.821626,5.821626,0.995127
1098.000000,13.122348,276.711950,-0.000514,5.810465,5.810465,0.995430
1100.000000,11.191238,277.254433,-0.000317,5.800248,5.800248,0.992038
1102.000000,9.260192,277.797142,-0.000172,5.787231,5.787231,0.988801
1104.000000,7.329367,278.340636,-0.000118,5.774556,5.774556,0.985333
1106.000000,5.398786,278.884996,-0.000102,5.761544,5.761544,0.981589
1108.000000,3.468008,279.428659,-0.000264,5.745926,5.745926,0.979197
1110.000000,1.537823,279.974423,-0.000277,5.730498,5.730498,0.975199
1112.000000,-0.392195,280.520774,-0.000245,5.713769,5.713769,0.971198
1114.000000,-2.321929,281.068133,-0.000505,5.696239,5.696239,0.967105
1116.000000,-4.251325,281.616677,-0.000673,5.678558,5.678558,0.962836
1118.000000,-6.179455,282.169660,-0.000378,5.661724,5.661724,0.955406
1120.000000,-8.107482,282.722996,-0.000274,5.643426,5.643426,0.948516
1122.000000,-10.035310,283.277029,-0.000384,5.624400,5.624400,0.941592
1124.000000,-11.962419,283.833554,-0.000394,5.606461,5.606461,0.932642
1126.000000,-13.889455,284.390332,-0.000382,5.588020,5.588020,0.923638
1128.000000,-15.815594,284.950208,-0.000215,5.571558,5.571558,0.911151
1130.000000,-17.741892,285.509540,-0.000120,5.554430,5.554430,0.898583
1132.000000,-19.667808,286.070181,-0.000223,5.539131,5.539131,0.883744
1134.000000,-21.593789,286.630600,-0.000351,5.522792,5.522792,0.868006
1136.000000,-23.519017,287.193601,-0.000242,5.508782,5.508782,0.848489
1138.000000,-25.444106,287.757077,0.000016,5.495719,5.495719,0.827706
1140.000000,-27.369135,288.320757,0.000066,5.482975,5.482975,0.806219
1142.000000,-29.294496,288.883304,-0.000065,5.468634,5.468634,0.785426
1144.000000,-31.219550,289.446898,-0.000107,5.455627,5.455627,0.763217
1146.000000,-33.144592,290.010536,-0.000062,5.442115,5.442115,0.740799
1148.000000,-35.069483,290.574685,0.000091,5.429491,5.429491,0.717889
1150.000000,-36.994409,291.138720,0.000238,5.417778,5.417778,0.695168
1152.000000,-38.919827,291.701069,0.000071,5.403593,5.403593,0.674260
1154.000000,-40.845300,292.263230,-0.000165,5.388978,5.388978,0.653351
1156.000000,-42.770492,292.826355,-0.000067,5.374475,5.374475,0.631316
1158.000000,-44.695445,293.390296,0.000196,5.360059,5.360059,0.608356
1160.000000,-46.620855,293.952674,0.000276,5.344978,5.344978,0.586911
1162.000000,-48.546475,294.514331,0.000221,5.330594,5.330594,0.566072
1164.000000,-50.472462,295.074733,0.000152,5.314399,5.314399,0.546588
1166.000000,-52.398500,295.634957,0.000075,5.298395,5.298395,0.527504
1168.000000,-54.324753,296.194439,0.000013,5.282482,5.282482,0.509688
1170.000000,-56.250860,296.754426,0.000013,5.268159,5.268159,0.492116
1172.000000,-58.177103,297.313943,0.000043,5.255246,5.255246,0.476204
1174.000000,-60.103280,297.873688,0.000156,5.244114,5.244114,0.461392
1176.000000,-62.029645,298.432789,0.000228,5.233144,5.233144,0.448860
1178.000000,-63.956399,298.990544,0.000209,5.221843,5.221843,0.439583
1180.000000,-65.883206,299.548115,0.000241,5.210636,5.210636,0.432601
1182.000000,-67.810455,300.104161,0.000147,5.198455,5.198455,0.429185
1184.000000,-69.737846,300.659711,0.000041,5.186517,5.186517,0.427872
1186.000000,-71.665166,301.215508,0.000092,5.175396,5.175396,0.427600
1188.000000,-73.592667,301.770677,0.000130,5.164520,5.164520,0.428900
1190.000000,-75.520287,302.325433,0.000118,5.154110,5.154110,0.431055
1192.000000,-77.448066,302.879638,0.000112,5.142464,5.142464,0.433926
1194.000000,-79.375932,303.433536,0.000238,5.130163,5.130163,0.437444
1196.000000,-81.303962,303.986867,0.000367,5.117550,5.117550,0.442167
1198.000000,-83.232635,304.537952,0.000249,5.102590,5.102590,0.450140
1200.000000,-85.161482,305.088425,0.000076,5.087717,5.087717,0.459788
1202.000000,-87.090439,305.638513,0.000018,5.073276,5.073276,0.471115
1204.000000,-89.019338,306.188806,-0.000013,5.060272,5.060272,0.483857
1206.000000,-90.948323,306.738797,-0.000075,5.046924,5.046924,0.498288
1208.000000,-92.877136,307.289391,-0.000110,5.033999,5.033999,0.513395
1210.000000,-94.805874,307.840249,-0.000091,5.021442,5.021442,0.529502
1212.000000,-96.734450,308.391671,-0.000069,5.009170,5.009170,0.546067
1214.000000,-98.663023,308.943106,-0.000108,4.997366,4.997366,0.563157
1216.000000,-100.591459,309.495019,-0.000158,4.985647,4.985647,0.580082
1218.000000,-102.519692,310.047638,-0.000281,4.973522,4.973522,0.596671
1220.000000,-104.447768,310.600806,-0.000512,4.960449,4.960449,0.613296
1222.000000,-106.375112,311.156522,-0.000527,4.949590,4.949590,0.628242
1224.000000,-108.301799,311.714507,-0.000400,4.940587,4.940587,0.642110
1226.000000,-110.228180,312.273551,-0.000444,4.933225,4.933225,0.656114
1228.000000,-112.154040,312.834385,-0.000487,4.927368,4.927368,0.668967
1230.000000,-114.079253,313.397438,-0.000415,4.924427,4.924427,0.679861
1232.000000,-116.004088,313.961780,-0.000430,4.922804,4.922804,0.689626
1234.000000,-117.928452,314.527728,-0.000476,4.922848,4.922848,0.697830
1236.000000,-119.852183,315.095821,-0.000416,4.923722,4.923722,0.703898
1238.000000,-121.775485,315.665367,-0.000293,4.926114,4.926114,0.708656
1240.000000,-123.698380,316.236286,-0.000106,4.929924,4.929924,0.712197
1242.000000,-125.621178,316.807533,-0.000017,4.934722,4.934722,0.715036
1244.000000,-127.544091,317.378389,0.000003,4.939770,4.939770,0.716848
1246.000000,-129.466793,317.949957,0.000140,4.944637,4.944637,0.716239
1248.000000,-131.389815,318.520447,0.000263,4.948402,4.948402,0.715078
1250.000000,-133.313047,319.090229,0.000288,4.950161,4.950161,0.713020
1252.000000,-135.236740,319.658452,0.000246,4.951287,4.951287,0.711058
1254.000000,-137.160617,320.226054,0.000176,4.951602,4.951602,0.707571
1256.000000,-139.084786,320.792665,0.000012,4.951919,4.951919,0.701921
1258.000000,-141.008989,321.359158,-0.000209,4.951141,4.951141,0.690488
1260.000000,-142.932883,321.926700,-0.000241,4.950977,4.950977,0.670530
1262.000000,-144.856407,322.495495,-0.000002,4.951600,4.951600,0.639406
1264.000000,-146.779881,323.064460,0.000303,4.952877,4.952877,0.594726
1266.000000,-148.703818,323.631858,0.000367,4.952515,4.952515,0.535941
1268.000000,-150.628257,324.197550,0.000322,4.951336,4.951336,0.464157
1270.000000,-152.552898,324.762553,0.000402,4.949015,4.949015,0.377685
1272.000000,-154.478093,325.325669,0.000486,4.944665,4.944665,0.274844
1274.000000,-156.403798,325.887033,0.000614,4.938162,4.938162,0.157042
1276.000000,-158.330120,326.446281,0.000879,4.932530,4.932530,0.023116
1278.000000,-160.257453,327.002030,0.001093,4.929370,4.929370,-0.129847
1280.000000,-162.186073,327.553297,0.001170,4.928841,4.928841,-0.312332
1282.000000,-164.115958,328.100119,0.001476,4.931170,4.931170,-0.523869
1284.000000,-166.047179,328.642203,0.002264,4.939775,4.939775,-0.764902
1286.000000,-167.980885,329.175340,0.003077,4.958703,4.958703,-1.029942
1288.000000,-169.917989,329.695983,0.003561,4.990302,4.990302,-1.316520
1290.000000,-171.858766,330.202759,0.004225,5.034685,5.034685,-1.632299
1292.000000,-173.803445,330.694352,0.005200,5.090842,5.090842,-1.977059
1294.000000,-175.753465,331.164294,0.006211,5.161415,5.161415,-2.332777
1296.000000,-177.708819,331.611446,0.007924,5.245049,5.245049,-2.683889
1298.000000,-179.670801,332.028471,0.010516,5.343830,5.343830,-3.024107
1300.000000,-181.641144,332.403912,0.012438,5.462171,5.462171,-3.348109
1302.000000,-183.620788,332.726617,0.012925,5.600215,5.600215,-3.651938
1304.000000,-185.607925,332.999233,0.013469,5.750466,5.750466,-3.937828
1306.000000,-187.601581,333.219106,0.014635,5.909045,5.909045,-4.202375
1308.000000,-189.600911,333.379445,0.015157,6.075985,6.075985,-4.441581
1310.000000,-191.604272,333.477159,0.014831,6.250517,6.250517,-4.658178
1312.000000,-193.609600,333.516325,0.014720,6.430092,6.430092,-4.857305
1314.000000,-195.615242,333.496760,0.015483,6.609103,6.609103,-5.045127
1316.000000,-197.619390,333.416398,0.016520,6.781405,6.781405,-5.225757
1318.000000,-199.619519,333.267367,0.016194,6.944748,6.944748,-5.383714
1320.000000,-201.613564,333.051179,0.014829,7.096257,7.096257,-5.509730
1322.000000,-203.600646,332.778500,0.015245,7.223170,7.223170,-5.605675
1324.000000,-205.579173,332.449125,0.016943,7.324705,7.324705,-5.676880
1326.000000,-207.544234,332.047277,0.017566,7.410153,7.410153,-5.727821
1328.000000,-209.494495,331.579188,0.017815,7.478570,7.478570,-5.771905
1330.000000,-211.426383,331.040270,0.018517,7.543151,7.543151,-5.805273
1332.000000,-213.337535,330.431968,0.020226,7.602185,7.602185,-5.831051
1334.000000,-215.222984,329.747983,0.021615,7.663668,7.663668,-5.841502
1336.000000,-217.074645,328.977191,0.020793,7.729041,7.729041,-5.827733
1338.000000,-218.893343,328.131801,0.019068,7.797474,7.797474,-5.788094
1340.000000,-220.677706,327.216063,0.017977,7.867462,7.867462,-5.726599
1342.000000,-222.429759,326.239745,0.018372,7.928267,7.928267,-5.657438
1344.000000,-224.144784,325.199748,0.019097,7.982121,7.982121,-5.577679
1346.000000,-225.817168,324.092500,0.018892,8.030013,8.030013,-5.484098
1348.000000,-227.447287,322.924070,0.018864,8.074565,8.074565,-5.375456
1350.000000,-229.032175,321.695039,0.019549,8.113001,8.113001,-5.254982
1352.000000,-230.568127,320.405404,0.020839,8.142784,8.142784,-5.127031
1354.000000,-232.049401,319.053177,0.021264,8.166532,8.166532,-4.990768
1356.000000,-233.467727,317.635025,0.019901,8.176274,8.176274,-4.856022
1358.000000,-234.830733,316.163718,0.019511,8.166866,8.166866,-4.732256
1360.000000,-236.137301,314.642093,0.021524,8.134079,8.134079,-4.629045
1362.000000,-237.377444,313.065904,0.023217,8.084098,8.084098,-4.530023
1364.000000,-238.538520,311.430549,0.022222,8.016007,8.016007,-4.395937
1366.000000,-239.625030,309.744716,0.020039,7.933863,7.933863,-4.201607
1368.000000,-240.644571,308.017596,0.018499,7.844690,7.844690,-3.952934
1370.000000,-241.598834,306.253529,0.018103,7.750321,7.750321,-3.666546
1372.000000,-242.491952,304.457621,0.017506,7.652735,7.652735,-3.360208
1374.000000,-243.314217,302.628155,0.014540,7.567013,7.567013,-3.039267
1376.000000,-244.085102,300.776517,0.011421,7.482011,7.482011,-2.708399
1378.000000,-244.815563,298.908415,0.009947,7.394888,7.394888,-2.364812
1380.000000,-245.508114,297.025974,0.008870,7.306836,7.306836,-2.020175
1382.000000,-246.167383,295.131572,0.008321,7.213252,7.213252,-1.707530
1384.000000,-246.796828,293.227109,0.007528,7.115348,7.115348,-1.433521
1386.000000,-247.392397,291.311744,0.007208,7.009040,7.009040,-1.165156
1388.000000,-247.970287,289.390937,0.007758,6.911522,6.911522,-0.912529
1390.000000,-248.506458,287.458089,0.005913,6.796475,6.796475,-0.656870
1392.000000,-249.023801,285.520128,0.004098,6.683101,6.683101,-0.416040
1394.000000,-249.528851,283.578892,0.003840,6.575846,6.575846,-0.199995
1396.000000,-250.013546,281.632492,0.002728,6.470084,6.470084,-0.003886
1398.000000,-250.491365,279.684382,0.001101,6.378373,6.378373,0.169018
1400.000000,-250.960681,277.734252,0.000985,6.293305,6.293305,0.322987
1402.000000,-251.436649,275.785709,0.001901,6.230508,6.230508,0.444655
1404.000000,-251.892407,273.832322,0.001701,6.164089,6.164089,0.558064
1406.000000,-252.352189,271.879889,0.001784,6.116875,6.116875,0.647154
1408.000000,-252.797485,269.924084,0.002154,6.072715,6.072715,0.729110
1410.000000,-253.239753,267.967597,0.002167,6.040600,6.040600,0.788638
1412.000000,-253.668759,266.008156,0.001551,6.012222,6.012222,0.836620
1414.000000,-254.093269,264.047751,0.001198,5.990788,5.990788,0.870929
1416.000000,-254.515648,262.086875,0.001497,5.980875,5.980875,0.893466
1418.000000,-254.927935,260.123850,0.001659,5.973254,5.973254,0.916852
1420.000000,-255.338971,258.160566,0.002038,5.975788,5.975788,0.932378
1422.000000,-255.736466,256.194490,0.001998,5.977940,5.977940,0.956163
1424.000000,-256.130170,254.227671,0.002584,5.991030,5.991030,0.974340
1426.000000,-256.513481,252.258778,0.003197,6.004571,6.004571,0.989692
1428.000000,-256.880546,250.286811,0.002673,6.010477,6.010477,1.001356
1430.000000,-257.239959,248.313414,0.002296,6.016329,6.016329,0.999844
1432.000000,-257.588630,246.338120,0.001950,6.016833,6.016833,0.990489
1434.000000,-257.930059,244.361534,0.001753,6.018373,6.018373,0.974742
1436.000000,-258.265801,242.383977,0.002162,6.019587,6.019587,0.941559
1438.000000,-258.592360,240.404878,0.002383,6.023470,6.023470,0.887752
1440.000000,-258.908648,238.424144,0.002576,6.027496,6.027496,0.807998
1442.000000,-259.216804,236.442101,0.002599,6.037796,6.037796,0.696062
1444.000000,-259.510547,234.457870,0.001894,6.052833,6.052833,0.553986
1446.000000,-259.799902,232.473012,0.001492,6.078878,6.078878,0.386481
1448.000000,-260.082301,230.487131,0.002225,6.112526,6.112526,0.209634
1450.000000,-260.359233,228.500496,0.003162,6.163301,6.163301,0.021628
1452.000000,-260.618592,226.511479,0.002899,6.214704,6.214704,-0.157402
1454.000000,-260.868133,224.521205,0.002525,6.276570,6.276570,-0.332541
1456.000000,-261.108617,222.529817,0.002993,6.352598,6.352598,-0.506162
1458.000000,-261.336695,220.536975,0.003383,6.436127,6.436127,-0.673907
1460.000000,-261.550792,218.542582,0.003608,6.524624,6.524624,-0.833175
1462.000000,-261.751152,216.546760,0.003911,6.617762,6.617762,-0.985833
1464.000000,-261.935202,214.549369,0.004253,6.714109,6.714109,-1.134340
1466.000000,-262.102958,212.550550,0.004872,6.809238,6.809238,-1.281271
1468.000000,-262.251426,210.550210,0.005766,6.898729,6.898729,-1.426782
1470.000000,-262.376591,208.548276,0.006156,6.978738,6.978738,-1.569003
1472.000000,-262.475070,206.544850,0.005824,7.048308,7.048308,-1.708717
1474.000000,-262.551308,204.540461,0.005740,7.110877,7.110877,-1.848923
1476.000000,-262.605075,202.535344,0.006804,7.168068,7.168068,-1.988981
1478.000000,-262.633706,200.529713,0.008839,7.220456,7.220456,-2.125689
1480.000000,-262.625609,198.523904,0.009397,7.262398,7.262398,-2.249034
1482.000000,-262.573860,196.518852,0.007720,7.307762,7.307762,-2.344151
1484.000000,-262.494953,194.514545,0.006330,7.347942,7.347942,-2.422156
1486.000000,-262.389832,192.511461,0.005540,7.381554,7.381554,-2.493994
1488.000000,-262.262526,190.509660,0.003692,7.410510,7.410510,-2.561607
1490.000000,-262.116794,188.509113,0.002893,7.435933,7.435933,-2.625585
1492.000000,-261.970808,186.508591,0.004696,7.441072,7.441072,-2.706465
1494.000000,-261.797322,184.510258,0.006135,7.451665,7.451665,-2.776230
1496.000000,-261.603767,182.513783,0.008012,7.456837,7.456837,-2.833797
1498.000000,-261.379538,180.520534,0.010691,7.457203,7.457203,-2.874264
1500.000000,-261.108576,178.533125,0.011564,7.456339,7.456339,-2.903191
1502.000000,-260.791114,176.552636,0.011025,7.458990,7.458990,-2.936104
1504.000000,-260.429330,174.579751,0.010372,7.467314,7.467314,-2.978149
1506.000000,-260.027811,172.614533,0.009486,7.479268,7.479268,-3.031246
1508.000000,-259.586193,170.657918,0.008156,7.490771,7.490771,-3.090958
1510.000000,-259.115193,168.708177,0.007368,7.496962,7.496962,-3.153950
1512.000000,-258.615192,166.765675,0.007583,7.498311,7.498311,-3.215543
1514.000000,-258.087524,164.830487,0.008099,7.494667,7.494667,-3.271512
1516.000000,-257.526254,162.904783,0.008148,7.487746,7.487746,-3.314022
1518.000000,-256.934437,160.988261,0.008156,7.478127,7.478127,-3.341121
1520.000000,-256.311725,159.081558,0.008775,7.467268,7.467268,-3.354621
1522.000000,-255.656285,157.185848,0.009382,7.457184,7.457184,-3.354768
1524.000000,-254.963410,155.303500,0.009173,7.449476,7.449476,-3.344566
1526.000000,-254.235971,153.434245,0.008615,7.445538,7.445538,-3.332722
1528.000000,-253.476997,151.577571,0.008330,7.446951,7.446951,-3.328510
1530.000000,-252.686857,149.733939,0.008117,7.454215,7.454215,-3.331996
1532.000000,-251.866913,147.903351,0.007587,7.464356,7.464356,-3.338359
1534.000000,-251.018077,146.085978,0.006853,7.474381,7.474381,-3.341209
1536.000000,-250.145731,144.279770,0.006781,7.481138,7.481138,-3.346247
1538.000000,-249.249628,142.485241,0.007450,7.482883,7.482883,-3.363006
1540.000000,-248.326649,140.704378,0.007702,7.479998,7.479998,-3.389852
1542.000000,-247.374387,138.938992,0.007092,7.469941,7.469941,-3.420754
1544.000000,-246.397966,137.186862,0.006478,7.454446,7.454446,-3.449978
1546.000000,-245.399009,135.447481,0.006196,7.432056,7.432056,-3.476145
1548.000000,-244.378533,133.720633,0.006335,7.400985,7.400985,-3.498374
1550.000000,-243.337443,132.006124,0.006884,7.360874,7.360874,-3.515618
1552.000000,-242.271673,130.306855,0.007072,7.313817,7.313817,-3.522438
1554.000000,-241.181666,128.623042,0.006725,7.262863,7.262863,-3.514841
1556.000000,-240.068825,126.954231,0.007335,7.206199,7.206199,-3.493931
1558.000000,-238.935397,125.299322,0.008072,7.143129,7.143129,-3.465402
1560.000000,-237.768361,123.667981,0.007007,7.092931,7.092931,-3.412838
1562.000000,-236.582707,122.050073,0.005658,7.034439,7.034439,-3.356429
1564.000000,-235.376350,120.447548,0.004984,6.975658,6.975658,-3.295254
1566.000000,-234.156829,118.854992,0.005481,6.907195,6.907195,-3.238446
1568.000000,-232.920413,117.275548,0.006474,6.833922,6.833922,-3.183650
1570.000000,-231.661342,115.714094,0.006645,6.758525,6.758525,-3.121469
1572.000000,-230.382953,114.168428,0.007097,6.682115,6.682115,-3.050670
1574.000000,-229.083022,112.640837,0.007495,6.608756,6.608756,-2.967113
1576.000000,-227.758117,111.134850,0.006733,6.542039,6.542039,-2.868296
1578.000000,-226.413466,109.646461,0.005875,6.478268,6.478268,-2.759253
1580.000000,-225.052251,108.173202,0.005791,6.417162,6.417162,-2.641687
1582.000000,-223.674063,106.715806,0.005836,6.360245,6.360245,-2.516800
1584.000000,-222.278319,105.275215,0.005540,6.308200,6.308200,-2.390235
1586.000000,-220.866803,103.850078,0.005359,6.259645,6.259645,-2.264651
1588.000000,-219.440652,102.439577,0.005336,6.213706,6.213706,-2.139293
1590.000000,-217.998578,101.045357,0.005042,6.170903,6.170903,-2.011411
1592.000000,-216.542928,99.665323,0.004721,6.131408,6.131408,-1.880875
1594.000000,-215.074203,98.299210,0.004591,6.094984,6.094984,-1.748693
1596.000000,-213.593179,96.946434,0.004836,6.061770,6.061770,-1.616920
1598.000000,-212.099741,95.607376,0.004849,6.032433,6.032433,-1.487196
1600.000000,-210.591279,94.285314,0.003884,6.000448,6.000448,-1.351439
1602.000000,-209.073490,92.973905,0.003082,5.972929,5.972929,-1.215666
1604.000000,-207.548207,91.671235,0.002489,5.951057,5.951057,-1.089723
1606.000000,-206.014886,90.378025,0.001696,5.931769,5.931769,-0.975466
1608.000000,-204.479185,89.087663,0.001811,5.920938,5.920938,-0.884898
1610.000000,-202.938689,87.803004,0.003061,5.914979,5.914979,-0.813393
1612.000000,-201.391483,86.526456,0.003593,5.912244,5.912244,-0.758662
1614.000000,-199.831146,85.265983,0.003414,5.901994,5.901994,-0.704193
1616.000000,-198.267176,84.010009,0.003711,5.899150,5.899150,-0.662023
1618.000000,-196.689183,82.771782,0.003644,5.886856,5.886856,-0.616833
1620.000000,-195.105802,81.540385,0.003657,5.879350,5.879350,-0.583342
1622.000000,-193.511052,80.323743,0.003348,5.866100,5.866100,-0.552258
1624.000000,-191.908507,79.117385,0.002830,5.851704,5.851704,-0.525780
1626.000000,-190.300299,77.918581,0.002366,5.838640,5.838640,-0.506349
1628.000000,-188.683906,76.730837,0.001187,5.822189,5.822189,-0.488523
1630.000000,-187.066845,75.543998,0.000633,5.813566,5.813566,-0.482298
1632.000000,-185.447958,74.359653,0.000766,5.807302,5.807302,-0.483890
1634.000000,-183.827370,73.177635,0.000715,5.803019,5.803019,-0.491024
1636.000000,-182.204733,71.998430,0.000507,5.801117,5.801117,-0.500755
1638.000000,-180.581118,70.820574,0.000380,5.801002,5.801002,-0.511808
1640.000000,-178.956709,69.643813,0.000346,5.802390,5.802390,-0.522722
1642.000000,-177.331279,68.468461,0.000382,5.803256,5.803256,-0.532037
1644.000000,-175.705415,67.293710,0.001169,5.802728,5.802728,-0.539722
1646.000000,-174.077843,66.121339,0.002727,5.797412,5.797412,-0.545667
1648.000000,-172.443159,64.958896,0.002820,5.779243,5.779243,-0.540425
1650.000000,-170.798970,63.809981,0.002502,5.744855,5.744855,-0.518235
1652.000000,-169.154705,62.661134,0.003026,5.709695,5.709695,-0.495438
1654.000000,-167.497077,61.531649,0.002164,5.651210,5.651210,-0.449162
1656.000000,-165.838575,60.403444,0.000808,5.590630,5.590630,-0.399397
1658.000000,-164.175485,59.282036,0.000375,5.521027,5.521027,-0.340814
1660.000000,-162.515162,58.156535,0.000766,5.456143,5.456143,-0.285595
1662.000000,-160.850514,57.037424,0.000443,5.383754,5.383754,-0.222136
1664.000000,-159.184842,55.919833,-0.000758,5.309876,5.309876,-0.153496
1666.000000,-157.521546,54.798724,-0.001311,5.241428,5.241428,-0.085960
1668.000000,-155.861349,53.673016,-0.001360,5.179455,5.179455,-0.021906
1670.000000,-154.204397,52.542541,-0.001303,5.124031,5.124031,0.038605
1672.000000,-152.550155,51.408101,-0.001216,5.074366,5.074366,0.096173
1674.000000,-150.899086,50.269050,-0.000999,5.032203,5.032203,0.149473
1676.000000,-149.250048,49.127057,-0.000898,4.997159,4.997159,0.199955
1678.000000,-147.602911,47.982326,-0.001092,4.967469,4.967469,0.248252
1680.000000,-145.958176,46.834146,-0.001260,4.942860,4.942860,0.293499
1682.000000,-144.316791,45.681183,-0.001342,4.921806,4.921806,0.333474
1684.000000,-142.677936,44.524626,-0.001274,4.905302,4.905302,0.369349
1686.000000,-141.043110,43.362380,-0.000977,4.894381,4.894381,0.398177
1688.000000,-139.409545,42.198364,-0.000923,4.884925,4.884925,0.424904
1690.000000,-137.778544,41.030757,-0.001018,4.879002,4.879002,0.447474
1692.000000,-136.149791,39.860015,-0.001119,4.876394,4.876394,0.466461
1694.000000,-134.523528,38.685818,-0.001104,4.875869,4.875869,0.481432
1696.000000,-132.900573,37.507054,-0.000662,4.878204,4.878204,0.490693
1698.000000,-131.278928,36.326487,-0.000140,4.881077,4.881077,0.496945
1700.000000,-129.657613,35.145466,0.000384,4.884693,4.884693,0.501904
1702.000000,-128.035651,33.965335,0.000777,4.891172,4.891172,0.507093
1704.000000,-126.411026,32.788873,0.000674,4.900353,4.900353,0.515873
1706.000000,-124.785032,31.614302,0.000650,4.914263,4.914263,0.526413
1708.000000,-123.158075,30.441065,0.000968,4.933282,4.933282,0.537708
1710.000000,-121.528295,29.271756,0.001038,4.955402,4.955402,0.552611
1712.000000,-119.896035,28.105910,0.000863,4.980453,4.980453,0.570897
1714.000000,-118.261832,26.942788,0.000693,5.008385,5.008385,0.591656
1716.000000,-116.625931,25.782055,0.000472,5.036248,5.036248,0.614831
1718.000000,-114.988906,24.622908,0.000272,5.067022,5.067022,0.639724
1720.000000,-113.351433,23.464394,0.000112,5.097173,5.097173,0.665718
1722.000000,-111.713453,22.306597,-0.000140,5.126829,5.126829,0.693297
1724.000000,-110.075897,21.148201,-0.000333,5.152918,5.152918,0.721931
1726.000000,-108.439302,19.988447,-0.000296,5.177110,5.177110,0.750517
1728.000000,-106.803462,18.827628,-0.000089,5.199078,5.199078,0.779047
1730.000000,-105.167903,17.666413,-0.000040,5.218791,5.218791,0.807200
1732.000000,-103.531857,16.505886,-0.000253,5.237889,5.237889,0.835742
1734.000000,-101.896873,15.343862,-0.000318,5.255133,5.255133,0.860769
1736.000000,-100.262609,14.180826,-0.000234,5.270957,5.270957,0.882332
1738.000000,-98.628805,13.017143,-0.000280,5.282590,5.282590,0.900555
1740.000000,-96.995547,11.852694,-0.000426,5.294328,5.294328,0.915903
1742.000000,-95.363353,10.686754,-0.000458,5.304698,5.304698,0.927558
1744.000000,-93.732469,9.518983,-0.000358,5.311880,5.311880,0.934207
1746.000000,-92.102193,8.350363,-0.000299,5.319677,5.319677,0.936343
1748.000000,-90.472744,7.180591,-0.000204,5.326706,5.326706,0.933777
1750.000000,-88.843839,6.010061,-0.000109,5.332749,5.332749,0.926159
1752.000000,-87.214932,4.839533,-0.000212,5.341127,5.341127,0.913885
1754.000000,-85.586510,3.668332,-0.000290,5.347520,5.347520,0.896495
1756.000000,-83.959113,2.495706,-0.000132,5.355786,5.355786,0.873067
1758.000000,-82.331906,1.322816,0.000136,5.365847,5.365847,0.845267
1760.000000,-80.704534,0.150155,0.000205,5.379800,5.379800,0.814165
1762.000000,-79.076019,-1.020917,-0.000029,5.395902,5.395902,0.782855
1764.000000,-77.448027,-2.192717,-0.000203,5.411453,5.411453,0.749001
1766.000000,-75.820402,-3.365027,-0.000113,5.429133,5.429133,0.712980
1768.000000,-74.193431,-4.538244,0.000241,5.446342,5.446342,0.674413
1770.000000,-72.565851,-5.710615,0.000656,5.466227,5.466227,0.635821
1772.000000,-70.936573,-6.880626,0.000733,5.489410,5.489410,0.599499
1774.000000,-69.305136,-8.047626,0.000532,5.520011,5.520011,0.566889
1776.000000,-67.672839,-9.213421,0.000463,5.551963,5.551963,0.535803
1778.000000,-66.039440,-10.377672,0.000611,5.588319,5.588319,0.506603
1780.000000,-64.404782,-11.540154,0.000592,5.628087,5.628087,0.479245
1782.000000,-62.768039,-12.699700,0.000135,5.673677,5.673677,0.455510
1784.000000,-61.131208,-13.859121,-0.000176,5.721824,5.721824,0.432284
1786.000000,-59.495378,-15.019953,-0.000182,5.768374,5.768374,0.407771
1788.000000,-57.859276,-16.180402,-0.000204,5.815651,5.815651,0.384438
1790.000000,-56.224408,-17.342590,-0.000105,5.861167,5.861167,0.360276
1792.000000,-54.589242,-18.504357,-0.000017,5.907426,5.907426,0.337544
1794.000000,-52.954416,-19.666603,-0.000002,5.951125,5.951125,0.315214
1796.000000,-51.319365,-20.828532,-0.000038,5.993340,5.993340,0.293700
1798.000000,-49.684441,-21.990642,-0.000081,6.032276,6.032276,0.272720
1800.000000,-48.049844,-23.153210,-0.000205,6.068631,6.068631,0.251405
1802.000000,-46.415222,-24.315743,-0.000274,6.104097,6.104097,0.230577
1804.000000,-44.782237,-25.480575,-0.000066,6.135711,6.135711,0.206779
1806.000000,-43.148557,-26.644432,-0.000229,6.166180,6.166180,0.183962
1808.000000,-41.515251,-27.808812,-0.000609,6.195452,6.195452,0.160751
1810.000000,-39.884036,-28.976120,-0.000490,6.221427,6.221427,0.134096
1812.000000,-38.253963,-30.145022,-0.000235,6.244353,6.244353,0.105009
1814.000000,-36.624099,-31.314219,-0.000327,6.263851,6.263851,0.075391
1816.000000,-34.994873,-32.484302,-0.000616,6.280647,6.280647,0.044754
1818.000000,-33.367239,-33.656598,-0.000844,6.295363,6.295363,0.011559
1820.000000,-31.741575,-34.831625,-0.000833,6.307184,6.307184,-0.024781
1822.000000,-30.118333,-36.009995,-0.000543,6.313803,6.313803,-0.065174
1824.000000,-28.496134,-37.189802,-0.000235,6.317990,6.317990,-0.107323
1826.000000,-26.874558,-38.370465,-0.000082,6.321426,6.321426,-0.150467
1828.000000,-25.252912,-39.551031,-0.000041,6.325654,6.325654,-0.193296
1830.000000,-23.631559,-40.732000,0.000182,6.329160,6.329160,-0.236342
1832.000000,-22.010076,-41.912790,0.000666,6.330026,6.330026,-0.279238
1834.000000,-20.386840,-43.091168,0.000983,6.327685,6.327685,-0.319288
1836.000000,-18.760948,-44.265880,0.000935,6.322654,6.322654,-0.354590
1838.000000,-17.132838,-45.437515,0.000881,6.314803,6.314803,-0.385615
1840.000000,-15.503012,-46.606762,0.001147,6.304076,6.304076,-0.413475
1842.000000,-13.870570,-47.772352,0.001058,6.290479,6.290479,-0.436739
1844.000000,-12.234341,-48.932620,0.000386,6.277144,6.277144,-0.452731
1846.000000,-10.598421,-50.093326,0.000175,6.257086,6.257086,-0.468231
1848.000000,-8.962064,-51.253415,0.000550,6.232666,6.232666,-0.482921
1850.000000,-7.324640,-52.411999,0.000726,6.204366,6.204366,-0.495844
1852.000000,-5.684677,-53.566984,0.000552,6.176662,6.176662,-0.504353
1854.000000,-4.044117,-54.721120,0.000471,6.144811,6.144811,-0.512422
1856.000000,-2.402173,-55.873288,0.000496,6.111030,6.111030,-0.518857
1858.000000,-0.759232,-57.024032,0.000405,6.074948,6.074948,-0.525160
1860.000000,0.884914,-58.173057,0.000342,6.035180,6.035180,-0.530473
1862.000000,2.529391,-59.321608,0.000233,5.994443,5.994443,-0.536295
1864.000000,4.175158,-60.468307,-0.000044,5.954733,5.954733,-0.540431
1866.000000,5.820156,-61.616110,-0.000022,5.912116,5.912116,-0.545499
1868.000000,7.464996,-62.764140,0.000114,5.867981,5.867981,-0.550617
1870.000000,9.110723,-63.910897,-0.000016,5.826608,5.826608,-0.552525
1872.000000,10.755887,-65.058462,-0.000226,5.785645,5.785645,-0.554355
1874.000000,12.401142,-66.205896,-0.000308,5.745505,5.745505,-0.554709
1876.000000,14.044691,-67.355772,-0.000289,5.703181,5.703181,-0.557507
1878.000000,15.688720,-68.504962,-0.000357,5.663430,5.663430,-0.557291
1880.000000,17.330830,-69.656895,-0.000527,5.624230,5.624230,-0.556613
1882.000000,18.972999,-70.808741,-0.000900,5.588513,5.588513,-0.548543
1884.000000,20.612091,-71.964963,-0.001244,5.554963,5.554963,-0.536899
1886.000000,22.248932,-73.124366,-0.001376,5.528014,5.528014,-0.519119
1888.000000,23.881789,-74.289376,-0.001481,5.504209,5.504209,-0.496669
1890.000000,25.512029,-75.458042,-0.002006,5.492233,5.492233,-0.465600
1892.000000,27.137615,-76.633174,-0.002755,5.489708,5.489708,-0.429624
1894.000000,28.756223,-77.817893,-0.002893,5.497579,5.497579,-0.389640
1896.000000,30.367330,-79.012797,-0.002619,5.512926,5.512926,-0.342954
1898.000000,31.972819,-80.215236,-0.002842,5.538776,5.538776,-0.285175
1900.000000,33.571871,-81.426224,-0.003376,5.575553,5.575553,-0.214520
1902.000000,35.161864,-82.649079,-0.003633,5.623701,5.623701,-0.131309
1904.000000,36.743416,-83.882823,-0.003967,5.684825,5.684825,-0.038830
1906.000000,38.315089,-85.129127,-0.004875,5.760171,5.760171,0.059931
1908.000000,39.875447,-86.389567,-0.006006,5.847658,5.847658,0.164924
1910.000000,41.419165,-87.670324,-0.006544,5.947771,5.947771,0.269861
1912.000000,42.946119,-88.970993,-0.006762,6.053472,6.053472,0.371258
1914.000000,44.455444,-90.292096,-0.007459,6.164887,6.164887,0.468027
1916.000000,45.945636,-91.634739,-0.008276,6.280325,6.280325,0.559268
1918.000000,47.411872,-93.003494,-0.008404,6.395122,6.395122,0.641539
1920.000000,48.855034,-94.396537,-0.008119,6.507832,6.507832,0.714262
1922.000000,50.275218,-95.813005,-0.007964,6.617062,6.617062,0.780705
1924.000000,51.672974,-97.251630,-0.007870,6.724323,6.724323,0.846460
1926.000000,53.047379,-98.712579,-0.007803,6.826642,6.826642,0.918527
1928.000000,54.399389,-100.194258,-0.008066,6.924772,6.924772,0.994217
1930.000000,55.727413,-101.697473,-0.008844,7.019211,7.019211,1.066031
1932.000000,57.029150,-103.223514,-0.009318,7.110816,7.110816,1.131338
1934.000000,58.299820,-104.775492,-0.011058,7.196756,7.196756,1.190082
1936.000000,59.543875,-106.348936,-0.013252,7.266707,7.266707,1.252985
1938.000000,60.732728,-107.963936,-0.012581,7.351034,7.351034,1.293951
1940.000000,61.888705,-109.603168,-0.012106,7.421146,7.421146,1.344656
1942.000000,63.002059,-111.271563,-0.012137,7.466646,7.466646,1.413508
1944.000000,64.072892,-112.967560,-0.011925,7.490101,7.490101,1.489734
1946.000000,65.107760,-114.685783,-0.013534,7.489626,7.489626,1.578730
1948.000000,66.093669,-116.432498,-0.014703,7.482315,7.482315,1.664263
1950.000000,67.024917,-118.208930,-0.013473,7.473460,7.473460,1.736746
1952.000000,67.906681,-120.010517,-0.011781,7.470942,7.470942,1.790701
1954.000000,68.749098,-121.830794,-0.011857,7.469147,7.469147,1.841077
1956.000000,69.548696,-123.670326,-0.012317,7.472640,7.472640,1.888500
1958.000000,70.299089,-125.530476,-0.011797,7.477138,7.477138,1.933522
1960.000000,71.007967,-127.406817,-0.011939,7.478533,7.478533,1.975213
1962.000000,71.672327,-129.299332,-0.012407,7.474441,7.474441,2.006778
1964.000000,72.286619,-131.208699,-0.012950,7.463149,7.463149,2.020228
1966.000000,72.856380,-133.131868,-0.014072,7.431304,7.431304,2.023212
1968.000000,73.366103,-135.071782,-0.014093,7.390941,7.390941,2.002096
1970.000000,73.822281,-137.024952,-0.013275,7.343052,7.343052,1.957103
1972.000000,74.225595,-138.989711,-0.012371,7.291740,7.291740,1.888570
1974.000000,74.579616,-140.963999,-0.011258,7.248203,7.248203,1.799529
1976.000000,74.889713,-142.945695,-0.010313,7.218517,7.218517,1.702822
1978.000000,75.158372,-144.933435,-0.009542,7.204541,7.204541,1.615280
1980.000000,75.389654,-146.925853,-0.008998,7.203571,7.203571,1.535994
1982.000000,75.584801,-148.922143,-0.008604,7.213907,7.213907,1.450254
1984.000000,75.745632,-150.921500,-0.008113,7.234551,7.234551,1.345716
1986.000000,75.873332,-152.923265,-0.007416,7.260063,7.260063,1.217467
1988.000000,75.971402,-154.926705,-0.006866,7.295354,7.295354,1.079797
1990.000000,76.042726,-156.931261,-0.006692,7.335820,7.335820,0.954003
1992.000000,76.086780,-158.936607,-0.006903,7.378926,7.378926,0.845865
1994.000000,76.104479,-160.942361,-0.007435,7.420270,7.420270,0.748755
1996.000000,76.091079,-162.948146,-0.007672,7.454492,7.454492,0.655891
1998.000000,76.046579,-164.953477,-0.007644,7.485857,7.485857,0.561916
2000.000000,75.971933,-166.957912,-0.008052,7.511030,7.511030,0.465461
2002.000000,75.865722,-168.960930,-0.008445,7.528725,7.528725,0.375241
2004.000000,75.723349,-170.961701,-0.008208,7.542243,7.542243,0.305221
2006.000000,75.549228,-172.959941,-0.007891,7.550214,7.550214,0.269040
2008.000000,75.343089,-174.955140,-0.007530,7.551508,7.551508,0.271443
2010.000000,75.106322,-176.946950,-0.006766,7.548325,7.548325,0.277079
2012.000000,74.842372,-178.935354,-0.006144,7.549025,7.549025,0.268716
2014.000000,74.555359,-180.920544,-0.006205,7.553412,7.553412,0.267156
2016.000000,74.243711,-182.902026,-0.006598,7.560530,7.560530,0.272779
2018.000000,73.905667,-184.879169,-0.006944,7.569523,7.569523,0.291401
2020.000000,73.540281,-186.851448,-0.007693,7.578442,7.578442,0.326223
2022.000000,73.145975,-188.818109,-0.009136,7.585878,7.585878,0.379561
2024.000000,72.715342,-190.777154,-0.010176,7.591091,7.591091,0.448864
2026.000000,72.242498,-192.726436,-0.010215,7.590704,7.590704,0.537556
2028.000000,71.730884,-194.665894,-0.010342,7.583190,7.583190,0.642601
2030.000000,71.179668,-196.594442,-0.010878,7.568736,7.568736,0.758480
2032.000000,70.586009,-198.510380,-0.010841,7.549105,7.549105,0.878806
2034.000000,69.949122,-200.412388,-0.010080,7.520198,7.520198,1.009498
2036.000000,69.275047,-202.301546,-0.009620,7.488284,7.488284,1.146432
2038.000000,68.565209,-204.177538,-0.009603,7.458145,7.458145,1.288451
2040.000000,67.818802,-206.039302,-0.009443,7.433209,7.433209,1.428951
2042.000000,67.037300,-207.886612,-0.009472,7.412356,7.412356,1.560188
2044.000000,66.222026,-209.719248,-0.010006,7.398611,7.398611,1.682655
2046.000000,65.369608,-211.534912,-0.010291,7.392053,7.392053,1.798220
2048.000000,64.478890,-213.332084,-0.010079,7.394591,7.394591,1.908916
2050.000000,63.552763,-215.111280,-0.010225,7.406096,7.406096,2.016056
2052.000000,62.591125,-216.871521,-0.010603,7.420653,7.420653,2.118892
2054.000000,61.590814,-218.610092,-0.010196,7.441630,7.441630,2.216104
2056.000000,60.554557,-220.327487,-0.009355,7.471499,7.471499,2.313156
2058.000000,59.487381,-222.025837,-0.009474,7.512040,7.512040,2.415524
2060.000000,58.389727,-223.704663,-0.010327,7.563390,7.563390,2.525251
2062.000000,57.255723,-225.359139,-0.010630,7.624162,7.624162,2.641260
2064.000000,56.086935,-226.989205,-0.010440,7.690302,7.690302,2.756663
2066.000000,54.884015,-228.594254,-0.010583,7.762109,7.762109,2.865438
2068.000000,53.648636,-230.174473,-0.010888,7.834197,7.834197,2.968596
2070.000000,52.377145,-231.725783,-0.011479,7.903085,7.903085,3.064279
2072.000000,51.073593,-233.250217,-0.011765,7.966542,7.966542,3.154943
2074.000000,49.728914,-234.738438,-0.011085,8.038381,8.038381,3.228242
2076.000000,48.356314,-236.201035,-0.010865,8.089910,8.089910,3.308805
2078.000000,46.949261,-237.630509,-0.011151,8.125975,8.125975,3.389103
2080.000000,45.513028,-239.030662,-0.012658,8.138201,8.138201,3.475483
2082.000000,44.043086,-240.395367,-0.014566,8.123079,8.123079,3.560466
2084.000000,42.530038,-241.712090,-0.014331,8.079717,8.079717,3.626291
2086.000000,40.980538,-242.985684,-0.013016,8.023140,8.023140,3.662271
2088.000000,39.397820,-244.217762,-0.012447,7.951438,7.951438,3.663807
2090.000000,37.786830,-245.412738,-0.012760,7.867995,7.867995,3.636816
2092.000000,36.144365,-246.564040,-0.012266,7.771957,7.771957,3.585508
2094.000000,34.473189,-247.673169,-0.011446,7.663845,7.663845,3.516755
2096.000000,32.779344,-248.747511,-0.011976,7.534624,7.534624,3.443411
2098.000000,31.059251,-249.779140,-0.012392,7.396112,7.396112,3.357553
2100.000000,29.313477,-250.766793,-0.011798,7.251167,7.251167,3.254795
2102.000000,27.544850,-251.712889,-0.011302,7.104022,7.104022,3.131729
2104.000000,25.755844,-252.619892,-0.011046,6.959142,6.959142,2.988475
2106.000000,23.946383,-253.485384,-0.010351,6.821862,6.821862,2.824328
2108.000000,22.119549,-254.313601,-0.009591,6.696103,6.696103,2.645937
2110.000000,20.277343,-255.107015,-0.009689,6.579560,6.579560,2.457512
2112.000000,18.420749,-255.866199,-0.009434,6.472589,6.472589,2.265360
2114.000000,16.548087,-256.584836,-0.008031,6.376668,6.376668,2.072843
2116.000000,14.665727,-257.277788,-0.008189,6.306913,6.306913,1.894911
2118.000000,12.773094,-257.941794,-0.010117,6.255001,6.255001,1.726558
2120.000000,10.866611,-258.565202,-0.011192,6.210363,6.210363,1.545758
2122.000000,8.946274,-259.144437,-0.010535,6.172560,6.172560,1.348791
2124.000000,7.013509,-259.680806,-0.008808,6.139601,6.139601,1.135255
2126.000000,5.071932,-260.184360,-0.007132,6.113213,6.113213,0.917572
2128.000000,3.123218,-260.659635,-0.005401,6.095740,6.095740,0.702133
2130.000000,1.169287,-261.113064,-0.003612,6.094314,6.094314,0.496344
2132.000000,-0.787509,-261.553977,-0.002698,6.113690,6.113690,0.306007
2134.000000,-2.746480,-261.985133,-0.003068,6.151438,6.151438,0.132556
2136.000000,-4.707696,-262.405949,-0.003927,6.200856,6.200856,-0.026117
2138.000000,-6.672650,-262.808933,-0.004029,6.256886,6.256886,-0.176259
2140.000000,-8.640789,-263.196050,-0.003588,6.317145,6.317145,-0.323065
2142.000000,-10.611635,-263.569167,-0.003110,6.381861,6.381861,-0.467013
2144.000000,-12.584869,-263.929460,-0.002748,6.453332,6.453332,-0.607017
2146.000000,-14.559817,-264.280203,-0.002672,6.532987,6.532987,-0.743152
2148.000000,-16.536796,-264.619338,-0.002322,6.614418,6.614418,-0.878917
2150.000000,-18.515397,-264.948886,-0.001643,6.696183,6.696183,-1.012177
2152.000000,-20.495000,-265.272375,-0.001281,6.773986,6.773986,-1.139939
2154.000000,-22.475313,-265.591480,-0.001262,6.846070,6.846070,-1.262426
2156.000000,-24.456508,-265.905064,-0.000976,6.912618,6.912618,-1.381283
2158.000000,-26.438433,-266.214011,-0.000385,6.973509,6.973509,-1.494413
2160.000000,-28.420468,-266.522243,-0.000230,7.032054,7.032054,-1.598416
2162.000000,-30.402512,-266.830423,-0.000421,7.086493,7.086493,-1.692091
2164.000000,-32.384995,-267.135762,-0.000074,7.133743,7.133743,-1.776227
2166.000000,-34.367628,-267.440133,0.000661,7.173997,7.173997,-1.842692
2168.000000,-36.349704,-267.748101,0.001042,7.209454,7.209454,-1.885742
2170.000000,-38.331110,-268.060349,0.001130,7.237872,7.237872,-1.903719
2172.000000,-40.311817,-268.377003,0.001199,7.258553,7.258553,-1.901853
2174.000000,-42.291741,-268.698520,0.001288,7.270512,7.270512,-1.885951
2176.000000,-44.270859,-269.024956,0.001541,7.273184,7.273184,-1.858811
2178.000000,-46.249019,-269.357148,0.001825,7.267871,7.267871,-1.819267
2180.000000,-48.225814,-269.697364,0.001855,7.253020,7.253020,-1.763812
2182.000000,-50.201366,-270.044725,0.001718,7.228601,7.228601,-1.692301
2184.000000,-52.175657,-270.399179,0.001602,7.191550,7.191550,-1.598685
2186.000000,-54.148882,-270.759530,0.001619,7.139417,7.139417,-1.478909
2188.000000,-56.120912,-271.126362,0.001555,7.073418,7.073418,-1.333647
2190.000000,-58.091671,-271.499957,0.000942,6.997836,6.997836,-1.162867
2192.000000,-60.061557,-271.878140,-0.000284,6.911669,6.911669,-0.964714
2194.000000,-62.031642,-272.255276,-0.001453,6.814097,6.814097,-0.742798
2196.000000,-64.003051,-272.625425,-0.002066,6.709118,6.709118,-0.511540
2198.000000,-65.975939,-272.987609,-0.002497,6.602760,6.602760,-0.274094
2200.000000,-67.950595,-273.340017,-0.003167,6.497679,6.497679,-0.026427
2202.000000,-69.927358,-273.680388,-0.004033,6.398096,6.398096,0.233130
2204.000000,-71.906862,-274.004387,-0.004993,6.304699,6.304699,0.504470
2206.000000,-73.889424,-274.309139,-0.005825,6.224564,6.224564,0.789027
2208.000000,-75.875591,-274.589383,-0.006283,6.161185,6.161185,1.082181
2210.000000,-77.865053,-274.845141,-0.007001,6.111849,6.111849,1.377094
2212.000000,-79.857774,-275.074163,-0.007780,6.079795,6.079795,1.671291
2214.000000,-81.854091,-275.269281,-0.008473,6.069724,6.069724,1.963276
2216.000000,-83.853111,-275.434438,-0.010257,6.082956,6.082956,2.252135
2218.000000,-85.855099,-275.557608,-0.010988,6.111233,6.111233,2.527054
2220.000000,-87.859644,-275.630040,-0.009460,6.160875,6.160875,2.794969
2222.000000,-89.864979,-275.669355,-0.009832,6.232895,6.232895,3.067920
2224.000000,-91.870824,-275.673498,-0.011426,6.325693,6.325693,3.349639
2226.000000,-93.875964,-275.622897,-0.010743,6.432427,6.432427,3.630320
2228.000000,-95.879801,-275.533115,-0.010351,6.554642,6.554642,3.920282
2230.000000,-97.881373,-275.403660,-0.011340,6.693196,6.693196,4.204456
2232.000000,-99.879285,-275.226452,-0.011498,6.841521,6.841521,4.473036
2234.000000,-101.872590,-275.002520,-0.011563,6.988481,6.988481,4.725623
2236.000000,-103.860476,-274.735694,-0.013121,7.135523,7.135523,4.973775
2238.000000,-105.840742,-274.416773,-0.014753,7.281205,7.281205,5.217240
2240.000000,-107.810080,-274.036214,-0.015024,7.431786,7.431786,5.448006
2242.000000,-109.767116,-273.597384,-0.015753,7.589815,7.589815,5.661233
2244.000000,-111.710262,-273.100137,-0.018266,7.755780,7.755780,5.861811
2246.000000,-113.633593,-272.531764,-0.021551,7.915454,7.915454,6.045781
2248.000000,-115.530846,-271.881246,-0.025401,8.060586,8.060586,6.217758
2250.000000,-117.392913,-271.136570,-0.028691,8.183666,8.183666,6.350839
2252.000000,-119.206361,-270.280637,-0.030652,8.308394,8.308394,6.421497
2254.000000,-120.966149,-269.319490,-0.035018,8.430133,8.430133,6.448198
2256.000000,-122.656641,-268.242145,-0.041835,8.543120,8.543120,6.424904
2258.000000,-124.246792,-267.022403,-0.045853,8.639958,8.639958,6.332775
2260.000000,-125.715582,-265.658586,-0.046055,8.728590,8.728590,6.176254
2262.000000,-127.052229,-264.164540,-0.044888,8.819540,8.819540,5.973602
2264.000000,-128.249349,-262.555967,-0.041232,8.929490,8.929490,5.731411
2266.000000,-129.301878,-260.848904,-0.035048,9.064156,9.064156,5.448202
2268.000000,-130.239267,-259.076069,-0.031177,9.178065,9.178065,5.158915
2270.000000,-131.065659,-257.248991,-0.030474,9.270270,9.270270,4.893255
2272.000000,-131.779619,-255.375243,-0.030845,9.328834,9.328834,4.683291
2274.000000,-132.377272,-253.461325,-0.032027,9.350890,9.350890,4.523941
2276.000000,-132.851417,-251.513306,-0.033624,9.342938,9.342938,4.396841
2278.000000,-133.192788,-249.537762,-0.035174,9.305598,9.305598,4.272529
2280.000000,-133.394288,-247.543121,-0.036831,9.236747,9.236747,4.121880
2282.000000,-133.448662,-245.538900,-0.037197,9.140847,9.140847,3.927062
2284.000000,-133.347052,-243.536344,-0.035130,9.036323,9.036323,3.670453
2286.000000,-133.107316,-241.545208,-0.031788,8.914128,8.914128,3.368183
2288.000000,-132.737346,-239.574121,-0.027805,8.773406,8.773406,3.052596
2290.000000,-132.260655,-237.626164,-0.024386,8.610205,8.610205,2.769519
2292.000000,-131.690227,-235.703530,-0.021687,8.426226,8.426226,2.545455
2294.000000,-131.035172,-233.808037,-0.019746,8.230328,8.230328,2.374041
2296.000000,-130.310550,-231.937828,-0.019818,8.012959,8.012959,2.221233
2298.000000,-129.511233,-230.098338,-0.019755,7.785822,7.785822,2.052227
2300.000000,-128.636174,-228.293564,-0.018089,7.539816,7.539816,1.860532
2302.000000,-127.698284,-226.520688,-0.016549,7.284843,7.284843,1.644626
2304.000000,-126.701871,-224.780043,-0.015862,7.028883,7.028883,1.406273
2306.000000,-125.651943,-223.071078,-0.015301,6.780964,6.780964,1.148902
2308.000000,-124.547981,-221.396473,-0.013751,6.550002,6.550002,0.882739
2310.000000,-123.397718,-219.753282,-0.011585,6.344736,6.344736,0.611369
2312.000000,-122.210607,-218.136517,-0.009943,6.170009,6.170009,0.316998
2314.000000,-120.991645,-216.543594,-0.008301,6.029476,6.029476,-0.008644
2316.000000,-119.744984,-214.972225,-0.005728,5.934476,5.934476,-0.363947
2318.000000,-118.479907,-213.415624,-0.002305,5.885023,5.885023,-0.739911
2320.000000,-117.207181,-211.865256,0.002064,5.873594,5.873594,-1.124176
2322.000000,-115.939295,-210.310932,0.006782,5.893524,5.893524,-1.498703
2324.000000,-114.695277,-208.737491,0.010313,5.942824,5.942824,-1.839655
2326.000000,-113.484292,-207.138546,0.012859,6.015304,6.015304,-2.135467
2328.000000,-112.315119,-205.508821,0.015150,6.105675,6.105675,-2.377586
2330.000000,-111.196331,-203.844100,0.016313,6.210373,6.210373,-2.563605
2332.000000,-110.135620,-202.141793,0.016210,6.327808,6.327808,-2.697489
2334.000000,-109.128729,-200.407154,0.016403,6.457373,6.457373,-2.794008
2336.000000,-108.179524,-198.640288,0.016717,6.585787,6.585787,-2.859052
2338.000000,-107.291638,-196.841789,0.016719,6.696602,6.696602,-2.892935
2340.000000,-106.462440,-195.015536,0.017451,6.778665,6.778665,-2.897637
2342.000000,-105.697660,-193.161449,0.018922,6.836054,6.836054,-2.882849
2344.000000,-105.003205,-191.279860,0.020629,6.876692,6.876692,-2.861234
2346.000000,-104.387431,-189.371093,0.021253,6.901877,6.901877,-2.822229
2348.000000,-103.857818,-187.436657,0.020846,6.925635,6.925635,-2.741671
2350.000000,-103.404695,-185.482917,0.021326,6.944981,6.944981,-2.624291
2352.000000,-103.037436,-183.511283,0.020684,6.966567,6.966567,-2.468960
2354.000000,-102.757767,-181.525161,0.018650,6.978972,6.978972,-2.298982
2356.000000,-102.545111,-179.530818,0.018357,6.962947,6.962947,-2.138312
2358.000000,-102.408444,-177.529861,0.018909,6.940129,6.940129,-1.955013
2360.000000,-102.346975,-175.525202,0.019715,6.920006,6.920006,-1.739231
2362.000000,-102.362868,-173.519597,0.021121,6.906438,6.906438,-1.498069
2364.000000,-102.465895,-171.516599,0.021704,6.897181,6.897181,-1.265550
2366.000000,-102.656800,-169.520092,0.021977,6.897778,6.897778,-1.056586
2368.000000,-102.932885,-167.533713,0.023140,6.908724,6.908724,-0.866137
2370.000000,-103.301635,-165.562406,0.024009,6.935595,6.935595,-0.674901
2372.000000,-103.766943,-163.611504,0.022535,6.981563,6.981563,-0.479504
2374.000000,-104.324116,-161.684742,0.019276,7.036602,7.036602,-0.305693
2376.000000,-104.951908,-159.779816,0.017400,7.089717,7.089717,-0.162000
2378.000000,-105.643261,-157.897144,0.017811,7.134750,7.134750,-0.050458
2380.000000,-106.401174,-156.040192,0.019496,7.176153,7.176153,0.034243
2382.000000,-107.229371,-154.213479,0.021907,7.219857,7.219857,0.088388
2384.000000,-108.138036,-152.425498,0.024915,7.267832,7.267832,0.101449
2386.000000,-109.132249,-150.683960,0.028407,7.332364,7.332364,0.096163
2388.000000,-110.226055,-149.003443,0.029897,7.419216,7.419216,0.078818
2390.000000,-111.423130,-147.394925,0.027367,7.536057,7.536057,0.061340
2392.000000,-112.708475,-145.855564,0.023537,7.665219,7.665219,0.066260
2394.000000,-114.061709,-144.375225,0.022077,7.776646,7.776646,0.081181
2396.000000,-115.477604,-142.954652,0.022851,7.854113,7.854113,0.093195
2398.000000,-116.957079,-141.600653,0.024370,7.904678,7.904678,0.093033
2400.000000,-118.500177,-140.319782,0.025963,7.945737,7.945737,0.048282
2402.000000,-120.108705,-139.122446,0.025303,7.986858,7.986858,-0.060416
2404.000000,-121.779770,-138.013683,0.022592,8.034215,8.034215,-0.229850
2406.000000,-123.496032,-136.975737,0.021906,8.068753,8.068753,-0.437755
2408.000000,-125.255629,-136.013240,0.023365,8.086341,8.086341,-0.632961
2410.000000,-127.058442,-135.134703,0.024705,8.105130,8.105130,-0.801706
2412.000000,-128.902678,-134.347198,0.024932,8.127971,8.127971,-0.951737
2414.000000,-130.784932,-133.655334,0.024719,8.153052,8.153052,-1.091043
2416.000000,-132.698019,-133.053494,0.024889,8.166305,8.166305,-1.248702
2418.000000,-134.639846,-132.552010,0.023207,8.175264,8.175264,-1.432705
2420.000000,-136.603714,-132.144430,0.020769,8.165422,8.165422,-1.644482
2422.000000,-138.581565,-131.811612,0.021562,8.118474,8.118474,-1.849772
2424.000000,-140.571576,-131.563524,0.023490,8.056397,8.056397,-2.025854
2426.000000,-142.571442,-131.414575,0.023359,7.993174,7.993174,-2.172877
2428.000000,-144.576204,-131.358483,0.023267,7.920390,7.920390,-2.305812
2430.000000,-146.581574,-131.392553,0.023468,7.834960,7.834960,-2.425477
2432.000000,-148.582714,-131.527549,0.022709,7.736441,7.736441,-2.520132
2434.000000,-150.576185,-131.747591,0.023371,7.620300,7.620300,-2.595646
2436.000000,-152.556992,-132.060345,0.025291,7.498862,7.498862,-2.652169
2438.000000,-154.519090,-132.474803,0.025422,7.384956,7.384956,-2.681963
2440.000000,-156.456466,-132.992742,0.023367,7.289509,7.289509,-2.674100
2442.000000,-158.368073,-133.599744,0.019592,7.201660,7.201660,-2.631981
2444.000000,-160.252677,-134.286379,0.016263,7.118206,7.118206,-2.555942
2446.000000,-162.117856,-135.023791,0.016963,7.019542,7.019542,-2.473971
2448.000000,-163.956595,-135.824801,0.019666,6.920489,6.920489,-2.378047
2450.000000,-165.761467,-136.699185,0.021348,6.834429,6.834429,-2.253756
2452.000000,-167.527358,-137.650114,0.021258,6.768455,6.768455,-2.096917
2454.000000,-169.248418,-138.680054,0.018273,6.726174,6.726174,-1.902554
2456.000000,-170.930073,-139.773161,0.013285,6.701202,6.701202,-1.670144
2458.000000,-172.581623,-140.911419,0.009602,6.683004,6.683004,-1.405326
2460.000000,-174.215528,-142.074916,0.009076,6.660124,6.660124,-1.137876
2462.000000,-175.826674,-143.269676,0.008439,6.644453,6.644453,-0.877208
2464.000000,-177.414991,-144.494712,0.006802,6.633887,6.633887,-0.625018
2466.000000,-178.990151,-145.736507,0.006368,6.615276,6.615276,-0.389690
2468.000000,-180.547278,-147.000932,0.006124,6.598035,6.598035,-0.157125
2470.000000,-182.089603,-148.283364,0.005646,6.578334,6.578334,0.066716
2472.000000,-183.617120,-149.583405,0.005505,6.557083,6.557083,0.275579
2474.000000,-185.130584,-150.899768,0.005481,6.537312,6.537312,0.471038
2476.000000,-186.629181,-152.233040,0.005436,6.519755,6.519755,0.660154
2478.000000,-188.113311,-153.582403,0.005365,6.507498,6.507498,0.839982
2480.000000,-189.582757,-154.947737,0.005334,6.502636,6.502636,1.014180
2482.000000,-191.037612,-156.328603,0.005197,6.505181,6.505181,1.190584
2484.000000,-192.477565,-157.725012,0.004561,6.515203,6.515203,1.372041
2486.000000,-193.904045,-159.135190,0.003589,6.532508,6.532508,1.554689
2488.000000,-195.321109,-160.554829,0.002952,6.554175,6.554175,1.732035
2490.000000,-196.729797,-161.982783,0.002442,6.578151,6.578151,1.899352
2492.000000,-198.130950,-163.418134,0.001817,6.603209,6.603209,2.051837
2494.000000,-199.527530,-164.857938,0.001548,6.624664,6.624664,2.188088
2496.000000,-200.919849,-166.301861,0.001464,6.642280,6.642280,2.316774
2498.000000,-202.307348,-167.750417,0.001163,6.654721,6.654721,2.447806
2500.000000,-203.691762,-169.201923,0.000984,6.656368,6.656368,2.580990
2502.000000,-205.073642,-170.655840,0.000971,6.648678,6.648678,2.713761
2504.000000,-206.452209,-172.112900,0.000832,6.632497,6.632497,2.847297
2506.000000,-207.828600,-173.572017,0.000696,6.606203,6.606203,2.980194
2508.000000,-209.202926,-175.033078,0.000694,6.568337,6.568337,3.112332
2510.000000,-210.575403,-176.495876,0.000626,6.521120,6.521120,3.246121
2512.000000,-211.945502,-177.960901,0.000046,6.469135,6.469135,3.386075
2514.000000,-213.314857,-179.426622,-0.001101,6.415175,6.415175,3.533018
2516.000000,-214.687536,-180.889229,-0.002401,6.363466,6.363466,3.682793
2518.000000,-216.067218,-182.345228,-0.003561,6.317861,6.317861,3.832002
2520.000000,-217.457618,-183.790989,-0.004206,6.282818,6.282818,3.978203
2522.000000,-218.860966,-185.224181,-0.004373,6.259921,6.259921,4.118570
2524.000000,-220.276249,-186.645590,-0.004791,6.246444,6.246444,4.254963
2526.000000,-221.704782,-188.053680,-0.005392,6.243641,6.243641,4.386660
2528.000000,-223.149202,-189.445465,-0.005497,6.252204,6.252204,4.511891
2530.000000,-224.609113,-190.820986,-0.005210,6.271811,6.271811,4.626973
2532.000000,-226.083194,-192.181313,-0.005218,6.299586,6.299586,4.732543
2534.000000,-227.570659,-193.526998,-0.005327,6.334691,6.334691,4.831179
2536.000000,-229.073803,-194.855150,-0.004922,6.375810,6.375810,4.924935
2538.000000,-230.589362,-196.169113,-0.004807,6.420870,6.420870,5.016919
2540.000000,-232.116643,-197.469438,-0.005195,6.468025,6.468025,5.106293
2542.000000,-233.658439,-198.752514,-0.005240,6.519539,6.519539,5.187471
2544.000000,-235.213291,-200.019733,-0.005392,6.572713,6.572713,5.257649
2546.000000,-236.781142,-201.270832,-0.005981,6.627163,6.627163,5.315439
2548.000000,-238.364350,-202.502435,-0.006354,6.681764,6.681764,5.357170
2550.000000,-239.963333,-203.713478,-0.006330,6.735297,6.735297,5.382259
2552.000000,-241.577643,-204.904013,-0.006548,6.788041,6.788041,5.392391
2554.000000,-243.206522,-206.074544,-0.007190,6.835312,6.835312,5.392488
2556.000000,-244.852882,-207.220345,-0.007443,6.876992,6.876992,5.381644
2558.000000,-246.516411,-208.341067,-0.007173,6.913803,6.913803,5.358205
2560.000000,-248.195809,-209.437859,-0.007120,6.946134,6.946134,5.324008
2562.000000,-249.890160,-210.511422,-0.007450,6.972610,6.972610,5.282193
2564.000000,-251.600706,-211.558992,-0.007618,6.993979,6.993979,5.232750
2566.000000,-253.327238,-212.579984,-0.007387,7.008769,7.008769,5.175903
2568.000000,-255.068818,-213.575093,-0.007249,7.022227,7.022227,5.105630
2570.000000,-256.824123,-214.545807,-0.007297,7.034393,7.034393,5.022560
2572.000000,-258.594099,-215.489499,-0.007501,7.044417,7.044417,4.927719
2574.000000,-260.377045,-216.408444,-0.007350,7.054760,7.054760,4.825267
2576.000000,-262.175330,-217.296946,-0.006435,7.071360,7.071360,4.711317
2578.000000,-263.983355,-218.165539,-0.006075,7.078204,7.078204,4.600665
2580.000000,-265.802114,-219.011402,-0.006105,7.081227,7.081227,4.487923
2582.000000,-267.631412,-219.834230,-0.005759,7.081127,7.081127,4.366865
2584.000000,-269.469810,-220.636543,-0.005424,7.073075,7.073075,4.240212
2586.000000,-271.317080,-221.418215,-0.004895,7.054865,7.054865,4.113511
2588.000000,-273.172015,-222.181513,-0.004868,7.027672,7.027672,3.988458
2590.000000,-275.033173,-222.929536,-0.005601,6.987331,6.987331,3.862866
2592.000000,-276.903660,-223.653887,-0.005757,6.935838,6.935838,3.728019
2594.000000,-278.782241,-224.356972,-0.005618,6.871511,6.871511,3.586924
2596.000000,-280.668322,-225.039693,-0.005582,6.794490,6.794490,3.449828
2598.000000,-282.562525,-225.699553,-0.004824,6.703339,6.703339,3.326383
2600.000000,-284.463092,-226.340866,-0.003407,6.601150,6.601150,3.205997
2602.000000,-286.368138,-226.968756,-0.001829,6.491442,6.491442,3.077896
2604.000000,-288.275345,-227.590071,-0.000299,6.378074,6.378074,2.955519
2606.000000,-290.183000,-228.210009,0.000551,6.263386,6.263386,2.855425
2608.000000,-292.089103,-228.834702,0.000475,6.152745,6.152745,2.784582
2610.000000,-293.995112,-229.459685,0.000248,6.042509,6.042509,2.742303
2612.000000,-295.900487,-230.086596,-0.000014,5.933255,5.933255,2.741719
2614.000000,-297.805978,-230.713157,-0.000567,5.825084,5.825084,2.777001
2616.000000,-299.711943,-231.338272,-0.001436,5.717076,5.717076,2.846324
2618.000000,-301.619679,-231.957958,-0.002073,5.603800,5.603800,2.941733
2620.000000,-303.530526,-232.567965,-0.002355,5.485355,5.485355,3.049336
2622.000000,-305.443593,-233.170996,-0.003220,5.366206,5.366206,3.169602
2624.000000,-307.360541,-233.761526,-0.004283,5.247614,5.247614,3.300137
2626.000000,-309.282814,-234.334520,-0.004848,5.137486,5.137486,3.440767
2628.000000,-311.210466,-234.889092,-0.004930,5.040514,5.040514,3.601508
2630.000000,-313.143913,-235.423148,-0.004599,4.961105,4.961105,3.804769
2632.000000,-315.081950,-235.940297,-0.005058,4.902175,4.902175,4.057114
2634.000000,-317.024463,-236.440367,-0.006455,4.863810,4.863810,4.364559
2636.000000,-318.973888,-236.912716,-0.007476,4.855019,4.855019,4.722735
2638.000000,-320.929945,-237.356745,-0.008532,4.877670,4.877670,5.102664
2640.000000,-322.893149,-237.767978,-0.009986,4.935708,4.935708,5.478337
2642.000000,-324.864351,-238.138912,-0.011221,5.036001,5.036001,5.845306
2644.000000,-326.843348,-238.465565,-0.012592,5.178996,5.178996,6.196340
2646.000000,-328.829788,-238.743214,-0.015182,5.361416,5.361416,6.523636
2648.000000,-330.823475,-238.962778,-0.018320,5.576381,5.576381,6.826762
2650.000000,-332.824073,-239.104985,-0.020512,5.811849,5.811849,7.101597
2652.000000,-334.828688,-239.166388,-0.023317,6.057174,6.057174,7.353932
2654.000000,-336.834035,-239.137254,-0.026625,6.302575,6.302575,7.567714
2656.000000,-338.834442,-238.995099,-0.027209,6.534807,6.534807,7.723059
2658.000000,-340.823871,-238.741982,-0.025809,6.742775,6.742775,7.833967
2660.000000,-342.797906,-238.388504,-0.026229,6.926962,6.926962,7.919589
2662.000000,-344.751796,-237.936493,-0.028822,7.087468,7.087468,7.981971
2664.000000,-346.675311,-237.369174,-0.031246,7.225451,7.225451,8.001177
2666.000000,-348.559767,-236.683577,-0.032263,7.350113,7.350113,7.970936
2668.000000,-350.393727,-235.873660,-0.030172,7.477601,7.477601,7.886195
2670.000000,-352.173725,-234.950092,-0.027329,7.601408,7.601408,7.763736
2672.000000,-353.905969,-233.939428,-0.029285,7.691237,7.691237,7.660241
2674.000000,-355.577383,-232.831030,-0.033629,7.764817,7.764817,7.580839
2676.000000,-357.166385,-231.607582,-0.036371,7.825477,7.825477,7.509749
2678.000000,-358.663979,-230.274479,-0.038837,7.882526,7.882526,7.430787
2680.000000,-360.051779,-228.828037,-0.040130,7.946251,7.946251,7.330837
2682.000000,-361.315303,-227.271790,-0.039309,8.020851,8.020851,7.191295
2684.000000,-362.454552,-225.622284,-0.039027,8.097967,8.097967,7.016471
2686.000000,-363.462877,-223.889604,-0.039913,8.175045,8.175045,6.825917
2688.000000,-364.328344,-222.081361,-0.040143,8.246887,8.246887,6.621660
2690.000000,-365.044089,-220.208383,-0.041020,8.312775,8.312775,6.396758
2692.000000,-365.610817,-218.284677,-0.043914,8.369781,8.369781,6.165858
2694.000000,-366.001138,-216.317625,-0.046207,8.398476,8.398476,5.961061
2696.000000,-366.207967,-214.323437,-0.046695,8.382752,8.382752,5.782601
2698.000000,-366.224846,-212.318945,-0.045606,8.314627,8.314627,5.595572
2700.000000,-366.057434,-210.321626,-0.042744,8.195076,8.195076,5.369139
2702.000000,-365.717783,-208.345963,-0.039723,8.043397,8.043397,5.073345
2704.000000,-365.226351,-206.402406,-0.037295,7.883555,7.883555,4.712409
2706.000000,-364.586724,-204.502551,-0.033809,7.722554,7.722554,4.288856
2708.000000,-363.820247,-202.649577,-0.030905,7.553730,7.553730,3.824572
2710.000000,-362.945528,-200.844929,-0.028698,7.370696,7.370696,3.342790
2712.000000,-361.960264,-199.098049,-0.024333,7.160949,7.160949,2.867966
2714.000000,-360.894559,-197.399102,-0.017752,6.905121,6.905121,2.438337
2716.000000,-359.762282,-195.743520,-0.011469,6.652174,6.652174,2.036510
2718.000000,-358.602800,-194.106744,-0.010584,6.427835,6.427835,1.699882
2720.000000,-357.411779,-192.492856,-0.012744,6.233619,6.233619,1.371010
2722.000000,-356.173557,-190.914890,-0.012588,6.057855,6.057855,1.046229
2724.000000,-354.898331,-189.366681,-0.011598,5.899582,5.899582,0.742481
2726.000000,-353.586230,-187.849644,-0.010252,5.758116,5.758116,0.458410
2728.000000,-352.242170,-186.360751,-0.010992,5.636696,5.636696,0.196611
2730.000000,-350.874987,-184.893276,-0.012817,5.558876,5.558876,-0.038210
2732.000000,-349.456487,-183.475231,-0.011805,5.472466,5.472466,-0.281646
2734.000000,-348.015312,-182.080076,-0.010596,5.415661,5.415661,-0.484353
2736.000000,-346.536985,-180.724497,-0.009743,5.366080,5.366080,-0.697035
2738.000000,-345.038743,-179.391003,-0.008479,5.344606,5.344606,-0.906262
2740.000000,-343.512160,-178.089873,-0.006432,5.322586,5.322586,-1.118418
2742.000000,-341.972243,-176.804539,-0.005091,5.315825,5.315825,-1.306537
2744.000000,-340.420139,-175.533982,-0.004621,5.324913,5.324913,-1.472800
2746.000000,-338.853578,-174.281245,-0.003390,5.337603,5.337603,-1.633802
2748.000000,-337.281218,-173.035796,-0.002555,5.362666,5.362666,-1.782375
2750.000000,-335.700832,-171.800546,-0.001583,5.390738,5.390738,-1.926633
2752.000000,-334.116847,-170.569910,-0.000242,5.416961,5.416961,-2.061285
2754.000000,-332.532371,-169.339907,0.000624,5.435803,5.435803,-2.176978
2756.000000,-330.950079,-168.107096,0.001020,5.446857,5.446857,-2.256667
2758.000000,-329.370078,-166.871350,0.001013,5.447076,5.447076,-2.292939
2760.000000,-327.793416,-165.631349,0.000603,5.435868,5.435868,-2.292726
2762.000000,-326.217844,-164.389960,0.000108,5.415751,5.415751,-2.271152
2764.000000,-324.642747,-163.147970,-0.000016,5.392926,5.392926,-2.235602
2766.000000,-323.066684,-161.907204,0.000310,5.369808,5.369808,-2.190654
2768.000000,-321.491922,-160.664788,0.000534,5.345541,5.345541,-2.133078
2770.000000,-319.918615,-159.420530,0.000489,5.319769,5.319769,-2.061021
2772.000000,-318.346425,-158.174861,0.000846,5.293251,5.293251,-1.976327
2774.000000,-316.775429,-156.927687,0.001802,5.264691,5.264691,-1.878681
2776.000000,-315.209405,-155.674280,0.002570,5.236596,5.236596,-1.761572
2778.000000,-313.650364,-154.412197,0.002916,5.210697,5.210697,-1.627717
2780.000000,-312.098347,-153.141496,0.003185,5.186852,5.186852,-1.494511
2782.000000,-310.554950,-151.860336,0.003296,5.163302,5.163302,-1.365532
2784.000000,-309.019910,-150.569171,0.003439,5.141533,5.141533,-1.239546
2786.000000,-307.493550,-149.267766,0.003661,5.123045,5.123045,-1.117576
2788.000000,-305.977264,-147.954632,0.003783,5.108374,5.108374,-0.999784
2790.000000,-304.470562,-146.630513,0.003836,5.102611,5.102611,-0.887270
2792.000000,-302.974642,-145.294225,0.003731,5.103957,5.103957,-0.772566
2794.000000,-301.488521,-143.947049,0.003695,5.113021,5.113021,-0.651803
2796.000000,-300.012165,-142.589175,0.003832,5.132383,5.132383,-0.524851
2798.000000,-298.546581,-141.219682,0.003885,5.163234,5.163234,-0.392088
2800.000000,-297.091630,-139.838907,0.003853,5.204733,5.204733,-0.253270
2802.000000,-295.647504,-138.446808,0.003861,5.257269,5.257269,-0.109279
2804.000000,-294.213949,-137.043823,0.003885,5.320206,5.320206,0.038193
2806.000000,-292.791719,-135.629359,0.003781,5.393153,5.393153,0.183140
2808.000000,-291.380176,-134.204233,0.004199,5.475322,5.475322,0.319432
2810.000000,-289.978995,-132.768915,0.005080,5.562811,5.562811,0.443159
2812.000000,-288.594662,-131.317350,0.005190,5.656836,5.656836,0.558395
2814.000000,-287.225168,-129.851783,0.004981,5.756286,5.756286,0.665533
2816.000000,-285.869851,-128.373087,0.005352,5.859143,5.859143,0.766648
2818.000000,-284.530177,-126.880210,0.005815,5.963542,5.963542,0.861940
2820.000000,-283.208898,-125.371026,0.006141,6.071765,6.071765,0.944604
2822.000000,-281.905249,-123.846610,0.006664,6.180354,6.180354,1.007339
2824.000000,-280.622739,-122.304364,0.007082,6.290145,6.290145,1.046561
2826.000000,-279.362376,-120.743958,0.007124,6.398466,6.398466,1.053738
2828.000000,-278.124729,-119.165475,0.007201,6.504800,6.504800,1.021360
2830.000000,-276.909207,-117.569914,0.007563,6.610547,6.610547,0.955118
2832.000000,-275.718455,-115.955786,0.008228,6.713804,6.713804,0.861591
2834.000000,-274.553479,-114.322945,0.009234,6.811980,6.811980,0.746987
2836.000000,-273.419451,-112.668467,0.010199,6.910701,6.910701,0.618023
2838.000000,-272.319681,-110.991043,0.011011,7.008238,7.008238,0.481727
2840.000000,-271.256910,-109.289989,0.012242,7.102390,7.102390,0.342099
2842.000000,-270.235273,-107.563881,0.011925,7.193533,7.193533,0.198778
2844.000000,-269.262881,-105.809513,0.009386,7.283624,7.283624,0.042046
2846.000000,-268.317014,-104.040746,0.008563,7.355320,7.355320,-0.148202
2848.000000,-267.401162,-102.256210,0.010588,7.414386,7.414386,-0.361986
2850.000000,-266.520917,-100.453882,0.012633,7.464142,7.464142,-0.583135
2852.000000,-265.692131,-98.627338,0.012632,7.506059,7.506059,-0.786967
2854.000000,-264.908896,-96.780785,0.011640,7.538909,7.538909,-0.972682
2856.000000,-264.169077,-94.916491,0.010440,7.563340,7.563340,-1.145823
2858.000000,-263.470065,-93.036420,0.010082,7.582207,7.582207,-1.320655
2860.000000,-262.802646,-91.144912,0.010722,7.588087,7.588087,-1.505488
2862.000000,-262.183802,-89.236941,0.010853,7.601161,7.601161,-1.673245
2864.000000,-261.599669,-87.318102,0.010363,7.612184,7.612184,-1.826020
2866.000000,-261.064165,-85.385200,0.008625,7.636792,7.636792,-1.948526
2868.000000,-260.556765,-83.444583,0.007972,7.655383,7.655383,-2.070931
2870.000000,-260.078353,-81.496658,0.008511,7.666589,7.666589,-2.186311
2872.000000,-259.638249,-79.539685,0.008275,7.685977,7.685977,-2.288437
2874.000000,-259.225867,-77.576781,0.008777,7.704155,7.704155,-2.385613
2876.000000,-258.849848,-75.606513,0.010254,7.729303,7.729303,-2.470548
2878.000000,-258.511905,-73.629399,0.011335,7.759412,7.759412,-2.541937
2880.000000,-258.223882,-71.644385,0.011199,7.801611,7.801611,-2.595377
2882.000000,-257.978114,-69.653694,0.010258,7.845360,7.845360,-2.642945
2884.000000,-257.776491,-67.658094,0.007826,7.894853,7.894853,-2.678735
2886.000000,-257.608330,-65.659306,0.006693,7.938150,7.938150,-2.716047
2888.000000,-257.454422,-63.659368,0.007766,7.956431,7.956431,-2.765185
2890.000000,-257.345922,-61.656547,0.007947,7.979687,7.979687,-2.794082
2892.000000,-257.257071,-59.652701,0.008338,7.976954,7.976954,-2.833132
2894.000000,-257.211238,-57.647379,0.009930,7.974563,7.974563,-2.853882
2896.000000,-257.193827,-55.641663,0.011873,7.960136,7.960136,-2.869335
2898.000000,-257.236327,-53.636430,0.012583,7.965158,7.965158,-2.850701
2900.000000,-257.321612,-51.632512,0.012879,7.969811,7.969811,-2.823087
2902.000000,-257.463760,-49.631704,0.011854,7.990492,7.990492,-2.772564
2904.000000,-257.656260,-47.635435,0.009061,8.017963,8.017963,-2.709744
2906.000000,-257.881301,-45.642239,0.006588,8.030408,8.030408,-2.665122
2908.000000,-258.136005,-43.652619,0.006808,8.013959,8.013959,-2.642079
2910.000000,-258.404182,-41.664788,0.010324,7.962265,7.962265,-2.639990
2912.000000,-258.724260,-39.684902,0.011812,7.916589,7.916589,-2.612206
2914.000000,-259.091204,-37.712920,0.012012,7.873240,7.873240,-2.573663
2916.000000,-259.499831,-35.749275,0.013096,7.823260,7.823260,-2.533844
2918.000000,-259.967769,-33.798825,0.011759,7.790287,7.790287,-2.478382
2920.000000,-260.480973,-31.859859,0.010923,7.759726,7.759726,-2.418350
2922.000000,-261.028028,-29.930058,0.012473,7.721773,7.721773,-2.356353
2924.000000,-261.631528,-28.017223,0.012500,7.697114,7.697114,-2.270360
2926.000000,-262.280422,-26.119280,0.010426,7.682116,7.682116,-2.173639
2928.000000,-262.973264,-24.237022,0.007761,7.677736,7.677736,-2.066021
2930.000000,-263.691129,-22.364022,0.006628,7.665260,7.665260,-1.967941
2932.000000,-264.432141,-20.500110,0.006982,7.640192,7.640192,-1.876432
2934.000000,-265.201191,-18.647536,0.007621,7.612719,7.612719,-1.782791
2936.000000,-265.995032,-16.805663,0.010766,7.579437,7.579437,-1.684612
2938.000000,-266.824061,-14.979156,0.013861,7.549448,7.549448,-1.571591
2940.000000,-267.715784,-13.182545,0.012382,7.547177,7.547177,-1.417110
2942.000000,-268.648276,-11.406682,0.008883,7.549160,7.549160,-1.249483
2944.000000,-269.614514,-9.648945,0.008192,7.550908,7.550908,-1.072373
2946.000000,-270.598774,-7.901178,0.009690,7.534753,7.534753,-0.900985
2948.000000,-271.628257,-6.179762,0.009154,7.530703,7.530703,-0.704924
2950.000000,-272.683956,-4.474259,0.009091,7.514231,7.514231,-0.513095
2952.000000,-273.768129,-2.786665,0.010538,7.492402,7.492402,-0.320072
2954.000000,-274.892547,-1.125871,0.010956,7.478828,7.478828,-0.113590
2956.000000,-276.049358,0.512788,0.010872,7.463981,7.463981,0.090432
2958.000000,-277.246225,2.122399,0.009598,7.454347,7.454347,0.294326
2960.000000,-278.472375,3.709768,0.007880,7.446219,7.446219,0.488465
2962.000000,-279.723280,5.277775,0.007096,7.436279,7.436279,0.667463
2964.000000,-280.995314,6.828664,0.007158,7.419780,7.419780,0.835276
2966.000000,-282.289171,8.361404,0.007188,7.396786,7.396786,0.998458
2968.000000,-283.606755,9.873823,0.007140,7.370907,7.370907,1.160930
2970.000000,-284.942910,11.369783,0.008009,7.337852,7.337852,1.319737
2972.000000,-286.304277,12.842877,0.009259,7.306448,7.306448,1.483706
2974.000000,-287.691860,14.291297,0.009980,7.275262,7.275262,1.654427
2976.000000,-289.110152,15.709662,0.009194,7.243063,7.243063,1.836614
2978.000000,-290.555501,17.100393,0.007921,7.211271,7.211271,2.029966
2980.000000,-292.019928,18.471123,0.008158,7.170156,7.170156,2.223288
2982.000000,-293.507016,19.817150,0.008549,7.130222,7.130222,2.425871
2984.000000,-295.018442,21.135844,0.007904,7.091659,7.091659,2.634181
2986.000000,-296.549968,22.431130,0.007013,7.053365,7.053365,2.844953
2988.000000,-298.099998,23.704212,0.006357,7.013855,7.013855,3.057866
2990.000000,-299.665294,24.958509,0.005587,6.972167,6.972167,3.266347
2992.000000,-301.246105,26.193207,0.004472,6.931256,6.931256,3.463706
2994.000000,-302.836542,27.415477,0.003861,6.889462,6.889462,3.643024
2996.000000,-304.436395,28.625399,0.004053,6.849343,6.849343,3.795818
2998.000000,-306.045472,29.823028,0.003765,6.812370,6.812370,3.917509
3000.000000,-307.665787,31.005387,0.002727,6.772484,6.772484,4.017260
3002.000000,-309.290406,32.181855,0.002231,6.742257,6.742257,4.084469
3004.000000,-310.921064,33.349935,0.002477,6.717211,6.717211,4.137165
3006.000000,-312.556334,34.511554,0.002354,6.696505,6.696505,4.182597
3008.000000,-314.199471,35.662017,0.001683,6.674869,6.674869,4.228055
3010.000000,-315.844120,36.810313,0.001816,6.661235,6.661235,4.263609
3012.000000,-317.493421,37.951924,0.002382,6.649833,6.649833,4.292956
3014.000000,-319.148552,39.085056,0.002836,6.639337,6.639337,4.314141
3016.000000,-320.809097,40.210251,0.002940,6.628855,6.628855,4.329569
3018.000000,-322.478617,41.322041,0.002437,6.612488,6.612488,4.347329
3020.000000,-324.151163,42.429302,0.001994,6.601179,6.601179,4.354794
3022.000000,-325.830414,43.526383,0.001301,6.582678,6.582678,4.362080
3024.000000,-327.510905,44.621565,0.000500,6.564627,6.564627,4.360873
3026.000000,-329.193689,45.713217,-0.000014,6.543156,6.543156,4.353078
3028.000000,-330.875032,46.807080,-0.000527,6.523979,6.523979,4.335202
3030.000000,-332.556834,47.900238,-0.000877,6.504084,6.504084,4.312272
3032.000000,-334.234524,48.999703,-0.000726,6.490988,6.490988,4.276322
3034.000000,-335.912268,50.099076,-0.000438,6.472441,6.472441,4.231526
3036.000000,-337.587613,51.202096,0.000209,6.453738,6.453738,4.174176
3038.000000,-339.263824,52.303811,0.000642,6.429896,6.429896,4.109437
3040.000000,-340.942560,53.401676,0.000139,6.399553,6.399553,4.043124
3042.000000,-342.621053,54.499912,-0.000398,6.368859,6.368859,3.974605
3044.000000,-344.298731,55.599388,-0.000697,6.338598,6.338598,3.905934
3046.000000,-345.974768,56.701361,-0.000346,6.310067,6.310067,3.832307
3048.000000,-347.648746,57.806471,-0.000100,6.284491,6.284491,3.751878
3050.000000,-349.325427,58.907464,-0.000349,6.253243,6.253243,3.674504
3052.000000,-350.997870,60.014896,-0.000889,6.229240,6.229240,3.589772
3054.000000,-352.672996,61.118263,-0.001405,6.200827,6.200827,3.511021
3056.000000,-354.339065,62.235235,-0.000494,6.188061,6.188061,3.419063
3058.000000,-356.008042,63.347883,0.000108,6.169825,6.169825,3.337610
3060.000000,-357.675895,64.462217,-0.000003,6.153229,6.153229,3.256542
3062.000000,-359.344074,65.576063,0.000074,6.135816,6.135816,3.177466
3064.000000,-361.012697,66.689243,-0.000228,6.117040,6.117040,3.099753
3066.000000,-362.680762,67.803258,-0.000462,6.098132,6.098132,3.020814
3068.000000,-364.347460,68.919319,-0.000407,6.080056,6.080056,2.939030
3070.000000,-366.013313,70.036639,-0.000256,6.061739,6.061739,2.855449
3072.000000,-367.678575,71.154841,-0.000206,6.042941,6.042941,2.770801
3074.000000,-369.343570,72.273440,-0.000252,6.022507,6.022507,2.685732
3076.000000,-371.007844,73.393113,-0.000277,6.000383,6.000383,2.599722
3078.000000,-372.671566,74.513604,-0.000221,5.978726,5.978726,2.513294
3080.000000,-374.334622,75.635084,-0.000197,5.957701,5.957701,2.426832
3082.000000,-375.997571,76.756722,-0.000130,5.935919,5.935919,2.341182
3084.000000,-377.659623,77.879690,0.000118,5.914969,5.914969,2.255096
3086.000000,-379.322407,79.001574,0.000339,5.892589,5.892589,2.171245
3088.000000,-380.985688,80.122720,0.000415,5.868222,5.868222,2.088264
3090.000000,-382.650294,81.241897,0.000523,5.841869,5.841869,2.006498
3092.000000,-384.315481,82.360211,0.000679,5.814701,5.814701,1.923273
3094.000000,-385.982868,83.475240,0.000592,5.784038,5.784038,1.840354
3096.000000,-387.651351,84.588630,0.000568,5.752488,5.752488,1.754587
3098.000000,-389.320743,85.700655,0.001044,5.719758,5.719758,1.666053
3100.000000,-390.992286,86.809445,0.001302,5.685901,5.685901,1.576484
3102.000000,-392.667902,87.912070,0.000883,5.647327,5.647327,1.488425
3104.000000,-394.344776,89.012782,0.000357,5.608027,5.608027,1.397778
3106.000000,-396.022879,90.111619,0.000321,5.569700,5.569700,1.304610
3108.000000,-397.700416,91.211319,0.000676,5.534518,5.534518,1.206385
3110.000000,-399.380681,92.306847,0.000592,5.498519,5.498519,1.109344
3112.000000,-401.062006,93.400747,0.000478,5.463762,5.463762,1.010414
3114.000000,-402.743687,94.494101,0.000782,5.431288,5.431288,0.908215
3116.000000,-404.427786,95.583725,0.000783,5.396733,5.396733,0.806101
3118.000000,-406.113538,96.670791,0.000461,5.361435,5.361435,0.702844
3120.000000,-407.800410,97.756119,0.000222,5.326183,5.326183,0.597353
3122.000000,-409.487415,98.841239,0.000155,5.293486,5.293486,0.487953
3124.000000,-411.174969,99.925506,0.000187,5.262219,5.262219,0.376512
3126.000000,-412.862637,101.009596,0.000471,5.233946,5.233946,0.262791
3128.000000,-414.551156,102.092358,0.000966,5.208221,5.208221,0.146259
3130.000000,-416.241946,103.171571,0.001376,5.187168,5.187168,0.024123
3132.000000,-417.935711,104.246106,0.001803,5.169372,5.169372,-0.106648
3134.000000,-419.633130,105.314860,0.002282,5.152962,5.152962,-0.247616
3136.000000,-421.335743,106.375317,0.002663,5.141449,5.141449,-0.398459
3138.000000,-423.043779,107.427014,0.003563,5.136774,5.136774,-0.558052
3140.000000,-424.758320,108.468072,0.004808,5.139691,5.139691,-0.727624
3142.000000,-426.484219,109.490174,0.005446,5.153800,5.153800,-0.906828
3144.000000,-428.220575,110.494403,0.006096,5.184275,5.184275,-1.097250
3146.000000,-429.968874,111.477659,0.007214,5.231561,5.231561,-1.293501
3148.000000,-431.731272,112.435425,0.008187,5.296988,5.296988,-1.499316
3150.000000,-433.509502,113.363443,0.008865,5.383926,5.383926,-1.727810
3152.000000,-435.303738,114.260079,0.010220,5.493676,5.493676,-1.982316
3154.000000,-437.114861,115.122113,0.012608,5.628169,5.628169,-2.261607
3156.000000,-438.947769,115.936674,0.014287,5.797196,5.797196,-2.547319
3158.000000,-440.804158,116.696111,0.014681,5.989694,5.989694,-2.828525
3160.000000,-442.681672,117.401716,0.016060,6.203245,6.203245,-3.116808
3162.000000,-444.579685,118.050233,0.018160,6.429393,6.429393,-3.415397
3164.000000,-446.501812,118.623224,0.018692,6.659029,6.659029,-3.717456
3166.000000,-448.443424,119.125870,0.019085,6.885342,6.885342,-4.011702
3168.000000,-450.402572,119.555105,0.020170,7.098030,7.098030,-4.288144
3170.000000,-452.377833,119.902799,0.021188,7.296326,7.296326,-4.544647
3172.000000,-454.365816,120.168675,0.022630,7.471377,7.471377,-4.806314
3174.000000,-456.363710,120.342902,0.024473,7.629961,7.629961,-5.078782
3176.000000,-458.367820,120.420428,0.027656,7.760708,7.760708,-5.344938
3178.000000,-460.372526,120.390237,0.032009,7.841880,7.841880,-5.577231
3180.000000,-462.371085,120.227758,0.035508,7.892482,7.892482,-5.767298
3182.000000,-464.353174,119.924179,0.038394,7.930574,7.930574,-5.919354
3184.000000,-466.306061,119.468982,0.039192,7.959598,7.959598,-6.026077
3186.000000,-468.214419,118.853351,0.036411,7.972691,7.972691,-6.064681
3188.000000,-470.073898,118.103562,0.033381,7.960798,7.960798,-6.041898
3190.000000,-471.879545,117.231785,0.032020,7.934611,7.934611,-5.956798
3192.000000,-473.626283,116.247258,0.031157,7.894351,7.894351,-5.818389
3194.000000,-475.307307,115.153968,0.030484,7.845300,7.845300,-5.630649
3196.000000,-476.920328,113.962219,0.028046,7.791406,7.791406,-5.403726
3198.000000,-478.456790,112.673035,0.023320,7.764927,7.764927,-5.125036
3200.000000,-479.938054,111.320930,0.021183,7.743928,7.743928,-4.824682
3202.000000,-481.361457,109.908116,0.019283,7.725365,7.725365,-4.513714
3204.000000,-482.720486,108.433337,0.017224,7.716020,7.716020,-4.187571
3206.000000,-484.044348,106.926428,0.018050,7.674783,7.674783,-3.914741
3208.000000,-485.297213,105.360217,0.016209,7.639094,7.639094,-3.667140
3210.000000,-486.504488,103.758469,0.013447,7.573810,7.573810,-3.434253
3212.000000,-487.669234,102.125601,0.013110,7.484784,7.484784,-3.213383
3214.000000,-488.790316,100.462385,0.011585,7.383079,7.383079,-2.996447
3216.000000,-489.868006,98.770683,0.008858,7.263356,7.263356,-2.780366
3218.000000,-490.920747,97.063335,0.007623,7.153068,7.153068,-2.583327
3220.000000,-491.946343,95.339538,0.007566,7.045455,7.045455,-2.410481
3222.000000,-492.946264,93.600709,0.007184,6.943946,6.943946,-2.283675
3224.000000,-493.919625,91.846865,0.007423,6.847939,6.847939,-2.196964
3226.000000,-494.871179,90.081107,0.007838,6.764227,6.764227,-2.123061
3228.000000,-495.787975,88.297121,0.007456,6.672198,6.672198,-2.040886
3230.000000,-496.684468,86.502776,0.007514,6.598130,6.598130,-1.964166
3232.000000,-497.549373,84.693002,0.007039,6.522724,6.522724,-1.881187
3234.000000,-498.389099,82.871405,0.006574,6.448151,6.448151,-1.794443
3236.000000,-499.208358,81.040493,0.007385,6.381075,6.381075,-1.706903
3238.000000,-499.997364,79.196375,0.006948,6.313433,6.313433,-1.610765
3240.000000,-500.758389,77.340506,0.005051,6.238026,6.238026,-1.508678
3242.000000,-501.502631,75.477836,0.003989,6.164162,6.164162,-1.419824
3244.000000,-502.233171,73.609762,0.002764,6.092339,6.092339,-1.350341
3246.000000,-502.948190,71.735702,0.001273,6.022214,6.022214,-1.285966
3248.000000,-503.666494,69.862898,0.002493,5.972277,5.972277,-1.248472
3250.000000,-504.374631,67.986205,0.003493,5.926455,5.926455,-1.217898
3252.000000,-505.062265,66.101901,0.003101,5.874911,5.874911,-1.173928
3254.000000,-505.748400,64.217067,0.002273,5.835769,5.835769,-1.139611
3256.000000,-506.411125,62.323871,0.000318,5.781479,5.781479,-1.087592
3258.000000,-507.087733,60.435596,0.000565,5.755808,5.755808,-1.061990
3260.000000,-507.755180,58.544062,0.002440,5.728557,5.728557,-1.037656
3262.000000,-508.418500,56.651087,0.002297,5.705772,5.705772,-1.020467
3264.000000,-509.062164,54.751323,0.001910,5.675452,5.675452,-0.985253
3266.000000,-509.714322,52.854544,0.003922,5.663002,5.663002,-0.970458
3268.000000,-510.340016,50.948769,0.003051,5.638886,5.638886,-0.937100
3270.000000,-510.950269,49.038020,0.000522,5.609457,5.609457,-0.895216
3272.000000,-511.571273,47.130753,0.001758,5.610523,5.610523,-0.885181
3274.000000,-512.178220,45.218929,0.002861,5.612424,5.612424,-0.881922
3276.000000,-512.775582,43.304098,0.002945,5.618636,5.618636,-0.887628
3278.000000,-513.362275,41.385959,0.002990,5.635480,5.635480,-0.899168
3280.000000,-513.934590,39.463510,0.002531,5.653052,5.653052,-0.912874
3282.000000,-514.500271,37.539071,0.002393,5.680302,5.680302,-0.939599
3284.000000,-515.054546,35.611321,0.002197,5.717686,5.717686,-0.984067
3286.000000,-515.601296,33.681418,0.001852,5.771031,5.771031,-1.048109
3288.000000,-516.140514,31.749395,0.001956,5.839418,5.839418,-1.122626
3290.000000,-516.673636,29.815682,0.002580,5.921378,5.921378,-1.207198
3292.000000,-517.196136,27.879074,0.003354,6.017565,6.017565,-1.304081
3294.000000,-517.705894,25.939080,0.003675,6.123192,6.123192,-1.414358
3296.000000,-518.199575,23.994932,0.003793,6.234946,6.234946,-1.535953
3298.000000,-518.680884,22.047681,0.004745,6.350587,6.350587,-1.676679
3300.000000,-519.143790,20.095982,0.006303,6.471518,6.471518,-1.828857
3302.000000,-519.581605,18.138530,0.007828,6.589191,6.589191,-1.978859
3304.000000,-519.989098,16.174524,0.008886,6.699984,6.699984,-2.119042
3306.000000,-520.359116,14.203119,0.009039,6.802865,6.802865,-2.244630
3308.000000,-520.694096,12.225501,0.008676,6.898243,6.898243,-2.353581
3310.000000,-520.993436,10.242142,0.008747,6.982000,6.982000,-2.443319
3312.000000,-521.261264,8.254276,0.009369,7.047944,7.047944,-2.519697
3314.000000,-521.488404,6.261362,0.009265,7.095328,7.095328,-2.575723
3316.000000,-521.678803,4.264619,0.008421,7.123897,7.123897,-2.612341
3318.000000,-521.835118,2.264899,0.007566,7.138209,7.138209,-2.634568
3320.000000,-521.961356,0.263039,0.007448,7.144253,7.144253,-2.649234
3322.000000,-522.060397,-1.740327,0.008111,7.139560,7.139560,-2.662837
3324.000000,-522.124230,-3.745142,0.008470,7.134792,7.134792,-2.658610
3326.000000,-522.155257,-5.750695,0.008904,7.127153,7.127153,-2.635146
3328.000000,-522.150846,-7.756516,0.009100,7.120127,7.120127,-2.587637
3330.000000,-522.106842,-9.761861,0.008249,7.120952,7.120952,-2.513620
3332.000000,-522.031035,-11.766257,0.007787,7.122822,7.122822,-2.421037
3334.000000,-521.925733,-13.769304,0.008643,7.122440,7.122440,-2.316582
3336.000000,-521.786050,-15.770256,0.008554,7.120814,7.120814,-2.201145
3338.000000,-521.605818,-17.767983,0.007074,7.123548,7.123548,-2.072869
3340.000000,-521.403831,-19.763629,0.007085,7.119179,7.119179,-1.942662
3342.000000,-521.172567,-21.756065,0.007300,7.116624,7.116624,-1.801213
3344.000000,-520.908295,-23.744421,0.006184,7.116860,7.116860,-1.643722
3346.000000,-520.622717,-25.729813,0.005351,7.109452,7.109452,-1.486635
3348.000000,-520.314155,-27.711787,0.004257,7.099029,7.099029,-1.324504
3350.000000,-519.987694,-29.690892,0.002831,7.083712,7.083712,-1.158766
3352.000000,-519.652343,-31.668515,0.002053,7.067279,7.067279,-0.999191
3354.000000,-519.307711,-33.644546,0.001359,7.062384,7.062384,-0.842157
3356.000000,-518.957954,-35.619676,0.000725,7.066005,7.066005,-0.690887
3358.000000,-518.606181,-37.594449,0.001037,7.077436,7.077436,-0.548243
3360.000000,-518.252077,-39.568794,0.001411,7.094342,7.094342,-0.418223
3362.000000,-517.888236,-41.541379,0.001148,7.122513,7.122513,-0.291542
3364.000000,-517.523849,-43.513864,0.001195,7.149748,7.149748,-0.179387
3366.000000,-517.152115,-45.484975,0.001225,7.184931,7.184931,-0.076190
3368.000000,-516.776723,-47.455394,0.001427,7.224591,7.224591,0.015262
3370.000000,-516.396617,-49.424909,0.001579,7.268034,7.268034,0.095933
3372.000000,-516.007055,-51.392569,0.001034,7.320415,7.320415,0.172026
3374.000000,-515.616182,-53.359976,0.001097,7.372788,7.372788,0.238212
3376.000000,-515.221062,-55.326532,0.001711,7.427372,7.427372,0.297009
3378.000000,-514.818433,-57.291566,0.001630,7.488963,7.488963,0.353866
3380.000000,-514.408079,-59.254998,0.001163,7.556859,7.556859,0.408263
3382.000000,-513.994995,-61.217862,0.001033,7.624838,7.624838,0.455278
3384.000000,-513.576781,-63.179639,0.001117,7.694430,7.694430,0.495734
3386.000000,-513.155293,-65.140715,0.001202,7.765151,7.765151,0.530443
3388.000000,-512.727911,-67.100512,0.001125,7.838982,7.838982,0.562921
3390.000000,-512.296679,-69.059468,0.001130,7.913355,7.913355,0.593278
3392.000000,-511.861359,-71.017517,0.001474,7.990098,7.990098,0.619418
3394.000000,-511.420310,-72.974287,0.001832,8.068797,8.068797,0.643839
3396.000000,-510.971660,-74.929324,0.002174,8.148919,8.148919,0.664741
3398.000000,-510.515192,-76.882549,0.002551,8.226151,8.226151,0.676494
3400.000000,-510.047876,-78.833210,0.002540,8.302621,8.302621,0.685593
3402.000000,-509.570128,-80.781340,0.002227,8.377911,8.377911,0.693338
3404.000000,-509.084353,-82.727487,0.002120,8.454673,8.454673,0.695855
3406.000000,-508.590262,-84.671538,0.002165,8.533393,8.533393,0.692688
3408.000000,-508.087742,-86.613428,0.001983,8.613120,8.613120,0.684638
3410.000000,-507.576643,-88.553078,0.001742,8.692793,8.692793,0.672468
3412.000000,-507.060248,-90.491326,0.002067,8.770287,8.770287,0.653051
3414.000000,-506.535927,-92.427439,0.002811,8.844255,8.844255,0.631082
3416.000000,-506.000643,-94.360553,0.003361,8.913795,8.913795,0.612308
3418.000000,-505.451594,-96.289800,0.003575,8.973930,8.973930,0.600101
3420.000000,-504.888972,-98.215131,0.003754,9.022209,9.022209,0.595456
3422.000000,-504.311977,-100.136200,0.004002,9.058504,9.058504,0.597983
3424.000000,-503.719379,-102.052517,0.003980,9.086151,9.086151,0.606933
3426.000000,-503.110757,-103.963809,0.003993,9.101389,9.101389,0.619247
3428.000000,-502.488669,-105.870748,0.004480,9.107787,9.107787,0.630919
3430.000000,-501.848391,-107.771658,0.005020,9.107157,9.107157,0.645749
3432.000000,-501.189542,-109.666214,0.005239,9.094642,9.094642,0.663438
3434.000000,-500.509612,-111.553306,0.005047,9.069730,9.069730,0.687280
3436.000000,-499.810942,-113.433536,0.004665,9.033785,9.033785,0.719948
3438.000000,-499.094544,-115.307088,0.004111,8.986978,8.986978,0.763176
3440.000000,-498.362078,-117.174422,0.003101,8.930809,8.930809,0.816338
3442.000000,-497.617755,-119.037068,0.002034,8.869702,8.869702,0.873428
3444.000000,-496.866777,-120.897040,0.001555,8.809545,8.809545,0.928257
3446.000000,-496.110568,-122.754893,0.001520,8.752320,8.752320,0.978320
3448.000000,-495.348277,-124.610258,0.001525,8.698573,8.698573,1.024017
3450.000000,-494.580743,-126.463461,0.001483,8.650060,8.650060,1.062497
3452.000000,-493.807083,-128.314113,0.001252,8.606774,8.606774,1.096086
3454.000000,-493.028876,-130.162860,0.000913,8.568054,8.568054,1.124092
3456.000000,-492.247299,-132.010185,0.000829,8.532839,8.532839,1.145132
3458.000000,-491.463462,-133.856551,0.000881,8.500943,8.500943,1.156290
3460.000000,-490.675239,-135.701050,0.000733,8.473386,8.473386,1.159722
3462.000000,-489.885005,-137.544689,0.000621,8.446749,8.446749,1.152419
3464.000000,-489.092324,-139.387277,0.000973,8.421360,8.421360,1.134157
3466.000000,-488.297362,-141.228880,0.001493,8.395848,8.395848,1.103023
3468.000000,-487.495034,-143.067287,0.001542,8.374068,8.374068,1.063422
3470.000000,-486.687685,-144.903493,0.001444,8.354126,8.354126,1.015036
3472.000000,-485.875007,-146.737348,0.001517,8.336585,8.336585,0.959541
3474.000000,-485.056750,-148.568720,0.001457,8.320850,8.320850,0.899282
3476.000000,-484.232680,-150.397485,0.001518,8.306404,8.306404,0.834478
3478.000000,-483.404428,-152.224355,0.001783,8.291924,8.291924,0.762799
3480.000000,-482.568104,-154.047547,0.001778,8.279772,8.279772,0.689072
3482.000000,-481.725998,-155.868075,0.001585,8.267224,8.267224,0.610883
3484.000000,-480.877535,-157.685650,0.001461,8.256775,8.256775,0.528097
3486.000000,-480.024430,-159.501051,0.001538,8.246729,8.246729,0.436339
3488.000000,-479.165672,-161.313784,0.001686,8.238890,8.238890,0.337219
3490.000000,-478.300488,-163.123459,0.001627,8.231983,8.231983,0.230849
3492.000000,-477.429308,-164.930256,0.001563,8.224186,8.224186,0.112750
3494.000000,-476.552937,-166.734540,0.001796,8.217004,8.217004,-0.016040
3496.000000,-475.670301,-168.535767,0.002055,8.210131,8.210131,-0.154762
3498.000000,-474.779423,-170.332932,0.001990,8.201547,8.201547,-0.303734
3500.000000,-473.881635,-172.126654,0.001883,8.192909,8.192909,-0.462207
3502.000000,-472.977232,-173.917051,0.001791,8.184569,8.184569,-0.630042
3504.000000,-472.065895,-175.703929,0.001768,8.175933,8.175933,-0.809081
3506.000000,-471.149333,-177.488129,0.001878,8.166418,8.166418,-1.003809
3508.000000,-470.224831,-179.268231,0.001706,8.159433,8.159433,-1.208840
3510.000000,-469.294577,-181.045334,0.001769,8.152763,8.152763,-1.422088
3512.000000,-468.359406,-182.819852,0.002396,8.143973,8.143973,-1.642392
3514.000000,-467.414623,-184.589271,0.002965,8.138617,8.138617,-1.860123
3516.000000,-466.459934,-186.353361,0.003599,8.136988,8.136988,-2.075161
3518.000000,-465.492651,-188.110576,0.004158,8.138374,8.138374,-2.287127
3520.000000,-464.509653,-189.859050,0.004301,8.148628,8.148628,-2.495389
3522.000000,-463.512215,-191.599314,0.004604,8.166752,8.166752,-2.702423
3524.000000,-462.499186,-193.330559,0.005089,8.190908,8.190908,-2.907071
3526.000000,-461.467690,-195.050857,0.004957,8.219414,8.219414,-3.108224
3528.000000,-460.418280,-196.760295,0.004617,8.253497,8.253497,-3.305731
3530.000000,-459.354921,-198.461083,0.004733,8.288975,8.288975,-3.504814
3532.000000,-458.274205,-200.150898,0.004981,8.331077,8.331077,-3.702236
3534.000000,-457.177783,-201.830572,0.005406,8.372736,8.372736,-3.903088
3536.000000,-456.062839,-203.497949,0.005699,8.420975,8.420975,-4.100841
3538.000000,-454.928122,-205.151996,0.005552,8.472889,8.472889,-4.292253
3540.000000,-453.775520,-206.793609,0.005604,8.522842,8.522842,-4.477849
3542.000000,-452.605033,-208.422527,0.005887,8.572572,8.572572,-4.658829
3544.000000,-451.414720,-210.036995,0.005989,8.620296,8.620296,-4.830890
3546.000000,-450.205371,-211.637270,0.005900,8.663271,8.663271,-4.995192
3548.000000,-448.976682,-213.222732,0.005882,8.702040,8.702040,-5.152093
3550.000000,-447.730286,-214.794326,0.005825,8.733299,8.733299,-5.305999
3552.000000,-446.464148,-216.350058,0.005623,8.758224,8.758224,-5.454042
3554.000000,-445.182102,-217.892706,0.005567,8.773882,8.773882,-5.597758
3556.000000,-443.881719,-219.419912,0.005621,8.786085,8.786085,-5.732256
3558.000000,-442.565370,-220.933404,0.005647,8.791610,8.791610,-5.860733
3560.000000,-441.230715,-222.430774,0.005487,8.796299,8.796299,-5.982554
3562.000000,-439.880429,-223.914054,0.005325,8.800020,8.800020,-6.100319
3564.000000,-438.514086,-225.382555,0.005500,8.802565,8.802565,-6.214972
3566.000000,-437.132437,-226.836674,0.005925,8.803813,8.803813,-6.328513
3568.000000,-435.732998,-228.273675,0.005988,8.805365,8.805365,-6.438075
3570.000000,-434.315779,-229.693139,0.006099,8.806547,8.806547,-6.539158
3572.000000,-432.883259,-231.097171,0.006628,8.808178,8.808178,-6.631166
3574.000000,-431.430137,-232.479791,0.006632,8.816311,8.816311,-6.704688
3576.000000,-429.959510,-233.843862,0.006277,8.824615,8.824615,-6.762116
3578.000000,-428.471328,-235.188752,0.005939,8.827451,8.827451,-6.805058
3580.000000,-426.967491,-236.516101,0.005847,8.826496,8.826496,-6.836713
3582.000000,-425.448824,-237.826462,0.006217,8.820360,8.820360,-6.861143
3584.000000,-423.913646,-239.117414,0.006587,8.813105,8.813105,-6.878521
3586.000000,-422.361506,-240.387950,0.006529,8.807657,8.807657,-6.887688
3588.000000,-420.792131,-241.637138,0.006062,8.799540,8.799540,-6.889453
3590.000000,-419.208137,-242.867734,0.005787,8.790254,8.790254,-6.885102
3592.000000,-417.610252,-244.080217,0.005910,8.778677,8.778677,-6.876008
3594.000000,-415.998067,-245.273637,0.006192,8.767213,8.767213,-6.861811
3596.000000,-414.371348,-246.447171,0.006406,8.754538,8.754538,-6.842107
3598.000000,-412.729228,-247.599062,0.006393,8.743533,8.743533,-6.816555
3600.000000,-411.072702,-248.730118,0.006301,8.733245,8.733245,-6.783916
3602.000000,-409.401844,-249.839891,0.006053,8.721655,8.721655,-6.743078
3604.000000,-407.717419,-250.928964,0.006122,8.707467,8.707467,-6.694517
3606.000000,-406.021005,-251.999291,0.006689,8.686411,8.686411,-6.640400
3608.000000,-404.309158,-253.044742,0.006826,8.663353,8.663353,-6.574363
3610.000000,-402.583477,-254.067187,0.006758,8.636402,8.636402,-6.495137
3612.000000,-400.844253,-255.066404,0.006172,8.607694,8.607694,-6.400449
3614.000000,-399.091184,-256.041123,0.005893,8.577342,8.577342,-6.285126
3616.000000,-397.330293,-257.001707,0.006992,8.535348,8.535348,-6.161229
3618.000000,-395.553217,-257.931946,0.007262,8.496993,8.496993,-6.012543
3620.000000,-393.763507,-258.837653,0.006590,8.456251,8.456251,-5.842596
3622.000000,-391.961641,-259.718928,0.006069,8.417487,8.417487,-5.654021
3624.000000,-390.149410,-260.578691,0.005790,8.381718,8.381718,-5.452401
3626.000000,-388.327594,-261.417965,0.005893,8.351913,8.351913,-5.243370
3628.000000,-386.495837,-262.235328,0.005828,8.330154,8.330154,-5.030550
3630.000000,-384.654392,-263.030627,0.005360,8.314281,8.314281,-4.820727
3632.000000,-382.804514,-263.806106,0.004805,8.303643,8.303643,-4.613275
3634.000000,-380.947346,-264.563948,0.004459,8.295940,8.295940,-4.408397
3636.000000,-379.083586,-265.305454,0.004337,8.291142,8.291142,-4.205149
3638.000000,-377.213446,-266.030719,0.004168,8.287107,8.287107,-4.002689
3640.000000,-375.337128,-266.739847,0.003746,8.283247,8.283247,-3.797876
3642.000000,-373.455530,-267.434856,0.003361,8.280364,8.280364,-3.588027
3644.000000,-371.569517,-268.117794,0.003208,8.278402,8.278402,-3.374740
3646.000000,-369.679015,-268.788209,0.003073,8.275895,8.275895,-3.158302
3648.000000,-367.784482,-269.447142,0.002999,8.271350,8.271350,-2.936647
3650.000000,-365.886098,-270.094906,0.002891,8.264479,8.264479,-2.708481
3652.000000,-363.983724,-270.730857,0.002540,8.252712,8.252712,-2.474058
3654.000000,-362.078275,-271.357532,0.002305,8.236996,8.236996,-2.236056
3656.000000,-360.170074,-271.975782,0.002350,8.217717,8.217717,-1.996586
3658.000000,-358.258935,-272.584887,0.002270,8.195102,8.195102,-1.757873
3660.000000,-356.344861,-273.184697,0.001762,8.168406,8.168406,-1.519549
3662.000000,-354.428573,-273.777412,0.001172,8.139169,8.139169,-1.282807
3664.000000,-352.511180,-274.366543,0.000984,8.110500,8.110500,-1.052708
3666.000000,-350.592637,-274.951919,0.000961,8.082206,8.082206,-0.829542
3668.000000,-348.672862,-275.533242,0.000849,8.054302,8.054302,-0.612032
3670.000000,-346.752201,-276.111631,0.000799,8.027409,8.027409,-0.402279
3672.000000,-344.830594,-276.686868,0.000828,8.001459,8.001459,-0.202763
3674.000000,-342.908068,-277.259025,0.000902,7.976634,7.976634,-0.012330
3676.000000,-340.984514,-277.827718,0.000943,7.952731,7.952731,0.168758
3678.000000,-339.059807,-278.392496,0.000916,7.929750,7.929750,0.338777
3680.000000,-337.134147,-278.954015,0.000966,7.908087,7.908087,0.499238
3682.000000,-335.207408,-279.511823,0.001150,7.888113,7.888113,0.653084
3684.000000,-333.279445,-280.065382,0.001351,7.870255,7.870255,0.802027
3686.000000,-331.349891,-280.613369,0.001425,7.852885,7.852885,0.947242
3688.000000,-329.418779,-281.155839,0.001345,7.835294,7.835294,1.089222
3690.000000,-327.486139,-281.692843,0.001203,7.817497,7.817497,1.227982
3692.000000,-325.552282,-282.225447,0.001139,7.800534,7.800534,1.361779
3694.000000,-323.617220,-282.753654,0.001182,7.783688,7.783688,1.492085
3696.000000,-321.680939,-283.277378,0.001272,7.767970,7.767970,1.619722
3698.000000,-319.743314,-283.796106,0.001294,7.752502,7.752502,1.745333
3700.000000,-317.804281,-284.309548,0.001241,7.737370,7.737370,1.867507
3702.000000,-315.864050,-284.818441,0.001276,7.722601,7.722601,1.984863
3704.000000,-313.922534,-285.322410,0.001365,7.708234,7.708234,2.097280
3706.000000,-311.979605,-285.820904,0.001327,7.694253,7.694253,2.204414
3708.000000,-310.035298,-286.313997,0.001195,7.680996,7.680996,2.307060
3710.000000,-308.089878,-286.802681,0.001202,7.669028,7.669028,2.405337
3712.000000,-306.143352,-287.286938,0.001347,7.658726,7.658726,2.499920
3714.000000,-304.195466,-287.765695,0.001385,7.650380,7.650380,2.591860
3716.000000,-302.246207,-288.238832,0.001304,7.643480,7.643480,2.682972
3718.000000,-300.295762,-288.707058,0.001277,7.638420,7.638420,2.772670
3720.000000,-298.344135,-289.170329,0.001306,7.633790,7.633790,2.860584
3722.000000,-296.391288,-289.628432,0.001242,7.629256,7.629256,2.944104
3724.000000,-294.437238,-290.081375,0.001011,7.624309,7.624309,3.021453
3726.000000,-292.482270,-290.530343,0.000693,7.618586,7.618586,3.090772
3728.000000,-290.526673,-290.976562,0.000380,7.611878,7.611878,3.154197
3730.000000,-288.570758,-291.421388,0.000041,7.604373,7.604373,3.213284
3732.000000,-286.614747,-291.865791,-0.000305,7.597215,7.597215,3.267883
3734.000000,-284.659101,-292.311797,-0.000467,7.591640,7.591640,3.315833
3736.000000,-282.703913,-292.759806,-0.000445,7.586902,7.586902,3.356440
3738.000000,-280.749117,-293.209525,-0.000475,7.582636,7.582636,3.389895
3740.000000,-278.794681,-293.660801,-0.000677,7.578476,7.578476,3.416816
3742.000000,-276.840853,-294.114706,-0.000886,7.575081,7.575081,3.436022
3744.000000,-274.887914,-294.572416,-0.000833,7.575217,7.575217,3.445856
3746.000000,-272.935832,-295.033770,-0.000548,7.579308,7.579308,3.446907
3748.000000,-270.984213,-295.497082,-0.000300,7.585872,7.585872,3.441993
3750.000000,-269.032836,-295.961411,-0.000210,7.593196,7.593196,3.432906
3752.000000,-267.081627,-296.426444,-0.000220,7.600869,7.600869,3.420811
3754.000000,-265.130624,-296.892343,-0.000203,7.608791,7.608791,3.406883
3756.000000,-263.179861,-297.359242,-0.000031,7.617442,7.617442,3.391433
3758.000000,-261.229172,-297.826452,0.000198,7.626716,7.626716,3.375396
3760.000000,-259.278211,-298.292528,0.000262,7.636167,7.636167,3.360834
3762.000000,-257.326977,-298.757456,0.000184,7.645699,7.645699,3.348268
3764.000000,-255.375584,-299.221718,0.000139,7.655272,7.655272,3.337504
3766.000000,-253.424098,-299.685588,0.000233,7.665323,7.665323,3.328439
3768.000000,-251.472440,-300.148733,0.000394,7.675895,7.675895,3.321505
3770.000000,-249.520356,-300.610078,0.000509,7.687918,7.687918,3.317813
3772.000000,-247.567835,-301.069574,0.000592,7.701935,7.701935,3.317222
3774.000000,-245.614735,-301.526597,0.000556,7.717439,7.717439,3.320352
3776.000000,-243.661055,-301.981140,0.000381,7.734620,7.734620,3.327236
3778.000000,-241.707077,-302.434398,0.000257,7.755157,7.755157,3.336244
3780.000000,-239.752886,-302.886736,0.000264,7.779227,7.779227,3.346177
3782.000000,-237.798486,-303.338170,0.000361,7.806144,7.806144,3.356829
3784.000000,-235.843759,-303.788186,0.000433,7.834273,7.834273,3.369015
3786.000000,-233.888590,-304.236282,0.000274,7.861868,7.861868,3.383645
3788.000000,-231.933070,-304.682839,-0.000072,7.888364,7.888364,3.400215
3790.000000,-229.977709,-305.130092,-0.000307,7.915824,7.915824,3.415637
3792.000000,-228.022642,-305.578629,-0.000418,7.942612,7.942612,3.427980
3794.000000,-226.067932,-306.028719,-0.000464,7.968151,7.968151,3.435712
3796.000000,-224.113723,-306.480981,-0.000400,7.992214,7.992214,3.437661
3798.000000,-222.159834,-306.934622,-0.000355,8.014635,8.014635,3.434353
3800.000000,-220.206258,-307.389612,-0.000389,8.035861,8.035861,3.425120
3802.000000,-218.253030,-307.846089,-0.000459,8.055128,8.055128,3.409393
3804.000000,-216.300215,-308.304334,-0.000569,8.070737,8.070737,3.386031
3806.000000,-214.347911,-308.764749,-0.000682,8.082270,8.082270,3.354832
3808.000000,-212.396273,-309.227975,-0.000757,8.090051,8.090051,3.315695
3810.000000,-210.445323,-309.694093,-0.000876,8.094229,8.094229,3.268998
3812.000000,-208.495155,-310.163471,-0.001038,8.095374,8.095374,3.214625
3814.000000,-206.546026,-310.637146,-0.001050,8.094109,8.094109,3.150715
3816.000000,-204.597966,-311.115199,-0.000928,8.091235,8.091235,3.076847
3818.000000,-202.650735,-311.596615,-0.000873,8.086172,8.086172,2.993196
3820.000000,-200.704349,-312.081435,-0.000894,8.078494,8.078494,2.899211
3822.000000,-198.758827,-312.569717,-0.000826,8.069015,8.069015,2.794733
3824.000000,-196.814223,-313.061636,-0.000553,8.058073,8.058073,2.679091
3826.000000,-194.870163,-313.555708,-0.000260,8.046482,8.046482,2.555061
3828.000000,-192.926278,-314.050462,-0.000144,8.034412,8.034412,2.424931
3830.000000,-190.982528,-314.545748,-0.000112,8.022260,8.022260,2.289490
3832.000000,-189.038906,-315.041538,-0.000033,8.009845,8.009845,2.148862
3834.000000,-187.095335,-315.537529,0.000091,7.997514,7.997514,2.002686
3836.000000,-185.151666,-316.033133,0.000187,7.985392,7.985392,1.850677
3838.000000,-183.207782,-316.527892,0.000254,7.974149,7.974149,1.692981
3840.000000,-181.263684,-317.021813,0.000367,7.964268,7.964268,1.528149
3842.000000,-179.319223,-317.514301,0.000577,7.955549,7.955549,1.355027
3844.000000,-177.374253,-318.004774,0.000899,7.948878,7.948878,1.174401
3846.000000,-175.428395,-318.491708,0.001150,7.945339,7.945339,0.987993
3848.000000,-173.481305,-318.973695,0.001211,7.945289,7.945289,0.798113
3850.000000,-171.533098,-319.451147,0.001282,7.948083,7.948083,0.607162
3852.000000,-169.583696,-319.923693,0.001387,7.953469,7.953469,0.416526
3854.000000,-167.632922,-320.390545,0.001420,7.962013,7.962013,0.226330
3856.000000,-165.680863,-320.851993,0.001525,7.973116,7.973116,0.037000
3858.000000,-163.727459,-321.307712,0.001709,7.986446,7.986446,-0.151124
3860.000000,-161.772426,-321.756394,0.001792,8.003109,8.003109,-0.337868
3862.000000,-159.815802,-322.198082,0.001927,8.023014,8.023014,-0.523234
3864.000000,-157.857589,-322.632669,0.002185,8.047024,8.047024,-0.707767
3866.000000,-155.897387,-323.058191,0.002213,8.075509,8.075509,-0.890796
3868.000000,-153.935229,-323.474600,0.002026,8.107948,8.107948,-1.071835
3870.000000,-151.971487,-323.883481,0.001916,8.143503,8.143503,-1.251822
3872.000000,-150.006151,-324.284630,0.001754,8.182451,8.182451,-1.430685
3874.000000,-148.039356,-324.678566,0.001566,8.223889,8.223889,-1.608850
3876.000000,-146.071465,-325.066992,0.001682,8.267095,8.267095,-1.787166
3878.000000,-144.102306,-325.448931,0.001917,8.313119,8.313119,-1.964583
3880.000000,-142.131596,-325.822789,0.001956,8.362222,8.362222,-2.139994
3882.000000,-140.159451,-326.188996,0.001892,8.414384,8.414384,-2.312589
3884.000000,-138.185918,-326.547650,0.001758,8.469984,8.469984,-2.482545
3886.000000,-136.211090,-326.899108,0.001751,8.527956,8.527956,-2.650994
3888.000000,-134.235221,-327.244665,0.001805,8.586564,8.586564,-2.818986
3890.000000,-132.257846,-327.581462,0.001660,8.649098,8.649098,-2.983163
3892.000000,-130.279583,-327.913048,0.001724,8.712346,8.712346,-3.147347
3894.000000,-128.300138,-328.237482,0.001910,8.777653,8.777653,-3.309198
3896.000000,-126.319419,-328.554059,0.001980,8.845217,8.845217,-3.467653
3898.000000,-124.337521,-328.863157,0.002004,8.914213,8.914213,-3.623730
3900.000000,-122.354290,-329.163593,0.001902,8.984215,8.984215,-3.777956
3902.000000,-120.370001,-329.456961,0.001906,9.054677,9.054677,-3.931967
3904.000000,-118.384622,-329.742850,0.002095,9.125776,9.125776,-4.085394
3906.000000,-116.398061,-330.020408,0.002194,9.197191,9.197191,-4.237784
3908.000000,-114.410232,-330.288731,0.002125,9.268706,9.268706,-4.388663
3910.000000,-112.421315,-330.548877,0.002193,9.340500,9.340500,-4.537701
3912.000000,-110.431329,-330.800704,0.002565,9.412834,9.412834,-4.684329
3914.000000,-108.440080,-331.042332,0.002892,9.485404,9.485404,-4.826917
3916.000000,-106.447383,-331.271704,0.002880,9.557945,9.557945,-4.963032
3918.000000,-104.453396,-331.489569,0.002818,9.629390,9.629390,-5.093171
3920.000000,-102.458257,-331.696647,0.002739,9.699230,9.699230,-5.218225
3922.000000,-100.461908,-331.891709,0.002323,9.766617,9.766617,-5.338219
3924.000000,-98.464694,-332.077731,0.001972,9.830765,9.830765,-5.455401
3926.000000,-96.466831,-332.256639,0.002136,9.889853,9.889853,-5.571066
3928.000000,-94.468239,-332.427205,0.002526,9.943516,9.943516,-5.683798
3930.000000,-92.468784,-332.587318,0.002832,9.990082,9.990082,-5.791991
3932.000000,-90.468460,-332.736161,0.003121,10.028457,10.028457,-5.894109
3934.000000,-88.467249,-332.872557,0.003426,10.059274,10.059274,-5.989009
3936.000000,-86.465137,-332.995013,0.003455,10.082881,10.082881,-6.075463
3938.000000,-84.462180,-333.102769,0.003104,10.099483,10.099483,-6.152806
3940.000000,-82.458605,-333.198357,0.002922,10.110212,10.110212,-6.223008
3942.000000,-80.454539,-333.283093,0.003097,10.116573,10.116573,-6.287124
3944.000000,-78.449964,-333.354720,0.003175,10.121625,10.121625,-6.343730
3946.000000,-76.444975,-333.413615,0.003114,10.126276,10.126276,-6.393911
3948.000000,-74.439659,-333.460013,0.003207,10.131772,10.131772,-6.437927
3950.000000,-72.434093,-333.494047,0.003362,10.138850,10.138850,-6.476404
3952.000000,-70.428335,-333.513704,0.003168,10.148571,10.148571,-6.508679
3954.000000,-68.422491,-333.520371,0.002711,10.160945,10.160945,-6.535579
3956.000000,-66.416640,-333.516407,0.002453,10.175695,10.175695,-6.558607
3958.000000,-64.410827,-333.503072,0.002467,10.192743,10.192743,-6.578797
3960.000000,-62.405107,-333.479628,0.002534,10.212118,10.212118,-6.596443
3962.000000,-60.399533,-333.446071,0.002529,10.233983,10.233983,-6.610635
3964.000000,-58.394160,-333.402064,0.002420,10.257513,10.257513,-6.620071
3966.000000,-56.389022,-333.348383,0.002218,10.280134,10.280134,-6.624920
3968.000000,-54.384148,-333.285560,0.001963,10.299915,10.299915,-6.625806
3970.000000,-52.379531,-333.215009,0.001789,10.316288,10.316288,-6.624411
3972.000000,-50.375173,-333.137481,0.001882,10.329844,10.329844,-6.621616
3974.000000,-48.371100,-333.052865,0.002153,10.340719,10.340719,-6.617219
3976.000000,-46.367434,-332.959140,0.002279,10.349488,10.349488,-6.609769
3978.000000,-44.364225,-332.856107,0.002261,10.357531,10.357531,-6.598607
3980.000000,-42.361495,-332.744163,0.002416,10.365637,10.365637,-6.583322
3982.000000,-40.359300,-332.623013,0.002694,10.374084,10.374084,-6.563054
3984.000000,-38.357835,-332.490373,0.002722,10.383857,10.383857,-6.536496
3986.000000,-36.357134,-332.346652,0.002604,10.393810,10.393810,-6.505138
3988.000000,-34.357182,-332.192877,0.002600,10.403532,10.403532,-6.470910
3990.000000,-32.358074,-332.028491,0.002664,10.411583,10.411583,-6.434248
3992.000000,-30.359851,-331.853664,0.002808,10.418524,10.418524,-6.396788
3994.000000,-28.362644,-331.667606,0.002984,10.423717,10.423717,-6.358292
3996.000000,-26.366604,-331.469445,0.003201,10.429055,10.429055,-6.316511
3998.000000,-24.371828,-331.258919,0.003430,10.435039,10.435039,-6.270077
4000.000000,-22.378628,-331.033978,0.003387,10.441372,10.441372,-6.216227
4002.000000,-20.387018,-330.795351,0.003151,10.446862,10.446862,-6.155469
4004.000000,-18.396928,-330.544364,0.003039,10.450876,10.450876,-6.087687
4006.000000,-16.408381,-330.281446,0.003245,10.453556,10.453556,-6.012714
4008.000000,-14.421494,-330.006245,0.003592,10.455586,10.455586,-5.929899
4010.000000,-12.436781,-329.715794,0.003524,10.455770,10.455770,-5.837359
4012.000000,-10.454236,-329.410899,0.003236,10.455145,10.455145,-5.735531
4014.000000,-8.473564,-329.094058,0.003329,10.453420,10.453420,-5.627391
4016.000000,-6.495034,-328.764108,0.003671,10.454025,10.454025,-5.512328
4018.000000,-4.519013,-328.419445,0.003840,10.455916,10.455916,-5.389326
4020.000000,-2.545808,-328.059094,0.003523,10.454647,10.454647,-5.256393
4022.000000,-0.575332,-327.684004,0.003114,10.452728,10.452728,-5.112846
4024.000000,1.393094,-327.298334,0.003197,10.453388,10.453388,-4.963169
4026.000000,3.358869,-326.899357,0.003364,10.453721,10.453721,-4.804596
4028.000000,5.321905,-326.487121,0.003347,10.453127,10.453127,-4.637302
4030.000000,7.282119,-326.061683,0.003133,10.448345,10.448345,-4.460709
4032.000000,9.239466,-325.623231,0.002729,10.438949,10.438949,-4.274484
4034.000000,11.194547,-325.174764,0.002422,10.425180,10.425180,-4.082068
4036.000000,13.147352,-324.716493,0.002065,10.408143,10.408143,-3.884904
4038.000000,15.098179,-324.249865,0.001465,10.389383,10.389383,-3.683723
4040.000000,17.047602,-323.777405,0.000985,10.368486,10.368486,-3.480615
4042.000000,18.996318,-323.302031,0.000578,10.346851,10.346851,-3.277818
4044.000000,20.944117,-322.822917,0.000088,10.326006,10.326006,-3.073809
4046.000000,22.892250,-322.345163,-0.000327,10.300618,10.300618,-2.873738
4048.000000,24.840295,-321.867046,-0.000550,10.273076,10.273076,-2.676157
4050.000000,26.789430,-321.393405,-0.000390,10.240477,10.240477,-2.486402
4052.000000,28.738569,-320.919770,-0.000055,10.208796,10.208796,-2.300498
4054.000000,30.688099,-320.447751,0.000169,10.174620,10.174620,-2.120675
4056.000000,32.637051,-319.973348,0.000111,10.139171,10.139171,-1.942725
4058.000000,34.586126,-319.499446,0.000079,10.103319,10.103319,-1.769931
4060.000000,36.535114,-319.025193,0.000164,10.067794,10.067794,-1.601654
4062.000000,38.483850,-318.549900,0.000095,10.033303,10.033303,-1.437537
4064.000000,40.432551,-318.074468,0.000089,9.998903,9.998903,-1.277419
4066.000000,42.381214,-317.598875,0.000231,9.965154,9.965154,-1.120936
4068.000000,44.329649,-317.122353,0.000349,9.933349,9.933349,-0.967118
4070.000000,46.277695,-316.644245,0.000222,9.902976,9.902976,-0.815283
4072.000000,48.225409,-316.164781,-0.000096,9.874231,9.874231,-0.665659
4074.000000,50.173326,-315.686147,-0.000265,9.846181,9.846181,-0.520164
4076.000000,52.121535,-315.208702,-0.000278,9.818748,9.818748,-0.379222
4078.000000,54.069973,-314.732190,-0.000220,9.791459,9.791459,-0.242620
4080.000000,56.018726,-314.256968,-0.000135,9.764448,9.764448,-0.111200
4082.000000,57.967462,-313.781678,-0.000198,9.738677,9.738677,0.016677
4084.000000,59.916431,-313.307345,-0.000323,9.714770,9.714770,0.139895
4086.000000,61.865705,-312.834263,-0.000237,9.691431,9.691431,0.258078
4088.000000,63.815362,-312.362766,0.000008,9.668788,9.668788,0.370743
4090.000000,65.764848,-311.890563,0.000198,9.645296,9.645296,0.479875
4092.000000,67.714263,-311.418064,0.000353,9.621131,9.621131,0.585443
4094.000000,69.663239,-310.943760,0.000392,9.597757,9.597757,0.689041
4096.000000,71.611823,-310.467848,0.000371,9.575066,9.575066,0.790303
4098.000000,73.560135,-309.990822,0.000406,9.552555,9.552555,0.888455
4100.000000,75.507967,-309.511840,0.000315,9.530719,9.530719,0.984661
4102.000000,77.455475,-309.031543,0.000153,9.509628,9.509628,1.078841
4104.000000,79.402899,-308.550904,0.000134,9.488037,9.488037,1.170578
4106.000000,81.350225,-308.069870,0.000166,9.466301,9.466301,1.260607
4108.000000,83.297314,-307.587876,0.000047,9.445769,9.445769,1.349820
4110.000000,85.244334,-307.105605,-0.000057,9.425864,9.425864,1.437946
4112.000000,87.191547,-306.624112,-0.000094,9.405248,9.405248,1.523600
4114.000000,89.138663,-306.142231,-0.000271,9.384082,9.384082,1.607777
4116.000000,91.086142,-305.661814,-0.000351,9.364363,9.364363,1.688126
4118.000000,93.034037,-305.183088,-0.000197,9.345451,9.345451,1.764416
4120.000000,94.982088,-304.704999,-0.000011,9.328116,9.328116,1.837812
4122.000000,96.930167,-304.227023,0.000185,9.312566,9.312566,1.908607
4124.000000,98.878077,-303.748357,0.000366,9.297852,9.297852,1.977397
4126.000000,100.825586,-303.268064,0.000393,9.285676,9.285676,2.044513
4128.000000,102.772656,-302.785994,0.000270,9.275153,9.275153,2.109968
4130.000000,104.719486,-302.302958,0.000219,9.266830,9.266830,2.172912
4132.000000,106.666189,-301.819409,0.000236,9.260614,9.260614,2.233351
4134.000000,108.612539,-301.334437,0.000193,9.254457,9.254457,2.293139
4136.000000,110.558807,-300.849143,0.000215,9.249247,9.249247,2.352072
4138.000000,112.504841,-300.362906,0.000258,9.244011,9.244011,2.411685
4140.000000,114.450588,-299.875524,0.000265,9.238540,9.238540,2.471468
4142.000000,116.396137,-299.387349,0.000279,9.233332,9.233332,2.530319
4144.000000,118.341330,-298.897763,0.000215,9.227718,9.227718,2.588592
4146.000000,120.286340,-298.407445,0.000264,9.222172,9.222172,2.645591
4148.000000,122.231229,-297.916653,0.000506,9.217788,9.217788,2.701817
4150.000000,124.175503,-297.423427,0.000634,9.214919,9.214919,2.759527
4152.000000,126.119126,-296.927644,0.000619,9.213593,9.213593,2.818732
4154.000000,128.062152,-296.429524,0.000521,9.212821,9.212821,2.878976
4156.000000,130.004556,-295.928985,0.000323,9.213694,9.213694,2.940106
4158.000000,131.946714,-295.427493,0.000243,9.214543,9.214543,3.000598
4160.000000,133.888688,-294.925289,0.000197,9.215082,9.215082,3.060106
4162.000000,135.830298,-294.421677,-0.000009,9.215409,9.215409,3.119106
4164.000000,137.772025,-293.918520,-0.000192,9.214982,9.214982,3.175391
4166.000000,139.713917,-293.415996,-0.000268,9.213651,9.213651,3.228816
4168.000000,141.656136,-292.914739,-0.000284,9.212293,9.212293,3.279085
4170.000000,143.598614,-292.414485,-0.000274,9.210002,9.210002,3.326942
4172.000000,145.541389,-291.915388,-0.000185,9.206542,9.206542,3.372458
4174.000000,147.484410,-291.417252,0.000027,9.202980,9.202980,3.415936
4176.000000,149.427383,-290.918923,0.000143,9.200085,9.200085,3.458838
4178.000000,151.370098,-290.419593,-0.000104,9.197796,9.197796,3.502178
4180.000000,153.312805,-289.920231,-0.000546,9.195265,9.195265,3.544985
4182.000000,155.256201,-289.423559,-0.000750,9.191411,9.191411,3.584607
4184.000000,157.200404,-288.930056,-0.000667,9.185975,9.185975,3.620796
4186.000000,159.145283,-288.439220,-0.000424,9.180871,9.180871,3.654077
4188.000000,161.090642,-287.950291,-0.000102,9.175718,9.175718,3.685332
4190.000000,163.036035,-287.461500,0.000092,9.171216,9.171216,3.716359
4192.000000,164.981282,-286.972123,0.000117,9.166774,9.166774,3.747798
4194.000000,166.926427,-286.482342,0.000170,9.161878,9.161878,3.779463
4196.000000,168.871464,-285.992135,0.000261,9.157734,9.157734,3.811196
4198.000000,170.816148,-285.500530,0.000280,9.153950,9.153950,3.843436
4200.000000,172.760617,-285.008074,0.000302,9.151886,9.151886,3.875292
4202.000000,174.704766,-284.514356,0.000350,9.151278,9.151278,3.907265
4204.000000,176.648577,-284.019308,0.000293,9.151580,9.151580,3.939479
4206.000000,178.591997,-283.522727,0.000147,9.152573,9.152573,3.971754
4208.000000,180.535371,-283.025968,0.000087,9.152796,9.152796,4.001377
4210.000000,182.478641,-282.528801,0.000090,9.153746,9.153746,4.023556
4212.000000,184.421820,-282.031280,0.000096,9.155465,9.155465,4.049413
4214.000000,186.364924,-281.533464,0.000095,9.157928,9.157928,4.081638
4216.000000,188.307888,-281.035101,0.000044,9.159852,9.159852,4.106569
4218.000000,190.250829,-280.536650,0.000018,9.161469,9.161469,4.143351
4220.000000,192.193779,-280.038236,-0.000005,9.163274,9.163274,4.179841
4222.000000,194.136662,-279.539559,-0.000064,9.164303,9.164303,4.215169
4224.000000,196.079691,-279.041449,-0.000037,9.165250,9.165250,4.248965
4226.000000,198.022752,-278.543466,0.000063,9.165795,9.165795,4.282774
4228.000000,199.965751,-278.045243,0.000112,9.165250,9.165250,4.317105
4230.000000,201.908588,-277.546387,0.000104,9.164311,9.164311,4.352319
4232.000000,203.851365,-277.047298,0.000110,9.162689,9.162689,4.388023
4234.000000,205.794008,-276.547684,0.000077,9.161155,9.161155,4.424550
4236.000000,207.736541,-276.047645,-0.000012,9.159311,9.159311,4.461672
4238.000000,209.679118,-275.547781,0.000079,9.156731,9.156731,4.498588
4240.000000,211.621764,-275.048180,0.000356,9.155507,9.155507,4.535293
4242.000000,213.563912,-274.546648,0.000528,9.156411,9.156411,4.574031
4244.000000,215.505555,-274.043165,0.000577,9.159735,9.159735,4.614777
4246.000000,217.446576,-273.537292,0.000272,9.166217,9.166217,4.658211
4248.000000,219.387008,-273.029161,-0.000381,9.175915,9.175915,4.703940
4250.000000,221.328137,-272.523704,-0.000577,9.185205,9.185205,4.746874
4252.000000,223.270007,-272.021095,-0.000286,9.192356,9.192356,4.787590
4254.000000,225.212035,-271.519098,-0.000054,9.198350,9.198350,4.827952
4256.000000,227.154160,-271.017478,-0.000071,9.203808,9.203808,4.869719
4258.000000,229.096149,-270.515333,-0.000158,9.210430,9.210430,4.914741
4260.000000,231.038599,-270.014971,0.000007,9.215281,9.215281,4.949257
4262.000000,232.980897,-269.514024,0.000134,9.219846,9.219846,4.981984
4264.000000,234.923011,-269.012357,0.000037,9.223977,9.223977,5.013582
4266.000000,236.865108,-268.510630,-0.000140,9.227483,9.227483,5.044946
4268.000000,238.807275,-268.009169,-0.000404,9.230387,9.230387,5.075582
4270.000000,240.749882,-267.509421,-0.000586,9.231656,9.231656,5.103495
4272.000000,242.693159,-267.012281,-0.000518,9.230519,9.230519,5.126205
4274.000000,244.637000,-266.517353,-0.000257,9.227165,9.227165,5.144346
4276.000000,246.581107,-266.023469,0.000040,9.222245,9.222245,5.161676
4278.000000,248.525138,-265.529287,0.000201,9.217686,9.217686,5.178998
4280.000000,250.468898,-265.034039,0.000171,9.213739,9.213739,5.196369
4282.000000,252.412478,-264.538084,0.000028,9.211033,9.211033,5.212393
4284.000000,254.356009,-264.041941,-0.000059,9.207735,9.207735,5.226059
4286.000000,256.299705,-263.546442,-0.004948,9.207270,9.207270,5.236524
