s_m,x_m,y_m,kappa_radpm,w_tr_right_m,w_tr_left_m,d_m
0.000000,546.055840,76.188585,-0.040366,7.074981,7.074981,-3.256857
2.000000,544.083406,75.850400,0.020174,7.522992,7.522992,-3.576046
4.000000,542.150402,75.335543,0.027872,7.896035,7.896035,-3.671044
6.000000,540.254372,74.693338,0.008645,7.895628,7.895628,-3.644871
8.000000,538.358365,74.051069,0.001103,7.896192,7.896192,-3.611148
10.000000,536.464236,73.403289,0.000841,7.893011,7.893011,-3.562204
12.000000,534.572046,72.749862,-0.000155,7.882255,7.882255,-3.496521
14.000000,532.678463,72.100479,-0.000292,7.870995,7.870995,-3.424997
16.000000,530.784914,71.451001,0.000030,7.859518,7.859518,-3.344104
18.000000,528.891167,70.802095,0.000201,7.846469,7.846469,-3.253210
20.000000,526.997937,70.151683,0.000191,7.833305,7.833305,-3.149991
22.000000,525.104919,69.500657,0.000066,7.819992,7.819992,-3.035583
24.000000,523.211955,68.849472,0.000018,7.806484,7.806484,-2.914265
26.000000,521.319016,68.198214,-0.000006,7.792941,7.792941,-2.788248
28.000000,519.426069,67.546980,-0.000018,7.779423,7.779423,-2.658626
30.000000,517.533080,66.895868,-0.000015,7.765974,7.765974,-2.525320
32.000000,515.640088,66.244766,-0.000009,7.752660,7.752660,-2.388439
34.000000,513.747067,65.593748,0.000033,7.739518,7.739518,-2.248073
36.000000,511.854060,64.942686,0.000211,7.726481,7.726481,-2.103993
38.000000,509.961228,64.291119,0.000386,7.714280,7.714280,-1.955886
40.000000,508.069136,63.637405,0.000281,7.705156,7.705156,-1.802557
42.000000,506.177409,62.982635,0.000015,7.698270,7.698270,-1.646705
44.000000,504.285682,62.327865,-0.000143,7.691384,7.691384,-1.490853
46.000000,502.393670,61.673919,-0.000126,7.684370,7.684370,-1.337182
48.000000,500.501477,61.020498,-0.000267,7.677597,7.677597,-1.185514
50.000000,498.609274,60.367104,-0.000928,7.670548,7.670548,-1.033989
52.000000,496.715883,59.717173,-0.001406,7.667207,7.667207,-0.887066
54.000000,494.820063,59.074356,-0.001070,7.671333,7.671333,-0.749623
56.000000,492.923009,58.435185,-0.000560,7.679509,7.679509,-0.618483
58.000000,491.025339,57.797844,-0.000279,7.689926,7.689926,-0.491747
60.000000,489.127270,57.161695,-0.000157,7.702221,7.702221,-0.368095
62.000000,487.229193,56.525566,-0.000221,7.716724,7.716724,-0.245903
64.000000,485.330728,55.890597,-0.000216,7.731906,7.731906,-0.126325
66.000000,483.431922,55.256651,0.000053,7.747875,7.747875,-0.009247
68.000000,481.533090,54.622779,0.001025,7.763963,7.763963,0.106360
70.000000,479.634919,53.986934,0.001903,7.778146,7.778146,0.222770
72.000000,477.740708,53.339395,0.001373,7.779999,7.779999,0.350345
74.000000,475.847703,52.688328,0.000644,7.778252,7.778252,0.480699
76.000000,473.955418,52.035175,0.000476,7.774425,7.774425,0.612837
78.000000,472.063846,51.379959,0.000372,7.768478,7.768478,0.747559
80.000000,470.172618,50.723749,0.000348,7.761579,7.761579,0.884465
82.000000,468.281940,50.065958,0.000266,7.753047,7.753047,1.023669
84.000000,466.391649,49.407052,-0.000412,7.743725,7.743725,1.163992
86.000000,464.501434,48.747931,-0.001133,7.733724,7.733724,1.304222
88.000000,462.608537,48.096597,-0.000270,7.714674,7.714674,1.435928
90.000000,460.715022,47.447073,0.000489,7.693572,7.693572,1.566188
92.000000,458.824015,46.790226,-0.000351,7.688618,7.688618,1.703845
94.000000,456.931138,46.138795,-0.000678,7.685364,7.685364,1.835385
96.000000,455.037639,45.489169,-0.000305,7.681982,7.681982,1.965077
98.000000,453.143711,44.840792,-0.000161,7.679385,7.679385,2.093434
100.000000,451.249674,44.192735,-0.000112,7.677088,7.677088,2.221459
102.000000,449.355451,43.545222,-0.000036,7.675234,7.675234,2.348824
104.000000,447.461131,42.897994,0.000037,7.673779,7.673779,2.475684
106.000000,445.567003,42.250202,0.000010,7.672979,7.672979,2.602714
108.000000,443.672781,41.602686,0.000060,7.672674,7.672674,2.728772
110.000000,441.778607,40.955028,0.000112,7.672672,7.672672,2.854319
112.000000,439.884741,40.306471,0.000013,7.673505,7.673505,2.980118
114.000000,437.990790,39.658163,-0.000045,7.674130,7.674130,3.104977
116.000000,436.096769,39.010060,-0.000022,7.674759,7.674759,3.228971
118.000000,434.202741,38.361975,-0.000024,7.675494,7.675494,3.352193
120.000000,432.308682,37.713984,-0.000032,7.676318,7.676318,3.474666
122.000000,430.414570,37.066146,-0.000031,7.677279,7.677279,3.596462
124.000000,428.520427,36.418397,-0.000033,7.678426,7.678426,3.718067
126.000000,426.626237,35.770789,-0.000036,7.679637,7.679637,3.839843
128.000000,424.732000,35.123315,-0.000036,7.681040,7.681040,3.961846
130.000000,422.837715,34.475982,-0.000041,7.682579,7.682579,4.084025
132.000000,420.943386,33.828780,-0.000057,7.684129,7.684129,4.206317
134.000000,419.048982,33.181797,-0.000070,7.685933,7.685933,4.328588
136.000000,417.154475,32.535115,-0.000058,7.687919,7.687919,4.450742
138.000000,415.259887,31.888670,-0.000054,7.690083,7.690083,4.572907
140.000000,413.365263,31.242332,-0.000068,7.692468,7.692468,4.695295
142.000000,411.470514,30.596358,-0.000060,7.694999,7.694999,4.817691
144.000000,409.575698,29.950582,-0.000049,7.697696,7.697696,4.940188
146.000000,407.680831,29.304955,-0.000081,7.700535,7.700535,5.062659
148.000000,405.785879,28.659580,-0.000134,7.703623,7.703623,5.184848
150.000000,403.890731,28.014779,-0.000142,7.707153,7.707153,5.306125
152.000000,401.995367,27.370612,-0.000036,7.711281,7.711281,5.425873
154.000000,400.099900,26.726752,0.000087,7.715791,7.715791,5.544161
156.000000,398.204670,26.082192,0.000109,7.721509,7.721509,5.661717
158.000000,396.309516,25.437408,-0.000001,7.727718,7.727718,5.777656
160.000000,394.414537,24.792111,-0.000459,7.734720,7.734720,5.892023
162.000000,392.519127,24.148081,-0.000805,7.742263,7.742263,6.002629
164.000000,390.622041,23.509003,-0.000479,7.755044,7.755044,6.105464
166.000000,388.724602,22.870977,-0.000129,7.769119,7.769119,6.204260
168.000000,386.827089,22.233168,-0.000105,7.784053,7.784053,6.298508
170.000000,384.929419,21.595827,-0.000116,7.799464,7.799464,6.386768
172.000000,383.031599,20.958936,-0.000149,7.815347,7.815347,6.466680
174.000000,381.133643,20.322446,-0.000147,7.831351,7.831351,6.538540
176.000000,379.235350,19.686965,-0.000064,7.846558,7.846558,6.600611
178.000000,377.337119,19.051297,-0.000045,7.861777,7.861777,6.651669
180.000000,375.438776,18.415962,-0.000106,7.876274,7.876274,6.691096
182.000000,373.540368,17.780825,-0.000107,7.890046,7.890046,6.720467
184.000000,371.641665,17.146569,-0.000092,7.903673,7.903673,6.737367
186.000000,369.743072,16.511982,-0.000118,7.916349,7.916349,6.735544
188.000000,367.844086,15.878574,-0.000073,7.929992,7.929992,6.709835
190.000000,365.945180,15.244926,-0.000063,7.943239,7.943239,6.662639
192.000000,364.046138,14.611685,-0.000091,7.955896,7.955896,6.592141
194.000000,362.146969,13.978826,-0.000067,7.968345,7.968345,6.498329
196.000000,360.247729,13.346180,-0.000099,7.980322,7.980322,6.384617
198.000000,358.348417,12.713748,-0.000302,7.991841,7.991841,6.250177
200.000000,356.448820,12.082175,-0.000875,8.003188,8.003188,6.084964
202.000000,354.548340,11.453264,-0.001981,8.013677,8.013677,5.881114
204.000000,352.645518,10.831488,-0.003303,8.019761,8.019761,5.637281
206.000000,350.738420,10.222968,-0.002916,8.022616,8.022616,5.355329
208.000000,348.826048,9.631211,0.000878,8.024439,8.024439,5.011313
210.000000,346.914372,9.037224,0.005173,8.025720,8.025720,4.616122
212.000000,345.010900,8.417535,0.006025,8.027000,8.027000,4.180109
214.000000,343.115817,7.772572,0.004928,8.029791,8.029791,3.694656
216.000000,341.226065,7.112163,0.005430,8.033780,8.033780,3.142224
218.000000,339.342899,6.433203,0.008631,8.036306,8.036306,2.510805
220.000000,337.470634,5.724874,0.013855,8.034963,8.034963,1.777432
222.000000,335.619083,4.964513,0.019597,8.023017,8.023017,0.967700
224.000000,333.798923,4.131980,0.026496,8.023273,8.023273,0.113726
226.000000,332.023232,3.209192,0.032609,8.057487,8.057487,-0.736926
228.000000,330.319066,2.160843,0.033111,8.152173,8.152173,-1.515174
230.000000,328.687578,1.001673,0.031555,8.288962,8.288962,-2.244375
232.000000,327.128762,-0.253868,0.031826,8.458901,8.458901,-2.989454
234.000000,325.655859,-1.609115,0.033654,8.657493,8.657493,-3.781692
236.000000,324.271354,-3.054142,0.042015,8.874438,8.874438,-4.596601
238.000000,323.003873,-4.601569,0.067922,9.088999,9.088999,-5.346848
240.000000,321.928564,-6.285120,0.111883,9.285423,9.285423,-5.840672
242.000000,321.276695,-8.144422,0.119925,9.348384,9.348384,-5.933335
244.000000,321.212806,-10.143296,0.078595,9.089286,9.089286,-5.776348
246.000000,321.366566,-12.135664,0.049972,8.860897,8.860897,-5.554133
248.000000,321.733629,-14.102209,0.043477,8.655439,8.655439,-5.237430
250.000000,322.248238,-16.035488,0.042448,8.527238,8.527238,-4.886948
252.000000,322.932765,-17.914271,0.041506,8.459686,8.459686,-4.475084
254.000000,323.775636,-19.728766,0.031501,8.451252,8.451252,-3.954501
256.000000,324.746776,-21.478314,0.007876,8.494886,8.494886,-3.300470
258.000000,325.758183,-23.205853,-0.011072,8.567834,8.567834,-2.585616
260.000000,326.673628,-24.985957,-0.007042,8.528757,8.528757,-2.014119
262.000000,327.585145,-26.768218,-0.001600,8.472679,8.472679,-1.471809
264.000000,328.501575,-28.547966,-0.007424,8.421264,8.421264,-0.908473
266.000000,329.389218,-30.342154,-0.012681,8.404159,8.404159,-0.351032
268.000000,330.222593,-32.162162,-0.015241,8.448269,8.448269,0.181701
270.000000,331.009510,-34.002816,-0.023037,8.523690,8.523690,0.714900
272.000000,331.719518,-35.873330,-0.033947,8.562981,8.562981,1.240173
274.000000,332.284391,-37.792769,-0.040462,8.583896,8.583896,1.698940
276.000000,332.699385,-39.750278,-0.045368,8.631867,8.631867,2.104848
278.000000,332.931455,-41.737856,-0.047680,8.694213,8.694213,2.451728
280.000000,332.962972,-43.738700,-0.038880,8.747565,8.747565,2.751686
282.000000,332.818484,-45.735165,-0.026490,8.756107,8.756107,3.016273
284.000000,332.604665,-47.725320,-0.030131,8.765484,8.765484,3.337036
286.000000,332.282839,-49.699523,-0.042453,8.758699,8.758699,3.647394
288.000000,331.771003,-51.632427,-0.043462,8.800564,8.800564,3.883332
290.000000,331.086249,-53.512282,-0.036891,8.885012,8.885012,4.115155
292.000000,330.272463,-55.340357,-0.031612,8.962842,8.962842,4.413593
294.000000,329.340149,-57.111080,-0.030906,9.023738,9.023738,4.808903
296.000000,328.317018,-58.831382,-0.043704,9.041720,9.041720,5.309724
298.000000,327.163413,-60.466795,-0.054908,9.017907,9.017907,5.736921
300.000000,325.789387,-61.921952,-0.047684,8.942601,8.942601,6.006991
302.000000,324.307753,-63.266921,-0.041317,8.886583,8.886583,6.275565
304.000000,322.717146,-64.480470,-0.040457,8.820543,8.820543,6.490895
306.000000,321.031287,-65.558068,-0.037501,8.760284,8.760284,6.665767
308.000000,319.271932,-66.510777,-0.035382,8.718434,8.718434,6.814848
310.000000,317.448354,-67.334003,-0.031946,8.689624,8.689624,6.955298
312.000000,315.574005,-68.034903,-0.028390,8.662411,8.662411,7.088118
314.000000,313.665989,-68.639410,-0.030224,8.607717,8.607717,7.212763
316.000000,311.725720,-69.130282,-0.034081,8.539715,8.539715,7.319265
318.000000,309.754864,-69.478547,-0.033924,8.483570,8.483570,7.388013
320.000000,307.764982,-69.692024,-0.031907,8.428243,8.428243,7.416533
322.000000,305.765761,-69.780533,-0.030252,8.373201,8.373201,7.411127
324.000000,303.764958,-69.744758,-0.027677,8.319337,8.319337,7.369680
326.000000,301.768898,-69.598473,-0.025184,8.275459,8.275459,7.278109
328.000000,299.782185,-69.354812,-0.020889,8.261292,8.261292,7.119843
330.000000,297.809535,-69.014918,-0.010619,8.263279,8.263279,6.871768
332.000000,295.844416,-68.633284,-0.001337,8.239429,8.239429,6.572030
334.000000,293.877069,-68.263326,-0.000923,8.175019,8.175019,6.304840
336.000000,291.910236,-67.890628,-0.005238,8.109293,8.109293,6.073232
338.000000,289.947462,-67.497216,-0.008934,8.049989,8.049989,5.844703
340.000000,287.992807,-67.065705,-0.008364,8.012187,8.012187,5.593357
342.000000,286.048078,-66.591148,-0.004833,7.995779,7.995779,5.306099
344.000000,284.104919,-66.110023,-0.006221,7.963057,7.963057,5.030180
346.000000,282.166680,-65.609731,-0.009547,7.929541,7.929541,4.767584
348.000000,280.242534,-65.057945,-0.006239,7.929863,7.929863,4.468668
350.000000,278.325721,-64.480748,-0.001333,7.932367,7.932367,4.140867
352.000000,276.407102,-63.909564,-0.001060,7.905562,7.905562,3.830826
354.000000,274.490633,-63.331214,-0.001509,7.864592,7.864592,3.529083
356.000000,272.576579,-62.744914,-0.000392,7.813026,7.813026,3.233318
358.000000,270.662552,-62.158526,0.000297,7.759886,7.759886,2.952317
360.000000,268.747877,-61.574252,0.000105,7.708001,7.708001,2.687041
362.000000,266.833077,-60.990389,-0.000532,7.655974,7.655974,2.433404
364.000000,264.918681,-60.405205,-0.002032,7.604003,7.604003,2.194273
366.000000,263.006108,-59.814098,-0.004449,7.553600,7.553600,1.967121
368.000000,261.099188,-59.205058,-0.005990,7.512915,7.512915,1.736686
370.000000,259.200827,-58.569865,-0.004861,7.488149,7.488149,1.487328
372.000000,257.309603,-57.913677,-0.002625,7.474197,7.474197,1.220070
374.000000,255.420363,-57.251766,-0.002429,7.455376,7.455376,0.950898
376.000000,253.533721,-56.582508,-0.003808,7.430829,7.430829,0.679667
378.000000,251.652942,-55.896975,-0.003797,7.413623,7.413623,0.396136
380.000000,249.778626,-55.193940,-0.001818,7.403891,7.403891,0.099376
382.000000,247.906507,-54.485053,-0.000052,7.392579,7.392579,-0.196497
384.000000,246.033674,-53.778051,0.000299,7.380289,7.380289,-0.485068
386.000000,244.160352,-53.072347,0.000143,7.368817,7.368817,-0.768532
388.000000,242.287031,-52.366639,0.000342,7.358882,7.358882,-1.049020
390.000000,240.413390,-51.661784,0.001067,7.349608,7.349608,-1.327617
392.000000,238.538465,-50.960354,0.002912,7.342765,7.342765,-1.603363
394.000000,236.660453,-50.267239,0.006819,7.343949,7.343949,-1.870993
396.000000,234.773879,-49.597904,0.008714,7.342567,7.342567,-2.112688
398.000000,232.871181,-48.975772,0.005512,7.315956,7.315956,-2.308537
400.000000,230.963976,-48.367567,0.002434,7.298290,7.298290,-2.496818
402.000000,229.054000,-47.768126,0.001940,7.297323,7.297323,-2.682707
404.000000,227.142235,-47.174405,0.003260,7.303228,7.303228,-2.870510
406.000000,225.227573,-46.590171,0.004954,7.305849,7.305849,-3.056221
408.000000,223.305370,-46.031260,0.005609,7.293497,7.293497,-3.224698
410.000000,221.378564,-45.488344,0.008602,7.284986,7.284986,-3.387406
412.000000,219.443851,-44.974573,0.010011,7.270269,7.270269,-3.527940
414.000000,217.494354,-44.519813,0.007396,7.223171,7.223171,-3.623495
416.000000,215.542927,-44.073418,0.007136,7.193689,7.193689,-3.722440
418.000000,213.582964,-43.666663,0.005603,7.150435,7.150435,-3.792774
420.000000,211.618021,-43.284105,0.001811,7.107320,7.107320,-3.857828
422.000000,209.653108,-42.901392,0.001362,7.079092,7.079092,-3.938460
424.000000,207.687313,-42.523242,0.003284,7.061787,7.061787,-4.029388
426.000000,205.719166,-42.157566,0.005275,7.058320,7.058320,-4.121645
428.000000,203.747026,-41.814141,0.007502,7.076273,7.076273,-4.205168
430.000000,201.770512,-41.497000,0.009137,7.110048,7.110048,-4.274365
432.000000,199.787542,-41.223730,0.007463,7.134307,7.134307,-4.312604
434.000000,197.800449,-40.981297,0.004434,7.162923,7.162923,-4.333706
436.000000,195.811812,-40.751828,0.003280,7.211826,7.211826,-4.354488
438.000000,193.821638,-40.536132,0.002990,7.258706,7.258706,-4.369869
440.000000,191.830221,-40.332170,0.004420,7.294911,7.294911,-4.384101
442.000000,189.837767,-40.138621,0.007906,7.327128,7.327128,-4.404294
444.000000,187.842040,-39.983048,0.007938,7.335278,7.335278,-4.410594
446.000000,185.843551,-39.867405,0.004589,7.324696,7.324696,-4.404218
448.000000,183.844554,-39.760817,0.004922,7.322508,7.322508,-4.410033
450.000000,181.844810,-39.669611,0.006622,7.321900,7.321900,-4.419274
452.000000,179.843664,-39.617398,0.004616,7.303469,7.303469,-4.412281
454.000000,177.842217,-39.577881,0.004101,7.289214,7.289214,-4.413034
456.000000,175.840612,-39.547931,0.006476,7.281611,7.281611,-4.425423
458.000000,173.838822,-39.551877,0.005651,7.258476,7.258476,-4.427278
460.000000,171.837216,-39.582258,0.003219,7.227379,7.227379,-4.427038
462.000000,169.835671,-39.616444,0.003259,7.202701,7.202701,-4.443579
464.000000,167.834532,-39.668183,0.003180,7.155978,7.155978,-4.461590
466.000000,165.833753,-39.733242,0.003164,7.093597,7.093597,-4.485843
468.000000,163.833214,-39.805059,0.005308,7.043833,7.043833,-4.522167
470.000000,161.833716,-39.900720,0.005863,7.005584,7.005584,-4.549790
472.000000,159.835890,-40.026912,0.003832,6.953088,6.953088,-4.561236
474.000000,157.838619,-40.162041,0.004316,6.896085,6.896085,-4.577100
476.000000,155.842279,-40.310083,0.007514,6.856869,6.856869,-4.593012
478.000000,153.848881,-40.492329,0.007967,6.825060,6.825060,-4.584861
480.000000,151.859282,-40.713215,0.007160,6.791273,6.791273,-4.546641
482.000000,149.871470,-40.949719,0.008449,6.775107,6.775107,-4.500621
484.000000,147.889459,-41.230343,0.007019,6.752525,6.752525,-4.420096
486.000000,145.911929,-41.541342,0.002014,6.731832,6.731832,-4.313405
488.000000,143.935433,-41.858851,-0.001400,6.731042,6.731042,-4.202319
490.000000,141.957131,-42.164893,-0.001755,6.723754,6.723754,-4.104939
492.000000,139.977951,-42.465190,-0.000605,6.727784,6.727784,-4.016534
494.000000,137.998037,-42.760640,0.000949,6.734056,6.734056,-3.936980
496.000000,136.019005,-43.061941,0.002116,6.740436,6.740436,-3.856036
498.000000,134.041239,-43.371430,0.002216,6.750329,6.750329,-3.772041
500.000000,132.065279,-43.692210,0.001096,6.751141,6.751141,-3.681344
502.000000,130.090014,-44.017298,-0.000120,6.748664,6.748664,-3.590308
504.000000,128.114329,-44.339827,-0.000323,6.748749,6.748749,-3.506367
506.000000,126.138469,-44.661275,-0.000084,6.748803,6.748803,-3.427163
508.000000,124.162545,-44.982336,0.000122,6.749095,6.749095,-3.351129
510.000000,122.186706,-45.303916,0.000165,6.749473,6.749473,-3.277037
512.000000,120.211074,-45.626768,0.000025,6.751025,6.751025,-3.204078
514.000000,118.235369,-45.949169,-0.000014,6.753657,6.753657,-3.133270
516.000000,116.259666,-46.271588,0.000035,6.756286,6.756286,-3.063837
518.000000,114.283995,-46.594199,0.000009,6.758818,6.758818,-2.995322
520.000000,112.308348,-46.916957,-0.000334,6.761511,6.761511,-2.927694
522.000000,110.332644,-47.239366,-0.001084,6.764961,6.764961,-2.861117
524.000000,108.356176,-47.557041,-0.001493,6.772781,6.772781,-2.799842
526.000000,106.378540,-47.867373,-0.001043,6.784987,6.784987,-2.746733
528.000000,104.400247,-48.173496,-0.000377,6.795518,6.795518,-2.698805
530.000000,102.421837,-48.478863,-0.000096,6.805462,6.805462,-2.652291
532.000000,100.443390,-48.783984,-0.000115,6.815206,6.815206,-2.606545
534.000000,98.464901,-49.088838,-0.000667,6.824988,6.824988,-2.561352
536.000000,96.486254,-49.392657,-0.001444,6.835794,6.835794,-2.516922
538.000000,94.506365,-49.688246,-0.001162,6.855439,6.855439,-2.480286
540.000000,92.525674,-49.978448,-0.000228,6.880976,6.880976,-2.448798
542.000000,90.545068,-50.269231,0.000089,6.906741,6.906741,-2.416352
544.000000,88.564553,-50.560626,0.000291,6.932554,6.932554,-2.382995
546.000000,86.583978,-50.851620,0.001716,6.959650,6.959650,-2.350030
548.000000,84.604123,-51.147426,0.002804,6.982596,6.982596,-2.312769
550.000000,82.627030,-51.461200,0.001632,6.987835,6.987835,-2.257796
552.000000,80.650522,-51.778642,0.000673,6.989956,6.989956,-2.199157
554.000000,78.674101,-52.096629,0.001735,6.992024,6.992024,-2.140070
556.000000,76.698642,-52.420499,0.002962,6.988545,6.988545,-2.075110
558.000000,74.725726,-52.759500,0.002449,6.970371,6.970371,-1.994467
560.000000,72.754666,-53.109169,0.000472,6.941900,6.941900,-1.902054
562.000000,70.783998,-53.461055,-0.001378,6.912005,6.912005,-1.806486
564.000000,68.811986,-53.805297,-0.001547,6.891788,6.891788,-1.718026
566.000000,66.838471,-54.140845,-0.000424,6.882110,6.882110,-1.638359
568.000000,64.865058,-54.476997,0.000125,6.872902,6.872902,-1.558109
570.000000,62.891780,-54.813933,0.000003,6.863259,6.863259,-1.477092
572.000000,60.918468,-55.150677,-0.000056,6.853977,6.853977,-1.396514
574.000000,58.945097,-55.487070,-0.000020,6.845214,6.845214,-1.316631
576.000000,56.971726,-55.823466,-0.000039,6.836617,6.836617,-1.237046
578.000000,54.998361,-56.159892,-0.000647,6.828266,6.828266,-1.157653
580.000000,53.024881,-56.495646,-0.001462,6.820965,6.820965,-1.078928
582.000000,51.049907,-56.822487,-0.001112,6.823363,6.823363,-1.008885
584.000000,49.074172,-57.144706,-0.000197,6.830605,6.830605,-0.943212
586.000000,47.098531,-57.467500,0.000083,6.837928,6.837928,-0.876711
588.000000,45.122948,-57.790651,0.000037,6.845325,6.845325,-0.809569
590.000000,43.147368,-58.113819,0.000037,6.853159,6.853159,-0.741974
592.000000,41.171819,-58.437176,0.000043,6.861364,6.861364,-0.673796
594.000000,39.196301,-58.760729,0.000164,6.869903,6.869903,-0.605048
596.000000,37.220802,-59.084387,0.000821,6.878705,6.878705,-0.535848
598.000000,35.245663,-59.410235,0.001422,6.886086,6.886086,-0.464272
600.000000,33.271948,-59.744578,0.000948,6.885257,6.885257,-0.383714
602.000000,31.298790,-60.082221,0.000198,6.881441,6.881441,-0.298921
604.000000,29.325614,-60.419757,0.000021,6.878264,6.878264,-0.214068
606.000000,27.352445,-60.757332,-0.000160,6.875446,6.875446,-0.129817
608.000000,25.379336,-61.095261,-0.000674,6.872723,6.872723,-0.046692
610.000000,23.405673,-61.429919,-0.000732,6.873744,6.873744,0.031407
612.000000,21.431255,-61.760114,-0.000163,6.879589,6.879589,0.104094
614.000000,19.456942,-62.090937,0.000130,6.885196,6.885196,0.176875
616.000000,17.482735,-62.422388,0.000077,6.890553,6.890553,0.250105
618.000000,15.508556,-62.754007,0.000055,6.896067,6.896067,0.323647
620.000000,13.534420,-63.085886,0.000052,6.901722,6.901722,0.397697
622.000000,11.560314,-63.417939,0.000031,6.907505,6.907505,0.472319
624.000000,9.586244,-63.750207,-0.000036,6.913385,6.913385,0.547582
626.000000,7.612155,-64.082359,-0.000101,6.919735,6.919735,0.623023
628.000000,5.637972,-64.413954,-0.000090,6.926944,6.926944,0.697964
630.000000,3.663726,-64.745176,-0.000006,6.934910,6.934910,0.772399
632.000000,1.689461,-65.076284,0.000085,6.944039,6.944039,0.846520
634.000000,-0.284718,-65.407903,0.000121,6.954948,6.954948,0.921064
636.000000,-2.258824,-65.739960,0.000134,6.967541,6.967541,0.996354
638.000000,-4.232840,-66.072543,0.000090,6.980833,6.980833,1.072615
640.000000,-6.206751,-66.405755,0.000025,6.994549,6.994549,1.150022
642.000000,-8.180723,-66.738607,0.000050,7.009155,7.009155,1.227619
644.000000,-10.154611,-67.071953,0.000068,7.023758,7.023758,1.306205
646.000000,-12.128471,-67.405468,0.000123,7.038478,7.038478,1.385346
648.000000,-14.102291,-67.739219,0.001085,7.053201,7.053201,1.465058
650.000000,-16.075887,-68.074268,0.002170,7.066904,7.066904,1.546756
652.000000,-18.046989,-68.423625,0.001088,7.066132,7.066132,1.643524
654.000000,-20.017327,-68.777329,-0.000536,7.061052,7.061052,1.744258
656.000000,-21.988703,-69.125217,-0.000492,7.061604,7.061604,1.839019
658.000000,-23.960287,-69.471935,0.000044,7.063914,7.063914,1.932712
660.000000,-25.931802,-69.819040,0.000198,7.064273,7.064273,2.026817
662.000000,-27.903126,-70.167231,0.000098,7.063698,7.063698,2.122039
664.000000,-29.874349,-70.515988,-0.000073,7.061558,7.061558,2.217939
666.000000,-31.845690,-70.864083,-0.000114,7.059719,7.059719,2.313726
668.000000,-33.817100,-71.211787,-0.000107,7.057653,7.057653,2.410246
670.000000,-35.788573,-71.559130,-0.000163,7.055283,7.055283,2.508266
672.000000,-37.760147,-71.905902,-0.000253,7.052725,7.052725,2.608480
674.000000,-39.731908,-72.251609,-0.000330,7.049952,7.049952,2.711222
676.000000,-41.703895,-72.596024,-0.000325,7.047262,7.047262,2.815998
678.000000,-43.676153,-72.938878,-0.000257,7.044659,7.044659,2.922637
680.000000,-45.648537,-73.281014,-0.000390,7.043030,7.043030,3.032118
682.000000,-47.621105,-73.622087,-0.000652,7.042640,7.042640,3.144033
684.000000,-49.594242,-73.959846,-0.000787,7.045025,7.045025,3.256296
686.000000,-51.567824,-74.294997,-0.000739,7.049799,7.049799,3.370473
688.000000,-53.542067,-74.626237,-0.000554,7.055474,7.055474,3.487138
690.000000,-55.516517,-74.956234,-0.000515,7.063772,7.063772,3.608796
692.000000,-57.491361,-75.283869,-0.000617,7.073735,7.073735,3.734505
694.000000,-59.466564,-75.609334,-0.000871,7.085675,7.085675,3.865069
696.000000,-61.442269,-75.931736,-0.001873,7.099260,7.099260,4.000321
698.000000,-63.418857,-76.248660,-0.003707,7.111626,7.111626,4.136443
700.000000,-65.397877,-76.549946,-0.004387,7.113241,7.113241,4.262615
702.000000,-67.380128,-76.829246,-0.003535,7.105423,7.105423,4.374859
704.000000,-69.363758,-77.098590,-0.003433,7.083933,7.083933,4.484196
706.000000,-71.349259,-77.353713,-0.003479,7.055363,7.055363,4.584834
708.000000,-73.336777,-77.592666,-0.002618,7.025600,7.025600,4.675970
710.000000,-75.325337,-77.822842,-0.002187,7.001584,7.001584,4.766405
712.000000,-77.314797,-78.045072,-0.003154,6.980531,6.980531,4.854864
714.000000,-79.305366,-78.257139,-0.003922,6.960481,6.960481,4.937199
716.000000,-81.298147,-78.447203,-0.002634,6.931113,6.931113,4.999496
718.000000,-83.291723,-78.628890,-0.001731,6.907175,6.907175,5.049592
720.000000,-85.285590,-78.807311,-0.003039,6.896331,6.896331,5.083874
722.000000,-87.280550,-78.973001,-0.004729,6.896785,6.896785,5.088353
724.000000,-89.277053,-79.118880,-0.005869,6.904973,6.904973,5.055600
726.000000,-91.275100,-79.241533,-0.007354,6.913093,6.913093,4.971856
728.000000,-93.274646,-79.336573,-0.007301,6.915602,6.915602,4.803548
730.000000,-95.275676,-79.392350,-0.002741,6.898754,6.898754,4.528802
732.000000,-97.277000,-79.437339,0.002284,6.871853,6.871853,4.173081
734.000000,-99.277867,-79.499258,0.003484,6.850012,6.850012,3.771938
736.000000,-101.278279,-79.574704,0.003319,6.832695,6.832695,3.321491
738.000000,-103.278206,-79.661976,0.004174,6.815925,6.815925,2.817789
740.000000,-105.277365,-79.765220,0.006986,6.799693,6.799693,2.248762
742.000000,-107.275192,-79.891516,0.012952,6.784764,6.784764,1.566141
744.000000,-109.269190,-80.067467,0.020644,6.788777,6.788777,0.681642
746.000000,-111.253713,-80.327789,0.026519,6.829454,6.829454,-0.404337
748.000000,-113.220447,-80.697891,0.028692,6.931510,6.931510,-1.555348
750.000000,-115.162063,-81.182794,0.029969,7.087498,7.087498,-2.744741
752.000000,-117.073023,-81.776818,0.035486,7.260266,7.260266,-3.914215
754.000000,-118.938926,-82.498954,0.048252,7.414824,7.414824,-4.968513
756.000000,-120.730652,-83.388629,0.065130,7.547709,7.547709,-5.779641
758.000000,-122.385402,-84.510844,0.077862,7.660538,7.660538,-6.289108
760.000000,-123.839786,-85.880217,0.080022,7.700784,7.700784,-6.561928
762.000000,-125.042679,-87.473000,0.067015,7.622415,7.622415,-6.673657
764.000000,-126.009309,-89.223310,0.045768,7.406911,7.406911,-6.662774
766.000000,-126.829530,-91.048564,0.030646,7.224012,7.224012,-6.576200
768.000000,-127.539722,-92.919675,0.024776,7.106824,7.106824,-6.426977
770.000000,-128.167115,-94.820485,0.023609,7.026137,7.026137,-6.239663
772.000000,-128.696984,-96.750622,0.017220,7.025588,7.025588,-6.000975
774.000000,-129.142846,-98.702111,0.002789,7.036951,7.036951,-5.684125
776.000000,-129.587956,-100.653706,-0.006865,7.031327,7.031327,-5.353827
778.000000,-130.075379,-102.595242,-0.006809,6.998301,6.998301,-5.076078
780.000000,-130.585859,-104.530886,-0.002689,6.970551,6.970551,-4.829054
782.000000,-131.113767,-106.461844,0.000989,6.972040,6.972040,-4.599089
784.000000,-131.625468,-108.397176,-0.000723,6.957649,6.957649,-4.335956
786.000000,-132.136860,-110.332590,-0.006307,6.944045,6.944045,-4.036415
788.000000,-132.676243,-112.260333,-0.007783,6.960789,6.960789,-3.719345
790.000000,-133.257276,-114.175987,-0.004325,7.020306,7.020306,-3.410850
792.000000,-133.846903,-116.089020,-0.004647,7.082705,7.082705,-3.082750
794.000000,-134.444153,-117.999680,-0.013007,7.144763,7.144763,-2.725689
796.000000,-135.088424,-119.894772,-0.021442,7.195260,7.195260,-2.370602
798.000000,-135.827804,-121.754708,-0.023157,7.239401,7.239401,-2.078582
800.000000,-136.651190,-123.579002,-0.021847,7.305005,7.305005,-1.843736
802.000000,-137.553231,-125.365814,-0.020663,7.392924,7.392924,-1.653204
804.000000,-138.529957,-127.113003,-0.018602,7.493386,7.493386,-1.485053
806.000000,-139.571338,-128.822389,-0.015476,7.598820,7.598820,-1.331115
808.000000,-140.666700,-130.497820,-0.012888,7.695245,7.695245,-1.190591
810.000000,-141.799951,-132.147925,-0.012413,7.762508,7.762508,-1.049380
812.000000,-142.975384,-133.768238,-0.012657,7.797763,7.797763,-0.899308
814.000000,-144.190983,-135.358599,-0.012652,7.806581,7.806581,-0.732124
816.000000,-145.446715,-136.917463,-0.013048,7.791478,7.791478,-0.554093
818.000000,-146.741497,-138.444078,-0.013393,7.753335,7.753335,-0.376172
820.000000,-148.079087,-139.933337,-0.012656,7.688188,7.688188,-0.204503
822.000000,-149.453730,-141.388454,-0.010351,7.596113,7.596113,-0.036781
824.000000,-150.860930,-142.812118,-0.006434,7.481434,7.481434,0.124631
826.000000,-152.285839,-144.218165,-0.003535,7.365849,7.365849,0.296491
828.000000,-153.716293,-145.618576,-0.004030,7.266173,7.266173,0.494637
830.000000,-155.157794,-147.007599,-0.006858,7.181035,7.181035,0.715783
832.000000,-156.616469,-148.378514,-0.010171,7.099557,7.099557,0.945639
834.000000,-158.104955,-149.716879,-0.011993,7.005296,7.005296,1.164275
836.000000,-159.626315,-151.017858,-0.011121,6.894437,6.894437,1.366819
838.000000,-161.178772,-152.281600,-0.008147,6.773370,6.773370,1.558597
840.000000,-162.750904,-153.520827,-0.005535,6.655797,6.655797,1.755716
842.000000,-164.334854,-154.744922,-0.005148,6.559217,6.559217,1.971987
844.000000,-165.930278,-155.954023,-0.005983,6.485293,6.485293,2.212494
846.000000,-167.541002,-157.142659,-0.006727,6.435979,6.435979,2.475311
848.000000,-169.166958,-158.310328,-0.007698,6.409828,6.409828,2.748418
850.000000,-170.810493,-159.453136,-0.009086,6.406972,6.406972,3.020362
852.000000,-172.474624,-160.565721,-0.010042,6.420975,6.420975,3.280187
854.000000,-174.161743,-161.643113,-0.010057,6.447548,6.447548,3.522479
856.000000,-175.870198,-162.686308,-0.009827,6.483837,6.483837,3.747463
858.000000,-177.598434,-163.696415,-0.010996,6.528665,6.528665,3.957923
860.000000,-179.346562,-164.671700,-0.013926,6.575503,6.575503,4.151675
862.000000,-181.121922,-165.596354,-0.015336,6.612131,6.612131,4.319245
864.000000,-182.927691,-166.460063,-0.012411,6.619767,6.619767,4.457142
866.000000,-184.755402,-167.276543,-0.008155,6.613535,6.613535,4.585177
868.000000,-186.593847,-168.068632,-0.006805,6.619246,6.619246,4.727642
870.000000,-188.442163,-168.837385,-0.007692,6.637819,6.637819,4.883864
872.000000,-190.302432,-169.576720,-0.008861,6.662639,6.662639,5.042280
874.000000,-192.175116,-170.283920,-0.009057,6.679138,6.679138,5.193195
876.000000,-194.062019,-170.952265,-0.006691,6.678445,6.678445,5.327843
878.000000,-195.958129,-171.594204,-0.003908,6.674441,6.674441,5.459883
880.000000,-197.857407,-172.226722,-0.003833,6.685968,6.685968,5.602672
882.000000,-199.761297,-172.845174,-0.005025,6.703582,6.703582,5.748460
884.000000,-201.671836,-173.442765,-0.005536,6.718517,6.718517,5.896949
886.000000,-203.588821,-174.019367,-0.005794,6.729839,6.729839,6.059853
888.000000,-205.512282,-174.573975,-0.006770,6.738269,6.738269,6.240584
890.000000,-207.442507,-175.104459,-0.008512,6.742817,6.742817,6.426965
892.000000,-209.381808,-175.600645,-0.009927,6.739498,6.739498,6.609683
894.000000,-211.330746,-176.057574,-0.010944,6.727911,6.727911,6.787898
896.000000,-213.289007,-176.472738,-0.012517,6.706866,6.706866,6.956962
898.000000,-215.256842,-176.839427,-0.014241,6.676429,6.676429,7.100079
900.000000,-217.234605,-177.147959,-0.015185,6.630785,6.630785,7.207324
902.000000,-219.220835,-177.396252,-0.015739,6.577473,6.577473,7.282535
904.000000,-221.213898,-177.582224,-0.015590,6.520906,6.520906,7.330587
906.000000,-223.212018,-177.702368,-0.014171,6.465913,6.465913,7.341297
908.000000,-225.212699,-177.767453,-0.013223,6.426866,6.426866,7.312033
910.000000,-227.214372,-177.781682,-0.013966,6.416087,6.416087,7.245608
912.000000,-229.215701,-177.740831,-0.014584,6.431525,6.431525,7.139651
914.000000,-231.214757,-177.637207,-0.012890,6.472918,6.472918,6.989229
916.000000,-233.210369,-177.480666,-0.009358,6.535621,6.535621,6.799563
918.000000,-235.202738,-177.286549,-0.006217,6.603808,6.603808,6.583802
920.000000,-237.192930,-177.071015,-0.004989,6.660178,6.660178,6.364557
922.000000,-239.180999,-176.836719,-0.005912,6.698646,6.698646,6.157490
924.000000,-241.166526,-176.581906,-0.009027,6.723278,6.723278,5.964107
926.000000,-243.147310,-176.292885,-0.013929,6.732440,6.732440,5.777758
928.000000,-245.119390,-175.949614,-0.014910,6.730832,6.730832,5.581917
930.000000,-247.076490,-175.528964,-0.008511,6.724360,6.724360,5.344526
932.000000,-249.027914,-175.082545,-0.002740,6.736079,6.736079,5.099988
934.000000,-250.978258,-174.631424,-0.002326,6.752856,6.752856,4.871439
936.000000,-252.926807,-174.172625,-0.003625,6.753198,6.753198,4.656697
938.000000,-254.871460,-173.697602,-0.004552,6.733346,6.733346,4.446475
940.000000,-256.812043,-173.206230,-0.006428,6.697381,6.697381,4.239527
942.000000,-258.746933,-172.693009,-0.009368,6.647075,6.647075,4.032192
944.000000,-260.670849,-172.140254,-0.010420,6.593079,6.593079,3.808074
946.000000,-262.581741,-171.543885,-0.009231,6.540000,6.540000,3.564295
948.000000,-264.481951,-170.914245,-0.009004,6.468738,6.468738,3.322287
950.000000,-266.371632,-170.253793,-0.010672,6.383241,6.383241,3.093121
952.000000,-268.246211,-169.551748,-0.012432,6.295285,6.295285,2.869761
954.000000,-270.102701,-168.803107,-0.012790,6.211458,6.211458,2.643584
956.000000,-271.937921,-168.003712,-0.010929,6.132784,6.132784,2.409186
958.000000,-273.754759,-167.163289,-0.008511,6.059927,6.059927,2.173169
960.000000,-275.558704,-166.295533,-0.008523,6.005829,6.005829,1.948136
962.000000,-277.348976,-165.399943,-0.011321,5.969813,5.969813,1.734432
964.000000,-279.118936,-164.464901,-0.014145,5.956872,5.956872,1.516396
966.000000,-280.859219,-163.475776,-0.014560,5.967905,5.967905,1.273038
968.000000,-282.569605,-162.435837,-0.013510,5.986535,5.986535,0.995688
970.000000,-284.251438,-161.350349,-0.011423,6.010863,6.010863,0.685290
972.000000,-285.905654,-160.223117,-0.008226,6.040054,6.040054,0.345515
974.000000,-287.543286,-159.071830,-0.005768,6.032606,6.032606,0.000088
976.000000,-289.167353,-157.901515,-0.003615,5.977689,5.977689,-0.348535
978.000000,-290.781739,-156.717833,-0.000596,5.916246,5.916246,-0.694045
980.000000,-292.395195,-155.532887,0.001076,5.882214,5.882214,-1.018356
982.000000,-294.014604,-154.356082,0.000545,5.844227,5.844227,-1.308929
984.000000,-295.633213,-153.178178,0.000303,5.801176,5.801176,-1.576603
986.000000,-297.252630,-152.001384,0.000627,5.757197,5.757197,-1.814731
988.000000,-298.874082,-150.827397,0.000427,5.711853,5.711853,-2.022771
990.000000,-300.496554,-149.654819,0.000121,5.665154,5.665154,-2.219853
992.000000,-302.118965,-148.482158,0.000176,5.618945,5.618945,-2.421334
994.000000,-303.741616,-147.309828,0.000759,5.572728,5.572728,-2.637026
996.000000,-305.365495,-146.139200,0.001878,5.527592,5.527592,-2.864563
998.000000,-306.993778,-144.974717,0.003010,5.491183,5.491183,-3.094204
1000.000000,-308.629521,-143.820732,0.004497,5.467907,5.467907,-3.320762
1002.000000,-310.273819,-142.678988,0.007141,5.459838,5.459838,-3.544641
1004.000000,-311.934624,-141.561489,0.012057,5.481789,5.481789,-3.750825
1006.000000,-313.617895,-140.478117,0.015445,5.544277,5.544277,-3.928985
1008.000000,-315.344094,-139.464840,0.015414,5.608789,5.608789,-4.046461
1010.000000,-317.091113,-138.488350,0.014020,5.707992,5.707992,-4.145519
1012.000000,-318.876245,-137.582485,0.013181,5.798115,5.798115,-4.191966
1014.000000,-320.671173,-136.696198,0.013306,5.893102,5.893102,-4.247911
1016.000000,-322.502860,-135.889028,0.010501,5.875276,5.875276,-4.261536
1018.000000,-324.341242,-135.097352,0.011042,5.852623,5.852623,-4.307688
1020.000000,-326.198027,-134.349228,0.013115,5.824297,5.824297,-4.349095
1022.000000,-328.078012,-133.662398,0.011695,5.769235,5.769235,-4.368864
1024.000000,-329.968875,-133.005490,0.012715,5.728591,5.728591,-4.409432
1026.000000,-331.878105,-132.403808,0.012675,5.694042,5.694042,-4.443986
1028.000000,-333.803084,-131.855400,0.013182,5.672049,5.672049,-4.487952
1030.000000,-335.737307,-131.339533,0.015903,5.680588,5.680588,-4.576090
1032.000000,-337.692296,-130.909244,0.015033,5.671449,5.671449,-4.660733
1034.000000,-339.656421,-130.522955,0.012505,5.669027,5.669027,-4.748027
1036.000000,-341.631587,-130.198703,0.008598,5.641055,5.641055,-4.796462
1038.000000,-343.611537,-129.903512,0.005312,5.625385,5.625385,-4.836563
1040.000000,-345.593751,-129.624040,0.005201,5.645721,5.645721,-4.886864
1042.000000,-347.579162,-129.368290,0.006039,5.693361,5.693361,-4.937455
1044.000000,-349.566994,-129.131997,0.009989,5.759152,5.759152,-4.993171
1046.000000,-351.558430,-128.929164,0.015065,5.808256,5.808256,-5.043556
1048.000000,-353.555846,-128.799280,0.014058,5.799154,5.799154,-5.053718
1050.000000,-355.556423,-128.730706,0.008320,5.751148,5.751148,-5.031266
1052.000000,-357.557864,-128.691439,0.004305,5.698669,5.698669,-5.005397
1054.000000,-359.559529,-128.665496,0.003585,5.659480,5.659480,-4.994695
1056.000000,-361.561317,-128.652581,0.004786,5.630479,5.630479,-4.992486
1058.000000,-363.563130,-128.657749,0.006343,5.617155,5.617155,-4.988932
1060.000000,-365.564677,-128.690439,0.007021,5.630292,5.630292,-4.973766
1062.000000,-367.565552,-128.751662,0.007579,5.669236,5.669236,-4.951115
1064.000000,-369.565375,-128.840795,0.009647,5.730120,5.730120,-4.925354
1066.000000,-371.563176,-128.966952,0.011464,5.800195,5.800195,-4.890879
1068.000000,-373.556970,-129.145498,0.010560,5.870392,5.870392,-4.842002
1070.000000,-375.546639,-129.365417,0.009338,5.946338,5.946338,-4.790263
1072.000000,-377.532358,-129.618670,0.009622,6.034368,6.034368,-4.749923
1074.000000,-379.512463,-129.912494,0.009148,6.132315,6.132315,-4.721620
1076.000000,-381.486520,-130.244581,0.007090,6.223915,6.223915,-4.694494
1078.000000,-383.455722,-130.604448,0.004598,6.301959,6.301959,-4.665677
1080.000000,-385.421530,-130.982502,0.002629,6.374262,6.374262,-4.633897
1082.000000,-387.385720,-131.368907,0.001948,6.446542,6.446542,-4.604529
1084.000000,-389.348619,-131.761815,0.002553,6.519524,6.519524,-4.582443
1086.000000,-391.309633,-132.163990,0.003860,6.592082,6.592082,-4.569391
1088.000000,-393.267494,-132.581224,0.004624,6.656092,6.656092,-4.562241
1090.000000,-395.220734,-133.019606,0.004116,6.699875,6.699875,-4.553772
1092.000000,-397.170533,-133.473034,0.003424,6.729891,6.729891,-4.546697
1094.000000,-399.117246,-133.939556,0.003015,6.749398,6.749398,-4.542623
1096.000000,-401.061000,-134.418267,0.002558,6.761606,6.761606,-4.541584
1098.000000,-403.002386,-134.906486,0.002638,6.770428,6.770428,-4.542225
1100.000000,-404.941591,-135.403303,0.003347,6.777893,6.777893,-4.543740
1102.000000,-406.877083,-135.914392,0.004069,6.781462,6.781462,-4.540505
1104.000000,-408.808600,-136.440239,0.005222,6.780384,6.780384,-4.528055
1106.000000,-410.734802,-136.985266,0.006565,6.769594,6.769594,-4.499238
1108.000000,-412.653004,-137.557760,0.006820,6.742563,6.742563,-4.441641
1110.000000,-414.562971,-138.157136,0.006047,6.702207,6.702207,-4.352986
1112.000000,-416.465484,-138.779823,0.005309,6.651443,6.651443,-4.239358
1114.000000,-418.361729,-139.421354,0.005412,6.595429,6.595429,-4.110049
1116.000000,-420.251165,-140.082650,0.006026,6.541577,6.541577,-3.970752
1118.000000,-422.132159,-140.767564,0.006119,6.501733,6.501733,-3.816999
1120.000000,-424.004270,-141.476403,0.005763,6.473649,6.473649,-3.646978
1122.000000,-425.868505,-142.205739,0.005530,6.452853,6.452853,-3.464773
1124.000000,-427.724256,-142.956390,0.005247,6.440125,6.440125,-3.272612
1126.000000,-429.572109,-143.726279,0.005176,6.435790,6.435790,-3.073786
1128.000000,-431.412351,-144.514192,0.006087,6.441203,6.441203,-2.872323
1130.000000,-433.243399,-145.323229,0.008551,6.460577,6.460577,-2.669469
1132.000000,-435.061257,-146.161338,0.011955,6.484645,6.484645,-2.459789
1134.000000,-436.857496,-147.044720,0.015079,6.492492,6.492492,-2.226945
1136.000000,-438.626748,-147.980957,0.016654,6.477575,6.477575,-1.966653
1138.000000,-440.360786,-148.980916,0.015653,6.442680,6.442680,-1.674114
1140.000000,-442.063068,-150.034067,0.013943,6.399399,6.399399,-1.365991
1142.000000,-443.736231,-151.132889,0.013604,6.349526,6.349526,-1.051683
1144.000000,-445.379625,-152.275783,0.013847,6.296151,6.296151,-0.730426
1146.000000,-446.989525,-153.465415,0.013666,6.250104,6.250104,-0.400550
1148.000000,-448.566897,-154.697826,0.013779,6.226628,6.226628,-0.066092
1150.000000,-450.110398,-155.972348,0.015496,6.228275,6.228275,0.270867
1152.000000,-451.615671,-157.291823,0.017565,6.246034,6.246034,0.605415
1154.000000,-453.069544,-158.667678,0.017651,6.269256,6.269256,0.933277
1156.000000,-454.474481,-160.093455,0.017353,6.301309,6.301309,1.243116
1158.000000,-455.831059,-161.565278,0.018989,6.345902,6.345902,1.530049
1160.000000,-457.131831,-163.086664,0.020055,6.402044,6.402044,1.796562
1162.000000,-458.364284,-164.663927,0.017717,6.478687,6.478687,2.033472
1164.000000,-459.540641,-166.283462,0.013131,6.568713,6.568713,2.232470
1166.000000,-460.671939,-167.934872,0.009246,6.655631,6.655631,2.377041
1168.000000,-461.778544,-169.603011,0.006795,6.711991,6.711991,2.440832
1170.000000,-462.857206,-171.289353,0.003351,6.740675,6.740675,2.429791
1172.000000,-463.925416,-172.982360,-0.000176,6.758161,6.758161,2.343851
1174.000000,-464.997364,-174.673005,-0.001694,6.771651,6.771651,2.181335
1176.000000,-466.074696,-176.360223,-0.003205,6.780642,6.780642,1.958409
1178.000000,-467.160408,-178.042052,-0.004764,6.780498,6.780498,1.702827
1180.000000,-468.267073,-179.710113,-0.003080,6.809457,6.809457,1.420834
1182.000000,-469.387270,-181.369182,-0.000575,6.857245,6.857245,1.132365
1184.000000,-470.500661,-183.032824,-0.001459,6.889398,6.889398,0.875985
1186.000000,-471.621827,-184.691233,-0.004546,6.908141,6.908141,0.640612
1188.000000,-472.753607,-186.342413,-0.006134,6.918559,6.918559,0.434268
1190.000000,-473.916349,-187.971876,-0.003020,6.948991,6.948991,0.248093
1192.000000,-475.087123,-189.595642,-0.001007,6.977357,6.977357,0.134341
1194.000000,-476.250506,-191.224719,-0.007512,7.003293,7.003293,0.111906
1196.000000,-477.433695,-192.839378,-0.014722,7.043558,7.043558,0.153220
1198.000000,-478.680789,-194.405075,-0.014061,7.084620,7.084620,0.214136
1200.000000,-479.967029,-195.938977,-0.011319,7.087498,7.087498,0.330582
1202.000000,-481.286542,-197.444113,-0.008702,7.068951,7.068951,0.487426
1204.000000,-482.638208,-198.920679,-0.009120,7.068037,7.068037,0.676766
1206.000000,-483.996829,-200.390826,-0.017147,7.074405,7.074405,0.939534
1208.000000,-485.415794,-201.802199,-0.018197,7.141066,7.141066,1.210225
1210.000000,-486.901654,-203.143591,-0.010034,7.267526,7.267526,1.468890
1212.000000,-488.396712,-204.474802,-0.012255,7.360557,7.360557,1.791259
1214.000000,-489.915718,-205.778364,-0.023133,7.437767,7.437767,2.133836
1216.000000,-491.503572,-206.996735,-0.022669,7.576075,7.576075,2.420065
1218.000000,-493.159112,-208.122119,-0.014391,7.773815,7.773815,2.661944
1220.000000,-494.827830,-209.227823,-0.018873,7.900905,7.900905,2.938961
1222.000000,-496.532853,-210.275700,-0.031795,7.929541,7.929541,3.188870
1224.000000,-498.307628,-211.199729,-0.037000,7.922190,7.922190,3.344368
1226.000000,-500.149456,-211.982227,-0.028973,7.888667,7.888667,3.407840
1228.000000,-502.041153,-212.636999,-0.019120,7.829316,7.829316,3.403319
1230.000000,-503.943444,-213.260203,-0.024336,7.718645,7.718645,3.428034
1232.000000,-505.874435,-213.784776,-0.033354,7.639639,7.639639,3.416315
1234.000000,-507.839686,-214.162189,-0.026440,7.649755,7.649755,3.330864
1236.000000,-509.825832,-214.412082,-0.008498,7.729746,7.729746,3.176945
1238.000000,-511.813708,-214.648045,0.001521,7.767521,7.767521,3.051600
1240.000000,-513.798959,-214.904952,0.000231,7.732510,7.732510,2.987576
1242.000000,-515.784720,-215.158091,-0.003538,7.687241,7.687241,2.952214
1244.000000,-517.771696,-215.401501,-0.006806,7.645524,7.645524,2.932032
1246.000000,-519.762278,-215.611803,-0.005785,7.616828,7.616828,2.894870
1248.000000,-521.756203,-215.789610,-0.003570,7.599841,7.599841,2.837498
1250.000000,-523.749589,-215.973300,-0.005856,7.570862,7.570862,2.799853
1252.000000,-525.745966,-216.120740,-0.006481,7.556639,7.556639,2.744685
1254.000000,-527.744150,-216.241212,-0.002875,7.528187,7.528187,2.679018
1256.000000,-529.743124,-216.348256,-0.000166,7.521034,7.521034,2.616721
1258.000000,-531.741658,-216.463130,-0.000676,7.509400,7.509400,2.580427
1260.000000,-533.740468,-216.573120,-0.001512,7.485353,7.485353,2.561027
1262.000000,-535.739750,-216.674226,-0.001023,7.456278,7.456278,2.551577
1264.000000,-537.739111,-216.773780,-0.002711,7.428719,7.428719,2.559463
1266.000000,-539.738683,-216.868948,-0.005513,7.398795,7.398795,2.580862
1268.000000,-541.739536,-216.931020,-0.004184,7.344162,7.344162,2.586207
1270.000000,-543.740882,-216.975368,-0.002372,7.279064,7.279064,2.584847
1272.000000,-545.742194,-217.021226,-0.005179,7.217930,7.217930,2.593164
1274.000000,-547.743871,-217.043769,-0.005829,7.185401,7.185401,2.583893
1276.000000,-549.745648,-217.028428,-0.001024,7.190768,7.190768,2.540805
1278.000000,-551.747453,-217.018736,0.001582,7.191660,7.191660,2.507189
1280.000000,-553.749289,-217.019213,-0.000313,7.184864,7.184864,2.489621
1282.000000,-555.751127,-217.019053,-0.003064,7.176838,7.176838,2.479278
1284.000000,-557.752869,-217.004973,-0.003530,7.183923,7.183923,2.463957
1286.000000,-559.754405,-216.970260,-0.001276,7.215527,7.215527,2.436085
1288.000000,-561.755917,-216.934156,0.000847,7.241951,7.241951,2.417160
1290.000000,-563.757479,-216.901021,0.001411,7.265842,7.265842,2.412009
1292.000000,-565.759167,-216.876916,0.000793,7.287981,7.287981,2.425563
1294.000000,-567.760878,-216.854401,0.000517,7.300213,7.300213,2.452066
1296.000000,-569.762594,-216.832381,0.000468,7.311977,7.311977,2.491624
1298.000000,-571.764363,-216.816075,0.000100,7.327980,7.327980,2.551954
1300.000000,-573.766094,-216.795355,0.000385,7.337047,7.337047,2.627578
1302.000000,-575.767865,-216.779352,0.000373,7.348617,7.348617,2.723902
1304.000000,-577.769647,-216.764499,0.000274,7.359124,7.359124,2.837536
1306.000000,-579.771421,-216.748608,0.000485,7.366418,7.366418,2.966246
1308.000000,-581.773229,-216.738029,-0.000045,7.377247,7.377247,3.113926
1310.000000,-583.775028,-216.725637,-0.000653,7.384678,7.384678,3.273088
1312.000000,-585.776810,-216.710838,-0.001831,7.390377,7.390377,3.440016
1314.000000,-587.778561,-216.692198,-0.003325,7.394386,7.394386,3.611633
1316.000000,-589.780036,-216.654304,-0.003174,7.409336,7.409336,3.775578
1318.000000,-591.781273,-216.605463,-0.002719,7.423770,7.423770,3.942376
1320.000000,-593.782251,-216.546906,-0.003305,7.429474,7.429474,4.117078
1322.000000,-595.782795,-216.475165,-0.003989,7.426750,7.426750,4.304475
1324.000000,-597.782662,-216.386564,-0.004676,7.412057,7.412057,4.502309
1326.000000,-599.781699,-216.280981,-0.006005,7.385099,7.385099,4.707769
1328.000000,-601.779315,-216.151357,-0.007870,7.344750,7.344750,4.913792
1330.000000,-603.774651,-215.990729,-0.009427,7.287936,7.287936,5.117030
1332.000000,-605.766367,-215.790380,-0.009102,7.209516,7.209516,5.306043
1334.000000,-607.753662,-215.550040,-0.006571,7.116045,7.116045,5.486392
1336.000000,-609.737783,-215.284371,-0.004432,7.022539,7.022539,5.681020
1338.000000,-611.719994,-215.004795,-0.004233,6.946029,6.946029,5.908806
1340.000000,-613.699685,-214.707963,-0.004612,6.887431,6.887431,6.165020
1342.000000,-615.676485,-214.392426,-0.005275,6.845487,6.845487,6.450597
1344.000000,-617.650264,-214.058497,-0.007426,6.819114,6.819114,6.760714
1346.000000,-619.619087,-213.696656,-0.010715,6.814684,6.814684,7.074458
1348.000000,-621.579460,-213.291941,-0.013299,6.833967,6.833967,7.362781
1350.000000,-623.527720,-212.832558,-0.014227,6.866357,6.866357,7.619408
1352.000000,-625.462019,-212.317442,-0.015221,6.904513,6.904513,7.850939
1354.000000,-627.380864,-211.747348,-0.017549,6.948313,6.948313,8.063612
1356.000000,-629.277803,-211.108375,-0.019815,6.990614,6.990614,8.247580
1358.000000,-631.147696,-210.394554,-0.021363,7.015944,7.015944,8.394329
1360.000000,-632.985172,-209.601004,-0.023232,7.020840,7.020840,8.500756
1362.000000,-634.784840,-208.725144,-0.026168,7.006323,7.006323,8.564463
1364.000000,-636.536133,-207.756071,-0.026419,6.984552,6.984552,8.575234
1366.000000,-638.227004,-206.684886,-0.020771,6.954933,6.954933,8.524015
1368.000000,-639.873210,-205.546129,-0.014290,6.929739,6.929739,8.432474
1370.000000,-641.489208,-204.364785,-0.010986,6.922243,6.922243,8.326849
1372.000000,-643.079098,-203.148532,-0.009102,6.933849,6.933849,8.214766
1374.000000,-644.646478,-201.903321,-0.007633,6.958585,6.958585,8.097741
1376.000000,-646.195698,-200.635569,-0.007262,6.994946,6.994946,7.995551
1378.000000,-647.727169,-199.346449,-0.008627,7.046914,7.046914,7.911717
1380.000000,-649.237890,-198.033110,-0.011672,7.110278,7.110278,7.840804
1382.000000,-650.717523,-196.684906,-0.015081,7.174710,7.174710,7.765053
1384.000000,-652.154841,-195.291726,-0.017809,7.232734,7.232734,7.674696
1386.000000,-653.541418,-193.848202,-0.019526,7.271593,7.271593,7.561413
1388.000000,-654.868665,-192.349984,-0.019276,7.278282,7.278282,7.413469
1390.000000,-656.135030,-190.799833,-0.015453,7.246787,7.246787,7.223992
1392.000000,-657.347973,-189.207354,-0.009916,7.194429,7.194429,6.999222
1394.000000,-658.535847,-187.596086,-0.007520,7.156799,7.156799,6.777363
1396.000000,-659.700966,-185.968289,-0.009282,7.131580,7.131580,6.569092
1398.000000,-660.839122,-184.321550,-0.013256,7.118303,7.118303,6.376036
1400.000000,-661.931774,-182.644359,-0.017591,7.106953,7.106953,6.185107
1402.000000,-662.965023,-180.930145,-0.020935,7.087926,7.087926,5.979677
1404.000000,-663.922683,-179.172552,-0.021980,7.054771,7.054771,5.737038
1406.000000,-664.799346,-177.373140,-0.019859,7.007746,7.007746,5.443842
1408.000000,-665.600911,-175.538970,-0.016109,6.952361,6.952361,5.090620
1410.000000,-666.345692,-173.680981,-0.013031,6.899707,6.899707,4.684163
1412.000000,-667.041736,-171.804134,-0.009008,6.853748,6.853748,4.230535
1414.000000,-667.697558,-169.912785,-0.003685,6.804191,6.804191,3.737147
1416.000000,-668.347142,-168.019271,-0.000749,6.747758,6.747758,3.253200
1418.000000,-668.993794,-166.124755,0.000718,6.692502,6.692502,2.794360
1420.000000,-669.641196,-164.230495,0.002941,6.641673,6.641673,2.367418
1422.000000,-670.300905,-162.340499,0.004359,6.603481,6.603481,1.988077
1424.000000,-670.979747,-160.457294,0.003866,6.585429,6.585429,1.657178
1426.000000,-671.673847,-158.579648,0.002479,6.583168,6.583168,1.363226
1428.000000,-672.376564,-156.705205,0.001418,6.582524,6.582524,1.088673
1430.000000,-673.084068,-154.832563,0.001126,6.576249,6.576249,0.819698
1432.000000,-673.794659,-152.961089,0.002238,6.568239,6.568239,0.548033
1434.000000,-674.511164,-151.091875,0.005349,6.564967,6.564967,0.274367
1436.000000,-675.246217,-149.229914,0.009446,6.562386,6.562386,0.015154
1438.000000,-676.017903,-147.382909,0.012437,6.555835,6.555835,-0.208754
1440.000000,-676.837618,-145.556720,0.011413,6.562511,6.562511,-0.385372
1442.000000,-677.707285,-143.753729,0.006226,6.593101,6.593101,-0.513164
1444.000000,-678.595326,-141.959646,0.003083,6.617418,6.617418,-0.627305
1446.000000,-679.486833,-140.167290,0.005402,6.622551,6.622551,-0.747592
1448.000000,-680.397315,-138.384518,0.009341,6.627171,6.627171,-0.865069
1450.000000,-681.343399,-136.620423,0.011522,6.651448,6.651448,-0.974125
1452.000000,-682.331545,-134.879573,0.012134,6.702156,6.702156,-1.072313
1454.000000,-683.361453,-133.163108,0.012341,6.777707,6.777707,-1.158837
1456.000000,-684.433667,-131.472733,0.012764,6.875873,6.875873,-1.233102
1458.000000,-685.547798,-129.809659,0.014773,6.976394,6.976394,-1.297913
1460.000000,-686.706962,-128.177861,0.018221,7.037050,7.037050,-1.347376
1462.000000,-687.928046,-126.591972,0.020319,7.043401,7.043401,-1.366580
1464.000000,-689.213828,-125.058056,0.021309,7.020375,7.020375,-1.361882
1466.000000,-690.561811,-123.578367,0.022306,6.979282,6.979282,-1.345264
1468.000000,-691.977365,-122.163195,0.022018,6.926301,6.926301,-1.321980
1470.000000,-693.453787,-120.811686,0.021243,6.885659,6.885659,-1.288322
1472.000000,-694.985053,-119.522812,0.020366,6.858325,6.858325,-1.225407
1474.000000,-696.570179,-118.300723,0.018054,6.845933,6.845933,-1.117125
1476.000000,-698.198070,-117.135903,0.014958,6.847280,6.847280,-0.983149
1478.000000,-699.860508,-116.020840,0.012094,6.852742,6.852742,-0.861327
1480.000000,-701.548740,-114.945205,0.010276,6.863771,6.863771,-0.777155
1482.000000,-703.257621,-113.902705,0.010103,6.882773,6.882773,-0.731885
1484.000000,-704.986750,-112.894119,0.011056,6.909155,6.909155,-0.710343
1486.000000,-706.737563,-111.923692,0.011717,6.939358,6.939358,-0.704872
1488.000000,-708.512031,-110.997236,0.011555,6.972553,6.972553,-0.701614
1490.000000,-710.306449,-110.110049,0.012012,7.010161,7.010161,-0.700721
1492.000000,-712.121277,-109.265390,0.012429,7.046411,7.046411,-0.701240
1494.000000,-713.958290,-108.470110,0.011607,7.075035,7.075035,-0.704274
1496.000000,-715.812259,-107.715175,0.011476,7.096090,7.096090,-0.712109
1498.000000,-717.682457,-107.001534,0.013259,7.108454,7.108454,-0.718157
1500.000000,-719.570398,-106.336177,0.014665,7.105409,7.105409,-0.714785
1502.000000,-721.479013,-105.732722,0.013845,7.080652,7.080652,-0.693153
1504.000000,-723.402951,-105.180075,0.012620,7.038585,7.038585,-0.656916
1506.000000,-725.340210,-104.676133,0.012248,6.983297,6.983297,-0.605226
1508.000000,-727.289080,-104.218974,0.011514,6.926189,6.926189,-0.538894
1510.000000,-729.248653,-103.810054,0.009734,6.871030,6.871030,-0.456554
1512.000000,-731.215549,-103.437939,0.008140,6.829767,6.829767,-0.364792
1514.000000,-733.188084,-103.096868,0.007251,6.808430,6.808430,-0.267314
1516.000000,-735.165494,-102.785239,0.006250,6.809920,6.809920,-0.164518
1518.000000,-737.146646,-102.498316,0.004969,6.830772,6.830772,-0.058725
1520.000000,-739.130617,-102.231563,0.003028,6.863479,6.863479,0.050965
1522.000000,-741.116404,-101.978612,0.001017,6.901487,6.901487,0.159608
1524.000000,-743.102238,-101.725989,0.000313,6.945855,6.945855,0.255566
1526.000000,-745.088287,-101.475066,0.000390,6.989551,6.989551,0.343295
1528.000000,-747.074494,-101.225392,0.000449,7.032133,7.032133,0.429096
1530.000000,-749.060951,-100.977719,0.000413,7.073060,7.073060,0.516427
1532.000000,-751.047643,-100.731937,0.000238,7.112666,7.112666,0.605168
1534.000000,-753.034431,-100.486933,0.000240,7.151335,7.151335,0.695117
1536.000000,-755.021261,-100.242269,0.000443,7.187862,7.187862,0.787609
1538.000000,-757.008381,-99.999972,0.000475,7.217355,7.217355,0.886224
1540.000000,-758.995740,-99.759650,0.000021,7.235546,7.235546,0.992778
1542.000000,-760.983249,-99.520569,-0.000946,7.243311,7.243311,1.106263
1544.000000,-762.970258,-99.277367,-0.004138,7.246108,7.246108,1.221539
1546.000000,-764.956228,-99.026120,-0.010195,7.234363,7.234363,1.334713
1548.000000,-766.935811,-98.729359,-0.012569,7.214135,7.214135,1.407809
1550.000000,-768.904964,-98.370086,-0.007535,7.183174,7.183174,1.425124
1552.000000,-770.868932,-97.982563,-0.001810,7.136429,7.136429,1.422808
1554.000000,-772.832911,-97.595099,-0.000803,7.090881,7.090881,1.430901
1556.000000,-774.796808,-97.207230,-0.003700,7.046290,7.046290,1.449110
1558.000000,-776.758325,-96.807498,-0.005259,7.006279,7.006279,1.467061
1560.000000,-778.712619,-96.373827,-0.002670,6.988794,6.988794,1.465636
1562.000000,-780.666309,-95.937422,-0.000365,6.972596,6.972596,1.476176
1564.000000,-782.619454,-95.498585,-0.000123,6.959595,6.959595,1.499975
1566.000000,-784.573023,-95.061641,-0.001132,6.944827,6.944827,1.542838
1568.000000,-786.525855,-94.621417,-0.004137,6.932866,6.932866,1.596265
1570.000000,-788.475679,-94.168173,-0.007768,6.926057,6.926057,1.640465
1572.000000,-790.416944,-93.679723,-0.008174,6.933400,6.933400,1.649349
1574.000000,-792.348449,-93.153834,-0.005725,6.941538,6.941538,1.622193
1576.000000,-794.275315,-92.611164,-0.004151,6.930526,6.930526,1.580816
1578.000000,-796.197151,-92.050948,-0.002773,6.903737,6.903737,1.524420
1580.000000,-798.115430,-91.478628,-0.000950,6.867236,6.867236,1.458722
1582.000000,-800.033436,-90.905387,-0.000759,6.832410,6.832410,1.396245
1584.000000,-801.951242,-90.331477,-0.002582,6.799515,6.799515,1.338459
1586.000000,-803.866205,-89.748181,-0.004586,6.776352,6.776352,1.276526
1588.000000,-805.774910,-89.144755,-0.004556,6.774084,6.774084,1.199737
1590.000000,-807.677028,-88.520821,-0.003135,6.790007,6.790007,1.107420
1592.000000,-809.576359,-87.888462,-0.002387,6.802259,6.802259,1.011736
1594.000000,-811.472197,-87.245703,-0.002148,6.807159,6.807159,0.911509
1596.000000,-813.365633,-86.595895,-0.003039,6.809494,6.809494,0.812051
1598.000000,-815.256264,-85.938000,-0.005651,6.806061,6.806061,0.711760
1600.000000,-817.138807,-85.257356,-0.005980,6.779763,6.779763,0.594980
1602.000000,-819.009633,-84.545079,-0.002539,6.720421,6.720421,0.452060
1604.000000,-820.878953,-83.828842,0.000013,6.657099,6.657099,0.309885
1606.000000,-822.748815,-83.114020,0.000928,6.595379,6.595379,0.172309
1608.000000,-824.619179,-82.400515,0.002151,6.535266,6.535266,0.037391
1610.000000,-826.493270,-81.696878,0.002252,6.485760,6.485760,-0.087539
1612.000000,-828.371539,-81.004453,0.000870,6.448645,6.448645,-0.202157
1614.000000,-830.250370,-80.313550,-0.000042,6.413227,6.413227,-0.317257
1616.000000,-832.128763,-79.621456,-0.000030,6.376615,6.376615,-0.436418
1618.000000,-834.007237,-78.929582,0.000068,6.340340,6.340340,-0.558734
1620.000000,-835.885819,-78.238000,0.000091,6.304331,6.304331,-0.684940
1622.000000,-837.764479,-77.546633,0.000253,6.268500,6.268500,-0.816208
1624.000000,-839.643378,-76.855915,0.000485,6.233447,6.233447,-0.953508
1626.000000,-841.523120,-76.167493,0.000501,6.200675,6.200675,-1.095031
1628.000000,-843.403612,-75.481122,0.000803,6.170012,6.170012,-1.240816
1630.000000,-845.284518,-74.795889,0.001949,6.140106,6.140106,-1.391449
1632.000000,-847.168233,-74.118428,0.002832,6.118802,6.118802,-1.540122
1634.000000,-849.056475,-73.453684,0.003458,6.110470,6.110470,-1.682190
1636.000000,-850.948056,-72.798511,0.005577,6.109406,6.109406,-1.820848
1638.000000,-852.846589,-72.163847,0.007789,6.125182,6.125182,-1.944944
1640.000000,-854.756207,-71.563378,0.006977,6.165271,6.165271,-2.042271
1642.000000,-856.675000,-70.992828,0.003842,6.223226,6.223226,-2.118794
1644.000000,-858.597556,-70.435033,0.001627,6.278364,6.278364,-2.192271
1646.000000,-860.521135,-69.880788,0.001825,6.319706,6.319706,-2.274438
1648.000000,-862.446202,-69.331731,0.003404,6.347612,6.347612,-2.366988
1650.000000,-864.375261,-68.796893,0.004881,6.369168,6.369168,-2.464997
1652.000000,-866.309455,-68.280995,0.006555,6.384174,6.384174,-2.561794
1654.000000,-868.249755,-67.788544,0.007700,6.392196,6.392196,-2.650755
1656.000000,-870.198819,-67.332035,0.006751,6.381744,6.381744,-2.719385
1658.000000,-872.153483,-66.900091,0.005345,6.360362,6.360362,-2.776913
1660.000000,-874.112538,-66.488508,0.004429,6.332051,6.332051,-2.827074
1662.000000,-876.075385,-66.095357,0.003575,6.300990,6.300990,-2.872956
1664.000000,-878.040650,-65.714499,0.003208,6.271218,6.271218,-2.919141
1666.000000,-880.008429,-65.346837,0.003937,6.241909,6.241909,-2.965719
1668.000000,-881.978378,-64.991010,0.006181,6.217244,6.217244,-3.016457
1670.000000,-883.952701,-64.660419,0.008412,6.192308,6.192308,-3.057752
1672.000000,-885.932561,-64.365215,0.008803,6.156140,6.156140,-3.075578
1674.000000,-887.917672,-64.107221,0.007251,6.104651,6.104651,-3.064962
1676.000000,-889.906458,-63.879117,0.004947,6.048199,6.048199,-3.030742
1678.000000,-891.897261,-63.669321,0.002799,5.995892,5.995892,-2.982421
1680.000000,-893.889329,-63.471810,-0.000656,5.952303,5.952303,-2.925117
1682.000000,-895.881570,-63.276032,-0.003865,5.922936,5.922936,-2.868490
1684.000000,-897.871053,-63.054044,-0.003082,5.913980,5.913980,-2.840986
1686.000000,-899.859296,-62.821139,-0.000516,5.912656,5.912656,-2.826521
1688.000000,-901.847414,-62.587174,0.000823,5.918369,5.918369,-2.814486
1690.000000,-903.836092,-62.358032,0.001093,5.934336,5.934336,-2.798802
1692.000000,-905.825289,-62.133417,0.000992,5.962960,5.962960,-2.780085
1694.000000,-907.814879,-61.912328,0.001173,6.000351,6.000351,-2.759498
1696.000000,-909.804934,-61.695457,0.001877,6.045129,6.045129,-2.736427
1698.000000,-911.795708,-61.485323,0.002213,6.089928,6.089928,-2.708874
1700.000000,-913.787738,-61.287425,0.001344,6.125559,6.125559,-2.671387
1702.000000,-915.780171,-61.093609,0.000736,6.158010,6.158010,-2.631441
1704.000000,-917.772705,-60.900831,0.001314,6.190443,6.190443,-2.591889
1706.000000,-919.765768,-60.713638,0.001714,6.217931,6.217931,-2.548673
1708.000000,-921.759636,-60.535202,0.001204,6.237091,6.237091,-2.498486
1710.000000,-923.753881,-60.361022,0.000769,6.252315,6.252315,-2.446053
1712.000000,-925.748296,-60.188797,0.001438,6.265978,6.265978,-2.394397
1714.000000,-927.743060,-60.020680,0.002849,6.275974,6.275974,-2.342110
1716.000000,-929.738845,-59.865360,0.003548,6.274306,6.274306,-2.280506
1718.000000,-931.735811,-59.725871,0.003008,6.260481,6.260481,-2.205921
1720.000000,-933.733599,-59.598647,0.002119,6.243904,6.243904,-2.121696
1722.000000,-935.731866,-59.479163,0.001616,6.228559,6.228559,-2.032532
1724.000000,-937.730492,-59.365828,0.001391,6.215226,6.215226,-1.940159
1726.000000,-939.729438,-59.258307,0.001198,6.203710,6.203710,-1.845523
1728.000000,-941.728622,-59.155267,0.001173,6.193782,6.193782,-1.750595
1730.000000,-943.728028,-59.056630,0.001495,6.186200,6.186200,-1.656250
1732.000000,-945.727695,-58.963479,0.001847,6.183411,6.183411,-1.559959
1734.000000,-947.727741,-58.878887,0.001603,6.188743,6.188743,-1.457524
1736.000000,-949.728072,-58.801260,0.000913,6.200608,6.200608,-1.350292
1738.000000,-951.728525,-58.726815,0.000434,6.215151,6.215151,-1.242132
1740.000000,-953.729026,-58.653662,0.000327,6.230301,6.230301,-1.134888
1742.000000,-955.729570,-58.581702,0.000416,6.245647,6.245647,-1.028827
1744.000000,-957.730169,-58.511310,0.000566,6.261144,6.261144,-0.924109
1746.000000,-959.730849,-58.443250,0.000769,6.276358,6.276358,-0.820104
1748.000000,-961.731624,-58.378031,0.001092,6.291158,6.291158,-0.716775
1750.000000,-963.732534,-58.317121,0.001580,6.304233,6.304233,-0.613463
1752.000000,-965.733616,-58.262254,0.002124,6.313874,6.313874,-0.508370
1754.000000,-967.734924,-58.216302,0.002487,6.317639,6.317639,-0.398395
1756.000000,-969.736437,-58.180505,0.002466,6.315518,6.315518,-0.282276
1758.000000,-971.738115,-58.155345,0.002058,6.311975,6.311975,-0.160063
1760.000000,-973.739878,-58.138279,0.001667,6.311168,6.311168,-0.033703
1762.000000,-975.741684,-58.127377,0.001487,6.314030,6.314030,0.094951
1764.000000,-977.743516,-58.122773,0.001242,6.321031,6.321031,0.225944
1766.000000,-979.745353,-58.123250,0.000918,6.331611,6.331611,0.357999
1768.000000,-981.747186,-58.127173,0.000669,6.344825,6.344825,0.490400
1770.000000,-983.749013,-58.133833,0.000645,6.360199,6.360199,0.622720
1772.000000,-985.750832,-58.142290,0.000912,6.376711,6.376711,0.754095
1774.000000,-987.752631,-58.154759,0.001129,6.391297,6.391297,0.886624
1776.000000,-989.754393,-58.172028,0.000973,6.402153,6.402153,1.020806
1778.000000,-991.756112,-58.193781,0.000578,6.409134,6.409134,1.156385
1780.000000,-993.757811,-58.217356,0.000614,6.414704,6.414704,1.290617
1782.000000,-995.759496,-58.242074,0.001835,6.419378,6.419378,1.422727
1784.000000,-997.761093,-58.272526,0.002928,6.418440,6.418440,1.557232
1786.000000,-999.762369,-58.319770,0.002115,6.400378,6.400378,1.704400
1788.000000,-1001.763454,-58.374621,0.000739,6.374286,6.374286,1.854386
1790.000000,-1003.764488,-58.431359,0.000229,6.345947,6.345947,2.001028
1792.000000,-1005.765508,-58.488554,0.000173,6.316914,6.316914,2.143350
1794.000000,-1007.766504,-58.546623,0.000195,6.286962,6.286962,2.281611
1796.000000,-1009.767483,-58.605254,0.000254,6.256443,6.256443,2.414299
1798.000000,-1011.768428,-58.665007,0.000353,6.225725,6.225725,2.541287
1800.000000,-1013.769336,-58.726020,0.000321,6.196412,6.196412,2.662483
1802.000000,-1015.770181,-58.789053,0.000126,6.169000,6.169000,2.777448
1804.000000,-1017.771031,-58.851931,0.000109,6.146033,6.146033,2.883738
1806.000000,-1019.771871,-58.915121,0.000486,6.126441,6.126441,2.983142
1808.000000,-1021.772670,-58.979581,0.000922,6.109112,6.109112,3.076557
1810.000000,-1023.773304,-59.048977,0.001044,6.097134,6.097134,3.166505
1812.000000,-1025.773809,-59.122002,0.000940,6.088504,6.088504,3.252502
1814.000000,-1027.774143,-59.199564,0.000713,6.083466,6.083466,3.335538
1816.000000,-1029.774385,-59.279477,0.000582,6.080420,6.080420,3.412703
1818.000000,-1031.774538,-59.361577,0.000578,6.078161,6.078161,3.484945
1820.000000,-1033.774583,-59.446275,0.000449,6.074767,6.074767,3.553202
1822.000000,-1035.774548,-59.532847,0.000263,6.070827,6.070827,3.616816
1824.000000,-1037.774476,-59.620265,0.000156,6.067343,6.067343,3.675105
1826.000000,-1039.774376,-59.708324,0.000110,6.063649,6.063649,3.729043
1828.000000,-1041.774259,-59.796752,0.000103,6.060072,6.060072,3.777969
1830.000000,-1043.774126,-59.885561,0.000121,6.056307,6.056307,3.821595
1832.000000,-1045.773970,-59.974885,0.000115,6.052408,6.052408,3.860870
1834.000000,-1047.773791,-60.064728,0.000085,6.048103,6.048103,3.896809
1836.000000,-1049.773598,-60.154866,0.000065,6.043614,6.043614,3.929643
1838.000000,-1051.773394,-60.245256,0.000062,6.039025,6.039025,3.959706
1840.000000,-1053.773179,-60.335883,0.000064,6.034400,6.034400,3.987738
1842.000000,-1055.772952,-60.426782,0.000101,6.029858,6.029858,4.014731
1844.000000,-1057.772714,-60.517931,0.000175,6.025413,6.025413,4.041527
1846.000000,-1059.772436,-60.609930,0.000233,6.021385,6.021385,4.069469
1848.000000,-1061.772120,-60.702776,0.000294,6.017085,6.017085,4.098717
1850.000000,-1063.771748,-60.796808,0.000437,6.012772,6.012772,4.129312
1852.000000,-1065.771305,-60.892326,0.000664,6.008892,6.008892,4.161266
1854.000000,-1067.770724,-60.990690,0.000797,6.007211,6.007211,4.195757
1856.000000,-1069.769971,-61.092504,0.000665,6.008570,6.008570,4.232864
1858.000000,-1071.769062,-61.197339,0.000383,6.012421,6.012421,4.271867
1860.000000,-1073.768091,-61.303332,0.000227,6.017390,6.017390,4.310569
1862.000000,-1075.767078,-61.410126,0.000178,6.023033,6.023033,4.348351
1864.000000,-1077.766019,-61.517785,0.000118,6.029222,6.029222,4.385037
1866.000000,-1079.764943,-61.625759,0.000088,6.035600,6.035600,4.420081
1868.000000,-1081.763845,-61.734125,0.000064,6.042273,6.042273,4.454017
1870.000000,-1083.762731,-61.842798,0.000027,6.049187,6.049187,4.487089
1872.000000,-1085.761616,-61.951483,0.000014,6.056018,6.056018,4.519282
1874.000000,-1087.760496,-62.060268,0.000005,6.062850,6.062850,4.550823
1876.000000,-1089.759375,-62.169071,-0.000015,6.069575,6.069575,4.581671
1878.000000,-1091.758256,-62.277824,-0.000051,6.076193,6.076193,4.611939
1880.000000,-1093.757146,-62.386417,-0.000099,6.082553,6.082553,4.641564
1882.000000,-1095.756060,-62.494569,-0.000128,6.088350,6.088350,4.670206
1884.000000,-1097.755004,-62.602175,-0.000116,6.093596,6.093596,4.697532
1886.000000,-1099.753975,-62.709265,-0.000118,6.098253,6.098253,4.723350
1888.000000,-1101.752961,-62.816077,-0.000162,6.102533,6.102533,4.747504
1890.000000,-1103.751991,-62.922068,-0.000169,6.106566,6.106566,4.768927
1892.000000,-1105.751056,-63.027389,-0.000146,6.110613,6.110613,4.787744
1894.000000,-1107.750150,-63.132167,-0.000127,6.114548,6.114548,4.803936
1896.000000,-1109.749274,-63.236362,-0.000095,6.118385,6.118385,4.817147
1898.000000,-1111.748415,-63.340241,-0.000073,6.122151,6.122151,4.828244
1900.000000,-1113.747571,-63.443812,-0.000065,6.125938,6.125938,4.837456
1902.000000,-1115.746740,-63.547154,-0.000072,6.129688,6.129688,4.844875
1904.000000,-1117.745923,-63.650223,-0.000068,6.133488,6.133488,4.850804
1906.000000,-1119.745125,-63.752908,-0.000050,6.137434,6.137434,4.855366
1908.000000,-1121.744330,-63.855539,-0.000063,6.141319,6.141319,4.859083
1910.000000,-1123.743551,-63.957866,-0.000081,6.145239,6.145239,4.861969
1912.000000,-1125.742790,-64.059839,-0.000093,6.149272,6.149272,4.864209
1914.000000,-1127.742043,-64.161534,-0.000135,6.153473,6.153473,4.865857
1916.000000,-1129.741325,-64.262654,-0.000193,6.157469,6.157469,4.866475
1918.000000,-1131.740644,-64.363043,-0.000228,6.161001,6.161001,4.866072
1920.000000,-1133.740015,-64.462380,-0.000215,6.163846,6.163846,4.864974
1922.000000,-1135.739427,-64.560895,-0.000177,6.166281,6.166281,4.864074
1924.000000,-1137.738876,-64.658660,-0.000136,6.168300,6.168300,4.863579
1926.000000,-1139.738350,-64.755916,-0.000152,6.170170,6.170170,4.863459
1928.000000,-1141.737844,-64.852762,-0.000272,6.171922,6.171922,4.863576
1930.000000,-1143.737390,-64.948512,-0.000413,6.173076,6.173076,4.863055
1932.000000,-1145.737020,-65.042507,-0.000429,6.173714,6.173714,4.861061
1934.000000,-1147.736742,-65.134501,-0.000315,6.174264,6.174264,4.857215
1936.000000,-1149.736516,-65.225382,-0.000225,6.174342,6.174342,4.852320
1938.000000,-1151.736327,-65.315452,-0.000193,6.174206,6.174206,4.846591
1940.000000,-1153.736176,-65.404658,-0.000159,6.173680,6.173680,4.839918
1942.000000,-1155.736049,-65.493312,-0.000125,6.172947,6.172947,4.832631
1944.000000,-1157.735948,-65.581395,-0.000100,6.171882,6.171882,4.824804
1946.000000,-1159.735860,-65.669174,-0.000217,6.170630,6.170630,4.816999
1948.000000,-1161.735791,-65.756527,-0.000567,6.168794,6.168794,4.809268
1950.000000,-1163.735821,-65.841568,-0.000816,6.168673,6.168673,4.799680
1952.000000,-1165.736019,-65.922579,-0.000656,6.172292,6.172292,4.786329
1954.000000,-1167.736324,-66.000897,-0.000375,6.177793,6.177793,4.770434
1956.000000,-1169.736671,-66.078131,-0.000271,6.183782,6.183782,4.753591
1958.000000,-1171.737063,-66.154211,-0.000257,6.190533,6.190533,4.735514
1960.000000,-1173.737490,-66.229341,-0.000245,6.197765,6.197765,4.716169
1962.000000,-1175.737957,-66.303404,-0.000210,6.205399,6.205399,4.695311
1964.000000,-1177.738455,-66.376630,-0.000164,6.213375,6.213375,4.673259
1966.000000,-1179.738976,-66.449231,-0.000119,6.221487,6.221487,4.650262
1968.000000,-1181.739516,-66.521296,-0.000035,6.229704,6.229704,4.626394
1970.000000,-1183.740064,-66.593150,0.000073,6.237486,6.237486,4.601774
1972.000000,-1185.740597,-66.665407,0.000115,6.244340,6.244340,4.576842
1974.000000,-1187.741110,-66.738233,0.000096,6.250105,6.250105,4.551640
1976.000000,-1189.741611,-66.811360,0.000079,6.255129,6.255129,4.525867
1978.000000,-1191.742099,-66.884851,0.000055,6.259313,6.259313,4.499598
1980.000000,-1193.742579,-66.958579,0.000065,6.262801,6.262801,4.472827
1982.000000,-1195.743057,-67.032352,0.000153,6.265915,6.265915,4.445508
1984.000000,-1197.743508,-67.106836,0.000213,6.268102,6.268102,4.418390
1986.000000,-1199.743923,-67.182309,0.000181,6.269237,6.269237,4.391844
1988.000000,-1201.744310,-67.258507,0.000119,6.269626,6.269626,4.365775
1990.000000,-1203.744679,-67.335161,0.000084,6.269561,6.269561,4.340021
1992.000000,-1205.745039,-67.412079,0.000080,6.269129,6.269129,4.314396
1994.000000,-1207.745385,-67.489352,0.000114,6.268449,6.268449,4.288923
1996.000000,-1209.745718,-67.566937,0.000188,6.267612,6.267612,4.263511
1998.000000,-1211.746019,-67.645364,0.000228,6.267482,6.267482,4.238609
2000.000000,-1213.746280,-67.724811,0.000198,6.267906,6.267906,4.214203
2002.000000,-1215.746509,-67.805033,0.000134,6.268461,6.268461,4.189862
2004.000000,-1217.746715,-67.885851,0.000107,6.268886,6.268886,4.165223
2006.000000,-1219.746913,-67.966851,0.000267,6.269113,6.269113,4.139149
2008.000000,-1221.747081,-68.048605,0.000931,6.269788,6.269788,4.110767
2010.000000,-1223.747139,-68.132943,0.001624,6.272903,6.272903,4.080608
2012.000000,-1225.746796,-68.226261,0.001263,6.284730,6.284730,4.054537
2014.000000,-1227.746195,-68.325037,0.000394,6.301760,6.301760,4.028727
2016.000000,-1229.745578,-68.424137,0.000067,6.319010,6.319010,3.996208
2018.000000,-1231.744951,-68.523446,-0.000128,6.336342,6.336342,3.956969
2020.000000,-1233.744308,-68.623087,-0.000527,6.353986,6.353986,3.910730
2022.000000,-1235.743807,-68.719800,-0.000414,6.366451,6.366451,3.852934
2024.000000,-1237.743445,-68.813606,0.000139,6.367995,6.367995,3.783908
2026.000000,-1239.742984,-68.909524,0.000257,6.367139,6.367139,3.710401
2028.000000,-1241.742479,-69.006345,0.000206,6.365726,6.365726,3.631839
2030.000000,-1243.741964,-69.103359,0.000471,6.363755,6.363755,3.546759
2032.000000,-1245.741351,-69.202388,0.000676,6.361311,6.361311,3.457104
2034.000000,-1247.740570,-69.304733,0.000588,6.359600,6.359600,3.364077
2036.000000,-1249.739677,-69.409258,0.000399,6.357761,6.357761,3.265744
2038.000000,-1251.738692,-69.515523,0.000248,6.354649,6.354649,3.160643
2040.000000,-1253.737668,-69.622522,0.000291,6.351136,6.351136,3.048721
2042.000000,-1255.736603,-69.730289,0.000586,6.347308,6.347308,2.929790
2044.000000,-1257.735407,-69.840446,0.000748,6.345003,6.345003,2.803675
2046.000000,-1259.733996,-69.954432,0.000502,6.345992,6.345992,2.671354
2048.000000,-1261.732476,-70.070338,0.000303,6.348368,6.348368,2.527728
2050.000000,-1263.730934,-70.186602,0.001089,6.350684,6.350684,2.370169
2052.000000,-1265.729262,-70.305076,0.002768,6.354898,6.354898,2.206844
2054.000000,-1267.726786,-70.436200,0.003002,6.371689,6.371689,2.052588
2056.000000,-1269.723148,-70.584085,0.001247,6.405079,6.405079,1.911437
2058.000000,-1271.719380,-70.733799,0.000012,6.440106,6.440106,1.766701
2060.000000,-1273.715648,-70.883027,-0.000511,6.473600,6.473600,1.615448
2062.000000,-1275.711964,-71.031597,-0.000885,6.507155,6.507155,1.457751
2064.000000,-1277.708745,-71.173806,-0.000478,6.534175,6.534175,1.286901
2066.000000,-1279.705579,-71.315254,-0.000005,6.560751,6.560751,1.109495
2068.000000,-1281.702396,-71.456946,-0.000265,6.588579,6.588579,0.926595
2070.000000,-1283.699199,-71.598829,-0.001685,6.617214,6.617214,0.737327
2072.000000,-1285.696329,-71.735847,-0.002909,6.641499,6.641499,0.537160
2074.000000,-1287.694581,-71.855444,-0.001883,6.648845,6.648845,0.313118
2076.000000,-1289.693240,-71.968209,-0.000394,6.651424,6.651424,0.075098
2078.000000,-1291.691844,-72.081942,-0.000217,6.655559,6.655559,-0.168986
2080.000000,-1293.690528,-72.194267,-0.000394,6.659485,6.659485,-0.419155
2082.000000,-1295.689302,-72.304975,-0.000226,6.663883,6.663883,-0.673825
2084.000000,-1297.688167,-72.414024,0.000288,6.669162,6.669162,-0.933554
2086.000000,-1299.686960,-72.524383,0.000530,6.672960,6.672960,-1.196898
2088.000000,-1301.685549,-72.638383,0.000160,6.672996,6.672996,-1.465833
2090.000000,-1303.684144,-72.752280,-0.000002,6.672856,6.672856,-1.749297
2092.000000,-1305.682788,-72.865305,0.001229,6.673308,6.673308,-2.046297
2094.000000,-1307.681327,-72.980149,0.002732,6.670841,6.670841,-2.351280
2096.000000,-1309.678821,-73.111889,0.002084,6.649993,6.649993,-2.650026
2098.000000,-1311.675768,-73.251720,0.000613,6.620657,6.620657,-2.953224
2100.000000,-1313.672699,-73.391802,0.000556,6.591558,6.591558,-3.270147
2102.000000,-1315.669543,-73.533095,0.001464,6.564226,6.564226,-3.603341
2104.000000,-1317.665936,-73.680599,0.003033,6.541921,6.541921,-3.948306
2106.000000,-1319.661583,-73.837870,0.005279,6.527182,6.527182,-4.303553
2108.000000,-1321.655286,-74.017851,0.007766,6.528104,6.528104,-4.658845
2110.000000,-1323.646140,-74.226933,0.011017,6.542501,6.542501,-5.006295
2112.000000,-1325.631934,-74.478930,0.013916,6.577064,6.577064,-5.329415
2114.000000,-1327.609147,-74.791237,0.014274,6.642741,6.642741,-5.620488
2116.000000,-1329.576502,-75.160678,0.013441,6.731113,6.731113,-5.887933
2118.000000,-1331.533599,-75.580999,0.014389,6.835295,6.835295,-6.132461
2120.000000,-1333.478754,-76.053608,0.016610,6.954969,6.954969,-6.351995
2122.000000,-1335.405759,-76.595308,0.017391,7.080001,7.080001,-6.529525
2124.000000,-1337.312693,-77.203760,0.017064,7.209028,7.209028,-6.669856
2126.000000,-1339.197902,-77.876509,0.016797,7.340100,7.340100,-6.779943
2128.000000,-1341.059193,-78.612929,0.016475,7.473212,7.473212,-6.866539
2130.000000,-1342.895536,-79.409680,0.017531,7.581581,7.581581,-6.947032
2132.000000,-1344.704696,-80.265976,0.020117,7.653926,7.653926,-7.016742
2134.000000,-1346.475927,-81.198055,0.022047,7.699419,7.699419,-7.051538
2136.000000,-1348.204825,-82.206591,0.023005,7.723552,7.723552,-7.048523
2138.000000,-1349.884619,-83.294962,0.022865,7.719122,7.719122,-7.005646
2140.000000,-1351.511597,-84.460821,0.021115,7.684422,7.684422,-6.919006
2142.000000,-1353.087503,-85.694749,0.018404,7.623559,7.623559,-6.792132
2144.000000,-1354.616604,-86.986467,0.016127,7.548287,7.548287,-6.626617
2146.000000,-1356.105629,-88.324281,0.015147,7.474775,7.474775,-6.440733
2148.000000,-1357.552542,-89.707505,0.014720,7.406267,7.406267,-6.254887
2150.000000,-1358.958890,-91.131922,0.014783,7.337933,7.337933,-6.080498
2152.000000,-1360.323117,-92.596737,0.015837,7.270307,7.270307,-5.917496
2154.000000,-1361.641058,-94.103373,0.016390,7.199235,7.199235,-5.752213
2156.000000,-1362.904982,-95.655598,0.015141,7.110038,7.110038,-5.580951
2158.000000,-1364.122653,-97.244355,0.014027,7.003270,7.003270,-5.416239
2160.000000,-1365.296940,-98.865427,0.015592,6.892879,6.892879,-5.264195
2162.000000,-1366.424050,-100.519665,0.018485,6.798986,6.798986,-5.107368
2164.000000,-1367.483742,-102.217804,0.018132,6.759292,6.759292,-4.912468
2166.000000,-1368.476788,-103.955815,0.014590,6.777387,6.777387,-4.672996
2168.000000,-1369.421906,-105.720419,0.012945,6.827072,6.827072,-4.413228
2170.000000,-1370.325704,-107.506469,0.014998,6.897820,6.897820,-4.168212
2172.000000,-1371.175963,-109.318612,0.018133,6.983682,6.983682,-3.957746
2174.000000,-1371.958007,-111.161196,0.019604,7.074291,7.074291,-3.784622
2176.000000,-1372.664259,-113.034132,0.019730,7.162148,7.162148,-3.611978
2178.000000,-1373.298683,-114.932442,0.020799,7.246734,7.246734,-3.412846
2180.000000,-1373.854669,-116.855220,0.023722,7.321632,7.321632,-3.182459
2182.000000,-1374.320958,-118.801654,0.026368,7.376643,7.376643,-2.922176
2184.000000,-1374.677255,-120.771218,0.025497,7.396672,7.396672,-2.635489
2186.000000,-1374.929851,-122.756744,0.021373,7.388543,7.388543,-2.348152
2188.000000,-1375.096644,-124.751383,0.016783,7.364621,7.364621,-2.064301
2190.000000,-1375.198609,-126.750481,0.013423,7.346620,7.346620,-1.775754
2192.000000,-1375.247901,-128.751635,0.011947,7.343750,7.343750,-1.474793
2194.000000,-1375.252474,-130.753419,0.013010,7.318550,7.318550,-1.175845
2196.000000,-1375.207729,-132.754582,0.014938,7.253940,7.253940,-0.897085
2198.000000,-1375.097882,-134.753221,0.015072,7.176760,7.176760,-0.655398
2200.000000,-1374.928400,-136.747749,0.014734,7.106314,7.106314,-0.476783
2202.000000,-1374.702346,-138.736689,0.015125,7.045398,7.045398,-0.379506
2204.000000,-1374.414143,-140.717558,0.015271,6.997131,6.997131,-0.359576
2206.000000,-1374.066492,-142.688805,0.015414,6.956506,6.956506,-0.393089
2208.000000,-1373.658321,-144.648431,0.016169,6.923302,6.923302,-0.470591
2210.000000,-1373.188140,-146.594133,0.015706,6.892994,6.892994,-0.578935
2212.000000,-1372.649821,-148.522140,0.012833,6.869207,6.869207,-0.705366
2214.000000,-1372.066031,-150.436895,0.010936,6.868993,6.868993,-0.858668
2216.000000,-1371.443574,-152.339418,0.012316,6.899145,6.899145,-1.044093
2218.000000,-1370.776808,-154.226848,0.015562,6.951192,6.951192,-1.255700
2220.000000,-1370.050781,-156.092232,0.017448,7.012636,7.012636,-1.482916
2222.000000,-1369.254325,-157.928664,0.016721,7.073912,7.073912,-1.723035
2224.000000,-1368.399493,-159.738594,0.014512,7.140795,7.140795,-1.977307
2226.000000,-1367.487573,-161.520483,0.012230,7.206901,7.206901,-2.251970
2228.000000,-1366.539069,-163.283313,0.013956,7.250549,7.250549,-2.563877
2230.000000,-1365.546962,-165.021856,0.018788,7.260748,7.260748,-2.883863
2232.000000,-1364.484029,-166.717885,0.021017,7.261210,7.261210,-3.169534
2234.000000,-1363.349295,-168.366656,0.020898,7.253427,7.253427,-3.415464
2236.000000,-1362.147751,-169.967453,0.021867,7.232655,7.232655,-3.620887
2238.000000,-1360.879772,-171.516185,0.022901,7.200760,7.200760,-3.780074
2240.000000,-1359.536497,-173.000133,0.021628,7.162077,7.162077,-3.892913
2242.000000,-1358.132211,-174.426474,0.019702,7.118271,7.118271,-3.980273
2244.000000,-1356.672484,-175.795933,0.018105,7.073143,7.073143,-4.056649
2246.000000,-1355.163762,-177.111364,0.017365,7.032050,7.032050,-4.145636
2248.000000,-1353.613179,-178.377298,0.017522,7.002370,7.002370,-4.259311
2250.000000,-1352.015826,-179.583695,0.016793,6.982414,6.982414,-4.379432
2252.000000,-1350.380441,-180.737901,0.016038,6.976445,6.976445,-4.489771
2254.000000,-1348.708849,-181.839013,0.015887,6.981890,6.981890,-4.582070
2256.000000,-1347.002947,-182.886199,0.016835,6.988464,6.988464,-4.655038
2258.000000,-1345.265142,-183.879622,0.017175,6.974836,6.974836,-4.708936
2260.000000,-1343.488613,-184.802072,0.013756,6.910538,6.910538,-4.729035
2262.000000,-1341.689115,-185.678943,0.010218,6.839900,6.839900,-4.741423
2264.000000,-1339.873481,-186.521918,0.009967,6.785767,6.785767,-4.758268
2266.000000,-1338.042303,-187.330600,0.010935,6.750813,6.750813,-4.779634
2268.000000,-1336.192686,-188.096149,0.011524,6.735030,6.735030,-4.803413
2270.000000,-1334.326781,-188.821034,0.012728,6.734271,6.734271,-4.833600
2272.000000,-1332.443358,-189.498887,0.015155,6.740602,6.740602,-4.864632
2274.000000,-1330.540514,-190.120163,0.016878,6.741084,6.741084,-4.888152
2276.000000,-1328.616285,-190.671579,0.014412,6.722477,6.722477,-4.894247
2278.000000,-1326.675156,-191.160695,0.009238,6.701647,6.701647,-4.886854
2280.000000,-1324.727179,-191.621811,0.007133,6.695170,6.695170,-4.889246
2282.000000,-1322.773408,-192.057719,0.008096,6.704779,6.704779,-4.896099
2284.000000,-1320.812572,-192.460593,0.008294,6.728415,6.728415,-4.894095
2286.000000,-1318.844728,-192.827802,0.006819,6.753240,6.753240,-4.882675
2288.000000,-1316.872200,-193.168963,0.005332,6.772041,6.772041,-4.869119
2290.000000,-1314.896345,-193.490381,0.004697,6.779529,6.779529,-4.860695
2292.000000,-1312.917534,-193.793073,0.004734,6.767549,6.767549,-4.861491
2294.000000,-1310.936174,-194.078599,0.006416,6.735985,6.735985,-4.873977
2296.000000,-1308.951795,-194.342108,0.009547,6.693710,6.693710,-4.891972
2298.000000,-1306.962480,-194.564866,0.010889,6.658387,6.658387,-4.899295
2300.000000,-1304.968307,-194.739169,0.008908,6.635171,6.635171,-4.889560
2302.000000,-1302.971275,-194.877497,0.006271,6.611662,6.611662,-4.873256
2304.000000,-1300.972845,-194.993957,0.005382,6.575965,6.575965,-4.861289
2306.000000,-1298.973318,-195.089847,0.005980,6.525427,6.525427,-4.853810
2308.000000,-1296.972827,-195.162599,0.006739,6.458883,6.458883,-4.847323
2310.000000,-1294.971500,-195.206428,0.007132,6.381319,6.381319,-4.828991
2312.000000,-1292.969763,-195.223276,0.007422,6.294761,6.294761,-4.797897
2314.000000,-1290.968015,-195.208705,0.007197,6.206032,6.206032,-4.751263
2316.000000,-1288.966676,-195.164986,0.006902,6.120673,6.120673,-4.696867
2318.000000,-1286.966062,-195.095641,0.008203,6.041032,6.041032,-4.638203
2320.000000,-1284.966752,-194.996116,0.010803,5.976179,5.976179,-4.571052
2322.000000,-1282.970237,-194.851247,0.012103,5.939426,5.939426,-4.480207
2324.000000,-1280.978167,-194.654480,0.010879,5.937496,5.937496,-4.357348
2326.000000,-1278.990949,-194.413596,0.008521,5.967751,5.967751,-4.204762
2328.000000,-1277.007998,-194.139477,0.006493,6.017464,6.017464,-4.031634
2330.000000,-1275.028636,-193.840439,0.005311,6.071290,6.071290,-3.848924
2332.000000,-1273.052391,-193.521422,0.005116,6.113953,6.113953,-3.666497
2334.000000,-1271.079362,-193.183153,0.005862,6.138783,6.138783,-3.486389
2336.000000,-1269.110301,-192.822493,0.007029,6.141239,6.141239,-3.304914
2338.000000,-1267.146674,-192.433389,0.007562,6.121536,6.121536,-3.114561
2340.000000,-1265.189512,-192.012942,0.007419,6.091818,6.091818,-2.908329
2342.000000,-1263.238496,-191.564926,0.008379,6.066122,6.066122,-2.686093
2344.000000,-1261.294504,-191.087306,0.010671,6.043065,6.043065,-2.446588
2346.000000,-1259.361826,-190.565916,0.012515,6.016145,6.016145,-2.178280
2348.000000,-1257.442898,-189.996257,0.012420,5.980626,5.980626,-1.879614
2350.000000,-1255.540294,-189.374080,0.010136,5.939591,5.939591,-1.545068
2352.000000,-1253.650092,-188.715062,0.008308,5.910922,5.910922,-1.191753
2354.000000,-1251.769863,-188.028044,0.008023,5.903308,5.903308,-0.832353
2356.000000,-1249.901885,-187.308394,0.007486,5.920534,5.920534,-0.468388
2358.000000,-1248.044595,-186.561606,0.006109,5.953938,5.953938,-0.108567
2360.000000,-1246.197459,-185.790006,0.004507,6.001266,6.001266,0.241397
2362.000000,-1244.356198,-185.004451,0.005047,6.032728,6.032728,0.566050
2364.000000,-1242.520954,-184.204983,0.008339,6.043413,6.043413,0.878365
2366.000000,-1240.700198,-183.373176,0.009342,6.040532,6.040532,1.202917
2368.000000,-1238.899720,-182.498264,0.005986,6.034531,6.034531,1.548847
2370.000000,-1237.107604,-181.606268,0.003252,6.028153,6.028153,1.888500
2372.000000,-1235.320088,-180.705088,0.003605,6.021407,6.021407,2.218424
2374.000000,-1233.538262,-179.792714,0.005223,6.015137,6.015137,2.542525
2376.000000,-1231.766765,-178.860470,0.006653,6.005935,6.005935,2.867834
2378.000000,-1230.007716,-177.904976,0.007650,5.992416,5.992416,3.198821
2380.000000,-1228.263930,-176.921935,0.006698,5.981243,5.981243,3.539583
2382.000000,-1226.536699,-175.910048,0.003182,5.976230,5.976230,3.886332
2384.000000,-1224.814190,-174.890090,0.000573,5.967759,5.967759,4.206228
2386.000000,-1223.091192,-173.870957,0.000538,5.953612,5.953612,4.495145
2388.000000,-1221.369089,-172.850312,0.001865,5.936742,5.936742,4.752275
2390.000000,-1219.650092,-171.824448,0.003176,5.914259,5.914259,4.977967
2392.000000,-1217.939345,-170.784892,0.003327,5.883959,5.883959,5.170896
2394.000000,-1216.235314,-169.734363,0.002954,5.857481,5.857481,5.335566
2396.000000,-1214.537407,-168.673963,0.002604,5.839415,5.839415,5.474985
2398.000000,-1212.845490,-167.604027,0.002042,5.832154,5.832154,5.586788
2400.000000,-1211.157646,-166.527679,0.001678,5.835477,5.835477,5.675763
2402.000000,-1209.473182,-165.446045,0.001097,5.851358,5.851358,5.745527
2404.000000,-1207.792374,-164.358738,-0.000780,5.877698,5.877698,5.799700
2406.000000,-1206.110380,-163.273279,-0.002466,5.911358,5.911358,5.835597
2408.000000,-1204.420374,-162.200343,-0.001940,5.956272,5.956272,5.847656
2410.000000,-1202.726300,-161.133822,-0.000616,6.004542,6.004542,5.845790
2412.000000,-1201.031676,-160.068175,-0.000141,6.052335,6.052335,5.835812
2414.000000,-1199.336937,-159.002711,-0.000156,6.099906,6.099906,5.820140
2416.000000,-1197.641774,-157.937921,-0.000198,6.147892,6.147892,5.800677
2418.000000,-1195.946246,-156.873712,-0.000185,6.195586,6.195586,5.780973
2420.000000,-1194.250186,-155.810353,-0.000439,6.243128,6.243128,5.765338
2422.000000,-1192.553982,-154.747223,-0.001139,6.290290,6.290290,5.754486
2424.000000,-1190.854874,-153.688748,-0.001164,6.343742,6.343742,5.741745
2426.000000,-1189.152063,-152.636233,-0.000407,6.403789,6.403789,5.726245
2428.000000,-1187.449708,-151.582981,-0.000313,6.461706,6.461706,5.717023
2430.000000,-1185.746701,-150.530783,-0.000913,6.519168,6.519168,5.711908
2432.000000,-1184.041907,-149.481483,-0.002490,6.578725,6.578725,5.708684
2434.000000,-1182.333680,-148.437801,-0.003897,6.641754,6.641754,5.703951
2436.000000,-1180.613407,-147.414118,-0.003012,6.697665,6.697665,5.681242
2438.000000,-1178.888437,-146.398329,-0.002156,6.764260,6.764260,5.655248
2440.000000,-1177.160149,-145.388203,-0.002640,6.847743,6.847743,5.632368
2442.000000,-1175.425715,-144.388665,-0.003050,6.942602,6.942602,5.609841
2444.000000,-1173.685680,-143.398911,-0.004100,7.046127,7.046127,5.588174
2446.000000,-1171.938718,-142.421440,-0.004028,7.158103,7.158103,5.565286
2448.000000,-1170.179086,-141.466953,-0.002026,7.265373,7.265373,5.531440
2450.000000,-1168.420416,-140.510692,-0.003249,7.379531,7.379531,5.513280
2452.000000,-1166.656878,-139.563465,-0.008747,7.485567,7.485567,5.499618
2454.000000,-1164.877765,-138.645972,-0.013896,7.577635,7.577635,5.471288
2456.000000,-1163.070808,-137.784772,-0.015304,7.632491,7.632491,5.407741
2458.000000,-1161.237449,-136.981362,-0.012299,7.632077,7.632077,5.311869
2460.000000,-1159.382479,-136.228962,-0.006452,7.586162,7.586162,5.187876
2462.000000,-1157.518993,-135.497683,-0.001933,7.540019,7.540019,5.061903
2464.000000,-1155.654607,-134.768698,-0.001071,7.514157,7.514157,4.948595
2466.000000,-1153.789029,-134.042774,-0.003290,7.503954,7.503954,4.844831
2468.000000,-1151.920520,-133.324429,-0.006256,7.503634,7.503634,4.746733
2470.000000,-1150.040389,-132.637185,-0.005522,7.490383,7.490383,4.633193
2472.000000,-1148.151534,-131.974173,-0.002752,7.470678,7.470678,4.510217
2474.000000,-1146.261429,-131.314747,-0.002446,7.466120,7.466120,4.406225
2476.000000,-1144.367805,-130.665501,-0.004448,7.469388,7.469388,4.318726
2478.000000,-1142.469735,-130.029393,-0.007132,7.478243,7.478243,4.246659
2480.000000,-1140.561601,-129.424482,-0.006639,7.476583,7.476583,4.167429
2482.000000,-1138.643109,-128.852876,-0.002973,7.459950,7.459950,4.072117
2484.000000,-1136.723513,-128.284983,-0.001373,7.458588,7.458588,3.992261
2486.000000,-1134.802494,-127.721922,-0.001958,7.469037,7.469037,3.929865
2488.000000,-1132.879223,-127.166605,-0.003551,7.488007,7.488007,3.882789
2490.000000,-1130.953153,-126.621114,-0.004778,7.509976,7.509976,3.846160
2492.000000,-1129.019584,-126.103031,-0.002785,7.516470,7.516470,3.800000
2494.000000,-1127.083507,-125.594153,-0.001377,7.520993,7.520993,3.760521
2496.000000,-1125.148162,-125.082512,-0.003022,7.529570,7.529570,3.743380
2498.000000,-1123.208263,-124.588548,-0.002859,7.519852,7.519852,3.728231
2500.000000,-1121.264733,-124.108923,-0.001250,7.495804,7.495804,3.723106
2502.000000,-1119.321686,-123.627338,-0.002383,7.474852,7.474852,3.748690
2504.000000,-1117.376436,-123.154767,-0.003694,7.446132,7.446132,3.789656
2506.000000,-1115.426184,-122.703275,-0.002095,7.399912,7.399912,3.826742
2508.000000,-1113.474449,-122.258215,-0.000610,7.354973,7.354973,3.872349
2510.000000,-1111.523000,-121.811897,-0.001075,7.320486,7.320486,3.934457
2512.000000,-1109.570275,-121.371198,-0.001932,7.293075,7.293075,4.006200
2514.000000,-1107.616024,-120.937321,-0.002939,7.272565,7.272565,4.089352
2516.000000,-1105.659377,-120.514418,-0.004285,7.255125,7.255125,4.178897
2518.000000,-1103.699079,-120.108795,-0.005603,7.233893,7.233893,4.269182
2520.000000,-1101.734424,-119.724872,-0.005694,7.205758,7.205758,4.356853
2522.000000,-1099.764606,-119.368352,-0.004056,7.165679,7.165679,4.433986
2524.000000,-1097.792437,-119.024991,-0.003745,7.127490,7.127490,4.511359
2526.000000,-1095.818519,-118.691871,-0.005519,7.097830,7.097830,4.589861
2528.000000,-1093.840473,-118.384311,-0.006499,7.068966,7.068966,4.655021
2530.000000,-1091.858563,-118.102750,-0.006521,7.040668,7.040668,4.704880
2532.000000,-1089.873194,-117.846668,-0.006616,7.015355,7.015355,4.738742
2534.000000,-1087.884575,-117.617209,-0.006491,6.992474,6.992474,4.754963
2536.000000,-1085.893068,-117.414280,-0.006262,6.975739,6.975739,4.751854
2538.000000,-1083.899292,-117.235099,-0.006208,6.963876,6.963876,4.731682
2540.000000,-1081.903353,-117.081795,-0.005671,6.955964,6.955964,4.692427
2542.000000,-1079.905730,-116.952147,-0.004503,6.949401,6.949401,4.636354
2544.000000,-1077.907048,-116.839963,-0.003573,6.946887,6.946887,4.568408
2546.000000,-1075.907652,-116.741223,-0.003291,6.951178,6.951178,4.492750
2548.000000,-1073.907664,-116.655318,-0.003375,6.961578,6.961578,4.411799
2550.000000,-1071.907139,-116.582999,-0.003497,6.975690,6.975690,4.325996
2552.000000,-1069.906160,-116.524738,-0.003788,6.990084,6.990084,4.235211
2554.000000,-1067.904810,-116.480793,-0.004057,7.003601,7.003601,4.139337
2556.000000,-1065.903148,-116.454855,-0.003875,7.017769,7.017769,4.035910
2558.000000,-1063.901350,-116.443606,-0.003677,7.030472,7.030472,3.927561
2560.000000,-1061.899525,-116.447077,-0.003801,7.042366,7.042366,3.814515
2562.000000,-1059.897777,-116.465363,-0.003794,7.052633,7.052633,3.696984
2564.000000,-1057.896249,-116.500233,-0.003344,7.062201,7.062201,3.576067
2566.000000,-1055.894983,-116.547927,-0.002882,7.069169,7.069169,3.456315
2568.000000,-1053.894024,-116.606982,-0.002760,7.072368,7.072368,3.341554
2570.000000,-1051.893402,-116.676676,-0.002748,7.072045,7.072045,3.234301
2572.000000,-1049.893218,-116.757944,-0.002616,7.066786,7.066786,3.135116
2574.000000,-1047.893476,-116.849451,-0.002481,7.057978,7.057978,3.039100
2576.000000,-1045.894211,-116.950802,-0.002553,7.045236,7.045236,2.943910
2578.000000,-1043.895464,-117.061946,-0.002691,7.028634,7.028634,2.848744
2580.000000,-1041.897386,-117.184527,-0.002663,7.007750,7.007750,2.752519
2582.000000,-1039.899974,-117.317500,-0.002597,6.982657,6.982657,2.655434
2584.000000,-1037.903279,-117.460844,-0.002805,6.953502,6.953502,2.557018
2586.000000,-1035.907359,-117.614586,-0.003213,6.922538,6.922538,2.457456
2588.000000,-1033.912539,-117.782000,-0.003494,6.893612,6.893612,2.354482
2590.000000,-1031.918910,-117.963009,-0.003471,6.869350,6.869350,2.249379
2592.000000,-1029.926692,-118.158943,-0.003288,6.852118,6.852118,2.140757
2594.000000,-1027.935682,-118.366825,-0.003394,6.840202,6.840202,2.032730
2596.000000,-1025.946142,-118.588320,-0.003578,6.835375,6.835375,1.924890
2598.000000,-1023.958318,-118.824731,-0.003539,6.836320,6.836320,1.819094
2600.000000,-1021.972154,-119.074681,-0.003585,6.842248,6.842248,1.715363
2602.000000,-1019.987845,-119.338937,-0.003506,6.852319,6.852319,1.613169
2604.000000,-1018.005566,-119.618023,-0.003157,6.864138,6.864138,1.514590
2606.000000,-1016.024966,-119.908825,-0.003021,6.874395,6.874395,1.427473
2608.000000,-1014.046142,-120.211457,-0.003045,6.881032,6.881032,1.355817
2610.000000,-1012.069270,-120.526599,-0.003065,6.883027,6.883027,1.293692
2612.000000,-1010.094248,-120.853111,-0.003360,6.881479,6.881479,1.238261
2614.000000,-1008.121460,-121.192869,-0.003690,6.875674,6.875674,1.184984
2616.000000,-1006.151358,-121.547865,-0.003741,6.866256,6.866256,1.132103
2618.000000,-1004.183927,-121.917385,-0.003928,6.851930,6.851930,1.076144
2620.000000,-1002.219318,-122.301600,-0.004490,6.834715,6.834715,1.015546
2622.000000,-1000.258298,-122.703727,-0.005002,6.813377,6.813377,0.948551
2624.000000,-998.301493,-123.125887,-0.005232,6.787794,6.787794,0.873077
2626.000000,-996.349226,-123.568511,-0.005499,6.760532,6.760532,0.788445
2628.000000,-994.401811,-124.032048,-0.005691,6.729986,6.729986,0.695431
2630.000000,-992.460149,-124.519135,-0.005239,6.696070,6.696070,0.592324
2632.000000,-990.523782,-125.026819,-0.004775,6.658174,6.658174,0.480648
2634.000000,-988.591832,-125.551130,-0.004632,6.615871,6.615871,0.364597
2636.000000,-986.665454,-126.095553,-0.004213,6.568117,6.568117,0.244339
2638.000000,-984.743301,-126.654691,-0.004187,6.518078,6.518078,0.125046
2640.000000,-982.825687,-127.229215,-0.004695,6.466439,6.466439,0.007187
2642.000000,-980.913829,-127.822601,-0.004858,6.413438,6.413438,-0.111168
2644.000000,-979.007935,-128.434843,-0.004757,6.362606,6.362606,-0.231384
2646.000000,-977.107798,-129.064766,-0.004786,6.312776,6.312776,-0.354112
2648.000000,-975.213825,-129.712968,-0.004794,6.262430,6.262430,-0.479954
2650.000000,-973.326270,-130.379631,-0.004625,6.215864,6.215864,-0.608428
2652.000000,-971.444940,-131.063668,-0.004419,6.170439,6.170439,-0.741354
2654.000000,-969.569724,-131.764293,-0.004202,6.128825,6.128825,-0.877293
2656.000000,-967.700532,-132.480842,-0.003941,6.092195,6.092195,-1.013544
2658.000000,-965.836988,-133.211955,-0.003775,6.060343,6.060343,-1.152055
2660.000000,-963.978940,-133.956920,-0.003809,6.033516,6.033516,-1.293081
2662.000000,-962.126558,-134.715870,-0.003755,6.013487,6.013487,-1.434202
2664.000000,-960.280289,-135.489578,-0.003398,5.999084,5.999084,-1.573479
2666.000000,-958.439147,-136.275402,-0.003228,5.990206,5.990206,-1.709245
2668.000000,-956.602819,-137.072420,-0.003151,5.986810,5.986810,-1.840541
2670.000000,-954.772196,-137.882459,-0.002727,5.987237,5.987237,-1.966538
2672.000000,-952.945597,-138.701527,-0.002506,5.991225,5.991225,-2.086962
2674.000000,-951.122999,-139.529463,-0.002613,5.997832,5.997832,-2.203125
2676.000000,-949.304905,-140.367244,-0.002608,6.006871,6.006871,-2.315594
2678.000000,-947.491234,-141.214555,-0.002537,6.018016,6.018016,-2.425020
2680.000000,-945.681806,-142.070888,-0.002716,6.030628,6.030628,-2.532574
2682.000000,-943.876771,-142.936446,-0.002797,6.045616,6.045616,-2.639366
2684.000000,-942.077451,-143.813826,-0.002356,6.058107,6.058107,-2.747841
2686.000000,-940.281814,-144.698713,-0.001942,6.067148,6.067148,-2.854998
2688.000000,-938.489682,-145.590684,-0.001685,6.069190,6.069190,-2.960629
2690.000000,-936.700659,-146.488873,-0.001178,6.063984,6.063984,-3.063365
2692.000000,-934.913976,-147.391712,-0.000817,6.053537,6.053537,-3.162746
2694.000000,-933.127980,-148.295909,-0.001259,6.041644,6.041644,-3.257027
2696.000000,-931.344181,-149.204431,-0.001570,6.032375,6.032375,-3.350906
2698.000000,-929.564464,-150.120923,-0.000814,6.030322,6.030322,-3.448233
2700.000000,-927.785851,-151.039557,-0.000371,6.030300,6.030300,-3.542737
2702.000000,-926.006908,-151.957553,-0.001124,6.030806,6.030806,-3.631313
2704.000000,-924.230254,-152.879967,-0.001598,6.036377,6.036377,-3.720397
2706.000000,-922.457665,-153.810169,-0.000794,6.051333,6.051333,-3.814502
2708.000000,-920.686499,-154.743082,0.000482,6.070463,6.070463,-3.908803
2710.000000,-918.914321,-155.674069,0.001383,6.089806,6.089806,-3.999195
2712.000000,-917.139162,-156.599358,0.001764,6.113721,6.113721,-4.082585
2714.000000,-915.360717,-157.518314,0.001950,6.144125,6.144125,-4.159477
2716.000000,-913.578806,-158.430529,0.002320,6.181711,6.181711,-4.230224
2718.000000,-911.792831,-159.334761,0.002553,6.227773,6.227773,-4.294089
2720.000000,-910.001605,-160.228550,0.002433,6.284716,6.284716,-4.349520
2722.000000,-908.206565,-161.114649,0.002737,6.350088,6.350088,-4.399748
2724.000000,-906.407061,-161.991643,0.004267,6.425146,6.425146,-4.443571
2726.000000,-904.601037,-162.855115,0.006281,6.508588,6.508588,-4.476727
2728.000000,-902.783028,-163.693017,0.007429,6.588936,6.588936,-4.487289
2730.000000,-900.952997,-164.504318,0.006543,6.662737,6.662737,-4.474389
2732.000000,-899.110065,-165.285830,0.003842,6.720223,6.720223,-4.435632
2734.000000,-897.262916,-166.057448,0.001947,6.767503,6.767503,-4.394194
2736.000000,-895.412854,-166.822037,0.002722,6.803189,6.803189,-4.355889
2738.000000,-893.560796,-167.581790,0.005720,6.838032,6.838032,-4.324638
2740.000000,-891.699255,-168.317806,0.007341,6.859753,6.859753,-4.283537
2742.000000,-889.824971,-169.020863,0.004999,6.861837,6.861837,-4.223035
2744.000000,-887.943241,-169.703822,0.004316,6.857572,6.857572,-4.152937
2746.000000,-886.060857,-170.384962,0.006875,6.874532,6.874532,-4.092903
2748.000000,-884.164097,-171.024645,0.006829,6.882848,6.882848,-3.999630
2750.000000,-882.260814,-171.644891,0.004207,6.904486,6.904486,-3.894565
2752.000000,-880.350029,-172.241746,0.004362,6.903845,6.903845,-3.772132
2754.000000,-878.439896,-172.840696,0.007048,6.903986,6.903986,-3.663014
2756.000000,-876.515623,-173.391960,0.007034,6.876214,6.876214,-3.517223
2758.000000,-874.586941,-173.928172,0.007520,6.870139,6.870139,-3.367461
2760.000000,-872.650228,-174.433779,0.008270,6.862110,6.862110,-3.205755
2762.000000,-870.703231,-174.899124,0.005847,6.837585,6.837585,-3.018612
2764.000000,-868.752189,-175.347143,0.003183,6.819202,6.819202,-2.832695
2766.000000,-866.797488,-175.778992,0.001599,6.805369,6.805369,-2.649178
2768.000000,-864.842773,-176.210778,0.001934,6.804688,6.804688,-2.481439
2770.000000,-862.886160,-176.633853,0.003711,6.808119,6.808119,-2.320101
2772.000000,-860.926820,-177.044118,0.005144,6.811041,6.811041,-2.160252
2774.000000,-858.962646,-177.430485,0.004236,6.799853,6.799853,-1.992328
2776.000000,-856.994580,-177.796635,0.003584,6.775422,6.775422,-1.817646
2778.000000,-855.026092,-178.160476,0.005973,6.758160,6.758160,-1.655368
2780.000000,-853.052081,-178.492633,0.006935,6.720442,6.720442,-1.476559
2782.000000,-851.073389,-178.796096,0.006167,6.670535,6.670535,-1.285399
2784.000000,-849.091720,-179.078917,0.004801,6.619195,6.619195,-1.093983
2786.000000,-847.106194,-179.333943,0.002156,6.557612,6.557612,-0.892083
2788.000000,-845.120670,-179.588994,0.001740,6.511740,6.511740,-0.706349
2790.000000,-843.134326,-179.837543,0.003565,6.477460,6.477460,-0.530146
2792.000000,-841.146211,-180.071382,0.004187,6.446268,6.446268,-0.353749
2794.000000,-839.155757,-180.284396,0.003951,6.409525,6.409525,-0.170707
2796.000000,-837.164207,-180.487077,0.005741,6.379097,6.379097,0.006774
2798.000000,-835.170629,-180.668257,0.008102,6.350267,6.350267,0.189348
2800.000000,-833.173965,-180.811125,0.007494,6.312337,6.312337,0.400348
2802.000000,-831.175256,-180.922659,0.006068,6.279725,6.279725,0.636177
2804.000000,-829.175579,-181.015336,0.005990,6.267823,6.267823,0.887931
2806.000000,-827.174824,-181.079934,0.005505,6.254871,6.254871,1.167040
2808.000000,-825.173465,-181.123611,0.005975,6.239569,6.239569,1.464577
2810.000000,-823.171807,-181.149018,0.005996,6.224917,6.224917,1.778302
2812.000000,-821.170017,-181.136119,0.003007,6.202015,6.202015,2.121660
2814.000000,-819.168231,-181.121994,0.001458,6.201097,6.201097,2.456301
2816.000000,-817.166512,-181.100427,0.001450,6.215106,6.215106,2.792478
2818.000000,-815.164883,-181.071596,-0.000059,6.243228,6.243228,3.131980
2820.000000,-813.163275,-181.041500,-0.002279,6.278002,6.278002,3.470805
2822.000000,-811.161536,-181.022141,-0.005351,6.310619,6.310619,3.799232
2824.000000,-809.159716,-181.019107,-0.011890,6.345005,6.345005,4.112501
2826.000000,-807.158374,-181.058453,-0.015610,6.407475,6.407475,4.384293
2828.000000,-805.160715,-181.187195,-0.011382,6.457854,6.457854,4.593525
2830.000000,-803.165100,-181.344725,-0.011429,6.539092,6.539092,4.809987
2832.000000,-801.172683,-181.537344,-0.019567,6.664500,6.664500,5.018454
2834.000000,-799.190336,-181.813200,-0.025558,6.817908,6.817908,5.173750
2836.000000,-797.226178,-182.198157,-0.025397,6.965635,6.965635,5.259652
2838.000000,-795.284691,-182.685052,-0.024128,7.111141,7.111141,5.283668
2840.000000,-793.366413,-183.256301,-0.027983,7.271076,7.271076,5.257101
2842.000000,-791.482024,-183.929263,-0.032774,7.431126,7.431126,5.168627
2844.000000,-789.651989,-184.738064,-0.031083,7.542020,7.542020,4.983103
2846.000000,-787.875412,-185.659761,-0.024266,7.592083,7.592083,4.710040
2848.000000,-786.147726,-186.670591,-0.016252,7.600633,7.600633,4.370246
2850.000000,-784.451311,-187.733311,-0.011524,7.593290,7.593290,4.016414
2852.000000,-782.775215,-188.827711,-0.012986,7.576218,7.576218,3.690109
2854.000000,-781.126371,-189.962655,-0.017356,7.553241,7.553241,3.385389
2856.000000,-779.520024,-191.156694,-0.020365,7.522927,7.522927,3.074248
2858.000000,-777.964911,-192.416914,-0.021481,7.478335,7.478335,2.738192
2860.000000,-776.465446,-193.742901,-0.022521,7.421945,7.421945,2.380086
2862.000000,-775.025964,-195.133592,-0.023418,7.358039,7.358039,2.012046
2864.000000,-773.656572,-196.593170,-0.020686,7.306900,7.306900,1.647460
2866.000000,-772.354395,-198.113229,-0.017420,7.270896,7.270896,1.296464
2868.000000,-771.092246,-199.666987,-0.019425,7.217605,7.217605,0.982090
2870.000000,-769.896587,-201.272245,-0.021821,7.164392,7.164392,0.663440
2872.000000,-768.774976,-202.930016,-0.021292,7.132268,7.132268,0.325039
2874.000000,-767.723934,-204.633358,-0.020518,7.112679,7.112679,-0.019925
2876.000000,-766.743846,-206.378573,-0.020854,7.104783,7.104783,-0.361279
2878.000000,-765.834236,-208.161620,-0.021233,7.108264,7.108264,-0.692421
2880.000000,-765.007347,-209.984499,-0.019234,7.122413,7.122413,-1.018071
2882.000000,-764.250867,-211.837679,-0.016419,7.145246,7.145246,-1.347717
2884.000000,-763.553171,-213.713847,-0.015987,7.165723,7.165723,-1.665804
2886.000000,-762.912244,-215.610173,-0.016860,7.180446,7.180446,-1.948923
2888.000000,-762.340520,-217.528492,-0.015657,7.191974,7.191974,-2.156638
2890.000000,-761.831128,-219.464276,-0.009980,7.201316,7.201316,-2.269480
2892.000000,-761.369101,-221.412017,-0.000505,7.203037,7.203037,-2.316623
2894.000000,-760.904660,-223.359212,0.005979,7.186769,7.186769,-2.289799
2896.000000,-760.405463,-225.297777,0.004853,7.142060,7.142060,-2.174674
2898.000000,-759.885228,-227.230835,0.001150,7.079408,7.079408,-1.985181
2900.000000,-759.366457,-229.164284,0.000346,7.022305,7.022305,-1.743599
2902.000000,-758.847961,-231.097808,0.001641,6.973066,6.973066,-1.464709
2904.000000,-758.322100,-233.029340,0.003138,6.931602,6.931602,-1.177669
2906.000000,-757.785313,-234.957854,0.004781,6.900980,6.900980,-0.905482
2908.000000,-757.229295,-236.880901,0.007476,6.889262,6.889262,-0.642673
2910.000000,-756.649002,-238.796763,0.011829,6.899069,6.899069,-0.384658
2912.000000,-756.021816,-240.697699,0.015595,6.927076,6.927076,-0.117741
2914.000000,-755.332471,-242.576896,0.017340,6.951888,6.951888,0.168267
2916.000000,-754.578747,-244.431197,0.018901,6.970993,6.970993,0.464587
2918.000000,-753.757016,-246.256379,0.019352,6.978332,6.978332,0.760049
2920.000000,-752.857716,-248.044658,0.015723,6.962138,6.962138,1.042930
2922.000000,-751.901359,-249.803182,0.010099,6.927859,6.927859,1.280432
2924.000000,-750.912295,-251.543586,0.006949,6.910715,6.910715,1.438416
2926.000000,-749.903520,-253.272647,0.007245,6.919804,6.919804,1.492633
2928.000000,-748.870229,-254.987159,0.008406,6.953879,6.953879,1.441238
2930.000000,-747.805958,-256.682607,0.009022,7.012999,7.012999,1.298711
2932.000000,-746.713490,-258.360008,0.010273,7.082926,7.082926,1.100345
2934.000000,-745.586697,-260.014474,0.012376,7.164836,7.164836,0.870518
2936.000000,-744.420042,-261.641111,0.016702,7.263674,7.263674,0.621763
2938.000000,-743.205335,-263.232069,0.023028,7.367126,7.367126,0.354268
2940.000000,-741.913319,-264.760610,0.027267,7.456841,7.456841,0.098307
2942.000000,-740.539102,-266.215441,0.028888,7.509521,7.509521,-0.128380
2944.000000,-739.082513,-267.587720,0.027653,7.520632,7.520632,-0.309628
2946.000000,-737.546797,-268.871034,0.020463,7.482876,7.482876,-0.430999
2948.000000,-735.955722,-270.085687,0.010762,7.411748,7.411748,-0.514318
2950.000000,-734.345105,-271.274480,0.006073,7.361093,7.361093,-0.608936
2952.000000,-732.723018,-272.447550,0.007238,7.335803,7.335803,-0.717416
2954.000000,-731.085844,-273.599445,0.011374,7.330520,7.330520,-0.831283
2956.000000,-729.423495,-274.714575,0.015624,7.325582,7.325582,-0.939671
2958.000000,-727.724677,-275.773277,0.016939,7.294782,7.294782,-1.033603
2960.000000,-725.989126,-276.770665,0.015738,7.238045,7.238045,-1.119309
2962.000000,-724.223889,-277.714370,0.013385,7.157070,7.157070,-1.203831
2964.000000,-722.431974,-278.606514,0.010621,7.058457,7.058457,-1.284020
2966.000000,-720.623762,-279.465366,0.010966,6.966172,6.966172,-1.369857
2968.000000,-718.799615,-280.289674,0.013666,6.883060,6.883060,-1.451688
2970.000000,-716.950652,-281.056499,0.013379,6.782001,6.782001,-1.500699
2972.000000,-715.080972,-281.771562,0.010793,6.666193,6.666193,-1.524295
2974.000000,-713.197239,-282.448850,0.008158,6.548660,6.548660,-1.539910
2976.000000,-711.301403,-283.091568,0.004836,6.432368,6.432368,-1.558899
2978.000000,-709.400101,-283.717982,0.002438,6.320948,6.320948,-1.599845
2980.000000,-707.496773,-284.338219,0.002608,6.215574,6.215574,-1.672902
2982.000000,-705.590713,-284.949996,0.003982,6.120255,6.120255,-1.771853
2984.000000,-703.679378,-285.545065,0.004550,6.043143,6.043143,-1.882722
2986.000000,-701.762222,-286.121109,0.004099,5.986043,5.986043,-1.997834
2988.000000,-699.840628,-286.682175,0.003871,5.950003,5.950003,-2.122256
2990.000000,-697.915003,-287.229246,0.004369,5.937605,5.937605,-2.260621
2992.000000,-695.984724,-287.759662,0.005099,5.944873,5.944873,-2.413180
2994.000000,-694.049019,-288.269911,0.006187,5.971138,5.971138,-2.575818
2996.000000,-692.107682,-288.758205,0.007343,6.002492,6.002492,-2.734400
2998.000000,-690.158572,-289.214469,0.006560,6.026841,6.026841,-2.874639
3000.000000,-688.203000,-289.642339,0.004426,6.043388,6.043388,-3.004270
3002.000000,-686.244500,-290.056574,0.003744,6.062645,6.062645,-3.137513
3004.000000,-684.283160,-290.457172,0.005039,6.084442,6.084442,-3.278530
3006.000000,-682.318276,-290.839906,0.006045,6.106415,6.106415,-3.427191
3008.000000,-680.347807,-291.192736,0.004949,6.116224,6.116224,-3.569671
3010.000000,-678.374246,-291.527995,0.003985,6.126075,6.126075,-3.715785
3012.000000,-676.398516,-291.850209,0.005484,6.148661,6.148661,-3.863737
3014.000000,-674.419756,-292.153068,0.008084,6.183930,6.183930,-4.003310
3016.000000,-672.435971,-292.420783,0.008174,6.214660,6.214660,-4.115713
3018.000000,-670.447332,-292.649823,0.005055,6.230831,6.230831,-4.198296
3020.000000,-668.456711,-292.861419,0.002482,6.241783,6.241783,-4.271702
3022.000000,-666.465369,-293.066125,0.002359,6.250946,6.250946,-4.343403
3024.000000,-664.473191,-293.262496,0.003264,6.256871,6.256871,-4.411283
3026.000000,-662.479682,-293.444805,0.003397,6.255364,6.255364,-4.470752
3028.000000,-660.484800,-293.611474,0.002596,6.245061,6.245061,-4.522630
3030.000000,-658.489191,-293.769252,0.002827,6.235926,6.235926,-4.574785
3032.000000,-656.492965,-293.918981,0.004588,6.231979,6.231979,-4.626834
3034.000000,-654.495348,-294.048513,0.005176,6.224295,6.224295,-4.666767
3036.000000,-652.496254,-294.153115,0.003707,6.210176,6.210176,-4.692847
3038.000000,-650.496527,-294.244951,0.002492,6.199712,6.199712,-4.715750
3040.000000,-648.496412,-294.327907,0.002213,6.195554,6.195554,-4.737934
3042.000000,-646.495930,-294.401490,0.001739,6.197999,6.197999,-4.759372
3044.000000,-644.495173,-294.467249,0.000786,6.206176,6.206176,-4.781143
3046.000000,-642.494324,-294.530166,0.000020,6.216100,6.216100,-4.809207
3048.000000,-640.493505,-294.593995,-0.000148,6.224533,6.224533,-4.849653
3050.000000,-638.492707,-294.658526,-0.000002,6.232030,6.232030,-4.901038
3052.000000,-636.491912,-294.723109,0.000259,6.239379,6.239379,-4.960965
3054.000000,-634.491091,-294.786915,0.000975,6.246965,6.246965,-5.027497
3056.000000,-632.490188,-294.848067,0.002899,6.255611,6.255611,-5.096420
3058.000000,-630.489026,-294.899679,0.005492,6.260786,6.260786,-5.158027
3060.000000,-628.487395,-294.926566,0.006012,6.249677,6.249677,-5.196697
3062.000000,-626.485563,-294.924421,0.004287,6.222760,6.222760,-5.208696
3064.000000,-624.483796,-294.908705,0.003005,6.201044,6.201044,-5.208685
3066.000000,-622.482162,-294.880445,0.002616,6.187013,6.187013,-5.198462
3068.000000,-620.480683,-294.842686,0.003067,6.178698,6.178698,-5.182904
3070.000000,-618.479431,-294.794547,0.004059,6.173240,6.173240,-5.163484
3072.000000,-616.478745,-294.727526,0.003851,6.160523,6.160523,-5.132538
3074.000000,-614.478670,-294.643622,0.002651,6.142660,6.142660,-5.092064
3076.000000,-612.478993,-294.550680,0.002103,6.129402,6.129402,-5.050790
3078.000000,-610.479680,-294.450235,0.002436,6.122298,6.122298,-5.011008
3080.000000,-608.480875,-294.340164,0.003536,6.123024,6.123024,-4.970167
3082.000000,-606.482785,-294.217861,0.004941,6.129642,6.129642,-4.925321
3084.000000,-604.486207,-294.073073,0.004921,6.135318,6.135318,-4.866213
3086.000000,-602.491320,-293.906480,0.003807,6.145559,6.145559,-4.793229
3088.000000,-600.497520,-293.727333,0.003971,6.167117,6.167117,-4.715318
3090.000000,-598.505022,-293.534298,0.005994,6.198570,6.198570,-4.632343
3092.000000,-596.514900,-293.318227,0.007384,6.232778,6.232778,-4.536319
3094.000000,-594.528963,-293.066586,0.006040,6.256911,6.256911,-4.415753
3096.000000,-592.546115,-292.791584,0.003947,6.284959,6.284959,-4.280535
3098.000000,-590.565217,-292.502845,0.002888,6.321094,6.321094,-4.141227
3100.000000,-588.586076,-292.202282,0.002510,6.365586,6.365586,-4.000312
3102.000000,-586.608227,-291.893315,0.002894,6.412248,6.412248,-3.862490
3104.000000,-584.632160,-291.573207,0.003189,6.447405,6.447405,-3.725274
3106.000000,-582.658597,-291.237985,0.002494,6.468778,6.468778,-3.583741
3108.000000,-580.686589,-290.893700,0.001745,6.486778,6.486778,-3.443813
3110.000000,-578.715667,-290.543248,0.001436,6.507535,6.507535,-3.309857
3112.000000,-576.745851,-290.186636,0.001028,6.531593,6.531593,-3.183219
3114.000000,-574.776792,-289.825856,0.000551,6.557281,6.557281,-3.062862
3116.000000,-572.808048,-289.463362,0.000486,6.581836,6.581836,-2.950574
3118.000000,-570.839505,-289.099781,0.001513,6.605004,6.605004,-2.848833
3120.000000,-568.871664,-288.732432,0.003627,6.625517,6.625517,-2.753882
3122.000000,-566.906735,-288.349871,0.004489,6.633776,6.633776,-2.654393
3124.000000,-564.946390,-287.944434,0.003123,6.624497,6.624497,-2.543042
3126.000000,-562.988051,-287.529405,0.002063,6.612134,6.612134,-2.431762
3128.000000,-561.031201,-287.107398,0.003009,6.602227,6.602227,-2.323013
3130.000000,-559.076278,-286.676592,0.004834,6.595775,6.595775,-2.215710
3132.000000,-557.126464,-286.223278,0.005222,6.580910,6.580910,-2.095459
3134.000000,-555.181821,-285.748252,0.004636,6.560324,6.560324,-1.961939
3136.000000,-553.241020,-285.257716,0.004482,6.538716,6.538716,-1.822977
3138.000000,-551.305226,-284.747788,0.004119,6.515375,6.515375,-1.678814
3140.000000,-549.373524,-284.222588,0.003527,6.492746,6.492746,-1.532988
3142.000000,-547.445636,-283.683535,0.002803,6.471282,6.471282,-1.388496
3144.000000,-545.521006,-283.132951,0.001827,6.452332,6.452332,-1.249700
3146.000000,-543.598199,-282.576028,0.001251,6.436109,6.436109,-1.122792
3148.000000,-541.676539,-282.015158,0.001324,6.422321,6.422321,-1.007789
3150.000000,-539.756354,-281.449262,0.001574,6.412437,6.412437,-0.902153
3152.000000,-537.838053,-280.877010,0.001749,6.408359,6.408359,-0.804068
3154.000000,-535.921689,-280.298308,0.002482,6.410297,6.410297,-0.709970
3156.000000,-534.007637,-279.712010,0.003949,6.417104,6.417104,-0.615993
3158.000000,-532.098696,-279.109318,0.004206,6.419292,6.419292,-0.512449
3160.000000,-530.196176,-278.486617,0.002621,6.414203,6.414203,-0.396680
3162.000000,-528.296228,-277.856104,0.001185,6.413673,6.413673,-0.281275
3164.000000,-526.397717,-277.221275,0.000511,6.417853,6.417853,-0.171730
3166.000000,-524.499737,-276.584858,0.000178,6.422254,6.422254,-0.073477
3168.000000,-522.601851,-275.948159,0.000168,6.425463,6.425463,0.007214
3170.000000,-520.704150,-275.310913,0.000374,6.428143,6.428143,0.072677
3172.000000,-518.806841,-274.672497,0.001023,6.430328,6.430328,0.127037
3174.000000,-516.910478,-274.031281,0.002292,6.433010,6.433010,0.175352
3176.000000,-515.017102,-273.381315,0.003224,6.436903,6.436903,0.224609
3178.000000,-513.128745,-272.716911,0.003051,6.440878,6.440878,0.281624
3180.000000,-511.244356,-272.041327,0.003028,6.444541,6.444541,0.342271
3182.000000,-509.363328,-271.356436,0.003840,6.444866,6.444866,0.402177
3184.000000,-507.488152,-270.655701,0.004046,6.431797,6.431797,0.463889
3186.000000,-505.619307,-269.938244,0.003428,6.408296,6.408296,0.526818
3188.000000,-503.754870,-269.209402,0.004306,6.389211,6.389211,0.585279
3190.000000,-501.895077,-268.468798,0.006702,6.381359,6.381359,0.640941
3192.000000,-500.047207,-267.699008,0.006511,6.366153,6.366153,0.716774
3194.000000,-498.211734,-266.900024,0.003586,6.347532,6.347532,0.816661
3196.000000,-496.380035,-266.092419,0.002060,6.335093,6.335093,0.920368
3198.000000,-494.551149,-265.278466,0.002325,6.328598,6.328598,1.025518
3200.000000,-492.726241,-264.455634,0.002659,6.323954,6.323954,1.134651
3202.000000,-490.905821,-263.622916,0.003439,6.321393,6.321393,1.247940
3204.000000,-489.090086,-262.780056,0.004580,6.319501,6.319501,1.366420
3206.000000,-487.283713,-261.917368,0.003991,6.304896,6.304896,1.500767
3208.000000,-485.485316,-261.038107,0.001925,6.280174,6.280174,1.647085
3210.000000,-483.689227,-260.154127,0.000597,6.259091,6.259091,1.792515
3212.000000,-481.894005,-259.268390,0.000165,6.243016,6.243016,1.933986
3214.000000,-480.098961,-258.382292,0.000070,6.228962,6.228962,2.070347
3216.000000,-478.303864,-257.496300,0.000336,6.216080,6.216080,2.201483
3218.000000,-476.509189,-256.609454,0.000670,6.205073,6.205073,2.328819
3220.000000,-474.716109,-255.719388,0.000547,6.198274,6.198274,2.454280
3222.000000,-472.924187,-254.826992,0.000109,6.196593,6.196593,2.576697
3224.000000,-471.132251,-253.934626,-0.000121,6.198625,6.198625,2.693829
3226.000000,-469.339961,-253.042968,-0.000096,6.201006,6.201006,2.805092
3228.000000,-467.547527,-252.151603,-0.000046,6.203220,6.203220,2.911057
3230.000000,-465.755049,-251.260324,-0.000050,6.205552,6.205552,3.012362
3232.000000,-463.962474,-250.369240,-0.000086,6.207997,6.207997,3.111127
3234.000000,-462.169784,-249.478390,-0.000713,6.210382,6.210382,3.209182
3236.000000,-460.376812,-248.588104,-0.002975,6.212510,6.212510,3.307605
3238.000000,-458.579474,-247.706708,-0.004534,6.221932,6.221932,3.396944
3240.000000,-456.770296,-246.849852,-0.002952,6.253250,6.253250,3.461354
3242.000000,-454.957587,-246.000477,-0.001625,6.283139,6.283139,3.520684
3244.000000,-453.143386,-245.154295,-0.002219,6.303522,6.303522,3.579211
3246.000000,-451.324678,-244.317850,-0.002445,6.316500,6.316500,3.630159
3248.000000,-449.501568,-243.491039,-0.001925,6.322487,6.322487,3.674097
3250.000000,-447.675466,-242.670857,-0.001255,6.320734,6.320734,3.714128
3252.000000,-445.847025,-241.855902,-0.000515,6.313057,6.313057,3.751684
3254.000000,-444.018015,-241.042221,-0.000030,6.303721,6.303721,3.791359
3256.000000,-442.189110,-240.228303,0.000327,6.294639,6.294639,3.834377
3258.000000,-440.360370,-239.414016,0.000747,6.285495,6.285495,3.881505
3260.000000,-438.533331,-238.595919,0.000627,6.272506,6.272506,3.937477
3262.000000,-436.707615,-237.774875,-0.001718,6.256028,6.256028,4.001020
3264.000000,-434.881657,-236.954367,-0.004798,6.240403,6.240403,4.067620
3266.000000,-433.043807,-236.160948,-0.003601,6.254184,6.254184,4.109454
3268.000000,-431.199194,-235.383292,-0.000159,6.285159,6.285159,4.140981
3270.000000,-429.356987,-234.599949,0.000494,6.309514,6.309514,4.184722
3272.000000,-427.515662,-233.814534,-0.001392,6.331250,6.331250,4.236646
3274.000000,-425.673268,-233.031666,-0.002964,6.353295,6.353295,4.292559
3276.000000,-423.823502,-232.266352,-0.002327,6.387221,6.387221,4.336453
3278.000000,-421.971194,-231.507202,-0.002282,6.416196,6.416196,4.381230
3280.000000,-420.117028,-230.752605,-0.003829,6.436454,6.436454,4.427802
3282.000000,-418.255396,-230.016651,-0.003596,6.462585,6.462585,4.461735
3284.000000,-416.387826,-229.295865,-0.002068,6.492370,6.492370,4.487651
3286.000000,-414.518467,-228.579735,-0.001595,6.515416,6.515416,4.516543
3288.000000,-412.646654,-227.870042,-0.001818,6.533738,6.533738,4.546843
3290.000000,-410.772441,-227.166710,-0.001992,6.544663,6.544663,4.579443
3292.000000,-408.895205,-226.471493,-0.001779,6.547568,6.547568,4.613346
3294.000000,-407.015266,-225.783614,-0.001082,6.543198,6.543198,4.649236
3296.000000,-405.133880,-225.099698,-0.000512,6.534786,6.534786,4.691136
3298.000000,-403.252121,-224.416809,-0.002130,6.525644,6.525644,4.742273
3300.000000,-401.369751,-223.735619,-0.005819,6.515519,6.515519,4.802669
3302.000000,-399.477750,-223.082242,-0.005342,6.504548,6.504548,4.842920
3304.000000,-397.575179,-222.459704,-0.000771,6.495720,6.495720,4.862451
3306.000000,-395.675426,-221.828605,0.000768,6.476898,6.476898,4.901469
3308.000000,-393.776372,-221.195401,-0.000281,6.458004,6.458004,4.952321
3310.000000,-391.876957,-220.563280,-0.001508,6.439326,6.439326,5.010657
3312.000000,-389.976149,-219.935367,-0.003095,6.417682,6.417682,5.071520
3314.000000,-388.070955,-219.320923,-0.003492,6.385285,6.385285,5.125158
3316.000000,-386.160644,-218.722537,-0.003877,6.346939,6.346939,5.169646
3318.000000,-384.247935,-218.131896,-0.004712,6.301076,6.301076,5.212427
3320.000000,-382.326866,-217.569110,-0.004642,6.233880,6.233880,5.234339
3322.000000,-380.403191,-217.015207,-0.008729,6.163375,6.163375,5.257650
3324.000000,-378.472347,-216.487139,-0.011918,6.096283,6.096283,5.265292
3326.000000,-376.522799,-216.033792,-0.006034,6.101602,6.101602,5.209584
3328.000000,-374.570731,-215.590265,-0.002285,6.120709,6.120709,5.155597
3330.000000,-372.618846,-215.146165,-0.004012,6.105078,6.105078,5.117509
3332.000000,-370.660949,-214.729089,-0.005037,6.099053,6.099053,5.064176
3334.000000,-368.701088,-214.321347,-0.006185,6.073209,6.073209,5.014151
3336.000000,-366.734698,-213.946941,-0.004990,6.077592,6.077592,4.942923
3338.000000,-364.764272,-213.593813,-0.002057,6.097744,6.097744,4.856506
3340.000000,-362.793362,-213.243341,-0.002039,6.094430,6.094430,4.775151
3342.000000,-360.821418,-212.898698,-0.003504,6.085826,6.085826,4.696415
3344.000000,-358.846480,-212.571945,-0.003170,6.084932,6.084932,4.607704
3346.000000,-356.869262,-212.258976,-0.003224,6.086513,6.086513,4.509816
3348.000000,-354.891312,-211.950679,-0.004519,6.089389,6.089389,4.413870
3350.000000,-352.909206,-211.670323,-0.004065,6.101687,6.101687,4.295459
3352.000000,-350.925567,-211.401079,-0.002929,6.112383,6.112383,4.170092
3354.000000,-348.940031,-211.146185,-0.001900,6.131406,6.131406,4.035152
3356.000000,-346.953635,-210.898022,-0.000944,6.151176,6.151176,3.899291
3358.000000,-344.966943,-210.652246,-0.000980,6.166585,6.166585,3.772280
3360.000000,-342.979820,-210.409975,-0.001598,6.179463,6.179463,3.654546
3362.000000,-340.991954,-210.173899,-0.002358,6.192228,6.192228,3.543959
3364.000000,-339.002977,-209.947371,-0.003009,6.208205,6.208205,3.438309
3366.000000,-337.012648,-209.733095,-0.003377,6.225938,6.225938,3.335868
3368.000000,-335.020873,-209.532711,-0.003566,6.244564,6.244564,3.232432
3370.000000,-333.027756,-209.346138,-0.003766,6.262367,6.262367,3.126708
3372.000000,-331.033259,-209.174937,-0.004175,6.278447,6.278447,3.017109
3374.000000,-329.037490,-209.019302,-0.004827,6.291813,6.291813,2.903309
3376.000000,-327.040270,-208.883864,-0.004438,6.297474,6.297474,2.779104
3378.000000,-325.041705,-208.769645,-0.002722,6.294726,6.294726,2.642483
3380.000000,-323.042669,-208.663784,-0.001614,6.296219,6.296219,2.506822
3382.000000,-321.043343,-208.563545,-0.001694,6.305965,6.305965,2.377447
3384.000000,-319.043716,-208.469543,-0.002745,6.321969,6.321969,2.252763
3386.000000,-317.043687,-208.384575,-0.004571,6.341153,6.341153,2.130160
3388.000000,-315.042934,-208.319264,-0.005190,6.351439,6.351439,1.998517
3390.000000,-313.041514,-208.278824,-0.003656,6.349504,6.349504,1.851633
3392.000000,-311.039856,-208.252139,-0.002037,6.346970,6.346970,1.698692
3394.000000,-309.038125,-208.231657,-0.001677,6.347608,6.347608,1.546859
3396.000000,-307.036338,-208.217662,-0.002398,6.354007,6.354007,1.395707
3398.000000,-305.034513,-208.211365,-0.003529,6.362786,6.362786,1.244363
3400.000000,-303.032711,-208.221629,-0.003511,6.367201,6.367201,1.085035
3402.000000,-301.031049,-208.247640,-0.002194,6.366670,6.366670,0.917415
3404.000000,-299.029504,-208.281865,-0.001079,6.367175,6.367175,0.749000
3406.000000,-297.028013,-208.319078,-0.000790,6.373600,6.373600,0.585087
3408.000000,-295.026581,-208.359388,-0.000806,6.384600,6.384600,0.427214
3410.000000,-293.025223,-208.403175,-0.000883,6.399406,6.399406,0.273262
3412.000000,-291.023929,-208.449826,-0.001091,6.416641,6.416641,0.123064
3414.000000,-289.022757,-208.501416,-0.001183,6.435938,6.435938,-0.024833
3416.000000,-287.021713,-208.557750,-0.001122,6.455575,6.455575,-0.171794
3418.000000,-285.020801,-208.618612,-0.001022,6.474780,6.474780,-0.317820
3420.000000,-283.020021,-208.683651,-0.000913,6.492375,6.492375,-0.461498
3422.000000,-281.019357,-208.752175,-0.000810,6.508078,6.508078,-0.602263
3424.000000,-279.018815,-208.824180,-0.000567,6.521669,6.521669,-0.740665
3426.000000,-277.018365,-208.898707,-0.000207,6.533380,6.533380,-0.877122
3428.000000,-275.017936,-208.973786,0.000020,6.544728,6.544728,-1.011960
3430.000000,-273.017495,-209.048554,0.000068,6.556720,6.556720,-1.145455
3432.000000,-271.017044,-209.123073,0.000066,6.568920,6.568920,-1.277911
3434.000000,-269.016584,-209.197320,0.000083,6.581087,6.581087,-1.409571
3436.000000,-267.016114,-209.271308,0.000166,6.593371,6.593371,-1.540671
3438.000000,-265.015624,-209.344756,0.000302,6.605974,6.605974,-1.671306
3440.000000,-263.015087,-209.416890,0.000424,6.619680,6.619680,-1.801733
3442.000000,-261.014490,-209.487360,0.000475,6.635140,6.635140,-1.932859
3444.000000,-259.013819,-209.555686,0.000470,6.651964,6.651964,-2.064959
3446.000000,-257.013092,-209.622357,0.000503,6.670312,6.670312,-2.199673
3448.000000,-255.012296,-209.686947,0.000639,6.690376,6.690376,-2.337492
3450.000000,-253.011430,-209.749288,0.001114,6.711846,6.711846,-2.478874
3452.000000,-251.010454,-209.807962,0.002283,6.733163,6.733163,-2.622027
3454.000000,-249.009255,-209.858374,0.003655,6.750201,6.750201,-2.762421
3456.000000,-247.007716,-209.892387,0.003584,6.757422,6.757422,-2.892271
3458.000000,-245.005948,-209.908878,0.002000,6.757458,6.757458,-3.012029
3460.000000,-243.004138,-209.919372,0.000749,6.759754,6.759754,-3.132583
3462.000000,-241.002317,-209.927330,0.000675,6.762134,6.762134,-3.257326
3464.000000,-239.000491,-209.934348,0.001902,6.762991,6.762991,-3.387771
3466.000000,-236.998659,-209.934961,0.003866,6.762128,6.762128,-3.518857
3468.000000,-234.996905,-209.918841,0.005242,6.754205,6.754205,-3.639487
3470.000000,-232.995455,-209.880627,0.005125,6.731170,6.731170,-3.744784
3472.000000,-230.994577,-209.819325,0.003707,6.687980,6.687980,-3.834458
3474.000000,-228.994153,-209.744174,0.002527,6.635836,6.635836,-3.918526
3476.000000,-226.994071,-209.660425,0.002337,6.584361,6.584361,-4.002174
3478.000000,-224.994406,-209.567253,0.002421,6.536696,6.536696,-4.083657
3480.000000,-222.995232,-209.464108,0.002411,6.494505,6.494505,-4.162602
3482.000000,-220.996563,-209.351579,0.002518,6.458363,6.458363,-4.239673
3484.000000,-218.998473,-209.229198,0.002311,6.430549,6.430549,-4.314647
3486.000000,-217.001098,-209.095617,0.001494,6.414596,6.414596,-4.386689
3488.000000,-215.004044,-208.957316,0.001324,6.417163,6.417163,-4.462233
3490.000000,-213.007219,-208.815757,0.002281,6.440853,6.440853,-4.542874
3492.000000,-211.011128,-208.664260,0.003072,6.480558,6.480558,-4.622279
3494.000000,-209.016092,-208.499446,0.003047,6.534780,6.534780,-4.697813
3496.000000,-207.022128,-208.322125,0.002808,6.603108,6.603108,-4.770757
3498.000000,-205.029109,-208.134475,0.002809,6.683680,6.683680,-4.842097
3500.000000,-203.037222,-207.935166,0.003321,6.772185,6.772185,-4.911019
3502.000000,-201.046486,-207.724692,0.004712,6.849818,6.849818,-4.978829
3504.000000,-199.057868,-207.495272,0.006632,6.905901,6.905901,-5.034259
3506.000000,-197.072411,-207.239864,0.007982,6.940533,6.940533,-5.068545
3508.000000,-195.091722,-206.949897,0.007270,6.950193,6.950193,-5.071917
3510.000000,-193.115914,-206.628310,0.005008,6.937049,6.937049,-5.046674
3512.000000,-191.142994,-206.289305,0.003403,6.914151,6.914151,-5.007601
3514.000000,-189.172312,-205.937524,0.002788,6.890348,6.890348,-4.961867
3516.000000,-187.203584,-205.574965,0.002350,6.868043,6.868043,-4.912640
3518.000000,-185.236657,-205.202763,0.001967,6.850144,6.850144,-4.861079
3520.000000,-183.271057,-204.823595,0.001882,6.840954,6.840954,-4.810581
3522.000000,-181.306898,-204.437037,0.002177,6.841657,6.841657,-4.762010
3524.000000,-179.344306,-204.042610,0.003226,6.849853,6.849853,-4.714055
3526.000000,-177.383977,-203.637092,0.003988,6.861565,6.861565,-4.664259
3528.000000,-175.428021,-203.210985,0.003164,6.870989,6.870989,-4.604997
3530.000000,-173.474326,-202.774617,0.002730,6.884720,6.884720,-4.546007
3532.000000,-171.522535,-202.329807,0.004443,6.905695,6.905695,-4.489853
3534.000000,-169.574364,-201.869466,0.006493,6.926304,6.926304,-4.430989
3536.000000,-167.633489,-201.379343,0.005942,6.933536,6.933536,-4.355162
3538.000000,-165.699335,-200.863276,0.003370,6.921324,6.921324,-4.263997
3540.000000,-163.768022,-200.336605,0.001916,6.898128,6.898128,-4.173162
3542.000000,-161.838101,-199.804859,0.002237,6.872012,6.872012,-4.090981
3544.000000,-159.910650,-199.264245,0.002708,6.849346,6.849346,-4.012029
3546.000000,-157.986527,-198.711905,0.002464,6.833256,6.833256,-3.932128
3548.000000,-156.065131,-198.150135,0.002462,6.823084,6.823084,-3.853260
3550.000000,-154.145908,-197.581001,0.002998,6.810431,6.810431,-3.779966
3552.000000,-152.230801,-196.998178,0.002890,6.786338,6.786338,-3.704060
3554.000000,-150.319153,-196.404088,0.002375,6.759461,6.759461,-3.627774
3556.000000,-148.410029,-195.801932,0.002238,6.736281,6.736281,-3.555206
3558.000000,-146.503746,-195.190843,0.002392,6.717785,6.717785,-3.486832
3560.000000,-144.600131,-194.571497,0.003170,6.703900,6.703900,-3.420971
3562.000000,-142.700145,-193.941118,0.004149,6.690846,6.690846,-3.354316
3564.000000,-140.806200,-193.292828,0.004029,6.675198,6.675198,-3.279386
3566.000000,-138.917850,-192.628392,0.003254,6.663851,6.663851,-3.199430
3568.000000,-137.033355,-191.953116,0.002919,6.659861,6.659861,-3.120018
3570.000000,-135.152959,-191.266495,0.002942,6.664275,6.664275,-3.041523
3572.000000,-133.276417,-190.569410,0.002932,6.676783,6.676783,-2.965501
3574.000000,-131.404368,-189.860345,0.002779,6.697814,6.697814,-2.892148
3576.000000,-129.535978,-189.141691,0.002876,6.716960,6.716960,-2.821641
3578.000000,-127.671654,-188.412574,0.003218,6.727846,6.727846,-2.752608
3580.000000,-125.812241,-187.671008,0.003184,6.729490,6.729490,-2.681601
3582.000000,-123.957905,-186.916834,0.002755,6.724815,6.724815,-2.609677
3584.000000,-122.107540,-186.152971,0.002509,6.717789,6.717789,-2.538874
3586.000000,-120.260867,-185.380222,0.002800,6.712163,6.712163,-2.471021
3588.000000,-118.418272,-184.597802,0.003661,6.707974,6.707974,-2.405616
3590.000000,-116.581305,-183.802272,0.004608,6.699508,6.699508,-2.341130
3592.000000,-114.752246,-182.988753,0.004692,6.682244,6.682244,-2.271105
3594.000000,-112.931518,-182.156736,0.004114,6.655596,6.655596,-2.195473
3596.000000,-111.117062,-181.311115,0.003541,6.625096,6.625096,-2.121655
3598.000000,-109.309292,-180.451285,0.003058,6.598364,6.598364,-2.050290
3600.000000,-107.506003,-179.582099,0.003503,6.575172,6.575172,-1.985687
3602.000000,-105.708207,-178.701611,0.004631,6.553612,6.553612,-1.925610
3604.000000,-103.919592,-177.802636,0.005087,6.528288,6.528288,-1.863284
3606.000000,-102.140221,-176.885501,0.004929,6.497247,6.497247,-1.795438
3608.000000,-100.370171,-175.950509,0.004691,6.463296,6.463296,-1.720771
3610.000000,-98.608760,-174.999327,0.004527,6.432886,6.432886,-1.641275
3612.000000,-96.856139,-174.032046,0.004246,6.411874,6.411874,-1.556348
3614.000000,-95.112062,-173.049451,0.004119,6.401049,6.401049,-1.464462
3616.000000,-93.375215,-172.054114,0.004179,6.398246,6.398246,-1.368185
3618.000000,-91.647985,-171.042181,0.004132,6.390952,6.390952,-1.264433
3620.000000,-89.927861,-170.018223,0.004702,6.379106,6.379106,-1.156670
3622.000000,-88.217597,-168.977891,0.004822,6.370421,6.370421,-1.039873
3624.000000,-86.519484,-167.917830,0.003205,6.367584,6.367584,-0.911311
3626.000000,-84.827659,-166.847747,0.001506,6.362123,6.362123,-0.780434
3628.000000,-83.138265,-165.773828,0.000862,6.351684,6.351684,-0.653782
3630.000000,-81.450607,-164.697185,0.000691,6.338490,6.338490,-0.533737
3632.000000,-79.764464,-163.618169,0.000668,6.323412,6.323412,-0.421050
3634.000000,-78.079514,-162.537290,0.000860,6.307169,6.307169,-0.315834
3636.000000,-76.396443,-161.453490,0.000795,6.292539,6.292539,-0.217790
3638.000000,-74.715882,-160.365801,-0.000045,6.285392,6.285392,-0.125838
3640.000000,-73.035326,-159.278104,-0.000901,6.286875,6.286875,-0.042965
3642.000000,-71.351858,-158.194921,-0.000910,6.296095,6.296095,0.026018
3644.000000,-69.666383,-157.114862,-0.000449,6.309446,6.309446,0.083648
3646.000000,-67.979940,-156.036315,-0.000270,6.325253,6.325253,0.133745
3648.000000,-66.293557,-154.957674,-0.000348,6.341559,6.341559,0.178966
3650.000000,-64.605692,-153.881354,-0.000192,6.361352,6.361352,0.217406
3652.000000,-62.917730,-152.805184,0.000005,6.382256,6.382256,0.253698
3654.000000,-61.229784,-151.728991,0.000074,6.404012,6.404012,0.289308
3656.000000,-59.541943,-150.652633,0.000150,6.426057,6.426057,0.325943
3658.000000,-57.854513,-149.575630,0.000156,6.447664,6.447664,0.365526
3660.000000,-56.167446,-148.498059,0.000099,6.468935,6.468935,0.409079
3662.000000,-54.480589,-147.420160,0.000047,6.490052,6.490052,0.457931
3664.000000,-52.793804,-146.342148,0.000011,6.511355,6.511355,0.512960
3666.000000,-51.107072,-145.264052,-0.000064,6.532714,6.532714,0.574658
3668.000000,-49.420255,-144.186089,-0.000282,6.554321,6.554321,0.643768
3670.000000,-47.733005,-143.108806,-0.000800,6.575846,6.575846,0.721179
3672.000000,-46.044277,-142.033840,-0.001460,6.595973,6.595973,0.804050
3674.000000,-44.352057,-140.964385,-0.001756,6.612226,6.612226,0.888777
3676.000000,-42.655783,-139.901367,-0.002240,6.624888,6.624888,0.975571
3678.000000,-40.956116,-138.843789,-0.004102,6.635560,6.635560,1.064916
3680.000000,-39.248342,-137.799385,-0.005330,6.635406,6.635406,1.147163
3682.000000,-37.525923,-136.779324,-0.003635,6.611817,6.611817,1.209898
3684.000000,-35.796823,-135.770579,-0.001595,6.580893,6.580893,1.269674
3686.000000,-34.065922,-134.764929,-0.001093,6.551861,6.551861,1.334360
3688.000000,-32.332385,-133.763829,-0.000887,6.522351,6.522351,1.402285
3690.000000,-30.597139,-132.765694,-0.000642,6.495588,6.495588,1.476226
3692.000000,-28.860836,-131.769398,-0.000552,6.473068,6.473068,1.557905
3694.000000,-27.123225,-130.775386,-0.000450,6.454535,6.454535,1.646320
3696.000000,-25.384889,-129.782641,-0.000784,6.443237,6.443237,1.742781
3698.000000,-23.645734,-128.791333,-0.002048,6.446658,6.446658,1.848038
3700.000000,-21.902740,-127.806808,-0.003459,6.464575,6.464575,1.955664
3702.000000,-20.152137,-126.835878,-0.003670,6.494506,6.494506,2.057938
3704.000000,-18.393595,-125.879404,-0.002340,6.539032,6.539032,2.154906
3706.000000,-16.630164,-124.931955,-0.000897,6.593052,6.593052,2.255440
3708.000000,-14.866498,-123.984940,-0.001097,6.646526,6.646526,2.369293
3710.000000,-13.101358,-123.040679,-0.002902,6.696666,6.696666,2.493474
3712.000000,-11.331137,-122.105989,-0.005310,6.738540,6.738540,2.620348
3714.000000,-9.550889,-121.190572,-0.007127,6.769725,6.769725,2.740468
3716.000000,-7.756777,-120.302689,-0.007022,6.796082,6.796082,2.845147
3718.000000,-5.949176,-119.442559,-0.005450,6.819499,6.819499,2.933531
3720.000000,-4.133049,-118.600539,-0.004446,6.831598,6.831598,3.015986
3722.000000,-2.310052,-117.773493,-0.004654,6.829448,6.829448,3.096203
3724.000000,-0.479574,-116.963154,-0.005087,6.816782,6.816782,3.172622
3726.000000,1.359496,-116.172536,-0.004691,6.804600,6.804600,3.240207
3728.000000,3.206464,-115.400516,-0.003364,6.803441,6.803441,3.299882
3730.000000,5.058519,-114.640757,-0.002103,6.816633,6.816633,3.357657
3732.000000,6.913286,-113.887636,-0.001850,6.836736,6.836736,3.419743
3734.000000,8.770336,-113.140169,-0.002385,6.858524,6.858524,3.485070
3736.000000,10.631201,-112.402259,-0.002561,6.880445,6.880445,3.549257
3738.000000,12.496296,-111.675101,-0.002038,6.901134,6.901134,3.611303
3740.000000,14.364160,-110.955076,-0.001691,6.915550,6.915550,3.676706
3742.000000,16.234106,-110.240480,-0.002020,6.923434,6.923434,3.746803
3744.000000,18.106831,-109.533205,-0.002713,6.924638,6.924638,3.819524
3746.000000,19.983378,-108.836135,-0.003424,6.918265,6.918265,3.892051
3748.000000,21.864705,-108.152076,-0.003866,6.905414,6.905414,3.961492
3750.000000,23.751524,-107.483320,-0.003870,6.889047,6.889047,4.025057
3752.000000,25.643495,-106.829283,-0.003438,6.872012,6.872012,4.082542
3754.000000,27.540180,-106.189045,-0.002648,6.856328,6.856328,4.136484
3756.000000,29.440154,-105.558614,-0.002057,6.846306,6.846306,4.192197
3758.000000,31.342375,-104.934992,-0.001977,6.846290,6.846290,4.254549
3760.000000,33.247159,-104.319247,-0.002039,6.856424,6.856424,4.321888
3762.000000,35.154375,-103.711078,-0.002094,6.875109,6.875109,4.394254
3764.000000,37.064149,-103.110993,-0.002337,6.902397,6.902397,4.471145
3766.000000,38.976500,-102.519165,-0.002609,6.937910,6.937910,4.552112
3768.000000,40.892273,-101.938513,-0.002455,6.981732,6.981732,4.634465
3770.000000,42.810863,-101.367237,-0.002152,7.031043,7.031043,4.717964
3772.000000,44.731745,-100.803717,-0.002181,7.084447,7.084447,4.802836
3774.000000,46.655012,-100.248394,-0.002729,7.141282,7.141282,4.888236
3776.000000,48.580974,-99.702490,-0.003422,7.200209,7.200209,4.972699
3778.000000,50.511135,-99.171630,-0.003586,7.259289,7.259289,5.051463
3780.000000,52.444913,-98.654111,-0.003539,7.314915,7.314915,5.126130
3782.000000,54.382315,-98.150335,-0.003559,7.368478,7.368478,5.195912
3784.000000,56.323309,-97.660581,-0.003547,7.419980,7.419980,5.260698
3786.000000,58.267655,-97.184296,-0.003694,7.468723,7.468723,5.320947
3788.000000,60.215428,-96.722224,-0.003810,7.514952,7.514952,5.375790
3790.000000,62.166852,-96.275820,-0.003669,7.558235,7.558235,5.424002
3792.000000,64.121407,-95.843351,-0.003443,7.595225,7.595225,5.465931
3794.000000,66.078974,-95.424717,-0.003139,7.622816,7.622816,5.501220
3796.000000,68.039137,-95.018404,-0.002817,7.640419,7.640419,5.531178
3798.000000,70.001500,-94.622837,-0.002690,7.648956,7.648956,5.557298
3800.000000,71.965935,-94.237692,-0.002611,7.648137,7.648137,5.580003
3802.000000,73.932438,-93.863252,-0.002175,7.637478,7.637478,5.598293
3804.000000,75.900682,-93.498070,-0.001151,7.618343,7.618343,5.612731
3806.000000,77.869855,-93.137917,-0.000084,7.595201,7.595201,5.627154
3808.000000,79.838814,-92.776591,0.000354,7.574608,7.574608,5.649121
3810.000000,81.807522,-92.413907,0.000339,7.557793,7.557793,5.680232
3812.000000,83.775917,-92.049523,0.000129,7.545452,7.545452,5.720953
3814.000000,85.744205,-91.684562,-0.000175,7.536814,7.536814,5.771284
3816.000000,87.712645,-91.320421,-0.000411,7.530661,7.530661,5.831036
3818.000000,89.681398,-90.957979,-0.000743,7.526551,7.526551,5.898829
3820.000000,91.650565,-90.597792,-0.001253,7.523447,7.523447,5.974092
3822.000000,93.620730,-90.243110,-0.001655,7.521421,7.521421,6.053361
3824.000000,95.592053,-89.894922,-0.001975,7.518960,7.518960,6.133381
3826.000000,97.564705,-89.554353,-0.002258,7.517367,7.517367,6.212832
3828.000000,99.538969,-89.223248,-0.002476,7.516466,7.516466,6.290711
3830.000000,101.514739,-88.901283,-0.002884,7.516070,7.516070,6.365374
3832.000000,103.492337,-88.590729,-0.003416,7.515718,7.515718,6.434453
3834.000000,105.472032,-88.293860,-0.003582,7.511173,7.511173,6.496347
3836.000000,107.453969,-88.012333,-0.003530,7.505157,7.505157,6.549621
3838.000000,109.437632,-87.743251,-0.003799,7.495262,7.495262,6.596636
3840.000000,111.423376,-87.489991,-0.003988,7.484159,7.484159,6.633761
3842.000000,113.411133,-87.253018,-0.004005,7.468691,7.468691,6.661198
3844.000000,115.400615,-87.031084,-0.004205,7.449902,7.449902,6.679497
3846.000000,117.391968,-86.826555,-0.004330,7.426680,7.426680,6.686682
3848.000000,119.385008,-86.639196,-0.003945,7.398427,7.398427,6.683958
3850.000000,121.379604,-86.469159,-0.003349,7.368648,7.368648,6.670172
3852.000000,123.375124,-86.310278,-0.002998,7.335423,7.335423,6.650837
3854.000000,125.371696,-86.165253,-0.002531,7.307417,7.307417,6.623342
3856.000000,127.368908,-86.029277,-0.002451,7.281691,7.281691,6.592087
3858.000000,129.366680,-85.901817,-0.003068,7.258029,7.258029,6.557180
3860.000000,131.365243,-85.787476,-0.003412,7.235281,7.235281,6.513899
3862.000000,133.364574,-85.687466,-0.003291,7.212658,7.212658,6.460747
3864.000000,135.364508,-85.600296,-0.003213,7.187852,7.187852,6.398558
3866.000000,137.364954,-85.525809,-0.002858,7.163438,7.163438,6.327787
3868.000000,139.365853,-85.464574,-0.002089,7.141490,7.141490,6.248775
3870.000000,141.366944,-85.409937,-0.001652,7.121684,7.121684,6.169069
3872.000000,143.368213,-85.362323,-0.001429,7.105362,7.105362,6.090562
3874.000000,145.369614,-85.320536,-0.001193,7.091311,7.091311,6.017239
3876.000000,147.371099,-85.282972,-0.001286,7.078794,7.078794,5.949665
3878.000000,149.372668,-85.250252,-0.001641,7.067352,7.067352,5.886950
3880.000000,151.374335,-85.224238,-0.001919,7.055844,7.055844,5.828155
3882.000000,153.376089,-85.206277,-0.002376,7.043398,7.043398,5.770185
3884.000000,155.377900,-85.196264,-0.003070,7.029711,7.029711,5.711614
3886.000000,157.379726,-85.200382,-0.003248,7.014266,7.014266,5.647462
3888.000000,159.381487,-85.217492,-0.003094,6.998186,6.998186,5.579330
3890.000000,161.383106,-85.246547,-0.003432,6.980962,6.980962,5.509367
3892.000000,163.384501,-85.288305,-0.003746,6.962068,6.962068,5.439438
3894.000000,165.385450,-85.347713,-0.003537,6.941265,6.941265,5.366313
3896.000000,167.386009,-85.419146,-0.003433,6.920342,6.920342,5.294148
3898.000000,169.385973,-85.505541,-0.003525,6.895430,6.895430,5.220280
3900.000000,171.385334,-85.604969,-0.003582,6.868262,6.868262,5.146918
3902.000000,173.383862,-85.719815,-0.003401,6.840020,6.840020,5.068477
3904.000000,175.381580,-85.848128,-0.002926,6.808255,6.808255,4.984268
3906.000000,177.378486,-85.988506,-0.002335,6.777208,6.777208,4.895435
3908.000000,179.374726,-86.138078,-0.001842,6.745632,6.745632,4.802415
3910.000000,181.370439,-86.294532,-0.001497,6.715920,6.715920,4.706596
3912.000000,183.365634,-86.457471,-0.001076,6.688896,6.688896,4.608090
3914.000000,185.360492,-86.624480,-0.000666,6.662543,6.662543,4.508654
3916.000000,187.355135,-86.794053,-0.000296,6.638156,6.638156,4.409598
3918.000000,189.349654,-86.965072,0.000006,6.616675,6.616675,4.312416
3920.000000,191.344236,-87.135357,0.000167,6.599410,6.599410,4.220252
3922.000000,193.338824,-87.305576,0.000281,6.586323,6.586323,4.133710
3924.000000,195.333564,-87.473995,0.000223,6.578027,6.578027,4.056818
3926.000000,197.328374,-87.641589,0.000046,6.573650,6.573650,3.990024
3928.000000,199.323192,-87.809078,-0.000075,6.572167,6.572167,3.930982
3930.000000,201.317986,-87.976863,-0.000206,6.573322,6.573322,3.877707
3932.000000,203.312721,-88.145353,-0.000351,6.576760,6.576760,3.828065
3934.000000,205.307321,-88.315424,-0.000472,6.582944,6.582944,3.779955
3936.000000,207.301771,-88.487241,-0.000553,6.591754,6.591754,3.733487
3938.000000,209.296008,-88.661523,-0.000607,6.603504,6.603504,3.688788
3940.000000,211.290054,-88.837965,-0.000779,6.617532,6.617532,3.645930
3942.000000,213.283841,-89.017317,-0.001137,6.634526,6.634526,3.605163
3944.000000,215.277221,-89.201128,-0.001577,6.654770,6.654770,3.567707
3946.000000,217.270007,-89.391266,-0.002191,6.677010,6.677010,3.531280
3948.000000,219.262006,-89.589457,-0.002976,6.698828,6.698828,3.493927
3950.000000,221.252716,-89.800172,-0.003456,6.721911,6.721911,3.452307
3952.000000,223.241856,-90.025241,-0.003527,6.744356,6.744356,3.405110
3954.000000,225.229376,-90.264150,-0.003929,6.765541,6.765541,3.353484
3956.000000,227.215155,-90.517171,-0.004451,6.785848,6.785848,3.298565
3958.000000,229.198226,-90.790619,-0.004749,6.803650,6.803650,3.235346
3960.000000,231.179032,-91.079823,-0.005379,6.819540,6.819540,3.165968
3962.000000,233.156295,-91.392436,-0.005986,6.830653,6.830653,3.081601
3964.000000,235.129834,-91.727699,-0.005597,6.832018,6.832018,2.982167
3966.000000,237.098800,-92.088922,-0.004013,6.817764,6.817764,2.863087
3968.000000,239.065189,-92.463952,-0.002557,6.799038,6.799038,2.734543
3970.000000,241.029705,-92.848681,-0.002175,6.781042,6.781042,2.599264
3972.000000,242.992829,-93.240465,-0.002382,6.763473,6.763473,2.459760
3974.000000,244.953849,-93.642634,-0.002409,6.750194,6.750194,2.314639
3976.000000,246.912879,-94.054394,-0.002110,6.734894,6.734894,2.165035
3978.000000,248.870158,-94.474396,-0.001709,6.717995,6.717995,2.011835
3980.000000,250.825919,-94.901417,-0.001183,6.697993,6.697993,1.856100
3982.000000,252.780693,-95.332938,-0.000804,6.674967,6.674967,1.700785
3984.000000,254.734913,-95.766965,-0.000743,6.650892,6.650892,1.547891
3986.000000,256.688449,-96.204058,-0.000733,6.625383,6.625383,1.397767
3988.000000,258.641313,-96.644144,-0.000517,6.597696,6.597696,1.251299
3990.000000,260.593633,-97.086637,-0.000162,6.569596,6.569596,1.107390
3992.000000,262.545889,-97.529413,-0.000059,6.541484,6.541484,0.968086
3994.000000,264.498245,-97.971748,-0.000152,6.513951,6.513951,0.835047
3996.000000,266.450255,-98.415605,-0.000125,6.488687,6.488687,0.704856
3998.000000,268.402318,-98.859234,-0.000274,6.463750,6.463750,0.577563
4000.000000,270.354176,-99.303758,-0.000455,6.439722,6.439722,0.450336
4002.000000,272.305413,-99.751004,-0.001639,6.414906,6.414906,0.319379
4004.000000,274.256474,-100.199016,-0.007362,6.390177,6.390177,0.185686
4006.000000,276.202441,-100.668328,-0.010790,6.383114,6.383114,0.027291
4008.000000,278.129954,-101.208686,-0.004335,6.378058,6.378058,-0.209483
4010.000000,280.056320,-101.753118,0.001461,6.385444,6.385444,-0.454782
4012.000000,281.986030,-102.285626,0.001152,6.393603,6.393603,-0.692447
4014.000000,283.916506,-102.815357,0.000190,6.400729,6.400729,-0.933283
4016.000000,285.847066,-103.344783,-0.000745,6.407707,6.407707,-1.179782
4018.000000,287.777501,-103.874667,-0.001442,6.413999,6.413999,-1.432555
4020.000000,289.704908,-104.415443,-0.000556,6.405938,6.405938,-1.702645
4022.000000,291.632312,-104.956245,0.000287,6.394377,6.394377,-1.979108
4024.000000,293.560377,-105.494687,0.000442,6.385305,6.385305,-2.261413
4026.000000,295.488369,-106.033389,0.001313,6.376342,6.376342,-2.554580
4028.000000,297.417744,-106.567111,0.003061,6.366053,6.366053,-2.855503
4030.000000,299.350009,-107.090241,0.006955,6.350977,6.350977,-3.158643
4032.000000,301.287878,-107.592152,0.010376,6.349776,6.349776,-3.457591
4034.000000,303.239111,-108.039057,0.008495,6.401915,6.401915,-3.732508
4036.000000,305.197136,-108.455555,0.006288,6.475742,6.475742,-4.020689
4038.000000,307.158657,-108.855177,0.009169,6.545925,6.545925,-4.324564
4040.000000,309.126865,-109.220278,0.013514,6.619957,6.619957,-4.617062
4042.000000,311.104990,-109.526811,0.015528,6.703127,6.703127,-4.877510
4044.000000,313.091697,-109.771308,0.016105,6.780201,6.780201,-5.113615
4046.000000,315.085165,-109.951960,0.016868,6.854807,6.854807,-5.328347
4048.000000,317.083575,-110.065735,0.019353,6.928149,6.928149,-5.516484
4050.000000,319.084816,-110.107574,0.022938,6.998904,6.998904,-5.671354
4052.000000,321.085589,-110.050315,0.024806,7.070100,7.070100,-5.781172
4054.000000,323.081027,-109.895819,0.025299,7.137848,7.137848,-5.849816
4056.000000,325.065755,-109.638287,0.026894,7.210084,7.210084,-5.874510
4058.000000,327.035149,-109.281193,0.031412,7.282831,7.282831,-5.864646
4060.000000,328.977988,-108.801121,0.033319,7.359364,7.359364,-5.818486
4062.000000,330.879173,-108.176081,0.028323,7.432510,7.432510,-5.725179
4064.000000,332.744803,-107.450967,0.025165,7.482198,7.482198,-5.604328
4066.000000,334.575530,-106.642337,0.029495,7.505181,7.505181,-5.469080
4068.000000,336.356362,-105.729032,0.035020,7.508082,7.508082,-5.295374
4070.000000,338.063661,-104.684914,0.036042,7.474298,7.474298,-5.056262
4072.000000,339.690873,-103.520095,0.034138,7.406938,7.406938,-4.752444
4074.000000,341.234121,-102.246421,0.030559,7.305751,7.305751,-4.387642
4076.000000,342.693743,-100.877337,0.024373,7.184708,7.184708,-3.965820
4078.000000,344.084696,-99.438090,0.018059,7.044338,7.044338,-3.501675
4080.000000,345.426659,-97.952795,0.013341,6.893564,6.893564,-3.022810
4082.000000,346.725990,-96.430020,0.007975,6.766341,6.766341,-2.551671
4084.000000,348.000041,-94.885952,0.004218,6.657823,6.657823,-2.112860
4086.000000,349.270270,-93.338740,0.004778,6.538177,6.538177,-1.746811
4088.000000,350.521324,-91.776027,0.004483,6.434143,6.434143,-1.437189
4090.000000,351.754895,-90.199436,0.001127,6.349364,6.349364,-1.188824
4092.000000,352.986445,-88.621268,-0.001172,6.266060,6.266060,-0.997786
4094.000000,354.225380,-87.048885,-0.000806,6.172955,6.172955,-0.867226
4096.000000,355.466344,-85.478101,0.001395,6.077429,6.077429,-0.786333
4098.000000,356.706033,-83.906312,0.005193,5.983516,5.983516,-0.742605
4100.000000,357.928568,-82.321230,0.006401,5.911819,5.911819,-0.701683
4102.000000,359.120645,-80.713081,0.002837,5.880917,5.880917,-0.634468
4104.000000,360.309147,-79.102240,0.001434,5.856448,5.856448,-0.562863
4106.000000,361.499008,-77.492404,0.002898,5.830787,5.830787,-0.487465
4108.000000,362.671176,-75.869688,0.001052,5.827670,5.827670,-0.380364
4110.000000,363.839820,-74.244384,-0.001771,5.831014,5.831014,-0.255234
4112.000000,365.019614,-72.627153,-0.002006,5.826484,5.826484,-0.132111
4114.000000,366.203623,-71.013005,-0.002104,5.826005,5.826005,-0.009770
4116.000000,367.394032,-69.403574,-0.003686,5.832991,5.832991,0.102740
4118.000000,368.594544,-67.801673,-0.006693,5.848161,5.848161,0.191518
4120.000000,369.815685,-66.215492,-0.011017,5.866009,5.866009,0.238651
4122.000000,371.070437,-64.655832,-0.017627,5.886524,5.886524,0.233728
4124.000000,372.375138,-63.137777,-0.021070,5.905403,5.905403,0.157938
4126.000000,373.761064,-61.693407,-0.017225,5.889862,5.889862,-0.032205
4128.000000,375.184959,-60.286468,-0.015531,5.889952,5.889952,-0.276378
4130.000000,376.650161,-58.922713,-0.016740,5.899764,5.899764,-0.577920
4132.000000,378.166145,-57.615608,-0.012777,5.905753,5.905753,-0.949015
4134.000000,379.718421,-56.351628,-0.005495,5.902425,5.902425,-1.362678
4136.000000,381.280758,-55.100046,-0.001305,5.916116,5.916116,-1.772563
4138.000000,382.842953,-53.848287,-0.001214,5.952555,5.952555,-2.160221
4140.000000,384.408525,-52.600757,-0.002007,6.001636,6.001636,-2.523943
4142.000000,385.979604,-51.360172,-0.002361,6.060490,6.060490,-2.865567
4144.000000,387.556267,-50.126691,-0.003367,6.127711,6.127711,-3.183232
4146.000000,389.139633,-48.901828,-0.005419,6.202994,6.202994,-3.471973
4148.000000,390.737014,-47.695330,-0.007341,6.278096,6.278096,-3.729876
4150.000000,392.352120,-46.512706,-0.008995,6.348584,6.348584,-3.969538
4152.000000,393.987700,-45.358587,-0.012300,6.416111,6.416111,-4.200401
4154.000000,395.648373,-44.240908,-0.016214,6.474248,6.474248,-4.434027
4156.000000,397.348936,-43.185023,-0.017682,6.506845,6.506845,-4.681572
4158.000000,399.084562,-42.187998,-0.016437,6.506083,6.506083,-4.952273
4160.000000,400.855299,-41.254735,-0.012114,6.468889,6.468889,-5.243979
4162.000000,402.648647,-40.365295,-0.006564,6.415129,6.415129,-5.512042
4164.000000,404.452012,-39.496263,-0.003506,6.375250,6.375250,-5.717341
4166.000000,406.259879,-38.636644,-0.002949,6.345600,6.345600,-5.869226
4168.000000,408.073120,-37.788420,-0.002983,6.327585,6.327585,-5.981120
4170.000000,409.891263,-36.950750,-0.002996,6.321738,6.321738,-6.055397
4172.000000,411.714372,-36.123940,-0.003131,6.328531,6.328531,-6.084303
4174.000000,413.542607,-35.308533,-0.003455,6.348149,6.348149,-6.065188
4176.000000,415.376195,-34.505242,-0.004230,6.375646,6.375646,-6.004301
4178.000000,417.216298,-33.716995,-0.004940,6.405987,6.405987,-5.910599
4180.000000,419.064864,-32.948807,-0.005285,6.438765,6.438765,-5.799662
4182.000000,420.920724,-32.198427,-0.006790,6.474265,6.474265,-5.681800
4184.000000,422.785595,-31.470781,-0.010913,6.508117,6.508117,-5.559839
4186.000000,424.664836,-30.781203,-0.014895,6.525309,6.525309,-5.443484
4188.000000,426.566693,-30.156890,-0.013876,6.517487,6.517487,-5.355561
4190.000000,428.486443,-29.589729,-0.009277,6.485249,6.485249,-5.285071
4192.000000,430.415456,-29.054803,-0.005628,6.460420,6.460420,-5.203611
4194.000000,432.350178,-28.540850,-0.003433,6.450989,6.450989,-5.095936
4196.000000,434.288259,-28.039667,-0.001664,6.449170,6.449170,-4.957854
4198.000000,436.228054,-27.545148,0.000045,6.449843,6.449843,-4.796551
4200.000000,438.167776,-27.050348,0.001481,6.454858,6.454858,-4.619120
4202.000000,440.105750,-26.548748,0.001742,6.469337,6.469337,-4.422780
4204.000000,442.041347,-26.038044,0.000857,6.493348,6.493348,-4.201861
4206.000000,443.976412,-25.525329,0.000223,6.519083,6.519083,-3.964863
4208.000000,445.911434,-25.012450,0.000098,6.544824,6.544824,-3.714233
4210.000000,447.846161,-24.498462,-0.000496,6.574766,6.574766,-3.448506
4212.000000,449.781118,-23.985342,-0.001527,6.619918,6.619918,-3.166328
4214.000000,451.717931,-23.479283,-0.003109,6.679559,6.679559,-2.871066
4216.000000,453.656995,-22.981914,-0.004556,6.743699,6.743699,-2.564063
4218.000000,455.602008,-22.508397,-0.003459,6.789317,6.789317,-2.268701
4220.000000,457.550502,-22.049349,-0.001102,6.823718,6.823718,-1.984826
4222.000000,459.499249,-21.591374,-0.000226,6.859333,6.859333,-1.698728
4224.000000,461.448126,-21.133956,-0.000257,6.896336,6.896336,-1.407999
4226.000000,463.397317,-20.677875,-0.000217,6.933508,6.933508,-1.111736
4228.000000,465.346688,-20.222568,-0.000182,6.971011,6.971011,-0.806854
4230.000000,467.296176,-19.767761,-0.000783,7.009212,7.009212,-0.489967
4232.000000,469.245915,-19.314026,-0.003297,7.048584,7.048584,-0.158100
4234.000000,471.197853,-18.869873,-0.005142,7.082748,7.082748,0.183235
4236.000000,473.156657,-18.457066,-0.003305,7.094122,7.094122,0.515625
4238.000000,475.117187,-18.052499,-0.001450,7.106873,7.106873,0.858931
4240.000000,477.078532,-17.651905,-0.001570,7.124733,7.124733,1.214337
4242.000000,479.041209,-17.257890,-0.001841,7.148016,7.148016,1.577037
4244.000000,481.005382,-16.871406,-0.002127,7.176428,7.176428,1.942570
4246.000000,482.970977,-16.492224,-0.003277,7.210838,7.210838,2.310165
4248.000000,484.938722,-16.124384,-0.004370,7.255575,7.255575,2.675609
4250.000000,486.910387,-15.778187,-0.003722,7.312385,7.312385,3.030715
4252.000000,488.884515,-15.446293,-0.002184,7.369735,7.369735,3.383229
4254.000000,490.860059,-15.122913,-0.002052,7.431068,7.431068,3.738490
4256.000000,492.836120,-14.802727,-0.004260,7.493875,7.493875,4.098592
4258.000000,494.814926,-14.500125,-0.007169,7.552211,7.552211,4.445573
4260.000000,496.797957,-14.226674,-0.009803,7.587649,7.587649,4.773362
4262.000000,498.785835,-13.991115,-0.011568,7.594688,7.594688,5.079375
4264.000000,500.779080,-13.806543,-0.011027,7.576019,7.576019,5.361381
4266.000000,502.775943,-13.666499,-0.008891,7.548413,7.548413,5.623641
4268.000000,504.775040,-13.562510,-0.006992,7.531700,7.531700,5.873396
4270.000000,506.775328,-13.484075,-0.006119,7.537986,7.537986,6.121975
4272.000000,508.776433,-13.430417,-0.006860,7.566537,7.566537,6.363170
4274.000000,510.778005,-13.399671,-0.010807,7.612911,7.612911,6.590711
4276.000000,512.779674,-13.408260,-0.016795,7.660967,7.660967,6.783638
4278.000000,514.779609,-13.488448,-0.020556,7.678612,7.678612,6.920263
4280.000000,516.774273,-13.655033,-0.020385,7.648191,7.648191,7.000907
4282.000000,518.760197,-13.905825,-0.017743,7.550959,7.550959,7.030685
4284.000000,520.735998,-14.226688,-0.014172,7.390826,7.390826,7.016135
4286.000000,522.701712,-14.604757,-0.010477,7.194086,7.194086,6.962132
4288.000000,524.659489,-15.022184,-0.007876,6.996973,6.996973,6.882018
4290.000000,526.610921,-15.468453,-0.005686,6.812794,6.812794,6.787803
4292.000000,528.556159,-15.941037,-0.003047,6.647261,6.647261,6.683370
4294.000000,530.499618,-16.420955,-0.002563,6.516743,6.516743,6.595877
4296.000000,532.441445,-16.907379,-0.004332,6.419206,6.419206,6.528523
4298.000000,534.378275,-17.413286,-0.005284,6.340308,6.340308,6.460928
4300.000000,536.309299,-17.940940,-0.006242,6.280496,6.280496,6.386053
4302.000000,538.235079,-18.487452,-0.009812,6.240400,6.240400,6.308269
4304.000000,540.149939,-19.070782,-0.013617,6.216190,6.216190,6.218176
4306.000000,542.046092,-19.712055,-0.013655,6.180132,6.180132,6.090746
4308.000000,543.922935,-20.408077,-0.011004,6.137622,6.137622,5.923062
4310.000000,545.784860,-21.143204,-0.008453,6.111456,6.111456,5.733942
4312.000000,547.633816,-21.910413,-0.006614,6.104219,6.104219,5.531527
4314.000000,549.473276,-22.700134,-0.005692,6.112098,6.112098,5.326323
4316.000000,551.303731,-23.510524,-0.006051,6.134975,6.134975,5.123416
4318.000000,553.125283,-24.340724,-0.007539,6.170944,6.170944,4.924393
4320.000000,554.933710,-25.199017,-0.007665,6.202679,6.202679,4.717839
4322.000000,556.725954,-26.090695,-0.005360,6.225839,6.225839,4.490939
4324.000000,558.510290,-26.998150,-0.003636,6.262364,6.262364,4.260978
4326.000000,560.288457,-27.917633,-0.003416,6.312917,6.312917,4.025027
4328.000000,562.060335,-28.849177,-0.003891,6.375490,6.375490,3.783066
4330.000000,563.825636,-29.793122,-0.004292,6.444637,6.444637,3.548305
4332.000000,565.581074,-30.755251,-0.002739,6.494381,6.494381,3.326585
4334.000000,567.330059,-31.729111,0.000639,6.530138,6.530138,3.130177
4336.000000,569.080773,-32.699858,0.002934,6.564000,6.564000,2.980323
4338.000000,570.839425,-33.656137,0.002354,6.582537,6.582537,2.891435
4340.000000,572.603059,-34.603211,0.000204,6.589380,6.589380,2.812949
4342.000000,574.366833,-35.550023,-0.000988,6.594834,6.594834,2.710716
4344.000000,576.126905,-36.503698,-0.000408,6.591913,6.591913,2.597583
4346.000000,577.886718,-37.457852,0.000334,6.586439,6.586439,2.491106
4348.000000,579.647651,-38.409940,-0.000631,6.581484,6.581484,2.394765
4350.000000,581.409155,-39.360969,-0.003127,6.576177,6.576177,2.308098
4352.000000,583.163522,-40.325040,-0.003489,6.554585,6.554585,2.217039
4354.000000,584.907412,-41.307997,-0.000773,6.510280,6.510280,2.109468
4356.000000,586.652351,-42.289086,0.002559,6.467407,6.467407,2.005242
4358.000000,588.399692,-43.265887,0.004852,6.428885,6.428885,1.906902
4360.000000,590.161004,-44.217228,0.003215,6.418772,6.418772,1.839369
4362.000000,591.929307,-45.155552,-0.000741,6.424106,6.424106,1.789132
4364.000000,593.694289,-46.100108,-0.003225,6.425857,6.425857,1.734320
4366.000000,595.453317,-47.055695,-0.002999,6.418886,6.418886,1.669572
4368.000000,597.202922,-48.028434,-0.000679,6.394487,6.394487,1.587785
4370.000000,598.954279,-48.998022,0.000401,6.374594,6.374594,1.511908
4372.000000,600.706349,-49.966322,0.000065,6.356965,6.356965,1.439904
4374.000000,602.458358,-50.934734,-0.000081,6.339893,6.339893,1.369719
4376.000000,604.210277,-51.903306,-0.000766,6.323079,6.323079,1.300909
4378.000000,605.961805,-52.872587,-0.001606,6.305897,6.305897,1.232281
4380.000000,607.708229,-53.851008,-0.000987,6.278495,6.278495,1.153864
4382.000000,609.452707,-54.832919,0.000105,6.247490,6.247490,1.071245
4384.000000,611.198479,-55.812528,0.000281,6.219631,6.219631,0.990748
4386.000000,612.944446,-56.791789,0.000180,6.192548,6.192548,0.910197
4388.000000,614.690933,-57.770125,0.000113,6.166710,6.166710,0.830990
4390.000000,616.437596,-58.748144,0.000003,6.142186,6.142186,0.753039
4392.000000,618.184271,-59.726142,-0.000053,6.117971,6.117971,0.675193
4394.000000,619.930771,-60.704452,-0.000002,6.093735,6.093735,0.595969
4396.000000,621.677192,-61.682904,0.000101,6.069997,6.069997,0.514595
4398.000000,623.423935,-62.660781,0.000112,6.047255,6.047255,0.432173
4400.000000,625.170902,-63.638259,0.000116,6.025390,6.025390,0.349058
4402.000000,626.917979,-64.615537,0.000233,6.003948,6.003948,0.265630
4404.000000,628.665515,-65.591997,0.000375,5.984092,5.984092,0.182948
4406.000000,630.413845,-66.567033,0.000525,5.966030,5.966030,0.101676
4408.000000,632.163056,-67.540488,0.000690,5.950026,5.950026,0.021835
4410.000000,633.913801,-68.511181,0.000841,5.937297,5.937297,-0.055538
4412.000000,635.665969,-69.479303,0.001304,5.928714,5.928714,-0.130798
4414.000000,637.420281,-70.443533,0.001946,5.919619,5.919619,-0.202453
4416.000000,639.178945,-71.399799,0.002179,5.902089,5.902089,-0.266239
4418.000000,640.941701,-72.348501,0.002216,5.876310,5.876310,-0.323302
4420.000000,642.708542,-73.289568,0.002250,5.847229,5.847229,-0.373696
4422.000000,644.479877,-74.222154,0.001832,5.821548,5.821548,-0.415316
4424.000000,646.255026,-75.147463,0.001101,5.799530,5.799530,-0.449305
4426.000000,648.031718,-76.069808,0.000724,5.776704,5.776704,-0.481550
4428.000000,649.809678,-76.989706,0.000840,5.752466,5.752466,-0.513423
4430.000000,651.588898,-77.907163,0.001395,5.727344,5.727344,-0.545557
4432.000000,653.370498,-78.819987,0.002044,5.703367,5.703367,-0.576273
4434.000000,655.156270,-79.724619,0.002120,5.683968,5.683968,-0.603509
4436.000000,656.946166,-80.621064,0.001591,5.671502,5.671502,-0.629626
4438.000000,658.738948,-81.511729,0.000961,5.664200,5.664200,-0.657727
4440.000000,660.533250,-82.399329,0.000723,5.659024,5.659024,-0.688967
4442.000000,662.328484,-83.285042,0.001047,5.655037,5.655037,-0.721843
4444.000000,664.125462,-84.167209,0.001710,5.654358,5.654358,-0.753227
4446.000000,665.925416,-85.043286,0.003154,5.659419,5.659419,-0.781082
4448.000000,667.729681,-85.910447,0.004398,5.671653,5.671653,-0.803928
4450.000000,669.544201,-86.755933,0.003515,5.680942,5.680942,-0.810036
4452.000000,671.364027,-87.589944,0.001956,5.686241,5.686241,-0.810017
4454.000000,673.186791,-88.417520,0.001204,5.689766,5.689766,-0.809481
4456.000000,675.011435,-89.240942,0.000911,5.692289,5.692289,-0.811617
4458.000000,676.837358,-90.061528,0.000975,5.694067,5.694067,-0.817597
4460.000000,678.664845,-90.878622,0.001520,5.694454,5.694454,-0.824121
4462.000000,680.494307,-91.691277,0.002121,5.696895,5.696895,-0.828486
4464.000000,682.328133,-92.494027,0.001760,5.708127,5.708127,-0.830920
4466.000000,684.164958,-93.289906,0.001409,5.725034,5.725034,-0.834308
4468.000000,686.002734,-94.083591,0.001960,5.742314,5.742314,-0.840662
4470.000000,687.844566,-94.867810,0.001933,5.749964,5.749964,-0.842855
4472.000000,689.689688,-95.644261,0.001197,5.750753,5.750753,-0.842867
4474.000000,691.536288,-96.417191,0.000794,5.749031,5.749031,-0.846636
4476.000000,693.384090,-97.187243,0.000663,5.745001,5.745001,-0.857925
4478.000000,695.232919,-97.954828,0.000675,5.739266,5.739266,-0.879903
4480.000000,697.082575,-98.720417,0.000951,5.733262,5.733262,-0.914604
4482.000000,698.933689,-99.482470,0.001218,5.727171,5.727171,-0.960108
4484.000000,700.786866,-100.239495,0.001214,5.724474,5.724474,-1.015840
4486.000000,702.641864,-100.992045,0.000989,5.725522,5.725522,-1.081494
4488.000000,704.498499,-101.740551,0.000662,5.729769,5.729769,-1.157231
4490.000000,706.355992,-102.486923,0.000488,5.735576,5.735576,-1.244946
4492.000000,708.214099,-103.231767,0.000683,5.742641,5.742641,-1.341870
4494.000000,710.073037,-103.974535,0.001200,5.751479,5.751479,-1.446774
4496.000000,711.933761,-104.712813,0.001561,5.764800,5.764800,-1.556725
4498.000000,713.797178,-105.444266,0.001537,5.785120,5.785120,-1.667282
4500.000000,715.662602,-106.170588,0.001511,5.809446,5.809446,-1.779815
4502.000000,717.530298,-106.891049,0.001742,5.836657,5.836657,-1.896374
4504.000000,719.400194,-107.605774,0.002209,5.863566,5.863566,-2.020312
4506.000000,721.273405,-108.311761,0.002737,5.890793,5.890793,-2.146976
4508.000000,723.150318,-109.007846,0.003258,5.921409,5.921409,-2.276234
4510.000000,725.031843,-109.691363,0.003714,5.956637,5.956637,-2.409008
4512.000000,726.918393,-110.360878,0.004286,5.998960,5.998960,-2.543176
4514.000000,728.810354,-111.014926,0.006379,6.044641,6.044641,-2.672890
4516.000000,730.709090,-111.649033,0.010196,6.090338,6.090338,-2.790363
4518.000000,732.621165,-112.241481,0.011717,6.119394,6.119394,-2.874321
4520.000000,734.548719,-112.781286,0.008939,6.115127,6.115127,-2.915609
4522.000000,736.485354,-113.288012,0.005491,6.098526,6.098526,-2.936336
4524.000000,738.426900,-113.775552,0.003274,6.080871,6.080871,-2.950886
4526.000000,740.371845,-114.249410,0.001718,6.059680,6.059680,-2.967436
4528.000000,742.317845,-114.718912,0.001220,6.039745,6.039745,-2.992749
4530.000000,744.264890,-115.184063,0.001396,6.020283,6.020283,-3.026691
4532.000000,746.213349,-115.643258,0.001284,6.003299,6.003299,-3.068893
4534.000000,748.163099,-116.096938,0.000784,5.988873,5.988873,-3.123174
4536.000000,750.113556,-116.547571,0.001885,5.975926,5.975926,-3.189197
4538.000000,752.064159,-116.997576,0.004615,5.965368,5.965368,-3.268129
4540.000000,754.020350,-117.422391,0.005374,5.932558,5.932558,-3.334752
4542.000000,755.981080,-117.825956,0.004666,5.888199,5.888199,-3.398777
4544.000000,757.945133,-118.212979,0.004527,5.841238,5.841238,-3.461977
4546.000000,759.912831,-118.581026,0.004099,5.795285,5.795285,-3.519636
4548.000000,761.883598,-118.932303,0.002936,5.755648,5.755648,-3.572827
4550.000000,763.856490,-119.271483,0.001763,5.724659,5.724659,-3.626181
4552.000000,765.830298,-119.605298,0.001554,5.696683,5.696683,-3.684930
4554.000000,767.804949,-119.934091,0.002680,5.671302,5.671302,-3.748602
4556.000000,769.781097,-120.253730,0.004861,5.653753,5.653753,-3.813588
4558.000000,771.760225,-120.554294,0.006296,5.651315,5.651315,-3.870105
4560.000000,773.743633,-120.825127,0.005252,5.663206,5.663206,-3.907270
4562.000000,775.729857,-121.074605,0.003178,5.670775,5.670775,-3.932584
4564.000000,777.717434,-121.313094,0.002092,5.671443,5.671443,-3.956839
4566.000000,779.705866,-121.544373,0.002149,5.668159,5.668159,-3.983991
4568.000000,781.695198,-121.767761,0.003133,5.661118,5.661118,-4.015134
4570.000000,783.685751,-121.979909,0.004214,5.652516,5.652516,-4.045744
4572.000000,785.678281,-122.172485,0.003846,5.643930,5.643930,-4.068579
4574.000000,787.672383,-122.348235,0.002383,5.633051,5.633051,-4.087207
4576.000000,789.667191,-122.515837,0.001359,5.619058,5.619058,-4.111735
4578.000000,791.662408,-122.678516,0.001074,5.601745,5.601745,-4.144704
4580.000000,793.657923,-122.837479,0.001351,5.583109,5.583109,-4.187673
4582.000000,795.653816,-122.991633,0.002255,5.564980,5.564980,-4.239775
4584.000000,797.650327,-123.137528,0.002993,5.551640,5.551640,-4.296507
4586.000000,799.647858,-123.268693,0.002489,5.546352,5.546352,-4.354226
4588.000000,801.646033,-123.389716,0.001697,5.545824,5.545824,-4.421274
4590.000000,803.644493,-123.505936,0.002609,5.544452,5.544452,-4.502912
4592.000000,805.643368,-123.614750,0.005217,5.544900,5.544900,-4.591191
4594.000000,807.643306,-123.701409,0.006430,5.562743,5.562743,-4.668465
4596.000000,809.644369,-123.756246,0.004397,5.605988,5.605988,-4.723706
4598.000000,811.645853,-123.793888,0.001972,5.661842,5.661842,-4.770474
4600.000000,813.647411,-123.827288,0.001499,5.716450,5.716450,-4.821042
4602.000000,815.649059,-123.854767,0.001758,5.769823,5.769823,-4.873425
4604.000000,817.650800,-123.874302,0.001757,5.822222,5.822222,-4.926832
4606.000000,819.652592,-123.887470,0.001691,5.871612,5.871612,-4.982100
4608.000000,821.654420,-123.893154,0.001717,5.915000,5.915000,-5.037368
4610.000000,823.656256,-123.893066,0.002366,5.953625,5.953625,-5.094551
4612.000000,825.658072,-123.884484,0.003451,5.986181,5.986181,-5.151186
4614.000000,827.659762,-123.860736,0.004100,6.011876,6.011876,-5.202017
4616.000000,829.661188,-123.820498,0.004863,6.029003,6.029003,-5.246280
4618.000000,831.662167,-123.762694,0.006670,6.031387,6.031387,-5.282017
4620.000000,833.662196,-123.678591,0.008654,6.017674,6.017674,-5.300868
4622.000000,835.660324,-123.557833,0.008634,6.005027,6.005027,-5.294001
4624.000000,837.655752,-123.398181,0.005987,5.994028,5.994028,-5.260257
4626.000000,839.649181,-123.214904,0.003561,5.979714,5.979714,-5.215489
4628.000000,841.641701,-123.022109,0.003027,5.959568,5.959568,-5.172810
4630.000000,843.632805,-122.815139,0.002683,5.929976,5.929976,-5.126790
4632.000000,845.622801,-122.597758,0.002071,5.897152,5.897152,-5.080087
4634.000000,847.611934,-122.372599,0.001596,5.861172,5.861172,-5.034486
4636.000000,849.600261,-122.140416,0.001040,5.819468,5.819468,-4.990907
4638.000000,851.588166,-121.904645,0.001070,5.774686,5.774686,-4.952644
4640.000000,853.575789,-121.666511,0.002311,5.728596,5.728596,-4.922690
4642.000000,855.562339,-121.419669,0.003636,5.688400,5.688400,-4.897680
4644.000000,857.546704,-121.155849,0.003100,5.663321,5.663321,-4.871730
4646.000000,859.529006,-120.876898,0.001332,5.652320,5.652320,-4.847735
4648.000000,861.511029,-120.595934,0.000765,5.642664,5.642664,-4.834477
4650.000000,863.492767,-120.312973,0.001700,5.634511,5.634511,-4.825346
4652.000000,865.473616,-120.023882,0.002618,5.632007,5.632007,-4.815984
4654.000000,867.452562,-119.722084,0.002196,5.642089,5.642089,-4.800404
4656.000000,869.429975,-119.410337,0.000940,5.662067,5.662067,-4.781880
4658.000000,871.407044,-119.096405,0.000612,5.684104,5.684104,-4.769069
4660.000000,873.384023,-118.781906,0.002177,5.706250,5.706250,-4.763541
4662.000000,875.359963,-118.461035,0.005329,5.731319,5.731319,-4.758803
4664.000000,877.332341,-118.119059,0.008253,5.767902,5.767902,-4.740469
4666.000000,879.298173,-117.741529,0.008537,5.818374,5.818374,-4.695197
4668.000000,881.256406,-117.326184,0.005956,5.879450,5.879450,-4.620604
4670.000000,883.209653,-116.887829,0.003168,5.945004,5.945004,-4.531209
4672.000000,885.160733,-116.439907,0.002029,6.007123,6.007123,-4.441335
4674.000000,887.110092,-115.984556,0.001402,6.066621,6.066621,-4.352226
4676.000000,889.057741,-115.521942,-0.000414,6.123622,6.123622,-4.263292
4678.000000,891.005404,-115.059399,-0.001985,6.172040,6.172040,-4.180741
4680.000000,892.956237,-114.610450,-0.000990,6.199537,6.199537,-4.117621
4682.000000,894.907936,-114.165225,0.001339,6.214513,6.214513,-4.064660
4684.000000,896.858345,-113.714412,0.002586,6.222455,6.222455,-4.012259
4686.000000,898.805596,-113.250149,0.002150,6.216071,6.216071,-3.950485
4688.000000,900.750962,-112.778025,0.001370,6.199786,6.199786,-3.884473
4690.000000,902.695269,-112.301557,0.001403,6.177838,6.177838,-3.819524
4692.000000,904.638393,-111.820292,0.002121,6.153086,6.153086,-3.755071
4694.000000,906.579543,-111.331129,0.002604,6.130386,6.130386,-3.688216
4696.000000,908.517529,-110.829584,0.001911,6.115363,6.115363,-3.615171
4698.000000,910.453488,-110.320254,0.000822,6.101366,6.101366,-3.539798
4700.000000,912.388996,-109.809214,0.000973,6.086423,6.086423,-3.468120
4702.000000,914.324095,-109.296631,0.002593,6.071597,6.071597,-3.400365
4704.000000,916.256437,-108.773778,0.003862,6.066452,6.066452,-3.326790
4706.000000,918.183797,-108.232897,0.003092,6.079571,6.079571,-3.238393
4708.000000,920.107384,-107.678677,0.001437,6.106518,6.106518,-3.139425
4710.000000,922.030100,-107.121438,0.000989,6.136200,6.136200,-3.041813
4712.000000,923.952010,-106.561423,0.001407,6.165256,6.165256,-2.945204
4714.000000,925.871967,-105.994761,0.000773,6.190228,6.190228,-2.844528
4716.000000,927.790277,-105.422536,-0.001407,6.210826,6.210826,-2.739379
4718.000000,929.710316,-104.856200,-0.002553,6.220114,6.220114,-2.640333
4720.000000,931.634855,-104.305307,-0.001280,6.210468,6.210468,-2.558955
4722.000000,933.560118,-103.756932,-0.000056,6.194663,6.194663,-2.482497
4724.000000,935.485159,-103.207776,0.000056,6.177407,6.177407,-2.407159
4726.000000,937.410174,-102.658528,0.000025,6.158479,6.158479,-2.333375
4728.000000,939.335216,-102.109378,0.000051,6.138326,6.138326,-2.261206
4730.000000,941.260120,-101.559743,0.000030,6.117947,6.117947,-2.190000
4732.000000,943.185048,-101.010192,0.000047,6.099365,6.099365,-2.120002
4734.000000,945.109933,-100.460489,0.000053,6.084668,6.084668,-2.050867
4736.000000,947.034675,-99.910287,-0.000050,6.073950,6.073950,-1.982052
4738.000000,948.959512,-99.360418,-0.000119,6.065339,6.065339,-1.914110
4740.000000,950.884520,-98.811147,-0.000099,6.057923,6.057923,-1.847037
4742.000000,952.809614,-98.262177,-0.000010,6.051691,6.051691,-1.780330
4744.000000,954.734801,-97.713535,0.000575,6.046487,6.046487,-1.713859
4746.000000,956.659760,-97.164094,0.001598,6.043002,6.043002,-1.646716
4748.000000,958.582529,-96.607059,0.001701,6.048106,6.048106,-1.572174
4750.000000,960.502784,-96.041401,0.000705,6.062738,6.062738,-1.489229
4752.000000,962.422643,-95.474396,0.000041,6.079171,6.079171,-1.405735
4754.000000,964.342641,-94.907858,0.000008,6.095463,6.095463,-1.323399
4756.000000,966.262572,-94.341096,0.000012,6.112239,6.112239,-1.241348
4758.000000,968.182463,-93.774199,-0.000068,6.129356,6.129356,-1.159697
4760.000000,970.102447,-93.207619,-0.000113,6.146437,6.146437,-1.079132
4762.000000,972.022595,-92.641591,-0.000081,6.163143,6.163143,-1.000225
4764.000000,973.942834,-92.075872,-0.000041,6.179752,6.179752,-0.923109
4766.000000,975.863096,-91.510234,-0.000033,6.196533,6.196533,-0.848075
4768.000000,977.783404,-90.944752,-0.000036,6.213309,6.213309,-0.775173
4770.000000,979.703744,-90.379377,-0.000092,6.230068,6.230068,-0.704238
4772.000000,981.624137,-89.814181,-0.000219,6.246992,6.246992,-0.635213
4774.000000,983.544807,-89.249928,0.000025,6.263133,6.263133,-0.568947
4776.000000,985.465861,-88.686985,0.000909,6.276621,6.276621,-0.505903
4778.000000,987.385753,-88.120097,0.001909,6.285141,6.285141,-0.441123
4780.000000,989.303447,-87.545820,0.002357,6.285742,6.285742,-0.371603
4782.000000,991.217938,-86.960950,0.002173,6.275331,6.275331,-0.295366
4784.000000,993.130094,-86.368498,0.001868,6.260434,6.260434,-0.215207
4786.000000,995.039899,-85.768506,0.001550,6.244224,6.244224,-0.130856
4788.000000,996.947834,-85.162589,0.001385,6.226515,6.226515,-0.043513
4790.000000,998.854396,-84.552363,0.001861,6.207187,6.207187,0.045466
4792.000000,1000.758825,-83.935530,0.002571,6.183467,6.183467,0.139725
4794.000000,1002.659705,-83.307847,0.002641,6.154388,6.154388,0.244340
4796.000000,1004.556970,-82.669315,0.001924,6.119277,6.119277,0.359158
4798.000000,1006.451659,-82.023167,0.001074,6.078641,6.078641,0.479031
4800.000000,1008.345273,-81.373876,0.000681,6.035685,6.035685,0.597884
4802.000000,1010.238067,-80.722198,0.000623,5.990316,5.990316,0.714326
4804.000000,1012.130031,-80.068113,0.000490,5.942727,5.942727,0.828801
4806.000000,1014.021217,-79.411782,-0.000102,5.892841,5.892841,0.941015
4808.000000,1015.912222,-78.754933,-0.001142,5.841772,5.841772,1.049039
4810.000000,1017.804897,-78.102916,-0.002055,5.794885,5.794885,1.146062
4812.000000,1019.700364,-77.459062,-0.002452,5.758206,5.758206,1.227973
4814.000000,1021.599203,-76.825225,-0.002085,5.730920,5.730920,1.292384
4816.000000,1023.501046,-76.200450,-0.001261,5.713401,5.713401,1.341173
4818.000000,1025.404058,-75.579241,-0.000800,5.701144,5.701144,1.380956
4820.000000,1027.308045,-74.961029,-0.000533,5.692444,5.692444,1.412981
4822.000000,1029.212885,-74.345451,0.000590,5.688611,5.688611,1.438104
4824.000000,1031.117680,-73.729740,0.002643,5.689247,5.689247,1.459452
4826.000000,1033.018756,-73.102669,0.003944,5.682367,5.682367,1.489099
4828.000000,1034.914010,-72.458234,0.003649,5.662606,5.662606,1.532792
4830.000000,1036.804517,-71.799961,0.003045,5.634480,5.634480,1.585442
4832.000000,1038.691402,-71.131383,0.002791,5.602243,5.602243,1.641406
4834.000000,1040.574136,-70.451195,0.002670,5.565776,5.565776,1.702462
4836.000000,1042.453737,-69.762404,0.003206,5.530043,5.530043,1.764314
4838.000000,1044.329120,-69.062209,0.004037,5.498299,5.498299,1.828698
4840.000000,1046.198155,-68.345253,0.003986,5.472943,5.472943,1.899871
4842.000000,1048.061139,-67.612724,0.002803,5.457809,5.457809,1.978392
4844.000000,1049.919500,-66.868516,0.002010,5.450860,5.450860,2.062316
4846.000000,1051.776706,-66.121428,0.003683,5.444217,5.444217,2.142549
4848.000000,1053.628840,-65.361879,0.005828,5.448661,5.448661,2.229221
4850.000000,1055.469761,-64.575562,0.005101,5.480896,5.480896,2.335912
4852.000000,1057.301967,-63.769129,0.002438,5.534311,5.534311,2.453845
4854.000000,1059.130581,-62.954559,0.000416,5.596027,5.596027,2.566479
4856.000000,1060.959450,-62.140559,-0.000159,5.656793,5.656793,2.661773
4858.000000,1062.788712,-61.327447,-0.000057,5.716303,5.716303,2.737858
4860.000000,1064.617965,-60.514312,-0.000041,5.775481,5.775481,2.797929
4862.000000,1066.447214,-59.701168,-0.000114,5.834679,5.834679,2.845613
4864.000000,1068.276750,-58.888670,0.000040,5.892908,5.892908,2.880807
4866.000000,1070.106459,-58.076562,0.000835,5.950271,5.950271,2.903098
4868.000000,1071.935273,-57.262447,0.001891,6.003692,6.003692,2.912175
4870.000000,1073.760237,-56.439738,0.002100,6.046851,6.046851,2.915687
4872.000000,1075.581363,-55.608574,0.001454,6.081701,6.081701,2.913609
4874.000000,1077.400133,-54.772255,0.000934,6.111468,6.111468,2.903921
4876.000000,1079.217780,-53.933499,0.001268,6.138854,6.138854,2.886669
4878.000000,1081.033773,-53.091173,0.002459,6.162539,6.162539,2.862837
4880.000000,1082.845632,-52.239992,0.003808,6.176576,6.176576,2.838864
4882.000000,1084.650636,-51.374422,0.003814,6.182722,6.182722,2.820199
4884.000000,1086.447183,-50.491397,0.002083,6.193061,6.193061,2.809996
4886.000000,1088.240903,-49.602623,0.000718,6.203112,6.203112,2.794941
4888.000000,1090.034099,-48.712791,0.000777,6.208188,6.208188,2.768963
4890.000000,1091.826075,-47.820504,0.001432,6.210468,6.210468,2.733981
4892.000000,1093.615458,-46.923033,0.002493,6.208350,6.208350,2.693615
4894.000000,1095.400958,-46.017865,0.003297,6.197768,6.197768,2.651960
4896.000000,1097.178737,-45.097631,0.002254,6.195730,6.195730,2.617456
4898.000000,1098.951731,-44.168198,0.000470,6.198676,6.198676,2.583911
4900.000000,1100.725440,-43.240130,-0.000003,6.197529,6.197529,2.539436
4902.000000,1102.499031,-42.311837,0.000245,6.194010,6.194010,2.484830
4904.000000,1104.272164,-41.382670,0.000934,6.189104,6.189104,2.420601
4906.000000,1106.044506,-40.451995,0.002504,6.184486,6.184486,2.348025
4908.000000,1107.811893,-39.511970,0.003408,6.186566,6.186566,2.277504
4910.000000,1109.571108,-38.556735,0.002554,6.190383,6.190383,2.215558
4912.000000,1111.325772,-37.593145,0.001639,6.183982,6.183982,2.153977
4914.000000,1113.078193,-36.625482,0.001372,6.173594,6.173594,2.087422
4916.000000,1114.827000,-35.651303,0.001114,6.165732,6.165732,2.016863
4918.000000,1116.574616,-34.674989,0.001368,6.156779,6.156779,1.936701
4920.000000,1118.319537,-33.693870,0.001605,6.149892,6.149892,1.849392
4922.000000,1120.060295,-32.705385,0.001488,6.148647,6.148647,1.757256
4924.000000,1121.799426,-31.714034,0.001844,6.148780,6.148780,1.653612
4926.000000,1123.534184,-30.715056,0.001699,6.156425,6.156425,1.540283
4928.000000,1125.264599,-29.708571,0.002581,6.171702,6.171702,1.417757
4930.000000,1126.994461,-28.701139,0.005263,6.183764,6.183764,1.279061
4932.000000,1128.708674,-27.667517,0.005366,6.201206,6.201206,1.155871
4934.000000,1130.411395,-26.614858,0.004430,6.211087,6.211087,1.044645
4936.000000,1132.108280,-25.552846,0.004071,6.207208,6.207208,0.936411
4938.000000,1133.790846,-24.468262,0.002295,6.223768,6.223768,0.848453
4940.000000,1135.472996,-23.383033,0.002095,6.234110,6.234110,0.754009
4942.000000,1137.150490,-22.290660,0.002656,6.247619,6.247619,0.659948
4944.000000,1138.819347,-21.185105,0.001785,6.271046,6.271046,0.573741
4946.000000,1140.486810,-20.077441,0.001715,6.289336,6.289336,0.482358
4948.000000,1142.149944,-18.963294,0.002157,6.297015,6.297015,0.390538
4950.000000,1143.807846,-17.841372,0.001956,6.301214,6.301214,0.299884
4952.000000,1145.461226,-16.712801,0.001366,6.307794,6.307794,0.208857
4954.000000,1147.111279,-15.579364,0.001036,6.316966,6.316966,0.116305
4956.000000,1148.760158,-14.444221,0.001553,6.325581,6.325581,0.019390
4958.000000,1150.405297,-13.303672,0.001669,6.337788,6.337788,-0.077650
4960.000000,1152.044911,-12.155186,0.000767,6.358138,6.358138,-0.172049
4962.000000,1153.684044,-11.006013,0.000598,6.378390,6.378390,-0.274272
4964.000000,1155.322630,-9.856061,0.001437,6.396789,6.396789,-0.385736
4966.000000,1156.957270,-8.700511,0.001654,6.409073,6.409073,-0.502033
4968.000000,1158.587058,-7.538123,0.001150,6.413467,6.413467,-0.625625
4970.000000,1160.215160,-6.373375,0.001088,6.417163,6.417163,-0.762353
4972.000000,1161.840789,-5.205181,0.001463,6.422590,6.422590,-0.909273
4974.000000,1163.462872,-4.032068,0.001728,6.431566,6.431566,-1.060334
4976.000000,1165.080795,-2.853225,0.001977,6.445163,6.445163,-1.209713
4978.000000,1166.694302,-1.668345,0.002067,6.464504,6.464504,-1.354732
4980.000000,1168.302075,-0.475695,0.001735,6.490453,6.490453,-1.493555
4982.000000,1169.906068,0.722034,0.001410,6.521269,6.521269,-1.630672
4984.000000,1171.506772,1.924156,0.001928,6.555162,6.555162,-1.768216
4986.000000,1173.104290,3.130508,0.002618,6.588326,6.588326,-1.907155
4988.000000,1174.692823,4.348660,0.002071,6.609258,6.609258,-2.039138
4990.000000,1176.277085,5.572370,0.001365,6.625609,6.625609,-2.173373
4992.000000,1177.858684,6.799517,0.001343,6.641333,6.641333,-2.312446
4994.000000,1179.436494,8.031534,0.001238,6.659217,6.659217,-2.455902
4996.000000,1181.011320,9.267363,0.000941,6.678760,6.678760,-2.605582
4998.000000,1182.583678,10.506332,0.000826,6.698467,6.698467,-2.759386
5000.000000,1184.154641,11.747069,0.001313,6.718264,6.718264,-2.916968
5002.000000,1185.722656,12.991528,0.002004,6.735630,6.735630,-3.076535
5004.000000,1187.284867,14.243251,0.001866,6.744830,6.744830,-3.234964
5006.000000,1188.841579,15.501821,0.001065,6.746701,6.746701,-3.394515
5008.000000,1190.396378,16.762755,0.000575,6.746640,6.746640,-3.560639
5010.000000,1191.949790,18.025397,0.000536,6.744832,6.744832,-3.734322
5012.000000,1193.502082,19.289416,0.000750,6.741941,6.741941,-3.916218
5014.000000,1195.052581,20.555633,0.001075,6.738892,6.738892,-4.105199
5016.000000,1196.600179,21.825392,0.001300,6.738477,6.738477,-4.300120
5018.000000,1198.144449,23.099197,0.001637,6.742505,6.742505,-4.500560
5020.000000,1199.685036,24.377455,0.002314,6.748551,6.748551,-4.706183
5022.000000,1201.219576,25.662959,0.002497,6.748203,6.748203,-4.913795
5024.000000,1202.746099,26.957979,0.001891,6.737786,6.737786,-5.118984
5026.000000,1204.268929,28.257339,0.001575,6.726981,6.726981,-5.326582
5028.000000,1205.787550,29.561615,0.001457,6.719893,6.719893,-5.533416
5030.000000,1207.301860,30.870895,0.001182,6.715735,6.715735,-5.739349
5032.000000,1208.813765,32.182953,0.001720,6.713541,6.713541,-5.946628
5034.000000,1210.322395,33.498774,0.003748,6.707568,6.707568,-6.151147
5036.000000,1211.821813,34.825022,0.005511,6.698457,6.698457,-6.339549
5038.000000,1213.303040,36.171583,0.004855,6.700061,6.700061,-6.501259
5040.000000,1214.770828,37.532795,0.002924,6.717175,6.717175,-6.645868
5042.000000,1216.231266,38.901907,0.002164,6.741341,6.741341,-6.781969
5044.000000,1217.688005,40.274953,0.002874,6.766065,6.766065,-6.912479
5046.000000,1219.135724,41.657503,0.003445,6.782335,6.782335,-7.029017
5048.000000,1220.573409,43.050469,0.002901,6.788549,6.788549,-7.131257
5050.000000,1222.001888,44.452893,0.001775,6.784535,6.784535,-7.221638
5052.000000,1223.426413,45.859335,0.001039,6.776619,6.776619,-7.307222
5054.000000,1224.848146,47.268600,0.000840,6.765504,6.765504,-7.388677
5056.000000,1226.267707,48.680053,0.000731,6.752024,6.752024,-7.465927
5058.000000,1227.684918,50.093866,0.000513,6.735297,6.735297,-7.538127
5060.000000,1229.100733,51.509077,0.000577,6.717070,6.717070,-7.606343
5062.000000,1230.515885,52.924950,0.001769,6.697337,6.697337,-7.671218
5064.000000,1231.927209,54.344636,0.003543,6.681376,6.681376,-7.727662
5066.000000,1233.326693,55.775984,0.003687,6.680841,6.680841,-7.765142
5068.000000,1234.713153,57.219963,0.002156,6.697940,6.697940,-7.783169
5070.000000,1236.095139,58.668226,0.001517,6.720419,6.720419,-7.793893
5072.000000,1237.474203,60.119270,0.002086,6.741306,6.741306,-7.799667
5074.000000,1238.845957,61.577218,0.002056,6.754861,6.754861,-7.795016
5076.000000,1240.210936,63.041520,0.001283,6.761437,6.761437,-7.781115
5078.000000,1241.572752,64.508765,0.000721,6.765519,6.765519,-7.763238
5080.000000,1242.932640,65.977799,0.000600,6.767855,6.767855,-7.743306
5082.000000,1244.291080,67.448171,0.000663,6.768636,6.768636,-7.722012
5084.000000,1245.647285,68.920604,0.000613,6.766930,6.766930,-7.698457
5086.000000,1247.001601,70.394776,0.000445,6.762889,6.762889,-7.673577
5088.000000,1248.354699,71.870065,0.000545,6.757932,6.757932,-7.649376
5090.000000,1249.706863,73.346211,0.001720,6.752321,6.752321,-7.627535
5092.000000,1251.055672,74.825418,0.003450,6.750137,6.750137,-7.605748
5094.000000,1252.391700,76.316159,0.003473,6.764415,6.764415,-7.571113
5096.000000,1253.715538,77.817756,0.001816,6.794279,6.794279,-7.521439
5098.000000,1255.035018,79.323188,0.000595,6.830100,6.830100,-7.465593
5100.000000,1256.353609,80.829399,0.000507,6.867143,6.867143,-7.410652
5102.000000,1257.671176,82.336507,0.001349,6.905821,6.905821,-7.360226
5104.000000,1258.985560,83.846385,0.002382,6.943520,6.943520,-7.313860
5106.000000,1260.291003,85.363998,0.002551,6.969845,6.969845,-7.260820
5108.000000,1261.588615,86.888316,0.001896,6.985274,6.985274,-7.201882
5110.000000,1262.879778,88.418103,0.001072,6.992169,6.992169,-7.140227
5112.000000,1264.168510,89.949940,0.000691,6.995650,6.995650,-7.081555
5114.000000,1265.455432,91.483297,0.000740,6.996403,6.996403,-7.027718
5116.000000,1266.739932,93.018684,0.000771,6.993995,6.993995,-6.980057
5118.000000,1268.021989,94.556111,0.000639,6.988165,6.988165,-6.939445
5120.000000,1269.301866,96.095354,0.000397,6.979575,6.979575,-6.905744
5122.000000,1270.580684,97.635477,0.000237,6.969612,6.969612,-6.879758
5124.000000,1271.858913,99.176089,0.000180,6.958816,6.958816,-6.861779
5126.000000,1273.136450,100.717274,0.000144,6.947134,6.947134,-6.852441
5128.000000,1274.413740,102.258665,0.000682,6.935019,6.935019,-6.853226
5130.000000,1275.690440,103.800544,0.002258,6.923028,6.923028,-6.862224
5132.000000,1276.960121,105.348190,0.003466,6.910077,6.910077,-6.868816
5134.000000,1278.216409,106.906733,0.002720,6.896050,6.896050,-6.863158
5136.000000,1279.463382,108.472749,0.001378,6.880555,6.880555,-6.850181
5138.000000,1280.708433,110.040295,0.002190,6.862804,6.862804,-6.838825
5140.000000,1281.949375,111.611090,0.004358,6.847713,6.847713,-6.826351
5142.000000,1283.172819,113.195512,0.003918,6.852086,6.852086,-6.796421
5144.000000,1284.380188,114.792257,0.001267,6.874131,6.874131,-6.749774
5146.000000,1285.587467,116.389075,0.000031,6.894806,6.894806,-6.706531
5148.000000,1286.794890,117.985786,0.000097,6.914182,6.914182,-6.667239
5150.000000,1288.001718,119.582946,0.000113,6.933625,6.933625,-6.630794
5152.000000,1289.208354,121.180251,0.000133,6.952823,6.952823,-6.597841
5154.000000,1290.414522,122.777910,0.000547,6.972229,6.972229,-6.567727
5156.000000,1291.620114,124.376003,0.001745,6.991948,6.991948,-6.539934
5158.000000,1292.820316,125.978145,0.002836,7.008735,7.008735,-6.508430
5160.000000,1294.009468,127.588498,0.002444,7.017030,7.017030,-6.466199
5162.000000,1295.189610,129.205475,0.001563,7.015330,7.015330,-6.415062
5164.000000,1296.367288,130.824249,0.002068,7.010214,7.010214,-6.363886
5166.000000,1297.538666,132.447583,0.003029,7.010935,7.010935,-6.309693
5168.000000,1298.698206,134.079379,0.002537,7.023086,7.023086,-6.244860
5170.000000,1299.848225,135.717916,0.001215,7.043966,7.043966,-6.171204
5172.000000,1300.995964,137.358053,0.000523,7.066392,7.066392,-6.097822
5174.000000,1302.141869,138.999472,0.000345,7.089291,7.089291,-6.025713
5176.000000,1303.286850,140.641536,0.000241,7.113261,7.113261,-5.955260
5178.000000,1304.430979,142.284193,0.000169,7.137913,7.137913,-5.886243
5180.000000,1305.574562,143.927231,0.000075,7.163253,7.163253,-5.818824
5182.000000,1306.717872,145.570458,0.000003,7.188968,7.188968,-5.752331
5184.000000,1307.861291,147.213610,-0.000016,7.214955,7.214955,-5.685716
5186.000000,1309.004731,148.856747,-0.000055,7.241383,7.241383,-5.618428
5188.000000,1310.148233,150.499841,-0.000130,7.267956,7.267956,-5.550606
5190.000000,1311.292318,152.142528,-0.000133,7.294332,7.294332,-5.483044
5192.000000,1312.436886,153.784880,-0.000076,7.320216,7.320216,-5.415924
5194.000000,1313.581659,155.427089,-0.000034,7.345925,7.345925,-5.349127
5196.000000,1314.726536,157.069225,-0.000027,7.371435,7.371435,-5.282793
5198.000000,1315.871452,158.711334,-0.000019,7.396959,7.396959,-5.217202
5200.000000,1317.016542,160.353321,0.000004,7.422265,7.422265,-5.152158
5202.000000,1318.161489,161.995408,-0.000025,7.447725,7.447725,-5.086504
5204.000000,1319.306499,163.637452,0.000152,7.473025,7.473025,-5.020424
5206.000000,1320.451860,165.279251,0.000866,7.498181,7.498181,-4.954362
5208.000000,1321.594452,166.922972,0.001518,7.526332,7.526332,-4.884796
5210.000000,1322.730825,168.571003,0.001508,7.561952,7.561952,-4.806739
5212.000000,1323.862399,170.222332,0.000998,7.603561,7.603561,-4.721441
5214.000000,1324.989885,171.876458,0.000444,7.649541,7.649541,-4.629753
5216.000000,1326.117150,173.530733,0.000202,7.696013,7.696013,-4.538333
5218.000000,1327.243074,175.185922,-0.000157,7.743883,7.743883,-4.447266
5220.000000,1328.369229,176.840953,-0.000675,7.791573,7.791573,-4.358302
5222.000000,1329.498342,178.493966,-0.000723,7.835771,7.835771,-4.273996
5224.000000,1330.630244,180.145073,-0.000685,7.877082,7.877082,-4.193928
5226.000000,1331.763183,181.795468,-0.001601,7.917543,7.917543,-4.115483
5228.000000,1332.900304,183.442974,-0.002363,7.953101,7.953101,-4.041562
5230.000000,1334.049114,185.082352,-0.001415,7.974538,7.974538,-3.981829
5232.000000,1335.201466,186.719251,-0.000273,7.991793,7.991793,-3.926565
5234.000000,1336.353648,188.356270,0.000401,8.009811,8.009811,-3.870429
5236.000000,1337.506213,189.993019,0.001590,8.027310,8.027310,-3.813909
5238.000000,1338.652911,191.633878,0.001921,8.052172,8.052172,-3.749230
5240.000000,1339.790065,193.281371,0.000721,8.089021,8.089021,-3.670341
5242.000000,1340.926901,194.929084,-0.000020,8.126500,8.126500,-3.589135
5244.000000,1342.064422,196.576324,0.000113,8.163465,8.163465,-3.509033
5246.000000,1343.201157,198.224107,0.000192,8.200115,8.200115,-3.429779
5248.000000,1344.337289,199.872305,0.000164,8.236810,8.236810,-3.350654
5250.000000,1345.472875,201.520880,0.000222,8.273838,8.273838,-3.271585
5252.000000,1346.607993,203.169777,0.000452,8.310948,8.310948,-3.192797
5254.000000,1347.741656,204.819675,0.000658,8.349656,8.349656,-3.113581
5256.000000,1348.872723,206.471353,0.000569,8.391970,8.391970,-3.032712
5258.000000,1350.001733,208.124437,0.000265,8.437176,8.437176,-2.951070
5260.000000,1351.129932,209.778076,0.000120,8.483884,8.483884,-2.870184
5262.000000,1352.258299,211.431601,0.000253,8.531032,8.531032,-2.790271
5264.000000,1353.385547,213.085888,0.000419,8.579781,8.579781,-2.708746
5266.000000,1354.511507,214.741052,0.000432,8.630204,8.630204,-2.623651
5268.000000,1355.635604,216.397481,0.000222,8.682427,8.682427,-2.533043
5270.000000,1356.758987,218.054396,-0.000017,8.736091,8.736091,-2.437123
5272.000000,1357.882714,219.711077,0.000393,8.791512,8.791512,-2.336048
5274.000000,1359.006686,221.367591,0.001683,8.851467,8.851467,-2.230661
5276.000000,1360.124597,223.028195,0.001918,8.912542,8.912542,-2.116280
5278.000000,1361.231996,224.695835,0.000203,8.947560,8.947560,-1.997587
5280.000000,1362.340954,226.362436,0.000278,8.975371,8.975371,-1.898422
5282.000000,1363.454614,228.025899,0.003439,9.004172,9.004172,-1.837921
5284.000000,1364.553559,229.699090,0.005942,9.031784,9.031784,-1.799002
5286.000000,1365.631112,231.386148,0.007329,9.064155,9.064155,-1.805181
5288.000000,1366.686123,233.087365,0.010844,9.113885,9.113885,-1.875824
5290.000000,1367.707998,234.808668,0.015427,9.176477,9.176477,-2.013300
5292.000000,1368.669303,236.564431,0.017119,9.231908,9.231908,-2.200548
5294.000000,1369.569371,238.352265,0.016183,9.282797,9.282797,-2.405397
5296.000000,1370.409664,240.169037,0.015104,9.331255,9.331255,-2.618722
5298.000000,1371.197545,242.009209,0.014184,9.375182,9.375182,-2.853056
5300.000000,1371.929123,243.872504,0.012680,9.418768,9.418768,-3.145408
5302.000000,1372.615619,245.752856,0.012307,9.471585,9.471585,-3.505309
5304.000000,1373.258753,247.648470,0.014915,9.538630,9.538630,-3.920253
5306.000000,1373.847518,249.561594,0.020393,9.612592,9.612592,-4.384227
5308.000000,1374.360494,251.496412,0.025999,9.687984,9.687984,-4.892447
5310.000000,1374.764408,253.456777,0.029350,9.756650,9.756650,-5.406882
5312.000000,1375.056269,255.436646,0.032571,9.802578,9.802578,-5.867252
5314.000000,1375.218219,257.430908,0.036610,9.804383,9.804383,-6.243379
5316.000000,1375.233874,259.431681,0.040481,9.752316,9.752316,-6.530591
5318.000000,1375.087096,261.426950,0.041588,9.644452,9.644452,-6.724469
5320.000000,1374.764976,263.401939,0.036102,9.468539,9.468539,-6.831771
5322.000000,1374.295487,265.347660,0.026675,9.265627,9.265627,-6.905152
5324.000000,1373.728206,267.267185,0.020139,9.069309,9.069309,-6.983652
5326.000000,1373.089697,269.164236,0.019225,8.906308,8.906308,-7.100834
5328.000000,1372.383314,271.036987,0.021948,8.777528,8.777528,-7.260017
5330.000000,1371.594250,272.876284,0.024450,8.666420,8.666420,-7.425024
5332.000000,1370.713225,274.673408,0.026599,8.564975,8.564975,-7.563206
5334.000000,1369.743302,276.424342,0.029332,8.471592,8.471592,-7.660567
5336.000000,1368.666343,278.111360,0.027750,8.370598,8.370598,-7.695626
5338.000000,1367.489786,279.730625,0.021960,8.243493,8.243493,-7.679422
5340.000000,1366.250201,281.302217,0.018833,8.094093,8.094093,-7.668703
5342.000000,1364.953890,282.827269,0.019208,7.949459,7.949459,-7.682036
5344.000000,1363.600569,284.302040,0.022897,7.818743,7.818743,-7.717579
5346.000000,1362.187678,285.719883,0.030798,7.690916,7.690916,-7.762146
5348.000000,1360.688544,287.045729,0.036707,7.542668,7.542668,-7.788062
5350.000000,1359.089252,288.248351,0.034514,7.367750,7.367750,-7.768278
5352.000000,1357.407323,289.332837,0.028317,7.166139,7.166139,-7.699377
5354.000000,1355.670383,290.327183,0.025163,6.976623,6.976623,-7.600001
5356.000000,1353.886843,291.235043,0.025147,6.837136,6.837136,-7.459735
5358.000000,1352.059651,292.051783,0.026721,6.748728,6.748728,-7.274480
5360.000000,1350.192936,292.773901,0.029747,6.698207,6.698207,-7.063468
5362.000000,1348.285754,293.380933,0.031331,6.672952,6.672952,-6.831088
5364.000000,1346.343267,293.862786,0.028782,6.661465,6.661465,-6.569072
5366.000000,1344.375555,294.227517,0.021327,6.654871,6.654871,-6.267074
5368.000000,1342.392810,294.502132,0.015857,6.623772,6.623772,-5.936667
5370.000000,1340.404932,294.737925,0.020346,6.521625,6.521625,-5.642240
5372.000000,1338.409175,294.889628,0.024520,6.386379,6.386379,-5.344840
5374.000000,1336.407814,294.923494,0.020931,6.216006,6.216006,-4.995171
5376.000000,1334.406533,294.884865,0.017807,6.037384,6.037384,-4.636571
5378.000000,1332.407992,294.773828,0.016080,5.879081,5.879081,-4.301347
5380.000000,1330.414251,294.595007,0.013958,5.765800,5.765800,-3.994265
5382.000000,1328.425521,294.367114,0.014386,5.709441,5.709441,-3.695496
5384.000000,1326.444191,294.082602,0.014379,5.678560,5.678560,-3.390689
5386.000000,1324.473461,293.731907,0.010698,5.644638,5.644638,-3.068013
5388.000000,1322.509870,293.342577,0.007286,5.641625,5.641625,-2.758491
5390.000000,1320.551472,292.927913,0.006833,5.674384,5.674384,-2.479322
5392.000000,1318.598582,292.488065,0.006956,5.728835,5.728835,-2.232103
5394.000000,1316.653008,292.016954,0.002942,5.795679,5.795679,-2.013637
5396.000000,1314.712572,291.524966,-0.003234,5.825999,5.825999,-1.818157
5398.000000,1312.765534,291.060135,-0.004297,5.819844,5.819844,-1.685227
5400.000000,1310.814443,290.612261,-0.001798,5.813220,5.813220,-1.600936
5402.000000,1308.862003,290.170297,0.000141,5.820610,5.820610,-1.541437
5404.000000,1306.909726,289.727614,0.001831,5.828328,5.828328,-1.489745
5406.000000,1304.958978,289.278255,0.002323,5.830180,5.830180,-1.438090
5408.000000,1303.011630,288.814366,0.000954,5.819199,5.819199,-1.382353
5410.000000,1301.064408,288.349955,-0.000055,5.811903,5.811903,-1.337849
5412.000000,1299.117021,287.886231,-0.000020,5.806470,5.806470,-1.304390
5414.000000,1297.169634,287.422509,0.000258,5.801451,5.801451,-1.278665
5416.000000,1295.222336,286.958414,0.000673,5.797283,5.797283,-1.255135
5418.000000,1293.275822,286.491045,0.000691,5.796486,5.796486,-1.227170
5420.000000,1291.330167,286.020111,0.000279,5.799505,5.799505,-1.193283
5422.000000,1289.384599,285.548813,0.000034,5.803023,5.803023,-1.156586
5424.000000,1287.439047,285.077455,0.000016,5.806901,5.806901,-1.117785
5426.000000,1285.493506,284.606046,0.000011,5.811041,5.811041,-1.076814
5428.000000,1283.547986,284.134553,-0.000008,5.815337,5.815337,-1.033305
5430.000000,1281.602455,283.663103,-0.000037,5.819989,5.819989,-0.987366
5432.000000,1279.656897,283.191768,-0.000156,5.824805,5.824805,-0.939957
5434.000000,1277.711266,282.720734,-0.000440,5.829579,5.829579,-0.892908
5436.000000,1275.765219,282.251421,-0.000577,5.832735,5.832735,-0.849550
5438.000000,1273.818424,281.785220,-0.000383,5.832887,5.832887,-0.810572
5440.000000,1271.871377,281.320072,-0.000191,5.832282,5.832282,-0.772483
5442.000000,1269.924152,280.855671,-0.000130,5.831062,5.831062,-0.734034
5444.000000,1267.976823,280.391708,-0.000103,5.829632,5.829632,-0.694861
5446.000000,1266.029395,279.928154,-0.000084,5.828043,5.828043,-0.654859
5448.000000,1264.081884,279.464954,-0.000058,5.826334,5.826334,-0.614163
5450.000000,1262.134326,279.001952,-0.000047,5.824558,5.824558,-0.573167
5452.000000,1260.186730,278.539110,-0.000045,5.822936,5.822936,-0.532899
5454.000000,1258.239081,278.076489,-0.000043,5.821363,5.821363,-0.493709
5456.000000,1256.291407,277.613974,-0.000103,5.819879,5.819879,-0.455019
5458.000000,1254.343677,277.151695,-0.000403,5.818747,5.818747,-0.415960
5460.000000,1252.395704,276.690441,-0.001052,5.817775,5.817775,-0.376424
5462.000000,1250.446787,276.233195,-0.001247,5.813974,5.813974,-0.338489
5464.000000,1248.496153,275.783327,-0.000622,5.803781,5.803781,-0.303614
5466.000000,1246.545358,275.334157,-0.000216,5.793274,5.793274,-0.264324
5468.000000,1244.594349,274.885919,-0.000234,5.782127,5.782127,-0.220121
5470.000000,1242.643154,274.438491,-0.000312,5.770332,5.770332,-0.170253
5472.000000,1240.691706,273.992167,-0.000404,5.758070,5.758070,-0.115208
5474.000000,1238.739836,273.547692,-0.000397,5.746808,5.746808,-0.056621
5476.000000,1236.787622,273.104730,-0.000324,5.736268,5.736268,0.005513
5478.000000,1234.835107,272.663099,-0.000271,5.726501,5.726501,0.070852
5480.000000,1232.882390,272.222359,-0.000289,5.717168,5.717168,0.138972
5482.000000,1230.929419,271.782750,-0.000473,5.707892,5.707892,0.208122
5484.000000,1228.976141,271.344505,-0.000747,5.698076,5.698076,0.277378
5486.000000,1227.022072,270.909802,-0.000771,5.690186,5.690186,0.344045
5488.000000,1225.067284,270.478343,-0.000575,5.684117,5.684117,0.407748
5490.000000,1223.112047,270.048919,-0.000425,5.679340,5.679340,0.468140
5492.000000,1221.156443,269.621174,-0.000335,5.675618,5.675618,0.521328
5494.000000,1219.200562,269.194697,-0.000328,5.672370,5.672370,0.564875
5496.000000,1217.244457,268.769245,-0.000585,5.669072,5.669072,0.600412
5498.000000,1215.287957,268.345617,-0.001026,5.665383,5.665383,0.630070
5500.000000,1213.330491,267.926478,-0.001251,5.659629,5.659629,0.652523
5502.000000,1211.371902,267.512620,-0.001074,5.652782,5.652782,0.667944
5504.000000,1209.412353,267.103329,-0.000737,5.648460,5.648460,0.677194
5506.000000,1207.452297,266.696471,-0.000532,5.645449,5.645449,0.682323
5508.000000,1205.491798,266.291749,-0.000425,5.642900,5.642900,0.683490
5510.000000,1203.530960,265.888679,-0.000330,5.640975,5.640975,0.681448
5512.000000,1201.569867,265.486846,-0.000283,5.639456,5.639456,0.676593
5514.000000,1199.608558,265.086069,-0.000237,5.637920,5.637920,0.669065
5516.000000,1197.647025,264.686394,-0.000186,5.637291,5.637291,0.658959
5518.000000,1195.685395,264.287190,-0.000247,5.636939,5.636939,0.647523
5520.000000,1193.723588,263.888859,-0.000394,5.637157,5.637157,0.634934
5522.000000,1191.761443,263.492197,-0.000466,5.639015,5.639015,0.620232
5524.000000,1189.798899,263.097517,-0.000402,5.642902,5.642902,0.601528
5526.000000,1187.836014,262.704533,-0.000289,5.648506,5.648506,0.578043
5528.000000,1185.872939,262.312495,-0.000210,5.654986,5.654986,0.550119
5530.000000,1183.909674,261.921415,-0.000141,5.662458,5.662458,0.516962
5532.000000,1181.946320,261.530780,-0.000118,5.670348,5.670348,0.480129
5534.000000,1179.982894,261.140507,0.000056,5.678599,5.678599,0.440280
5536.000000,1178.019332,260.750921,0.000623,5.687522,5.687522,0.397610
5538.000000,1176.056292,260.358717,0.001209,5.693828,5.693828,0.355965
5540.000000,1174.094307,259.961270,0.001395,5.694730,5.694730,0.318412
5542.000000,1172.133523,259.557939,0.001136,5.689699,5.689699,0.285717
5544.000000,1170.173751,259.149717,0.000722,5.679417,5.679417,0.256628
5546.000000,1168.214430,258.739332,0.000523,5.667117,5.667117,0.228444
5548.000000,1166.255552,258.326840,0.000461,5.652652,5.652652,0.201492
5550.000000,1164.297058,257.912526,0.000382,5.636289,5.636289,0.176349
5552.000000,1162.338878,257.496732,0.000307,5.618409,5.618409,0.153433
5554.000000,1160.380955,257.079728,0.000240,5.599256,5.599256,0.132600
5556.000000,1158.423228,256.661803,0.000043,5.579334,5.579334,0.113388
5558.000000,1156.465655,256.243160,-0.000472,5.558619,5.558619,0.095512
5560.000000,1154.507724,255.826199,-0.000911,5.539659,5.539659,0.076755
5562.000000,1152.548785,255.413998,-0.000807,5.525547,5.525547,0.054022
5564.000000,1150.589197,255.004889,-0.000494,5.514546,5.514546,0.028449
5566.000000,1148.629252,254.597496,-0.000313,5.505305,5.505305,0.000990
5568.000000,1146.669052,254.191329,-0.000200,5.497582,5.497582,-0.027940
5570.000000,1144.708699,253.785904,-0.000073,5.491369,5.491369,-0.057844
5572.000000,1142.748259,253.380901,0.000052,5.487028,5.487028,-0.088448
5574.000000,1140.787909,252.975457,0.000089,5.484933,5.484933,-0.118924
5576.000000,1138.827632,252.569664,0.000073,5.484976,5.484976,-0.149482
5578.000000,1136.867407,252.163621,0.000061,5.486609,5.486609,-0.180327
5580.000000,1134.907242,251.757285,0.000052,5.489348,5.489348,-0.211344
5582.000000,1132.947102,251.350833,0.000058,5.493025,5.493025,-0.242887
5584.000000,1130.987022,250.944087,0.000047,5.497667,5.497667,-0.274744
5586.000000,1129.026985,250.537135,0.000027,5.502967,5.502967,-0.306099
5588.000000,1127.066954,250.130155,0.000022,5.508787,5.508787,-0.336295
5590.000000,1125.106957,249.723012,0.000006,5.515281,5.515281,-0.364587
5592.000000,1123.146958,249.315880,-0.000005,5.522192,5.522192,-0.392149
5594.000000,1121.186947,248.908801,-0.000005,5.529379,5.529379,-0.420332
5596.000000,1119.226944,248.501686,-0.000043,5.537045,5.537045,-0.450136
5598.000000,1117.266922,248.094662,-0.000126,5.544932,5.544932,-0.481210
5600.000000,1115.306792,247.688161,-0.000181,5.552463,5.552463,-0.513480
5602.000000,1113.346488,247.282498,-0.000156,5.559451,5.559451,-0.547024
5604.000000,1111.386050,246.877481,-0.000100,5.566481,5.566481,-0.581389
5606.000000,1109.425547,246.472781,-0.000086,5.573291,5.573291,-0.615996
5608.000000,1107.464985,246.068368,-0.000092,5.579793,5.579793,-0.650656
5610.000000,1105.504328,245.664416,-0.000071,5.586074,5.586074,-0.685418
5612.000000,1103.543622,245.260699,-0.000052,5.592266,5.592266,-0.719914
5614.000000,1101.582879,244.857165,-0.000056,5.598323,5.598323,-0.753823
5616.000000,1099.622089,244.453854,-0.000050,5.604250,5.604250,-0.787189
5618.000000,1097.661249,244.050791,-0.000032,5.610010,5.610010,-0.820477
5620.000000,1095.700394,243.647801,-0.000031,5.615707,5.615707,-0.854086
5622.000000,1093.739517,243.244917,-0.000037,5.621426,5.621426,-0.888595
5624.000000,1091.778599,242.842234,-0.000030,5.627216,5.627216,-0.924758
5626.000000,1089.817666,242.439620,-0.000027,5.633079,5.633079,-0.963171
5628.000000,1087.856708,242.037133,-0.000025,5.639057,5.639057,-1.003917
5630.000000,1085.895727,241.634752,-0.000042,5.645216,5.645216,-1.046849
5632.000000,1083.934735,241.232429,-0.000059,5.651500,5.651500,-1.091624
5634.000000,1081.973654,240.830541,-0.000041,5.658117,5.658117,-1.138353
5636.000000,1080.012572,240.428653,-0.000041,5.664904,5.664904,-1.186155
5638.000000,1078.051448,240.026973,-0.000044,5.671941,5.671941,-1.235215
5640.000000,1076.090278,239.625517,0.000117,5.679161,5.679161,-1.285121
5642.000000,1074.129102,239.224090,0.000730,5.686527,5.686527,-1.335121
5644.000000,1072.168362,238.820546,0.001753,5.696446,5.696446,-1.382828
5646.000000,1070.209132,238.409750,0.002379,5.713847,5.713847,-1.422881
5648.000000,1068.252215,237.988079,0.002129,5.742518,5.742518,-1.451424
5650.000000,1066.297099,237.558114,0.001529,5.779818,5.779818,-1.470807
5652.000000,1064.343286,237.122261,0.001082,5.823145,5.823145,-1.483019
5654.000000,1062.390338,236.682549,0.000861,5.870541,5.870541,-1.490002
5656.000000,1060.438139,236.239522,0.000774,5.921195,5.921195,-1.492206
5658.000000,1058.486617,235.793525,0.000594,5.974773,5.974773,-1.489883
5660.000000,1056.535745,235.344691,-0.000130,6.030862,6.030862,-1.482986
5662.000000,1054.585019,234.895223,-0.001577,6.086877,6.086877,-1.473610
5664.000000,1052.632908,234.451891,-0.002247,6.135822,6.135822,-1.468866
5666.000000,1050.677867,234.021584,-0.001407,6.170389,6.170389,-1.475771
5668.000000,1048.722176,233.594234,-0.000731,6.200721,6.200721,-1.483910
5670.000000,1046.765818,233.169953,-0.000549,6.226182,6.226182,-1.492929
5672.000000,1044.808951,232.748021,-0.000281,6.247130,6.247130,-1.501948
5674.000000,1042.851903,232.326930,-0.000019,6.264114,6.264114,-1.509398
5676.000000,1040.894774,231.906218,0.000211,6.275938,6.275938,-1.514635
5678.000000,1038.937924,231.484208,0.000251,6.282984,6.282984,-1.516299
5680.000000,1036.981311,231.061101,0.000181,6.286532,6.286532,-1.515055
5682.000000,1035.024793,230.637555,0.000184,6.287509,6.287509,-1.511813
5684.000000,1033.068462,230.213142,0.000208,6.286481,6.286481,-1.506581
5686.000000,1031.112285,229.788025,0.000218,6.284159,6.284159,-1.500000
5688.000000,1029.156321,229.361926,0.000182,6.280831,6.280831,-1.492093
5690.000000,1027.200519,228.935086,0.000141,6.276338,6.276338,-1.483422
5692.000000,1025.244803,228.507854,0.000136,6.271023,6.271023,-1.474372
5694.000000,1023.289236,228.079936,0.000113,6.264931,6.264931,-1.464651
5696.000000,1021.333749,227.651657,0.000087,6.258384,6.258384,-1.454688
5698.000000,1019.378340,227.223017,0.000112,6.251068,6.251068,-1.444505
5700.000000,1017.422995,226.794091,0.000163,6.242660,6.242660,-1.434270
5702.000000,1015.467829,226.364345,0.000126,6.233532,6.233532,-1.423530
5704.000000,1013.512801,225.933972,0.000055,6.223589,6.223589,-1.412507
5706.000000,1011.557752,225.503696,0.000076,6.212850,6.212850,-1.401918
5708.000000,1009.602797,225.072996,0.000089,6.201423,6.201423,-1.391262
5710.000000,1007.647939,224.641850,0.000066,6.189707,6.189707,-1.380595
5712.000000,1005.693098,224.210630,0.000153,6.177174,6.177174,-1.370180
5714.000000,1003.738355,223.778968,0.000284,6.164138,6.164138,-1.359532
5716.000000,1001.783930,223.345867,0.000281,6.151206,6.151206,-1.347524
5718.000000,999.829755,222.911638,0.000240,6.138111,6.138111,-1.334303
5720.000000,997.875737,222.476701,0.000226,6.124806,6.124806,-1.320141
5722.000000,995.921990,222.040555,0.000137,6.111492,6.111492,-1.304511
5724.000000,993.968334,221.603996,0.000108,6.097918,6.097918,-1.288518
5726.000000,992.014702,221.167331,0.000228,6.083806,6.083806,-1.272882
5728.000000,990.061307,220.729605,0.000419,6.069911,6.069911,-1.256733
5730.000000,988.108214,220.290538,0.000665,6.055989,6.055989,-1.239855
5732.000000,986.155753,219.848666,0.000911,6.042238,6.042238,-1.220833
5734.000000,984.204078,219.403342,0.000929,6.027825,6.027825,-1.198878
5736.000000,982.253441,218.953491,0.000620,6.012512,6.012512,-1.172690
5738.000000,980.303267,218.501633,0.000360,5.996011,5.996011,-1.144761
5740.000000,978.353358,218.048631,0.000282,5.979048,5.979048,-1.116037
5742.000000,976.403760,217.594295,0.000575,5.961302,5.961302,-1.086364
5744.000000,974.454298,217.139375,0.001541,5.942258,5.942258,-1.056857
5746.000000,972.506364,216.677979,0.002290,5.928483,5.928483,-1.022640
5748.000000,970.560945,216.206080,0.001937,5.924339,5.924339,-0.980203
5750.000000,968.617532,215.725978,0.001106,5.927002,5.927002,-0.931484
5752.000000,966.674927,215.242617,0.000723,5.932650,5.932650,-0.880909
5754.000000,964.732942,214.756767,0.001019,5.940051,5.940051,-0.828870
5756.000000,962.791712,214.267914,0.001628,5.947124,5.947124,-0.775017
5758.000000,960.852346,213.771725,0.001821,5.950820,5.950820,-0.715501
5760.000000,958.914944,213.267921,0.001638,5.948906,5.948906,-0.650429
5762.000000,956.979031,212.758419,0.001358,5.942696,5.942696,-0.582347
5764.000000,955.044813,212.242522,0.000929,5.931221,5.931221,-0.511086
5766.000000,953.111278,211.724070,0.000715,5.917980,5.917980,-0.441283
5768.000000,951.178517,211.202734,0.000724,5.902401,5.902401,-0.372092
5770.000000,949.246499,210.678657,0.000758,5.884361,5.884361,-0.303537
5772.000000,947.315251,210.151746,0.000952,5.864033,5.864033,-0.235562
5774.000000,945.384910,209.621525,0.001204,5.842136,5.842136,-0.168323
5776.000000,943.456023,209.086039,0.001180,5.821574,5.821574,-0.099396
5778.000000,941.528465,208.545790,0.000922,5.802998,5.802998,-0.029000
5780.000000,939.601871,208.002107,0.000673,5.786497,5.786497,0.041639
5782.000000,937.676015,207.455818,0.000476,5.771105,5.771105,0.111424
5784.000000,935.750653,206.907789,0.000385,5.756232,5.756232,0.179065
5786.000000,933.825650,206.358501,0.000447,5.741971,5.741971,0.243761
5788.000000,931.901128,205.807529,0.000787,5.728940,5.728940,0.305702
5790.000000,929.977256,205.254294,0.001089,5.717727,5.717727,0.365520
5792.000000,928.055095,204.695145,0.000848,5.712263,5.712263,0.426590
5794.000000,926.133713,204.133321,0.000484,5.709422,5.709422,0.486119
5796.000000,924.212856,203.569705,0.000337,5.708291,5.708291,0.543359
5798.000000,922.292347,203.004905,0.000266,5.708325,5.708325,0.597822
5800.000000,920.372141,202.439077,0.000221,5.709204,5.709204,0.649535
5802.000000,918.452183,201.872406,0.000239,5.710978,5.710978,0.697967
5804.000000,916.532429,201.305045,0.000378,5.713312,5.713312,0.743335
5806.000000,914.613106,200.736226,0.000616,5.717059,5.717059,0.786300
5808.000000,912.694439,200.165201,0.000767,5.722980,5.722980,0.827781
5810.000000,910.776845,199.590583,0.000630,5.732648,5.732648,0.869329
5812.000000,908.859966,199.013583,0.000377,5.744710,5.744710,0.909622
5814.000000,906.943482,198.435274,0.000301,5.757995,5.757995,0.948472
5816.000000,905.027233,197.856185,0.000450,5.772750,5.772750,0.985394
5818.000000,903.111515,197.275341,0.000785,5.787089,5.787089,1.020965
5820.000000,901.196593,196.691882,0.001235,5.800531,5.800531,1.055325
5822.000000,899.283216,196.103375,0.001612,5.810536,5.810536,1.089667
5824.000000,897.371760,195.508663,0.001853,5.817219,5.817219,1.124913
5826.000000,895.462567,194.906734,0.001930,5.821863,5.821863,1.161097
5828.000000,893.555818,194.297097,0.002009,5.826219,5.826219,1.198120
5830.000000,891.651276,193.680600,0.002281,5.830419,5.830419,1.236277
5832.000000,889.749746,193.054879,0.002243,5.838869,5.838869,1.279955
5834.000000,887.851349,192.419714,0.001818,5.850078,5.850078,1.332320
5836.000000,885.954978,191.778525,0.001512,5.864813,5.864813,1.390862
5838.000000,884.060691,191.131206,0.001235,5.881812,5.881812,1.455177
5840.000000,882.168000,190.479228,0.000978,5.900367,5.900367,1.523139
5842.000000,880.276444,189.823966,0.000826,5.919308,5.919308,1.593167
5844.000000,878.386136,189.165111,0.000587,5.939376,5.939376,1.665529
5846.000000,876.496539,188.504220,0.000239,5.959985,5.959985,1.738692
5848.000000,874.607368,187.842111,-0.000341,5.980515,5.980515,1.811690
5850.000000,872.717899,187.180855,-0.000818,5.999466,5.999466,1.881871
5852.000000,870.826800,186.524279,-0.000630,6.012864,6.012864,1.944778
5854.000000,868.934945,185.869879,-0.000270,6.023467,6.023467,2.002795
5856.000000,867.042917,185.215981,-0.000209,6.033214,6.033214,2.057216
5858.000000,865.150577,184.562985,-0.000228,6.041848,6.041848,2.107804
5860.000000,863.257940,183.910849,-0.000212,6.049476,6.049476,2.155036
5862.000000,861.365015,183.259553,-0.000191,6.056236,6.056236,2.199781
5864.000000,859.471859,182.608926,-0.000177,6.062276,6.062276,2.242497
5866.000000,857.578459,181.959010,-0.000160,6.068115,6.068115,2.283096
5868.000000,855.684855,181.309687,-0.000150,6.074024,6.074024,2.321722
5870.000000,853.791071,180.660891,-0.000146,6.079936,6.079936,2.358662
5872.000000,851.897073,180.012722,-0.000123,6.086195,6.086195,2.394229
5874.000000,850.002928,179.364981,-0.000105,6.092740,6.092740,2.428886
5876.000000,848.108651,178.717623,-0.000097,6.099603,6.099603,2.462961
5878.000000,846.214239,178.070665,-0.000094,6.106786,6.106786,2.496570
5880.000000,844.319730,177.423989,-0.000108,6.114206,6.114206,2.529816
5882.000000,842.425061,176.777781,-0.000129,6.121988,6.121988,2.562520
5884.000000,840.530248,176.131996,-0.000137,6.130158,6.130158,2.594567
5886.000000,838.635218,175.486848,-0.000111,6.139068,6.139068,2.625420
5888.000000,836.740059,174.842079,-0.000096,6.148143,6.148143,2.654899
5890.000000,834.844804,174.197595,-0.000102,6.157557,6.157557,2.682737
5892.000000,832.949373,173.553625,-0.000085,6.167393,6.167393,2.708021
5894.000000,831.053863,172.909888,-0.000067,6.177504,6.177504,2.729804
5896.000000,829.158250,172.266457,-0.000060,6.187794,6.187794,2.747331
5898.000000,827.262575,171.623206,-0.000058,6.198397,6.198397,2.761300
5900.000000,825.366820,170.980193,-0.000042,6.209151,6.209151,2.772361
5902.000000,823.470990,170.337398,0.000002,6.220139,6.220139,2.780514
5904.000000,821.575174,169.694565,0.000051,6.231319,6.231319,2.786260
5906.000000,819.679417,169.051556,0.000093,6.243220,6.243220,2.789684
5908.000000,817.783789,168.408166,0.000132,6.255692,6.255692,2.790499
5910.000000,815.888323,167.764303,0.000158,6.268902,6.268902,2.788496
5912.000000,813.993084,167.119770,0.000141,6.283039,6.283039,2.783701
5914.000000,812.098043,166.474654,0.000116,6.297963,6.297963,2.776397
5916.000000,810.203105,165.829236,0.000147,6.313335,6.313335,2.766943
5918.000000,808.308365,165.183237,0.000199,6.329425,6.329425,2.755774
5920.000000,806.413885,164.536475,0.000199,6.346383,6.346383,2.743671
5922.000000,804.519715,163.888808,0.000146,6.364408,6.364408,2.732113
5924.000000,802.625698,163.240691,0.000098,6.382995,6.382995,2.722165
5926.000000,800.731821,162.592169,0.000117,6.401974,6.401974,2.714300
5928.000000,798.838022,161.943415,0.000360,6.421242,6.421242,2.707942
5930.000000,796.944532,161.293761,0.000539,6.439932,6.439932,2.702961
5932.000000,795.052222,160.640683,0.000296,6.453529,6.453529,2.700895
5934.000000,793.160055,159.987186,0.000170,6.461926,6.461926,2.697970
5936.000000,791.267967,159.333461,0.000294,6.467427,6.467427,2.693452
5938.000000,789.376465,158.678041,0.000269,6.470643,6.470643,2.688639
5940.000000,787.485251,158.021792,0.000227,6.472357,6.472357,2.682420
5942.000000,785.594287,157.364822,0.000283,6.472715,6.472715,2.674689
5944.000000,783.703729,156.706684,0.000276,6.471339,6.471339,2.666595
5946.000000,781.813601,156.047315,0.000218,6.468259,6.468259,2.654374
5948.000000,779.923666,155.387390,0.000207,6.464570,6.464570,2.634230
5950.000000,778.034066,154.726508,0.000181,6.460214,6.460214,2.616703
5952.000000,776.144697,154.064964,0.000108,6.455470,6.455470,2.598574
5954.000000,774.255487,153.402966,0.000052,6.450568,6.450568,2.578429
5956.000000,772.366302,152.740900,0.000026,6.445664,6.445664,2.552898
5958.000000,770.477182,152.078645,0.000006,6.440646,6.440646,2.526456
5960.000000,768.588044,151.416444,-0.000003,6.435809,6.435809,2.499046
5962.000000,766.698907,150.754238,-0.000023,6.431013,6.431013,2.470493
5964.000000,764.809772,150.092026,-0.000052,6.426357,6.426357,2.440865
5966.000000,762.920511,149.430175,-0.000034,6.421962,6.421962,2.409760
5968.000000,761.031226,148.768392,-0.000045,6.417713,6.417713,2.377667
5970.000000,759.141938,148.106619,-0.000173,6.413491,6.413491,2.344877
5972.000000,757.252443,147.445436,-0.000398,6.410004,6.410004,2.311303
5974.000000,755.362448,146.785684,-0.000611,6.407852,6.407852,2.276899
5976.000000,753.471557,146.128505,-0.000592,6.408511,6.408511,2.241119
5978.000000,751.579740,145.473996,-0.000369,6.412082,6.412082,2.204445
5980.000000,749.687557,144.820546,-0.000253,6.416707,6.416707,2.169095
5982.000000,747.795098,144.167896,-0.000303,6.422149,6.422149,2.134788
5984.000000,745.902233,143.516424,-0.000309,6.428838,6.428838,2.099013
5986.000000,744.008871,142.866395,-0.000248,6.436965,6.436965,2.060950
5988.000000,742.115299,142.216982,-0.000297,6.445706,6.445706,2.021117
5990.000000,740.221356,141.568649,-0.000447,6.455087,6.455087,1.979966
5992.000000,738.326825,140.922040,-0.000603,6.464517,6.464517,1.936969
5994.000000,736.431525,140.277686,-0.000693,6.473055,6.473055,1.891256
5996.000000,734.535239,139.636240,-0.000611,6.479317,6.479317,1.842446
5998.000000,732.638128,138.997238,-0.000411,6.483817,6.483817,1.791071
6000.000000,730.740520,138.359714,-0.000255,6.487699,6.487699,1.738110
6002.000000,728.842627,137.723037,-0.000201,6.491003,6.491003,1.684097
6004.000000,726.944501,137.087056,-0.000184,6.493967,6.493967,1.629096
6006.000000,725.046100,136.451897,-0.000138,6.496637,6.496637,1.572876
6008.000000,723.147545,135.817196,-0.000103,6.498996,6.498996,1.515822
6010.000000,721.248871,135.182855,-0.000094,6.501179,6.501179,1.458076
6012.000000,719.350065,134.548905,-0.000070,6.503309,6.503309,1.399622
6014.000000,717.451164,133.915241,-0.000030,6.505379,6.505379,1.340601
6016.000000,715.552228,133.281683,0.000005,6.507447,6.507447,1.281289
6018.000000,713.653306,132.648084,0.000020,6.509806,6.509806,1.221943
6020.000000,711.754416,132.014386,0.000011,6.512578,6.512578,1.162706
6022.000000,709.855548,131.380624,-0.000008,6.515549,6.515549,1.103621
6024.000000,707.956660,130.746924,-0.000019,6.518592,6.518592,1.044637
6026.000000,706.057750,130.113286,-0.000016,6.521853,6.521853,0.985785
6028.000000,704.158807,129.479748,-0.000003,6.525282,6.525282,0.927087
6030.000000,702.259873,128.846184,-0.000007,6.528850,6.528850,0.868744
6032.000000,700.360938,128.212622,-0.000018,6.532563,6.532563,0.810794
6034.000000,698.461960,127.579189,-0.000007,6.536543,6.536543,0.752972
6036.000000,696.562978,126.945769,0.000002,6.540603,6.540603,0.695333
6038.000000,694.664010,126.312306,-0.000010,6.544740,6.544740,0.637925
6040.000000,692.765028,125.678887,-0.000012,6.549305,6.549305,0.580671
6042.000000,690.866009,125.045576,0.000005,6.553907,6.553907,0.523586
6044.000000,688.967017,124.412187,-0.000002,6.558769,6.558769,0.467178
6046.000000,687.068036,123.778763,-0.000017,6.563734,6.563734,0.411780
6048.000000,685.168995,123.145520,-0.000002,6.568965,6.568965,0.357156
6050.000000,683.269975,122.512212,0.000004,6.574425,6.574425,0.303351
6052.000000,681.370962,121.878885,-0.000004,6.580027,6.580027,0.249803
6054.000000,679.471935,121.245598,-0.000003,6.585839,6.585839,0.196110
6056.000000,677.572908,120.612313,-0.000002,6.591793,6.591793,0.142225
6058.000000,675.673879,119.979035,-0.000007,6.598012,6.598012,0.088160
6060.000000,673.774844,119.345772,-0.000007,6.604392,6.604392,0.033886
6062.000000,671.875785,118.712583,0.000003,6.611052,6.611052,-0.020609
6064.000000,669.976745,118.079336,-0.000004,6.617848,6.617848,-0.075123
6066.000000,668.077707,117.446082,-0.000013,6.624753,6.624753,-0.129751
6068.000000,666.178626,116.812960,0.000004,6.631971,6.631971,-0.184877
6070.000000,664.279565,116.179775,0.000016,6.639351,6.639351,-0.240605
6072.000000,662.380526,115.546526,0.000045,6.646948,6.646948,-0.297200
6074.000000,660.481507,114.913217,0.000123,6.654938,6.654938,-0.354727
6076.000000,658.582656,114.279404,0.000156,6.663626,6.663626,-0.412704
6078.000000,656.684074,113.644785,0.000088,6.673363,6.673363,-0.470914
6080.000000,654.785576,113.009914,0.000031,6.683565,6.683565,-0.529790
6082.000000,652.887090,112.375010,0.000031,6.694129,6.694129,-0.589425
6084.000000,650.988654,111.739954,0.000027,6.704944,6.704944,-0.648922
6086.000000,649.090263,111.104764,0.000003,6.716099,6.716099,-0.707288
6088.000000,647.191869,110.469583,-0.000009,6.727526,6.727526,-0.764476
6090.000000,645.293451,109.834475,0.000007,6.739160,6.739160,-0.820788
6092.000000,643.395038,109.199349,0.000008,6.750916,6.750916,-0.876318
6094.000000,641.496675,108.564078,-0.000018,6.762959,6.762959,-0.931142
6096.000000,639.598248,107.928995,-0.000015,6.775261,6.775261,-0.985442
6098.000000,637.699810,107.293947,-0.000006,6.787627,6.787627,-1.039244
6100.000000,635.801379,106.658875,-0.000010,6.800203,6.800203,-1.092867
6102.000000,633.902912,106.023913,-0.000007,6.812949,6.812949,-1.146856
6104.000000,632.004459,105.388909,-0.000010,6.825917,6.825917,-1.201375
6106.000000,630.105979,104.753986,-0.000024,6.838954,6.838954,-1.256866
6108.000000,628.207490,104.119088,-0.000032,6.852189,6.852189,-1.313259
6110.000000,626.308922,103.484429,-0.000011,6.865583,6.865583,-1.370576
6112.000000,624.410361,102.849747,-0.000008,6.879029,6.879029,-1.428284
6114.000000,622.511809,102.215040,-0.000020,6.892688,6.892688,-1.486226
6116.000000,620.613193,101.580522,-0.000010,6.906458,6.906458,-1.544615
6118.000000,618.714592,100.945962,-0.000006,6.920295,6.920295,-1.603219
6120.000000,616.815972,100.311456,-0.000005,6.934220,6.934220,-1.662327
6122.000000,614.917342,99.676981,0.000005,6.948247,6.948247,-1.722011
6124.000000,613.018724,99.042469,0.000010,6.962326,6.962326,-1.782171
6126.000000,611.120119,98.407919,0.000010,6.976410,6.976410,-1.842659
6128.000000,609.221527,97.773333,0.000010,6.990555,6.990555,-1.903159
6130.000000,607.322945,97.138712,0.000012,7.004745,7.004745,-1.963463
6132.000000,605.424381,96.504040,0.000010,7.018976,7.018976,-2.023385
6134.000000,603.525833,95.869320,0.000019,7.033245,7.033245,-2.082795
6136.000000,601.627287,95.234595,0.000021,7.047626,7.047626,-2.141710
6138.000000,599.728817,94.599641,0.000003,7.061922,7.061922,-2.200006
6140.000000,597.830301,93.964825,0.000347,7.076466,7.076466,-2.258155
6142.000000,595.931818,93.329910,0.000821,7.090929,7.090929,-2.315895
6144.000000,594.035089,92.689778,0.000779,7.100081,7.100081,-2.367933
6146.000000,592.139017,92.047700,0.000656,7.107296,7.107296,-2.417860
6148.000000,590.243867,91.402906,0.000633,7.111643,7.111643,-2.464860
6150.000000,588.349599,90.755528,0.000467,7.113434,7.113434,-2.509107
6152.000000,586.455919,90.106428,0.000378,7.113385,7.113385,-2.551579
6154.000000,584.562600,89.456274,0.000440,7.112460,7.112460,-2.592975
6156.000000,582.669936,88.804219,0.000418,7.109515,7.109515,-2.632463
6158.000000,580.777895,88.150358,0.000297,7.104443,7.104443,-2.670447
6160.000000,578.886140,87.495669,0.000305,7.098802,7.098802,-2.708425
6162.000000,576.994742,86.839950,0.000317,7.092066,7.092066,-2.746621
6164.000000,575.103947,86.182495,0.000211,7.083585,7.083585,-2.784688
6166.000000,573.213256,85.524739,0.000158,7.074840,7.074840,-2.822983
6168.000000,571.322862,84.866130,0.000149,7.065268,7.065268,-2.857481
6170.000000,569.432605,84.207129,0.000073,7.055299,7.055299,-2.894833
6172.000000,567.542565,83.547506,-0.000219,7.044865,7.044865,-2.929547
6174.000000,565.652340,82.888418,-0.000542,7.034963,7.034963,-2.960867
6176.000000,563.761116,82.232196,-0.000486,7.028233,7.028233,-2.992243
6178.000000,561.869223,81.577906,-0.000311,7.023540,7.023540,-3.023110
6180.000000,559.977115,80.924239,-0.000276,7.019719,7.019719,-3.052255
6182.000000,558.084477,80.272106,-0.000221,7.017457,7.017457,-3.081302
6184.000000,556.191673,79.620459,-0.000251,7.015821,7.015821,-3.109617
6186.000000,554.298580,78.969650,-0.000290,7.015174,7.015174,-3.137928
6188.000000,552.404920,78.320489,-0.001655,7.016286,7.016286,-3.166340
6190.000000,550.511172,77.671589,-0.002891,7.017793,7.017793,-3.190125
6192.000000,548.609916,77.045728,-0.000069,7.043566,7.043566,-3.229082
6194.000000,546.709536,76.417630,-0.039301,7.074367,7.074367,-3.258849
