s_m,x_m,y_m,kappa_radpm,w_tr_right_m,w_tr_left_m,d_m
0.000000,461.951818,-112.219964,-0.000394,9.540780,9.540780,-3.825980
2.000000,460.605774,-113.697857,-0.001201,9.476801,9.476801,-3.776534
4.000000,459.255652,-115.172024,-0.001941,9.419820,9.419820,-3.733219
6.000000,457.899809,-116.640930,-0.002329,9.372742,9.372742,-3.697708
8.000000,456.536671,-118.103069,-0.002332,9.337877,9.337877,-3.671073
10.000000,455.166567,-119.558682,-0.002044,9.314534,9.314534,-3.657093
12.000000,453.790474,-121.008636,-0.001660,9.301076,9.301076,-3.656937
14.000000,452.409562,-122.454002,-0.001278,9.295333,9.295333,-3.665753
16.000000,451.025051,-123.895920,-0.000954,9.295033,9.295033,-3.679270
18.000000,449.637799,-125.335202,-0.000657,9.298658,9.298658,-3.698224
20.000000,448.248635,-126.772638,-0.000389,9.304771,9.304771,-3.721016
22.000000,446.858481,-128.209117,-0.000214,9.311803,9.311803,-3.744827
24.000000,445.467751,-129.645039,-0.000113,9.319343,9.319343,-3.766464
26.000000,444.076701,-131.080651,-0.000019,9.327014,9.327014,-3.788212
28.000000,442.685565,-132.516179,0.000072,9.334507,9.334507,-3.727089
30.000000,441.294703,-133.951972,0.000120,9.341521,9.341521,-3.740224
32.000000,439.904203,-135.388118,0.000149,9.347875,9.347875,-3.756168
34.000000,438.514081,-136.824628,0.000186,9.353384,9.353384,-3.769549
36.000000,437.124556,-138.261715,0.000197,9.357951,9.357951,-3.777197
38.000000,435.735596,-139.699349,0.000185,9.361639,9.361639,-3.783763
40.000000,434.347170,-141.137499,0.000162,9.364562,9.364562,-3.789978
42.000000,432.959234,-142.576122,0.000121,9.367179,9.367179,-3.800082
44.000000,431.571645,-144.015079,0.000073,9.369700,9.369700,-3.806407
46.000000,430.184264,-145.454236,0.000046,9.372335,9.372335,-3.813484
48.000000,428.796966,-146.893474,0.000052,9.375257,9.375257,-3.821702
50.000000,427.409822,-148.332860,0.000073,9.378417,9.378417,-3.831173
52.000000,426.022890,-149.772451,0.000096,9.381777,9.381777,-3.841527
54.000000,424.636225,-151.212298,0.000113,9.385204,9.385204,-3.851719
56.000000,423.249923,-152.652495,0.000102,9.388583,9.388583,-3.861231
58.000000,421.863927,-154.092987,0.000074,9.391843,9.391843,-3.870088
60.000000,420.478125,-155.533666,0.000061,9.394943,9.394943,-3.878386
62.000000,419.092481,-156.974495,0.000068,9.397902,9.397902,-3.886211
64.000000,417.707032,-158.415513,0.000062,9.400745,9.400745,-3.893602
66.000000,416.321816,-159.856755,0.000038,9.403515,9.403515,-3.900621
68.000000,414.936658,-161.298052,0.000027,9.406293,9.406293,-3.907602
70.000000,413.551590,-162.739436,0.000026,9.409128,9.409128,-3.914561
72.000000,412.166598,-164.180893,0.000018,9.412070,9.412070,-3.921602
74.000000,410.781667,-165.622409,0.000016,9.415168,9.415168,-3.928841
76.000000,409.396749,-167.063936,0.000021,9.418405,9.418405,-3.936217
78.000000,408.011924,-168.505554,0.000018,9.421766,9.421766,-3.943321
80.000000,406.627145,-169.947216,0.000011,9.425179,9.425179,-3.950075
82.000000,405.242391,-171.388901,0.000024,9.428594,9.428594,-3.956322
84.000000,403.857671,-172.830619,0.000037,9.431979,9.431979,-3.961850
86.000000,402.473135,-174.272514,0.000023,9.435316,9.435316,-3.966465
88.000000,401.088627,-175.714436,0.000011,9.438721,9.438721,-3.970604
90.000000,399.704148,-177.156386,-0.000000,9.442290,9.442290,-3.974503
92.000000,398.319711,-178.598376,-0.000027,9.446176,9.446176,-3.978134
94.000000,396.935156,-180.040253,-0.000049,9.450511,9.450511,-3.981873
96.000000,395.550481,-181.482014,-0.000061,9.455350,9.455350,-3.986099
98.000000,394.165601,-182.923579,-0.000065,9.460753,9.460753,-3.991307
100.000000,392.780548,-184.364977,-0.000065,9.466737,9.466737,-3.997678
102.000000,391.395293,-185.806182,-0.000046,9.473253,9.473253,-4.005113
104.000000,390.009867,-187.247222,-0.000018,9.480243,9.480243,-4.013289
106.000000,388.624461,-188.688280,-0.000011,9.487569,9.487569,-4.021711
108.000000,387.238980,-190.129268,-0.000003,9.495137,9.495137,-4.030298
110.000000,385.853499,-191.570254,0.000005,9.502866,9.502866,-4.038843
112.000000,384.468064,-193.011285,-0.000012,9.510692,9.510692,-4.047174
114.000000,383.082596,-194.452284,-0.000036,9.518678,9.518678,-4.055290
116.000000,381.697007,-195.893167,-0.000042,9.526868,9.526868,-4.063260
118.000000,380.311275,-197.333913,-0.000042,9.535356,9.535356,-4.071175
120.000000,378.925462,-198.774581,-0.000059,9.544110,9.544110,-4.079172
122.000000,377.539475,-200.215081,-0.000072,9.553084,9.553084,-4.087892
124.000000,376.153233,-201.655336,-0.000071,9.562197,9.562197,-4.097722
126.000000,374.766851,-203.095456,-0.000094,9.571337,9.571337,-4.108495
128.000000,373.380183,-204.535301,-0.000132,9.580491,9.580491,-4.120476
130.000000,371.993144,-205.974789,-0.000170,9.589648,9.589648,-4.133667
132.000000,370.605612,-207.413801,-0.000213,9.598894,9.598894,-4.148013
134.000000,369.217477,-208.852231,-0.000273,9.608277,9.608277,-4.163383
136.000000,367.828588,-210.289933,-0.000327,9.617847,9.617847,-4.179705
138.000000,366.438668,-211.726639,-0.000328,9.627660,9.627660,-4.197077
140.000000,365.047810,-213.162437,-0.000299,9.637578,9.637578,-4.215106
142.000000,363.656088,-214.597397,-0.000255,9.647477,9.647477,-4.233524
144.000000,362.263598,-216.031612,-0.000186,9.657116,9.657116,-4.251995
146.000000,360.870589,-217.465323,-0.000106,9.666223,9.666223,-4.270007
148.000000,359.477255,-218.898718,-0.000029,9.674650,9.674650,-4.287258
150.000000,358.083870,-220.332064,0.000023,9.682243,9.682243,-4.303634
152.000000,356.690584,-221.765505,0.000037,9.689110,9.689110,-4.319245
154.000000,355.297419,-223.199065,0.000044,9.695328,9.695328,-4.334233
156.000000,353.904339,-224.632707,0.000067,9.700994,9.700994,-4.348668
158.000000,352.511469,-226.066552,0.000097,9.706351,9.706351,-4.362603
160.000000,351.118868,-227.500659,0.000118,9.711579,9.711579,-4.376096
162.000000,349.726634,-228.935123,0.000115,9.716867,9.716867,-4.388927
164.000000,348.334749,-230.369925,0.000083,9.722559,9.722559,-4.401135
166.000000,346.943118,-231.804973,0.000041,9.728978,9.728978,-4.412798
168.000000,345.551578,-233.240110,-0.000008,9.736401,9.736401,-4.423898
170.000000,344.160070,-234.675278,-0.000079,9.745152,9.745152,-4.434931
172.000000,342.768317,-236.110208,-0.000181,9.755379,9.755379,-4.446810
174.000000,341.376119,-237.544706,-0.000287,9.767094,9.767094,-4.460160
176.000000,339.982979,-238.978290,-0.000339,9.780080,9.780080,-4.475329
178.000000,338.588875,-240.410936,-0.000361,9.793825,9.793825,-4.491940
180.000000,337.193753,-241.842591,-0.000373,9.808004,9.808004,-4.509987
182.000000,335.797494,-243.273137,-0.000352,9.822219,9.822219,-4.529716
184.000000,334.400254,-244.702725,-0.000317,9.836082,9.836082,-4.551114
186.000000,333.002086,-246.131405,-0.000284,9.849488,9.849488,-4.574235
188.000000,331.603133,-247.559316,-0.000258,9.862369,9.862369,-4.598784
190.000000,330.203431,-248.986494,-0.000233,9.874661,9.874661,-4.624494
192.000000,328.803071,-250.413026,-0.000201,9.886343,9.886343,-4.651155
194.000000,327.402113,-251.838970,-0.000144,9.897407,9.897407,-4.678716
196.000000,326.000717,-253.264484,-0.000064,9.908161,9.908161,-4.706808
198.000000,324.599155,-254.689835,0.000028,9.919016,9.919016,-4.734943
200.000000,323.197628,-256.115220,0.000158,9.930350,9.930350,-4.763070
202.000000,321.796515,-257.541012,0.000319,9.942830,9.942830,-4.791369
204.000000,320.396346,-258.967731,0.000453,9.957071,9.957071,-4.819713
206.000000,318.997515,-260.395762,0.000537,9.973367,9.973367,-4.847810
208.000000,317.600231,-261.825307,0.000568,9.991886,9.991886,-4.875470
210.000000,316.204654,-263.256518,0.000536,10.012564,10.012564,-4.902530
212.000000,314.810615,-264.689228,0.000434,10.035196,10.035196,-4.929166
214.000000,313.417924,-266.123247,0.000278,10.059467,10.059467,-4.955537
216.000000,312.025969,-267.557982,0.000128,10.084896,10.084896,-4.982382
218.000000,310.634386,-268.993076,-0.000023,10.111104,10.111104,-5.009526
220.000000,309.242786,-270.428155,-0.000152,10.137706,10.137706,-5.036455
222.000000,307.850582,-271.862648,-0.000179,10.164126,10.164126,-5.063108
224.000000,306.457859,-273.296637,-0.000110,10.190234,10.190234,-5.089023
226.000000,305.064722,-274.730223,0.000022,10.215915,10.215915,-5.113857
228.000000,303.671669,-276.163891,0.000151,10.241175,10.241175,-5.136875
230.000000,302.279109,-277.598038,0.000225,10.266189,10.266189,-5.157478
232.000000,300.887208,-279.032825,0.000225,10.291077,10.291077,-5.175346
234.000000,299.496081,-280.468362,0.000131,10.315979,10.315979,-5.190391
236.000000,298.105331,-281.904264,-0.000026,10.340833,10.340833,-5.203425
238.000000,296.714558,-283.340145,-0.000164,10.365568,10.365568,-5.215352
240.000000,295.323150,-284.775409,-0.000215,10.390059,10.390059,-5.227319
242.000000,293.931155,-286.210104,-0.000228,10.414188,10.414188,-5.239500
244.000000,292.538505,-287.644164,-0.000224,10.437915,10.437915,-5.252252
246.000000,291.145136,-289.077525,-0.000175,10.461185,10.461185,-5.265991
248.000000,289.751294,-290.510426,-0.000122,10.484013,10.484013,-5.280714
250.000000,288.357116,-291.943000,-0.000071,10.506644,10.506644,-5.296392
252.000000,286.962680,-293.375323,0.000014,10.529325,10.529325,-5.312970
254.000000,285.568278,-294.807679,0.000113,10.552530,10.552530,-5.330046
256.000000,284.174220,-296.240370,0.000219,10.576533,10.576533,-5.347121
258.000000,282.780736,-297.673620,0.000292,10.601533,10.601533,-5.363949
260.000000,281.388269,-299.107857,0.000238,10.627600,10.627600,-5.380089
262.000000,279.996543,-300.542813,0.000028,10.655377,10.655377,-5.396164
264.000000,278.605044,-301.977989,-0.000195,10.685526,10.685526,-5.413162
266.000000,277.212670,-303.412317,-0.000142,10.719628,10.719628,-5.432840
268.000000,275.819578,-304.845947,0.000312,10.756214,10.756214,-5.455135
270.000000,274.427173,-306.280243,0.001336,10.791521,10.791521,-5.478001
272.000000,273.037699,-307.717380,0.002862,10.820093,10.820093,-5.498247
274.000000,271.657051,-309.162994,0.004306,10.829151,10.829151,-5.507722
276.000000,270.288892,-310.620425,0.005408,10.811107,10.811107,-5.501651
278.000000,268.937004,-312.092962,0.006020,10.758395,10.758395,-5.475156
280.000000,267.603521,-313.582184,0.006065,10.667585,10.667585,-5.425584
282.000000,266.288262,-315.087528,0.005648,10.539689,10.539689,-5.353230
284.000000,264.990743,-316.608191,0.004737,10.376269,10.376269,-5.258253
286.000000,263.707787,-318.141163,0.003588,10.184720,10.184720,-5.144564
288.000000,262.435699,-319.683170,0.002407,9.972791,9.972791,-5.016621
290.000000,261.171355,-321.231534,0.001283,9.746948,9.746948,-4.878744
292.000000,259.910345,-322.782616,0.000565,9.516656,9.516656,-4.737230
294.000000,258.650798,-324.334886,0.000261,9.286013,9.286013,-4.594234
296.000000,257.392002,-325.887765,-0.000011,9.056795,9.056795,-4.450175
298.000000,256.133477,-327.440864,-0.000524,8.830074,8.830074,-4.304801
300.000000,254.873519,-328.992800,-0.001300,8.608878,8.608878,-4.159821
302.000000,253.609652,-330.541553,-0.002127,8.397239,8.397239,-4.017625
304.000000,252.338939,-332.084693,-0.002657,8.199802,8.199802,-3.882071
306.000000,251.059556,-333.620654,-0.002796,8.019354,8.019354,-3.754814
308.000000,249.771667,-335.149487,-0.002621,7.855018,7.855018,-3.634790
310.000000,248.475198,-336.671053,-0.002230,7.706263,7.706263,-3.521102
312.000000,247.172417,-338.187218,-0.001924,7.567407,7.567407,-3.409431
314.000000,245.863738,-339.698297,-0.001794,7.437079,7.437079,-3.297691
316.000000,244.549873,-341.204867,-0.001852,7.313484,7.313484,-3.183526
318.000000,243.230636,-342.706736,-0.002120,7.195445,7.195445,-3.067633
320.000000,241.905057,-344.203010,-0.002525,7.083037,7.083037,-2.952181
322.000000,240.572133,-345.692743,-0.003040,6.976982,6.976982,-2.838520
324.000000,239.230115,-347.174290,-0.003567,6.879257,6.879257,-2.728558
326.000000,237.877543,-348.646204,-0.004085,6.791548,6.791548,-2.622701
328.000000,236.513084,-350.107103,-0.004710,6.715638,6.715638,-2.521678
330.000000,235.135097,-351.555246,-0.005267,6.653707,6.653707,-2.426447
332.000000,233.741334,-352.988210,-0.005404,6.610133,6.610133,-2.337629
334.000000,232.332021,-354.405880,-0.004920,6.585627,6.585627,-2.251787
336.000000,230.907988,-355.808772,-0.003606,6.579703,6.579703,-2.164899
338.000000,229.473390,-357.200860,-0.001930,6.586359,6.586359,-2.068541
340.000000,228.034230,-358.588238,-0.000945,6.594993,6.594993,-1.953447
342.000000,226.593248,-359.973724,-0.001220,6.600722,6.600722,-1.816192
344.000000,225.149984,-361.356831,-0.002553,6.603928,6.603928,-1.657833
346.000000,223.699629,-362.732496,-0.004363,6.612356,6.612356,-1.485289
348.000000,222.237669,-364.095802,-0.006075,6.630986,6.630986,-1.304573
350.000000,220.758408,-365.440312,-0.007247,6.665024,6.665024,-1.124136
352.000000,219.259770,-366.763182,-0.008071,6.711750,6.711750,-0.947088
354.000000,217.740028,-368.061739,-0.009081,6.769062,6.769062,-0.774011
356.000000,216.197429,-369.333048,-0.010289,6.834520,6.834520,-0.604668
358.000000,214.628580,-370.571809,-0.011325,6.904596,6.904596,-0.444040
360.000000,213.032103,-371.774736,-0.012226,6.977778,6.977778,-0.296326
362.000000,211.406795,-372.938412,-0.013327,7.052755,7.052755,-0.162034
364.000000,209.751340,-374.058798,-0.014694,7.128037,7.128037,-0.039957
366.000000,208.063668,-375.130006,-0.016206,7.202191,7.202191,0.071202
368.000000,206.342319,-376.146191,-0.017702,7.273931,7.273931,0.175687
370.000000,204.585896,-377.100425,-0.019011,7.342153,7.342153,0.276332
372.000000,202.794504,-377.987160,-0.020178,7.406325,7.406325,0.377674
374.000000,200.968852,-378.800957,-0.021207,7.465981,7.465981,0.472462
376.000000,199.110182,-379.536143,-0.021939,7.521097,7.521097,0.549397
378.000000,197.221058,-380.189013,-0.022525,7.572766,7.572766,0.614619
380.000000,195.304551,-380.756406,-0.023251,7.622256,7.622256,0.668719
382.000000,193.363827,-381.234389,-0.024081,7.671496,7.671496,0.704913
384.000000,191.402330,-381.618144,-0.024866,7.722953,7.722953,0.721295
386.000000,189.424221,-381.904155,-0.025437,7.778360,7.778360,0.716579
388.000000,187.434046,-382.088369,-0.025626,7.840059,7.840059,0.688943
390.000000,185.437025,-382.170572,-0.025188,7.908583,7.908583,0.639946
392.000000,183.438355,-382.150344,-0.024102,7.984510,7.984510,0.563958
394.000000,181.442878,-382.034839,-0.022936,8.067346,8.067346,0.462711
396.000000,179.454769,-381.827612,-0.022000,8.155736,8.155736,0.341219
398.000000,177.477591,-381.533911,-0.020981,8.247802,8.247802,0.205053
400.000000,175.514757,-381.156194,-0.019524,8.341152,8.341152,0.041733
402.000000,173.568056,-380.702508,-0.017570,8.433726,8.433726,-0.155087
404.000000,171.638797,-380.179537,-0.015162,8.523859,8.523859,-0.387655
406.000000,169.726159,-379.598677,-0.012584,8.609507,8.609507,-0.640621
408.000000,167.828735,-378.969749,-0.009779,8.689227,8.689227,-0.909925
410.000000,165.944271,-378.302916,-0.006117,8.761572,8.761572,-1.199333
412.000000,164.068539,-377.611851,-0.001697,8.824969,8.824969,-1.502202
414.000000,162.194942,-376.914977,0.002589,8.878195,8.878195,-1.795880
416.000000,160.317544,-376.228444,0.005853,8.920125,8.920125,-2.059964
418.000000,158.431539,-375.565947,0.007428,8.950156,8.950156,-2.280220
420.000000,156.535345,-374.933222,0.007300,8.968308,8.968308,-2.452117
422.000000,154.629780,-374.329263,0.006265,8.975249,8.975249,-2.579725
424.000000,152.716894,-373.748895,0.005200,8.972139,8.972139,-2.670562
426.000000,150.798157,-373.188163,0.004384,8.961032,8.961032,-2.734763
428.000000,148.874597,-372.644194,0.003588,8.943809,8.943809,-2.780635
430.000000,146.947089,-372.114380,0.003221,8.922035,8.922035,-2.810660
432.000000,145.016818,-371.594718,0.003964,8.897829,8.897829,-2.830161
434.000000,143.082516,-371.090278,0.005963,8.873139,8.873139,-2.836519
436.000000,141.142952,-370.606532,0.008118,8.849028,8.849028,-2.829389
438.000000,139.194805,-370.158626,0.008672,8.826347,8.826347,-2.797899
440.000000,137.239181,-369.744602,0.007920,8.806198,8.806198,-2.748039
442.000000,135.277102,-369.362281,0.006987,8.789508,8.789508,-2.683073
444.000000,133.310006,-369.006674,0.006277,8.777700,8.777700,-2.608730
446.000000,131.338620,-368.675660,0.005803,8.770273,8.770273,-2.532788
448.000000,129.363520,-368.367558,0.005486,8.766375,8.766375,-2.466635
450.000000,127.385241,-368.080583,0.005542,8.764419,8.764419,-2.421721
452.000000,125.403958,-367.815142,0.006033,8.762682,8.762682,-2.397680
454.000000,123.419672,-367.573239,0.006972,8.760120,8.760120,-2.384376
456.000000,121.432278,-367.358386,0.008114,8.755566,8.755566,-2.376580
458.000000,119.441598,-367.176630,0.008936,8.748038,8.748038,-2.371475
460.000000,117.447974,-367.030690,0.009222,8.737046,8.737046,-2.369889
462.000000,115.451949,-366.922359,0.009053,8.722268,8.722268,-2.372470
464.000000,113.454288,-366.850075,0.008677,8.703872,8.703872,-2.387643
466.000000,111.455664,-366.812628,0.008356,8.682229,8.682229,-2.428213
468.000000,109.456691,-366.808080,0.008283,8.657981,8.657981,-2.488442
470.000000,107.457910,-366.836435,0.008403,8.631982,8.631982,-2.550737
472.000000,105.459892,-366.898459,0.008565,8.604707,8.604707,-2.609319
474.000000,103.463223,-366.994508,0.008743,8.576741,8.576741,-2.658772
476.000000,101.468555,-367.125617,0.008875,8.548609,8.548609,-2.693901
478.000000,99.476531,-367.292088,0.008945,8.520284,8.520284,-2.712453
480.000000,97.487811,-367.494222,0.008971,8.491634,8.491634,-2.713578
482.000000,95.503042,-367.732013,0.008952,8.461934,8.461934,-2.697878
484.000000,93.522853,-368.005321,0.008911,8.430529,8.430529,-2.666988
486.000000,91.547844,-368.313841,0.008862,8.396570,8.396570,-2.622851
488.000000,89.578614,-368.657315,0.008806,8.358963,8.358963,-2.567153
490.000000,87.615736,-369.035406,0.008746,8.317117,8.317117,-2.501363
492.000000,85.659763,-369.447736,0.008696,8.270476,8.270476,-2.426556
494.000000,83.711247,-369.893985,0.008670,8.218577,8.218577,-2.342373
496.000000,81.770747,-370.373894,0.008676,8.161220,8.161220,-2.249080
498.000000,79.838852,-370.887354,0.008709,8.098255,8.098255,-2.152922
500.000000,77.916186,-371.434362,0.008747,8.030027,8.030027,-2.061319
502.000000,76.003382,-372.014924,0.008756,7.957017,7.957017,-1.976597
504.000000,74.101054,-372.628951,0.008716,7.879785,7.879785,-1.892927
506.000000,72.209714,-373.276044,0.008638,7.799608,7.799608,-1.804601
508.000000,70.329839,-373.955732,0.008561,7.717854,7.717854,-1.713252
510.000000,68.461838,-374.667408,0.008543,7.635960,7.635960,-1.623745
512.000000,66.606224,-375.410795,0.008572,7.555996,7.555996,-1.537387
514.000000,64.763656,-376.185951,0.008626,7.480568,7.480568,-1.451219
516.000000,62.934654,-376.992591,0.008753,7.412129,7.412129,-1.363961
518.000000,61.120040,-377.831092,0.008938,7.353767,7.353767,-1.276009
520.000000,59.320693,-378.701864,0.009161,7.307501,7.307501,-1.185475
522.000000,57.537550,-379.605348,0.009372,7.275072,7.275072,-1.093602
524.000000,55.771772,-380.542312,0.009456,7.258781,7.258781,-1.005415
526.000000,54.024054,-381.512542,0.009399,7.258027,7.258027,-0.931100
528.000000,52.294950,-382.515568,0.009210,7.272044,7.272044,-0.862788
530.000000,50.584685,-383.550390,0.008915,7.299235,7.299235,-0.791346
532.000000,48.893110,-384.615493,0.008574,7.336900,7.336900,-0.714611
534.000000,47.220093,-385.709520,0.008231,7.382846,7.382846,-0.631826
536.000000,45.565207,-386.830788,0.007968,7.434143,7.434143,-0.542051
538.000000,43.928334,-387.978191,0.007796,7.488752,7.488752,-0.441072
540.000000,42.309536,-389.150961,0.007671,7.545428,7.545428,-0.334945
542.000000,40.708865,-390.348352,0.007592,7.602896,7.602896,-0.232721
544.000000,39.126536,-391.569880,0.007549,7.660640,7.660640,-0.119544
546.000000,37.562807,-392.815131,0.007503,7.718667,7.718667,0.009356
548.000000,36.017979,-394.083754,0.007413,7.777129,7.777129,0.149853
550.000000,34.492142,-395.375157,0.007275,7.836489,7.836489,0.296505
552.000000,32.985277,-396.688651,0.007079,7.897556,7.897556,0.444103
554.000000,31.497211,-398.023407,0.006820,7.961185,7.961185,0.592536
556.000000,30.027485,-399.378333,0.006555,8.028605,8.028605,0.744539
558.000000,28.575578,-400.752340,0.006309,8.100946,8.100946,0.902649
560.000000,27.141173,-402.144611,0.006014,8.178711,8.178711,1.067070
562.000000,25.723682,-403.554100,0.005662,8.261973,8.261973,1.234583
564.000000,24.322190,-404.979502,0.005310,8.349020,8.349020,1.401145
566.000000,22.935916,-406.419712,0.004853,8.438460,8.438460,1.563440
568.000000,21.564005,-407.873613,0.004198,8.528679,8.528679,1.720394
570.000000,20.204252,-409.338893,0.003504,8.616515,8.616515,1.870604
572.000000,18.854756,-410.813630,0.002828,8.699896,8.699896,2.013655
574.000000,17.513728,-412.296072,0.002167,8.776909,8.776909,2.149347
576.000000,16.178911,-413.784111,0.001641,8.845863,8.845863,2.275505
578.000000,14.848917,-415.276463,0.001226,8.906021,8.906021,2.390652
580.000000,13.522612,-416.772095,0.000854,8.956900,8.956900,2.492161
582.000000,12.198748,-418.269888,0.000580,8.998218,8.998218,2.578564
584.000000,10.876525,-419.769131,0.000412,9.029921,9.029921,2.651095
586.000000,9.555525,-421.269451,0.000314,9.052203,9.052203,2.711322
588.000000,8.235374,-422.770518,0.000288,9.065498,9.065498,2.760006
590.000000,6.916076,-424.272334,0.000302,9.071044,9.071044,2.798130
592.000000,5.597681,-425.774944,0.000327,9.069537,9.069537,2.827441
594.000000,4.280252,-427.278401,0.000341,9.061686,9.061686,2.850131
596.000000,2.963915,-428.782813,0.000322,9.047818,9.047818,2.868183
598.000000,1.648526,-430.288055,0.000307,9.027995,9.027995,2.882784
600.000000,0.334027,-431.794074,0.000323,9.002338,9.002338,2.893198
602.000000,-0.979506,-433.300935,0.000351,8.971285,8.971285,2.898897
604.000000,-2.291971,-434.808728,0.000376,8.935858,8.935858,2.899853
606.000000,-3.603305,-436.317503,0.000371,8.897054,8.897054,2.895812
608.000000,-4.913436,-437.827324,0.000307,8.856365,8.856365,2.886483
610.000000,-6.222630,-439.337956,0.000201,8.814785,8.814785,2.874544
612.000000,-7.531193,-440.849136,0.000073,8.772907,8.772907,2.866572
614.000000,-8.839524,-442.360517,-0.000064,8.731231,8.731231,2.861110
616.000000,-10.148072,-443.871709,-0.000190,8.689959,8.689959,2.855846
618.000000,-11.457197,-445.382402,-0.000299,8.649344,8.649344,2.852631
620.000000,-12.767243,-446.892296,-0.000387,8.609596,8.609596,2.851955
622.000000,-14.078476,-448.401159,-0.000460,8.570948,8.570948,2.852428
624.000000,-15.391085,-449.908826,-0.000518,8.533541,8.533541,2.853878
626.000000,-16.705307,-451.415087,-0.000558,8.497407,8.497407,2.856403
628.000000,-18.021165,-452.919918,-0.000607,8.462466,8.462466,2.860340
630.000000,-19.338855,-454.423146,-0.000670,8.428576,8.428576,2.865522
632.000000,-20.658546,-455.924616,-0.000735,8.395721,8.395721,2.871854
634.000000,-21.980446,-457.424143,-0.000808,8.364076,8.364076,2.879485
636.000000,-23.304742,-458.921555,-0.000898,8.334268,8.334268,2.888294
638.000000,-24.631713,-460.416596,-0.001015,8.306838,8.306838,2.897635
640.000000,-25.961683,-461.908969,-0.001146,8.282456,8.282456,2.907002
642.000000,-27.295099,-463.398264,-0.001262,8.261243,8.261243,2.915501
644.000000,-28.632285,-464.884175,-0.001345,8.242777,8.242777,2.922081
646.000000,-29.973491,-466.366458,-0.001373,8.226399,8.226399,2.925884
648.000000,-31.318846,-467.844977,-0.001325,8.211079,8.211079,2.926744
650.000000,-32.668138,-469.319904,-0.001179,8.196062,8.196062,2.925335
652.000000,-34.021053,-470.791509,-0.000941,8.180712,8.180712,2.922501
654.000000,-35.376674,-472.260621,-0.000694,8.164844,8.164844,2.920048
656.000000,-36.734330,-473.727854,-0.000461,8.148492,8.148492,2.919190
658.000000,-38.093362,-475.193811,-0.000280,8.131717,8.131717,2.920254
660.000000,-39.453012,-476.659196,-0.000232,8.114672,8.114672,2.923231
662.000000,-40.813332,-478.123959,-0.000283,8.097626,8.097626,2.926970
664.000000,-42.174414,-479.588014,-0.000403,8.080868,8.080868,2.931341
666.000000,-43.536612,-481.051031,-0.000580,8.064926,8.064926,2.936517
668.000000,-44.900530,-482.512444,-0.000770,8.050545,8.050545,2.942153
670.000000,-46.266676,-483.971774,-0.000954,8.038251,8.038251,2.948256
672.000000,-47.635633,-485.428468,-0.001118,8.028654,8.028654,2.954546
674.000000,-49.007861,-486.882079,-0.001252,8.021945,8.021945,2.960691
676.000000,-50.383745,-488.332232,-0.001375,8.018068,8.018068,2.965991
678.000000,-51.763575,-489.778630,-0.001495,8.016878,8.016878,2.969925
680.000000,-53.147779,-491.220842,-0.001580,8.017538,8.017538,2.972093
682.000000,-54.536552,-492.658656,-0.001627,8.019558,8.019558,2.972355
684.000000,-55.930004,-494.091935,-0.001630,8.022467,8.022467,2.970069
686.000000,-57.328202,-495.520584,-0.001572,8.025660,8.025660,2.964466
688.000000,-58.730874,-496.944841,-0.001460,8.028918,8.028918,2.955354
690.000000,-60.137784,-498.364913,-0.001309,8.032095,8.032095,2.942515
692.000000,-61.548357,-499.781346,-0.001167,8.035294,8.035294,2.926572
694.000000,-62.962217,-501.194498,-0.001034,8.038633,8.038633,2.908352
696.000000,-64.379041,-502.604679,-0.000923,8.042186,8.042186,2.888565
698.000000,-65.798330,-504.012379,-0.000882,8.046034,8.046034,2.867919
700.000000,-67.220126,-505.417546,-0.000864,8.050096,8.050096,2.846061
702.000000,-68.644363,-506.820239,-0.000852,8.054301,8.054301,2.822674
704.000000,-70.070909,-508.220585,-0.000888,8.058556,8.058556,2.797616
706.000000,-71.499949,-509.618386,-0.000957,8.062706,8.062706,2.770458
708.000000,-72.931629,-511.013481,-0.001047,8.066577,8.066577,2.741109
710.000000,-74.366216,-512.405587,-0.001121,8.069952,8.069952,2.709453
712.000000,-75.804011,-513.794379,-0.001135,8.072511,8.072511,2.675559
714.000000,-77.244948,-515.179912,-0.001042,8.073965,8.073965,2.639992
716.000000,-78.688986,-516.562213,-0.000828,8.074032,8.074032,2.603370
718.000000,-80.135214,-517.942222,-0.000613,8.072694,8.072694,2.567237
720.000000,-81.583104,-519.320487,-0.000447,8.070236,8.070236,2.532609
722.000000,-83.032246,-520.697436,-0.000361,8.066906,8.066906,2.500070
724.000000,-84.482145,-522.073587,-0.000437,8.063225,8.063225,2.469943
726.000000,-85.933253,-523.448465,-0.000624,8.059265,8.059265,2.441265
728.000000,-87.385994,-524.821616,-0.000850,8.055093,8.055093,2.413231
730.000000,-88.841109,-526.192251,-0.001033,8.050698,8.050698,2.384784
732.000000,-90.299165,-527.559756,-0.001126,8.046233,8.046233,2.355375
734.000000,-91.760273,-528.924001,-0.001118,8.041980,8.041980,2.324881
736.000000,-93.224628,-530.284759,-0.001013,8.038413,8.038413,2.292831
738.000000,-94.691623,-531.642672,-0.000910,8.035999,8.035999,2.259519
740.000000,-96.161101,-532.997896,-0.000810,8.034953,8.034953,2.224584
742.000000,-97.632850,-534.350655,-0.000685,8.035489,8.035489,2.188285
744.000000,-99.106351,-535.701505,-0.000610,8.037490,8.037490,2.151621
746.000000,-100.581485,-537.050571,-0.000567,8.040593,8.040593,2.114915
748.000000,-102.058183,-538.397926,-0.000508,8.044437,8.044437,2.078239
750.000000,-103.536236,-539.743793,-0.000448,8.048605,8.048605,2.041871
752.000000,-105.015488,-541.088343,-0.000401,8.052590,8.052590,2.006210
754.000000,-106.495805,-542.431720,-0.000399,8.055941,8.055941,1.971530
756.000000,-107.977102,-543.774017,-0.000449,8.057986,8.057986,1.937893
758.000000,-109.459657,-545.114924,-0.000491,8.058313,8.058313,1.904931
760.000000,-110.943535,-546.454367,-0.000496,8.056708,8.056708,1.872652
762.000000,-112.428770,-547.792305,-0.000473,8.053002,8.053002,1.841019
764.000000,-113.915282,-549.128823,-0.000442,8.047547,8.047547,1.809931
766.000000,-115.402943,-550.464063,-0.000432,8.040585,8.040585,1.779649
768.000000,-116.891751,-551.798024,-0.000437,8.032413,8.032413,1.750509
770.000000,-118.381727,-553.130680,-0.000451,8.023348,8.023348,1.722728
772.000000,-119.872883,-554.462016,-0.000504,8.013527,8.013527,1.696531
774.000000,-121.365314,-555.791921,-0.000599,8.003079,8.003079,1.672108
776.000000,-122.859377,-557.119994,-0.000692,7.992149,7.992149,1.649577
778.000000,-124.355271,-558.446004,-0.000761,7.981029,7.981029,1.629325
780.000000,-125.853216,-559.769696,-0.000807,7.970027,7.970027,1.611034
782.000000,-127.353290,-561.090975,-0.000838,7.959748,7.959748,1.594086
784.000000,-128.855587,-562.409725,-0.000860,7.950769,7.950769,1.577607
786.000000,-130.360152,-563.725888,-0.000883,7.943489,7.943489,1.560741
788.000000,-131.867022,-565.039411,-0.000909,7.938284,7.938284,1.543029
790.000000,-133.376301,-566.350165,-0.000932,7.935125,7.935125,1.524342
792.000000,-134.887991,-567.658138,-0.000967,7.933869,7.933869,1.504411
794.000000,-136.402206,-568.963187,-0.001008,7.934212,7.934212,1.482807
796.000000,-137.919057,-570.265171,-0.001049,7.935703,7.935703,1.459105
798.000000,-139.438622,-571.563987,-0.001056,7.938173,7.938173,1.433040
800.000000,-140.961029,-572.859470,-0.000974,7.941484,7.941484,1.404572
802.000000,-142.485992,-574.151943,-0.000820,7.945802,7.945802,1.374645
804.000000,-144.013082,-575.441903,-0.000671,7.951260,7.951260,1.344396
806.000000,-145.541829,-576.729898,-0.000570,7.957972,7.957972,1.314434
808.000000,-147.072058,-578.016133,-0.000499,7.965758,7.965758,1.284770
810.000000,-148.603536,-579.300880,-0.000464,7.974149,7.974149,1.255395
812.000000,-150.136165,-580.584255,-0.000462,7.982684,7.982684,1.226492
814.000000,-151.670004,-581.866183,-0.000449,7.990604,7.990604,1.198636
816.000000,-153.205013,-583.146708,-0.000436,7.997601,7.997601,1.172449
818.000000,-154.741069,-584.425980,-0.000450,8.003603,8.003603,1.148704
820.000000,-156.278327,-585.703804,-0.000485,8.008862,8.008862,1.127360
822.000000,-157.816734,-586.980246,-0.000600,8.013806,8.013806,1.108539
824.000000,-159.356597,-588.254932,-0.000795,8.018646,8.018646,1.091834
826.000000,-160.898513,-589.527133,-0.000974,8.023563,8.023563,1.076059
828.000000,-162.442960,-590.796260,-0.001091,8.028330,8.028330,1.060260
830.000000,-163.990186,-592.061996,-0.001160,8.032767,8.032767,1.043899
832.000000,-165.540376,-593.324101,-0.001165,8.036669,8.036669,1.026780
834.000000,-167.093577,-594.582500,-0.001092,8.040078,8.040078,1.008692
836.000000,-168.649531,-595.837492,-0.000971,8.043265,8.043265,0.989562
838.000000,-170.207946,-597.089428,-0.000861,8.046523,8.046523,0.969353
840.000000,-171.768425,-598.338790,-0.000804,8.050242,8.050242,0.948382
842.000000,-173.330927,-599.585621,-0.000769,8.054556,8.054556,0.926625
844.000000,-174.895347,-600.830045,-0.000733,8.059536,8.059536,0.904417
846.000000,-176.461571,-602.072196,-0.000706,8.065116,8.065116,0.881992
848.000000,-178.029554,-603.312128,-0.000706,8.071215,8.071215,0.859494
850.000000,-179.599226,-604.549920,-0.000701,8.077738,8.077738,0.837327
852.000000,-181.170755,-605.785355,-0.000650,8.084540,8.084540,0.815389
854.000000,-182.743817,-607.018835,-0.000617,8.091285,8.091285,0.794016
856.000000,-184.318373,-608.250410,-0.000630,8.097734,8.097734,0.773291
858.000000,-185.894485,-609.479991,-0.000656,8.103620,8.103620,0.753274
860.000000,-187.472193,-610.707524,-0.000691,8.108592,8.108592,0.734014
862.000000,-189.051595,-611.932876,-0.000744,8.112568,8.112568,0.715376
864.000000,-190.632789,-613.155916,-0.000828,8.115512,8.115512,0.697072
866.000000,-192.215991,-614.376356,-0.000941,8.117477,8.117477,0.678326
868.000000,-193.801475,-615.593828,-0.001116,8.118473,8.118473,0.658560
870.000000,-195.389551,-616.807917,-0.001332,8.118444,8.118444,0.637187
872.000000,-196.981007,-618.017572,-0.001473,8.117005,8.117005,0.612537
874.000000,-198.576012,-619.222543,-0.001514,8.114060,8.114060,0.584378
876.000000,-200.174754,-620.422552,-0.001466,8.109676,8.109676,0.552773
878.000000,-201.777026,-621.617844,-0.001350,8.104112,8.104112,0.518473
880.000000,-203.382543,-622.808773,-0.001213,8.098708,8.098708,0.482119
882.000000,-204.990921,-623.995838,-0.001068,8.094282,8.094282,0.444272
884.000000,-206.601863,-625.179418,-0.000936,8.091656,8.091656,0.405319
886.000000,-208.214945,-626.360082,-0.000858,8.091167,8.091167,0.366001
888.000000,-209.830033,-627.538000,-0.000817,8.092595,8.092595,0.326517
890.000000,-211.447062,-628.713251,-0.000772,8.095473,8.095473,0.286660
892.000000,-213.065894,-629.886019,-0.000740,8.098926,8.098926,0.246109
894.000000,-214.686430,-631.056430,-0.000723,8.102472,8.102472,0.204849
896.000000,-216.308686,-632.224456,-0.000717,8.105704,8.105704,0.163116
898.000000,-217.932557,-633.390236,-0.000738,8.108551,8.108551,0.121721
900.000000,-219.558168,-634.553590,-0.000734,8.111335,8.111335,0.081140
902.000000,-221.185560,-635.714449,-0.000706,8.114343,8.114343,0.041585
904.000000,-222.814470,-636.873178,-0.000734,8.117856,8.117856,0.003314
906.000000,-224.445113,-638.029466,-0.000766,8.122055,8.122055,-0.034346
908.000000,-226.077568,-639.183195,-0.000766,8.126873,8.126873,-0.071793
910.000000,-227.711741,-640.334489,-0.000784,8.131898,8.131898,-0.108993
912.000000,-229.347729,-641.483203,-0.000799,8.136492,8.136492,-0.146133
914.000000,-230.985574,-642.629267,-0.000754,8.140172,8.140172,-0.183260
916.000000,-232.625220,-643.772754,-0.000642,8.142369,8.142369,-0.220070
918.000000,-234.266307,-644.914171,-0.000513,8.142689,8.142689,-0.256152
920.000000,-235.908581,-646.053880,-0.000418,8.141067,8.141067,-0.291510
922.000000,-237.551724,-647.192336,-0.000414,8.137526,8.137526,-0.326065
924.000000,-239.195749,-648.329518,-0.000512,8.132331,8.132331,-0.360205
926.000000,-240.840910,-649.465056,-0.000741,8.125733,8.125733,-0.394553
928.000000,-242.487567,-650.598422,-0.001089,8.117956,8.117956,-0.429773
930.000000,-244.136812,-651.728020,-0.001393,8.109129,8.109129,-0.467777
932.000000,-245.789225,-652.852976,-0.001579,8.099302,8.099302,-0.509539
934.000000,-247.445265,-653.972586,-0.001656,8.088539,8.088539,-0.555793
936.000000,-249.105049,-655.086640,-0.001631,8.076939,8.076939,-0.606599
938.000000,-250.768508,-656.195197,-0.001515,8.064777,8.064777,-0.661677
940.000000,-252.435366,-657.298637,-0.001280,8.052319,8.052319,-0.720493
942.000000,-254.105156,-658.397637,-0.000966,8.039939,8.039939,-0.782285
944.000000,-255.776964,-659.493564,-0.000690,8.028169,8.028169,-0.845406
946.000000,-257.450292,-660.587171,-0.000478,8.017225,8.017225,-0.908961
948.000000,-259.124607,-661.679265,-0.000321,8.007245,8.007245,-0.971997
950.000000,-260.799611,-662.770303,-0.000193,7.998140,7.998140,-1.033860
952.000000,-262.475049,-663.860674,-0.000075,7.989748,7.989748,-1.094105
954.000000,-264.150618,-664.950843,0.000021,7.981888,7.981888,-1.152250
956.000000,-265.826141,-666.041083,0.000105,7.974466,7.974466,-1.207982
958.000000,-267.501440,-667.131667,0.000206,7.967564,7.967564,-1.261040
960.000000,-269.176316,-668.222901,0.000330,7.961322,7.961322,-1.310841
962.000000,-270.850464,-669.315252,0.000439,7.956075,7.956075,-1.356294
964.000000,-272.523606,-670.409142,0.000482,7.952115,7.952115,-1.396193
966.000000,-274.195645,-671.504718,0.000445,7.949637,7.949637,-1.429846
968.000000,-275.866677,-672.601829,0.000358,7.948805,7.948805,-1.457279
970.000000,-277.536926,-673.700131,0.000255,7.949582,7.949582,-1.479258
972.000000,-279.206604,-674.799303,0.000132,7.951849,7.951849,-1.496761
974.000000,-280.875970,-675.898947,0.000007,7.955393,7.955393,-1.510796
976.000000,-282.545366,-676.998546,-0.000083,7.960001,7.960001,-1.522349
978.000000,-284.214949,-678.097861,-0.000151,7.965626,7.965626,-1.531975
980.000000,-285.884856,-679.196684,-0.000238,7.972278,7.972278,-1.540155
982.000000,-287.555255,-680.294758,-0.000363,7.980222,7.980222,-1.547359
984.000000,-289.226438,-681.391640,-0.000554,7.989704,7.989704,-1.554189
986.000000,-290.898748,-682.486801,-0.000849,8.000941,8.000941,-1.561437
988.000000,-292.572869,-683.579192,-0.001212,8.014107,8.014107,-1.570837
990.000000,-294.249655,-684.667487,-0.001595,8.029014,8.029014,-1.584589
992.000000,-295.929856,-685.750501,-0.001982,8.045464,8.045464,-1.604651
994.000000,-297.614397,-686.826752,-0.002270,8.063162,8.063162,-1.633291
996.000000,-299.303933,-687.895143,-0.002373,8.081750,8.081750,-1.672404
998.000000,-300.998593,-688.955388,-0.002309,8.100804,8.100804,-1.722648
1000.000000,-302.698205,-690.007675,-0.002137,8.119708,8.119708,-1.783277
1002.000000,-304.402294,-691.052698,-0.001915,8.137449,8.137449,-1.852531
1004.000000,-306.110409,-692.091130,-0.001650,8.153081,8.153081,-1.928711
1006.000000,-307.821955,-693.123897,-0.001354,8.165482,8.165482,-2.010061
1008.000000,-309.536290,-694.152027,-0.001057,8.173191,8.173191,-2.095203
1010.000000,-311.252784,-695.176552,-0.000683,8.175934,8.175934,-2.183079
1012.000000,-312.970855,-696.198429,-0.000172,8.173685,8.173685,-2.272874
1014.000000,-314.689208,-697.219831,0.000339,8.167192,8.167192,-2.362405
1016.000000,-316.406826,-698.242470,0.000761,8.157902,8.157902,-2.449911
1018.000000,-318.122862,-699.267759,0.001051,8.146849,8.146849,-2.533819
1020.000000,-319.836559,-700.296954,0.001154,8.134649,8.134649,-2.612700
1022.000000,-321.547881,-701.330092,0.001129,8.121414,8.121414,-2.686541
1024.000000,-323.256780,-702.367234,0.000965,8.106862,8.106862,-2.754961
1026.000000,-324.963557,-703.407865,0.000671,8.090303,8.090303,-2.817589
1028.000000,-326.668987,-704.450703,0.000348,8.070657,8.070657,-2.875180
1030.000000,-328.373650,-705.494793,-0.000081,8.047220,8.047220,-2.928644
1032.000000,-330.078293,-706.538916,-0.000626,8.019300,8.019300,-2.979088
1034.000000,-331.784420,-707.580613,-0.001061,7.985205,7.985205,-3.028729
1036.000000,-333.492810,-708.618592,-0.001350,7.944093,7.944093,-3.077962
1038.000000,-335.204001,-709.651948,-0.001554,7.895251,7.895251,-3.127194
1040.000000,-336.918500,-710.679806,-0.001616,7.838150,7.838150,-3.177346
1042.000000,-338.636382,-711.701999,-0.001503,7.773033,7.773033,-3.228884
1044.000000,-340.357439,-712.718839,-0.001274,7.700259,7.700259,-3.281619
1046.000000,-342.081019,-713.731395,-0.001045,7.620924,7.620924,-3.334164
1048.000000,-343.806725,-714.740324,-0.000845,7.535962,7.535962,-3.385542
1050.000000,-345.534107,-715.746382,-0.000639,7.446084,7.446084,-3.435442
1052.000000,-347.262822,-716.750148,-0.000452,7.352227,7.352227,-3.482909
1054.000000,-348.992334,-717.752540,-0.000356,7.255209,7.255209,-3.523455
1056.000000,-350.722543,-718.753727,-0.000385,7.155498,7.155498,-3.551604
1058.000000,-352.453412,-719.753774,-0.000535,7.053574,7.053574,-3.563043
1060.000000,-354.185346,-720.751975,-0.000779,6.950240,6.950240,-3.558246
1062.000000,-355.918761,-721.747601,-0.001118,6.847012,6.847012,-3.539355
1064.000000,-357.654351,-722.739431,-0.001546,6.745556,6.745556,-3.498886
1066.000000,-359.392981,-723.725919,-0.002028,6.648231,6.648231,-3.421293
1068.000000,-361.135568,-724.705401,-0.002650,6.557735,6.557735,-3.303996
1070.000000,-362.883113,-725.676002,-0.003597,6.477051,6.477051,-3.150821
1072.000000,-364.637394,-726.634370,-0.004821,6.410774,6.410774,-2.960810
1074.000000,-366.400886,-727.575669,-0.006153,6.363131,6.363131,-2.730658
1076.000000,-368.175684,-728.495450,-0.007802,6.337409,6.337409,-2.463931
1078.000000,-369.964220,-729.388190,-0.009851,6.336747,6.336747,-2.166842
1080.000000,-371.770133,-730.245203,-0.011923,6.363714,6.363714,-1.837073
1082.000000,-373.595929,-731.058911,-0.013936,6.416644,6.416644,-1.502228
1084.000000,-375.443597,-731.821585,-0.016063,6.494000,6.494000,-1.178716
1086.000000,-377.314729,-732.524693,-0.018173,6.593560,6.593560,-0.860022
1088.000000,-379.210288,-733.158851,-0.020188,6.712098,6.712098,-0.525554
1090.000000,-381.129727,-733.716549,-0.022163,6.846945,6.846945,-0.177041
1092.000000,-383.072189,-734.188010,-0.023619,6.994598,6.994598,0.158105
1094.000000,-385.034936,-734.566102,-0.024411,7.151506,7.151506,0.468714
1096.000000,-387.013658,-734.848444,-0.025250,7.314057,7.314057,0.745884
1098.000000,-389.003985,-735.031079,-0.026424,7.475795,7.475795,0.998470
1100.000000,-391.001087,-735.108315,-0.027868,7.630922,7.630922,1.226743
1102.000000,-392.999372,-735.075004,-0.029821,7.773637,7.773637,1.415177
1104.000000,-394.992221,-734.923350,-0.032406,7.898519,7.898519,1.559482
1106.000000,-396.971159,-734.643554,-0.035202,8.002607,8.002607,1.674503
1108.000000,-398.925246,-734.224532,-0.037535,8.082158,8.082158,1.754182
1110.000000,-400.841892,-733.659680,-0.039567,8.141332,8.141332,1.785801
1112.000000,-402.708287,-732.946232,-0.042379,8.182598,8.182598,1.769696
1114.000000,-404.508685,-732.078906,-0.044869,8.212874,8.212874,1.710893
1116.000000,-406.221083,-731.048897,-0.045169,8.236817,8.236817,1.592939
1118.000000,-407.834021,-729.869891,-0.044657,8.261033,8.261033,1.423411
1120.000000,-409.335709,-728.552138,-0.044644,8.289743,8.289743,1.203340
1122.000000,-410.714489,-727.105701,-0.043754,8.324770,8.324770,0.978165
1124.000000,-411.958388,-725.541635,-0.041044,8.367057,8.367057,0.757432
1126.000000,-413.070785,-723.881580,-0.037310,8.414426,8.414426,0.528506
1128.000000,-414.054769,-722.142378,-0.033342,8.464862,8.464862,0.264016
1130.000000,-414.922524,-720.342097,-0.029415,8.512841,8.512841,-0.030762
1132.000000,-415.681626,-718.493123,-0.025327,8.555542,8.555542,-0.319251
1134.000000,-416.346870,-716.608262,-0.021283,8.588907,8.588907,-0.562674
1136.000000,-416.931732,-714.696845,-0.017640,8.612238,8.612238,-0.740596
1138.000000,-417.449002,-712.766031,-0.014349,8.625452,8.625452,-0.877975
1140.000000,-417.911383,-710.821330,-0.011530,8.629823,8.629823,-0.983600
1142.000000,-418.329122,-708.866517,-0.008940,8.626725,8.626725,-1.053029
1144.000000,-418.711483,-706.904451,-0.006359,8.616834,8.616834,-1.099506
1146.000000,-419.069381,-704.937766,-0.004138,8.600756,8.600756,-1.130554
1148.000000,-419.411782,-702.968313,-0.002532,8.576666,8.576666,-1.142580
1150.000000,-419.744562,-700.997208,-0.001412,8.543945,8.543945,-1.132453
1152.000000,-420.072206,-699.025242,-0.000733,8.502684,8.502684,-1.100685
1154.000000,-420.397489,-697.052885,-0.000479,8.453362,8.453362,-1.054247
1156.000000,-420.721074,-695.080249,-0.000445,8.397316,8.397316,-1.002672
1158.000000,-421.042856,-693.107318,-0.000446,8.335809,8.335809,-0.955890
1160.000000,-421.362920,-691.134108,-0.000497,8.269764,8.269764,-0.913654
1162.000000,-421.681190,-689.160607,-0.000570,8.199730,8.199730,-0.867845
1164.000000,-421.996918,-687.186698,-0.000545,8.126275,8.126275,-0.818755
1166.000000,-422.310534,-685.212453,-0.000431,8.049463,8.049463,-0.765315
1168.000000,-422.622313,-683.237916,-0.000282,7.969608,7.969608,-0.705837
1170.000000,-422.933074,-681.263219,-0.000203,7.887070,7.887070,-0.639933
1172.000000,-423.243252,-679.288430,-0.000300,7.802558,7.802558,-0.564919
1174.000000,-423.552411,-677.313482,-0.000491,7.717603,7.717603,-0.479855
1176.000000,-423.859456,-675.338204,-0.000643,7.633664,7.633664,-0.387155
1178.000000,-424.164000,-673.362538,-0.000730,7.551957,7.551957,-0.286364
1180.000000,-424.465499,-671.386406,-0.000755,7.474122,7.474122,-0.175666
1182.000000,-424.764047,-669.409826,-0.000731,7.400940,7.400940,-0.053866
1184.000000,-425.059616,-667.432798,-0.000667,7.333100,7.333100,0.075479
1186.000000,-425.352545,-665.455377,-0.000582,7.271073,7.271073,0.202871
1188.000000,-425.643188,-663.477619,-0.000499,7.214828,7.214828,0.319088
1190.000000,-425.931847,-661.499570,-0.000387,7.164342,7.164342,0.419412
1192.000000,-426.218872,-659.521284,-0.000277,7.119349,7.119349,0.500406
1194.000000,-426.505030,-657.542872,-0.000264,7.079408,7.079408,0.557058
1196.000000,-426.790171,-655.564313,-0.000254,7.044348,7.044348,0.589424
1198.000000,-427.074042,-653.585571,-0.000123,7.013994,7.013994,0.595060
1200.000000,-427.357446,-651.606763,0.000126,6.988301,6.988301,0.569375
1202.000000,-427.641107,-649.627991,0.000571,6.967619,6.967619,0.509258
1204.000000,-427.926710,-647.649499,0.001334,6.952542,6.952542,0.417709
1206.000000,-428.217201,-645.671720,0.002450,6.943868,6.943868,0.298304
1208.000000,-428.517066,-643.695342,0.003835,6.942567,6.942567,0.152608
1210.000000,-428.832009,-641.721319,0.005370,6.949687,6.949687,-0.019151
1212.000000,-429.167970,-639.750766,0.006979,6.966347,6.966347,-0.222291
1214.000000,-429.531468,-637.785110,0.008559,6.993347,6.993347,-0.459184
1216.000000,-429.928644,-635.825992,0.010238,7.031089,7.031089,-0.722669
1218.000000,-430.365148,-633.875269,0.012018,7.079692,7.079692,-0.991406
1220.000000,-430.849239,-631.935811,0.013476,7.138559,7.138559,-1.247918
1222.000000,-431.385595,-630.010165,0.014713,7.206234,7.206234,-1.487178
1224.000000,-431.977940,-628.101013,0.016078,7.281473,7.281473,-1.712370
1226.000000,-432.631437,-626.211922,0.017361,7.362644,7.362644,-1.930432
1228.000000,-433.350556,-624.346849,0.018424,7.447315,7.447315,-2.130380
1230.000000,-434.137595,-622.509447,0.019485,7.533813,7.533813,-2.299107
1232.000000,-434.995597,-620.704117,0.020572,7.619985,7.619985,-2.434741
1234.000000,-435.927171,-618.935669,0.021577,7.703590,7.703590,-2.544374
1236.000000,-436.934168,-617.209117,0.022520,7.782697,7.782697,-2.637217
1238.000000,-438.017799,-615.529630,0.023309,7.855193,7.855193,-2.724502
1240.000000,-439.178928,-613.902794,0.023908,7.919220,7.919220,-2.797649
1242.000000,-440.416138,-612.333051,0.024598,7.974244,7.974244,-2.842430
1244.000000,-441.728868,-610.825857,0.025459,8.019710,8.019710,-2.856806
1246.000000,-443.116641,-609.387429,0.026457,8.056123,8.056123,-2.841107
1248.000000,-444.578179,-608.023942,0.027213,8.083755,8.083755,-2.787617
1250.000000,-446.112912,-606.743440,0.027330,8.103619,8.103619,-2.690277
1252.000000,-447.714723,-605.548053,0.027292,8.115828,8.115828,-2.552729
1254.000000,-449.379438,-604.442029,0.027282,8.120261,8.120261,-2.370953
1256.000000,-451.102003,-603.428513,0.027120,8.116187,8.116187,-2.139611
1258.000000,-452.876975,-602.509848,0.026867,8.104283,8.104283,-1.860028
1260.000000,-454.698764,-601.687873,0.026526,8.085460,8.085460,-1.540440
1262.000000,-456.561601,-600.963640,0.026125,8.062637,8.062637,-1.189077
1264.000000,-458.459751,-600.337589,0.025470,8.038645,8.038645,-0.810630
1266.000000,-460.387628,-599.809864,0.024215,8.015987,8.015987,-0.402000
1268.000000,-462.338910,-599.376472,0.022402,7.997922,7.997922,0.027076
1270.000000,-464.307735,-599.031184,0.020149,7.982946,7.982946,0.462104
1272.000000,-466.288932,-598.766073,0.017647,7.969578,7.969578,0.906106
1274.000000,-468.278197,-598.570406,0.015249,7.954818,7.954818,1.357028
1276.000000,-470.272561,-598.435588,0.012984,7.937333,7.937333,1.813556
1278.000000,-472.269753,-598.352358,0.010993,7.915967,7.915967,2.272330
1280.000000,-474.268296,-598.312220,0.009477,7.892133,7.892133,2.722163
1282.000000,-476.267258,-598.309878,0.008233,7.867847,7.867847,3.148436
1284.000000,-478.265996,-598.340302,0.007097,7.845442,7.845442,3.545880
1286.000000,-480.264112,-598.398975,0.006091,7.828195,7.828195,3.906917
1288.000000,-482.261381,-598.481794,0.005212,7.817553,7.817553,4.223991
1290.000000,-484.257685,-598.585375,0.004425,7.814456,7.814456,4.504595
1292.000000,-486.253003,-598.706507,0.003691,7.818986,7.818986,4.754301
1294.000000,-488.247373,-598.842399,0.002936,7.830379,7.830379,4.969048
1296.000000,-490.240906,-598.990096,0.002185,7.847769,7.847769,5.140551
1298.000000,-492.233797,-599.146230,0.001535,7.869884,7.869884,5.272198
1300.000000,-494.226199,-599.308511,0.000952,7.895723,7.895723,5.377901
1302.000000,-496.218294,-599.474513,0.000466,7.924546,7.924546,5.460248
1304.000000,-498.210258,-599.642085,0.000137,7.955708,7.955708,5.511376
1306.000000,-500.202174,-599.810220,-0.000109,7.988835,7.988835,5.539583
1308.000000,-502.194135,-599.977835,-0.000312,8.023520,8.023520,5.555894
1310.000000,-504.186200,-600.144196,-0.000444,8.059393,8.059393,5.556955
1312.000000,-506.178427,-600.308613,-0.000485,8.096069,8.096069,5.540371
1314.000000,-508.170813,-600.471098,-0.000491,8.132670,8.132670,5.504702
1316.000000,-510.163353,-600.631668,-0.000501,8.168446,8.168446,5.449291
1318.000000,-512.156059,-600.790175,-0.000479,8.202555,8.202555,5.375667
1320.000000,-514.148918,-600.946736,-0.000442,8.233923,8.233923,5.287807
1322.000000,-516.141910,-601.101612,-0.000443,8.261783,8.261783,5.189718
1324.000000,-518.135034,-601.254760,-0.000479,8.285418,8.285418,5.085286
1326.000000,-520.128306,-601.405982,-0.000495,8.304114,8.304114,4.975901
1328.000000,-522.121733,-601.555148,-0.000516,8.317449,8.317449,4.861448
1330.000000,-524.115298,-601.702459,-0.000562,8.325136,8.325136,4.742405
1332.000000,-526.109043,-601.847306,-0.000566,8.327061,8.327061,4.617901
1334.000000,-528.102945,-601.989974,-0.000542,8.323308,8.323308,4.487185
1336.000000,-530.097003,-602.130445,-0.000511,8.314010,8.314010,4.349207
1338.000000,-532.091206,-602.268848,-0.000461,8.299441,8.299441,4.204072
1340.000000,-534.085534,-602.405438,-0.000432,8.280015,8.280015,4.051556
1342.000000,-536.079975,-602.540376,-0.000419,8.256087,8.256087,3.891495
1344.000000,-538.074534,-602.673540,-0.000382,8.228095,8.228095,3.724100
1346.000000,-540.069192,-602.805222,-0.000315,8.196517,8.196517,3.550176
1348.000000,-542.063939,-602.935549,-0.000238,8.161670,8.161670,3.370325
1350.000000,-544.058741,-603.065039,-0.000168,8.123862,8.123862,3.185846
1352.000000,-546.053592,-603.193756,-0.000090,8.083369,8.083369,2.998106
1354.000000,-548.048463,-603.322180,-0.000027,8.040368,8.040368,2.808349
1356.000000,-550.043338,-603.450527,0.000012,7.995029,7.995029,2.616753
1358.000000,-552.038212,-603.578897,0.000042,7.947659,7.947659,2.422939
1360.000000,-554.033072,-603.707493,0.000095,7.898415,7.898415,2.226541
1362.000000,-556.027919,-603.836277,0.000186,7.847427,7.847427,2.027251
1364.000000,-558.022707,-603.965980,0.000258,7.794775,7.794775,1.825935
1366.000000,-560.017433,-604.096622,0.000331,7.740139,7.740139,1.623846
1368.000000,-562.012073,-604.228580,0.000423,7.683199,7.683199,1.423118
1370.000000,-564.006599,-604.362254,0.000493,7.623232,7.623232,1.225613
1372.000000,-566.000989,-604.497931,0.000523,7.559845,7.559845,1.033174
1374.000000,-567.995232,-604.635750,0.000534,7.493022,7.493022,0.846758
1376.000000,-569.989333,-604.775616,0.000562,7.422867,7.422867,0.667088
1378.000000,-571.983272,-604.917768,0.000607,7.350466,7.350466,0.496945
1380.000000,-573.977043,-605.062263,0.000703,7.276740,7.276740,0.339481
1382.000000,-575.970615,-605.209467,0.000780,7.202687,7.202687,0.198308
1384.000000,-577.963930,-605.360119,0.000711,7.129914,7.129914,0.075221
1386.000000,-579.957029,-605.513600,0.000547,7.058564,7.058564,-0.030621
1388.000000,-581.949956,-605.669307,0.000227,6.988524,6.988524,-0.118115
1390.000000,-583.942769,-605.826449,-0.000306,6.918593,6.918593,-0.186050
1392.000000,-585.935699,-605.982117,-0.000910,6.846276,6.846276,-0.235803
1394.000000,-587.928887,-606.134424,-0.001379,6.769531,6.769531,-0.266980
1396.000000,-589.922548,-606.280419,-0.001461,6.685472,6.685472,-0.283508
1398.000000,-591.916638,-606.420424,-0.001196,6.594659,6.594659,-0.288061
1400.000000,-593.911074,-606.555425,-0.000677,6.498328,6.498328,-0.283224
1402.000000,-595.905716,-606.687346,-0.000103,6.398573,6.398573,-0.269659
1404.000000,-597.900334,-606.819636,0.000140,6.300060,6.300060,-0.245517
1406.000000,-599.894905,-606.952632,0.000021,6.204689,6.204689,-0.210084
1408.000000,-601.889446,-607.086076,-0.000411,6.114088,6.114088,-0.161885
1410.000000,-603.884071,-607.218256,-0.001081,6.028823,6.028823,-0.098977
1412.000000,-605.878987,-607.345956,-0.001738,5.948995,5.948995,-0.018547
1414.000000,-607.874339,-607.466631,-0.002205,5.875322,5.875322,0.081951
1416.000000,-609.870226,-607.578105,-0.002391,5.810400,5.810400,0.204638
1418.000000,-611.866633,-607.679827,-0.002301,5.756813,5.756813,0.349818
1420.000000,-613.863500,-607.772096,-0.002050,5.717183,5.717183,0.517158
1422.000000,-615.860725,-607.856282,-0.001877,5.695023,5.695023,0.706701
1424.000000,-617.858237,-607.933346,-0.001953,5.691460,5.691460,0.916529
1426.000000,-619.856030,-608.002751,-0.002273,5.706659,5.706659,1.143759
1428.000000,-621.854107,-608.063394,-0.002919,5.740213,5.740213,1.387858
1430.000000,-623.852489,-608.112900,-0.003896,5.790644,5.790644,1.646178
1432.000000,-625.851191,-608.146798,-0.005011,5.855812,5.855812,1.910880
1434.000000,-627.850125,-608.160789,-0.006167,5.933774,5.933774,2.173871
1436.000000,-629.849076,-608.150114,-0.007283,6.022624,6.022624,2.427357
1438.000000,-631.847646,-608.110117,-0.008331,6.120817,6.120817,2.665146
1440.000000,-633.845267,-608.037034,-0.009299,6.227053,6.227053,2.883481
1442.000000,-635.841155,-607.926360,-0.010029,6.339757,6.339757,3.080469
1444.000000,-637.834401,-607.775512,-0.010556,6.457608,6.457608,3.256598
1446.000000,-639.824017,-607.582676,-0.011046,6.579381,6.579381,3.413481
1448.000000,-641.808886,-607.345935,-0.011446,6.703507,6.703507,3.554035
1450.000000,-643.787765,-607.063508,-0.011664,6.827672,6.827672,3.683599
1452.000000,-645.759520,-606.735013,-0.011783,6.949794,6.949794,3.808329
1454.000000,-647.722987,-606.360148,-0.011818,7.067381,7.067381,3.930135
1456.000000,-649.676994,-605.938742,-0.011686,7.177994,7.177994,4.046608
1458.000000,-651.620607,-605.471714,-0.011386,7.278454,7.278454,4.156799
1460.000000,-653.553043,-604.960381,-0.011018,7.365068,7.365068,4.263423
1462.000000,-655.473816,-604.406830,-0.010714,7.431876,7.431876,4.371023
1464.000000,-657.382301,-603.812277,-0.010446,7.474810,7.474810,4.481348
1466.000000,-659.277931,-603.177916,-0.010389,7.490139,7.490139,4.591383
1468.000000,-661.160328,-602.505289,-0.010832,7.473411,7.473411,4.701669
1470.000000,-663.027727,-601.792103,-0.011768,7.427389,7.427389,4.809747
1472.000000,-664.878160,-601.035997,-0.013245,7.355022,7.355022,4.905733
1474.000000,-666.708082,-600.231513,-0.015030,7.264338,7.264338,4.976252
1476.000000,-668.512817,-599.372074,-0.016734,7.164833,7.164833,5.016402
1478.000000,-670.287835,-598.452853,-0.018143,7.064395,7.064395,5.024184
1480.000000,-672.027862,-597.469032,-0.018998,6.973181,6.973181,4.994886
1482.000000,-673.729073,-596.419576,-0.019339,6.896364,6.896364,4.926828
1484.000000,-675.388248,-595.304859,-0.019075,6.837358,6.837358,4.818326
1486.000000,-677.002925,-594.126625,-0.018085,6.797640,6.797640,4.667728
1488.000000,-678.574065,-592.890912,-0.016700,6.774471,6.774471,4.478243
1490.000000,-680.102764,-591.603025,-0.014994,6.765383,6.765383,4.252242
1492.000000,-681.591944,-590.269632,-0.013106,6.766324,6.766324,3.995793
1494.000000,-683.046075,-588.898059,-0.011271,6.773750,6.773750,3.720498
1496.000000,-684.468609,-587.493707,-0.009400,6.785672,6.785672,3.443632
1498.000000,-685.864731,-586.063084,-0.007680,6.800364,6.800364,3.180305
1500.000000,-687.239090,-584.611518,-0.006259,6.817671,6.817671,2.930393
1502.000000,-688.595129,-583.142809,-0.005002,6.838369,6.838369,2.690442
1504.000000,-689.936660,-581.660834,-0.003957,6.864275,6.864275,2.461981
1506.000000,-691.266635,-580.168473,-0.003132,6.897641,6.897641,2.250058
1508.000000,-692.587249,-578.667817,-0.002418,6.939896,6.939896,2.056806
1510.000000,-693.900712,-577.160898,-0.001873,6.992424,6.992424,1.882178
1512.000000,-695.208789,-575.649299,-0.001563,7.056178,7.056178,1.727156
1514.000000,-696.512205,-574.133679,-0.001458,7.130803,7.130803,1.592475
1516.000000,-697.811414,-572.614452,-0.001591,7.215394,7.215394,1.476854
1518.000000,-699.106006,-571.091288,-0.001961,7.307638,7.307638,1.377671
1520.000000,-700.394678,-569.563113,-0.002519,7.404086,7.404086,1.291237
1522.000000,-701.675864,-568.028661,-0.003153,7.501194,7.501194,1.213630
1524.000000,-702.947074,-566.485934,-0.003628,7.593725,7.593725,1.140466
1526.000000,-704.206904,-564.933903,-0.003924,7.678395,7.678395,1.069213
1528.000000,-705.454561,-563.372071,-0.004028,7.752929,7.752929,0.998104
1530.000000,-706.689078,-561.799831,-0.003810,7.815058,7.815058,0.925642
1532.000000,-707.911579,-560.218229,-0.003403,7.865003,7.865003,0.850968
1534.000000,-709.123242,-558.628305,-0.002892,7.903787,7.903787,0.773336
1536.000000,-710.325474,-557.031238,-0.002231,7.932869,7.932869,0.693602
1538.000000,-711.520585,-555.428832,-0.001550,7.954533,7.954533,0.614118
1540.000000,-712.710855,-553.822826,-0.000998,7.970716,7.970716,0.537458
1542.000000,-713.898066,-552.214556,-0.000570,7.983005,7.983005,0.466609
1544.000000,-715.083415,-550.604914,-0.000236,7.992564,7.992564,0.402954
1546.000000,-716.268216,-548.994868,-0.000003,8.000217,8.000217,0.347435
1548.000000,-717.452932,-547.384760,0.000137,8.006427,8.006427,0.299825
1550.000000,-718.638327,-545.775152,0.000169,8.011560,8.011560,0.260539
1552.000000,-719.824214,-544.165905,0.000174,8.015248,8.015248,0.228928
1554.000000,-721.010611,-542.557035,0.000184,8.017138,8.017138,0.204182
1556.000000,-722.197733,-540.948700,0.000140,8.016839,8.016839,0.185500
1558.000000,-723.385263,-539.340666,0.000089,8.013616,8.013616,0.171408
1560.000000,-724.573046,-537.732819,0.000062,8.007129,8.007129,0.161015
1562.000000,-725.761061,-536.125143,0.000004,7.997102,7.997102,0.154240
1564.000000,-726.949159,-534.517529,-0.000097,7.983308,7.983308,0.151380
1566.000000,-728.136908,-532.909656,-0.000165,7.965692,7.965692,0.152752
1568.000000,-729.324031,-531.301322,-0.000170,7.944323,7.944323,0.158774
1570.000000,-730.510628,-529.692599,-0.000157,7.919456,7.919456,0.169931
1572.000000,-731.696713,-528.083499,-0.000166,7.891314,7.891314,0.186460
1574.000000,-732.882331,-526.474055,-0.000159,7.860105,7.860105,0.208777
1576.000000,-734.067263,-524.864105,-0.000117,7.826077,7.826077,0.236733
1578.000000,-735.251986,-523.254002,-0.000154,7.789550,7.789550,0.270526
1580.000000,-736.436312,-521.643607,-0.000239,7.750768,7.750768,0.309480
1582.000000,-737.619661,-520.032493,-0.000259,7.710013,7.710013,0.352383
1584.000000,-738.802282,-518.420846,-0.000281,7.667686,7.667686,0.399138
1586.000000,-739.984000,-516.808536,-0.000305,7.624229,7.624229,0.449583
1588.000000,-741.164627,-515.195427,-0.000303,7.580053,7.580053,0.503925
1590.000000,-742.344410,-513.581700,-0.000333,7.535687,7.535687,0.563205
1592.000000,-743.523059,-511.967145,-0.000390,7.491589,7.491589,0.628092
1594.000000,-744.700526,-510.351729,-0.000486,7.448230,7.448230,0.699419
1596.000000,-745.876449,-508.735187,-0.000596,7.406351,7.406351,0.777429
1598.000000,-747.050364,-507.117187,-0.000664,7.366513,7.366513,0.862975
1600.000000,-748.222136,-505.497635,-0.000765,7.329183,7.329183,0.957523
1602.000000,-749.391604,-503.876418,-0.000915,7.294904,7.294904,1.062464
1604.000000,-750.557904,-502.252920,-0.000977,7.264329,7.264329,1.178227
1606.000000,-751.720970,-500.627104,-0.000999,7.237842,7.237842,1.306376
1608.000000,-752.880978,-498.999106,-0.001119,7.215814,7.215814,1.447127
1610.000000,-754.037343,-497.368517,-0.001294,7.198549,7.198549,1.596369
1612.000000,-755.189474,-495.734935,-0.001490,7.186216,7.186216,1.748964
1614.000000,-756.336833,-494.097997,-0.001699,7.178954,7.178954,1.901718
1616.000000,-757.478480,-492.457071,-0.001860,7.176765,7.176765,2.053556
1618.000000,-758.614048,-490.811933,-0.002008,7.179510,7.179510,2.203808
1620.000000,-759.743051,-489.162282,-0.002207,7.187040,7.187040,2.351470
1622.000000,-760.864806,-487.507695,-0.002397,7.198999,7.198999,2.495827
1624.000000,-761.978463,-485.847646,-0.002523,7.214941,7.214941,2.636245
1626.000000,-763.083790,-484.182040,-0.002641,7.234498,7.234498,2.773778
1628.000000,-764.180332,-482.510637,-0.002790,7.257163,7.257163,2.910162
1630.000000,-765.267536,-480.833146,-0.002908,7.282376,7.282376,3.047046
1632.000000,-766.344842,-479.149280,-0.002992,7.309668,7.309668,3.184879
1634.000000,-767.412194,-477.459088,-0.003106,7.338406,7.338406,3.322992
1636.000000,-768.468992,-475.762277,-0.003226,7.367910,7.367910,3.458725
1638.000000,-769.514785,-474.058662,-0.003293,7.397756,7.397756,3.589600
1640.000000,-770.549275,-472.348159,-0.003330,7.427495,7.427495,3.714323
1642.000000,-771.572428,-470.630851,-0.003394,7.456664,7.456664,3.833198
1644.000000,-772.583922,-468.906650,-0.003479,7.485082,7.485082,3.946955
1646.000000,-773.583375,-467.175442,-0.003558,7.512596,7.512596,4.057024
1648.000000,-774.570505,-465.437177,-0.003604,7.539137,7.539137,4.162719
1650.000000,-775.544967,-463.691781,-0.003630,7.564770,7.564770,4.262285
1652.000000,-776.506886,-461.939440,-0.003648,7.589551,7.589551,4.356463
1654.000000,-777.455793,-460.180019,-0.003616,7.613579,7.613579,4.445608
1656.000000,-778.392047,-458.413833,-0.003583,7.636810,7.636810,4.530500
1658.000000,-779.315659,-456.641003,-0.003534,7.659182,7.659182,4.609990
1660.000000,-780.226519,-454.861588,-0.003420,7.680534,7.680534,4.681890
1662.000000,-781.125332,-453.076057,-0.003306,7.700577,7.700577,4.745358
1664.000000,-782.012257,-451.284591,-0.003197,7.719107,7.719107,4.799893
1666.000000,-782.887727,-449.487499,-0.003092,7.735880,7.735880,4.845499
1668.000000,-783.752129,-447.685057,-0.003013,7.750753,7.750753,4.882779
1670.000000,-784.605625,-445.877426,-0.002941,7.763746,7.763746,4.912695
1672.000000,-785.448519,-444.064826,-0.002878,7.774928,7.774928,4.936233
1674.000000,-786.280954,-442.247399,-0.002804,7.784525,7.784525,4.953840
1676.000000,-787.103149,-440.425317,-0.002736,7.792734,7.792734,4.965511
1678.000000,-787.915483,-438.598816,-0.002708,7.799749,7.799749,4.971230
1680.000000,-788.717870,-436.767925,-0.002684,7.805716,7.805716,4.970548
1682.000000,-789.510411,-434.932749,-0.002643,7.810754,7.810754,4.963094
1684.000000,-790.293254,-433.093416,-0.002582,7.815000,7.815000,4.948350
1686.000000,-791.066510,-431.250031,-0.002476,7.818724,7.818724,4.925354
1688.000000,-791.830618,-429.402836,-0.002343,7.822262,7.822262,4.893317
1690.000000,-792.586085,-427.552090,-0.002167,7.825893,7.825893,4.852047
1692.000000,-793.333340,-425.698012,-0.001929,7.829982,7.829982,4.802208
1694.000000,-794.073563,-423.841115,-0.001701,7.834758,7.834758,4.745298
1696.000000,-794.807440,-421.981701,-0.001485,7.840225,7.840225,4.682249
1698.000000,-795.535767,-420.120106,-0.001282,7.846263,7.846263,4.614126
1700.000000,-796.259447,-418.256698,-0.001126,7.852495,7.852495,4.542293
1702.000000,-796.978887,-416.391650,-0.000993,7.858477,7.858477,4.467629
1704.000000,-797.694675,-414.525197,-0.000862,7.863665,7.863665,4.390519
1706.000000,-798.407191,-412.657492,-0.000723,7.867384,7.867384,4.309410
1708.000000,-799.117039,-410.788772,-0.000569,7.869478,7.869478,4.224313
1710.000000,-799.824697,-408.919221,-0.000419,7.869866,7.869866,4.136323
1712.000000,-800.530908,-407.049123,-0.000320,7.868718,7.868718,4.046107
1714.000000,-801.235938,-405.178579,-0.000260,7.866393,7.866393,3.953814
1716.000000,-801.939991,-403.307668,-0.000208,7.863221,7.863221,3.859374
1718.000000,-802.643292,-401.436473,-0.000185,7.859621,7.859621,3.762731
1720.000000,-803.345966,-399.565043,-0.000178,7.855987,7.855987,3.663966
1722.000000,-804.047877,-397.693327,-0.000157,7.852637,7.852637,3.563021
1724.000000,-804.749282,-395.821421,-0.000137,7.849957,7.849957,3.460270
1726.000000,-805.450106,-393.949297,-0.000101,7.848178,7.848178,3.355816
1728.000000,-806.150548,-392.077031,-0.000113,7.847431,7.847431,3.250058
1730.000000,-806.850822,-390.204701,-0.000222,7.847851,7.847851,3.143357
1732.000000,-807.550129,-388.332011,-0.000337,7.849156,7.849156,3.034920
1734.000000,-808.248209,-386.458862,-0.000443,7.850917,7.850917,2.924418
1736.000000,-808.944658,-384.585107,-0.000532,7.852587,7.852587,2.811311
1738.000000,-809.638955,-382.710553,-0.000553,7.853404,7.853404,2.694971
1740.000000,-810.331215,-380.835246,-0.000512,7.853165,7.853165,2.575441
1742.000000,-811.021408,-378.959177,-0.000422,7.851829,7.851829,2.452721
1744.000000,-811.710098,-377.082556,-0.000334,7.850034,7.850034,2.327500
1746.000000,-812.397522,-375.205471,-0.000235,7.848359,7.848359,2.200278
1748.000000,-813.083969,-373.328028,-0.000090,7.847285,7.847285,2.071583
1750.000000,-813.770113,-371.450474,0.000061,7.847370,7.847370,1.941721
1752.000000,-814.456486,-369.573004,0.000192,7.848369,7.848369,1.810565
1754.000000,-815.143622,-367.695814,0.000330,7.849965,7.849965,1.678299
1756.000000,-815.831886,-365.819036,0.000529,7.851615,7.851615,1.544984
1758.000000,-816.522080,-363.942968,0.000816,7.852502,7.852502,1.411584
1760.000000,-817.215215,-362.067985,0.001172,7.852178,7.852178,1.279452
1762.000000,-817.912768,-360.194641,0.001545,7.850254,7.850254,1.150432
1764.000000,-818.616102,-358.323460,0.001913,7.846615,7.846615,1.025977
1766.000000,-819.326573,-356.454978,0.002340,7.841230,7.841230,0.907501
1768.000000,-820.045583,-354.589767,0.002865,7.834139,7.834139,0.796546
1770.000000,-820.775300,-352.728720,0.003424,7.826033,7.826033,0.695340
1772.000000,-821.517733,-350.872712,0.004016,7.818166,7.818166,0.605878
1774.000000,-822.274888,-349.022663,0.004761,7.811812,7.811812,0.530151
1776.000000,-823.049355,-347.179798,0.005542,7.808125,7.808125,0.470625
1778.000000,-823.844729,-345.345868,0.005823,7.806216,7.806216,0.430799
1780.000000,-824.662396,-343.521763,0.005743,7.804810,7.804810,0.412051
1782.000000,-825.499739,-341.706605,0.005836,7.801080,7.801080,0.411544
1784.000000,-826.358990,-339.901723,0.005452,7.794073,7.794073,0.432211
1786.000000,-827.239194,-338.106953,0.004463,7.784436,7.784436,0.474069
1788.000000,-828.134104,-336.319467,0.003859,7.776472,7.776472,0.530975
1790.000000,-829.042626,-334.538860,0.003733,7.769761,7.769761,0.601801
1792.000000,-829.964279,-332.765014,0.003773,7.762675,7.762675,0.685587
1794.000000,-830.899114,-330.998080,0.003928,7.751237,7.751237,0.781294
1796.000000,-831.847864,-329.238579,0.004093,7.731172,7.731172,0.888592
1798.000000,-832.810970,-327.486896,0.004263,7.700126,7.700126,1.007077
1800.000000,-833.788891,-325.743441,0.004499,7.656114,7.656114,1.137020
1802.000000,-834.782381,-324.008812,0.004789,7.595762,7.595762,1.279144
1804.000000,-835.792463,-322.283796,0.004777,7.516634,7.516634,1.434406
1806.000000,-836.820018,-320.569125,0.004051,7.416761,7.416761,1.603387
1808.000000,-837.861755,-318.863033,0.002823,7.301041,7.301041,1.781805
1810.000000,-838.913115,-317.162845,0.001538,7.176583,7.176583,1.963214
1812.000000,-839.969553,-315.465807,0.000453,7.050435,7.050435,2.141525
1814.000000,-841.027133,-313.769480,-0.000296,6.929419,6.929419,2.311282
1816.000000,-842.083507,-312.072402,-0.000731,6.817226,6.817226,2.468897
1818.000000,-843.137136,-310.373619,-0.000652,6.716438,6.716438,2.611232
1820.000000,-844.187539,-308.672838,0.000134,6.628378,6.628378,2.736693
1822.000000,-845.238285,-306.972270,0.001526,6.547782,6.547782,2.849921
1824.000000,-846.293395,-305.274410,0.002958,6.468670,6.468670,2.956114
1826.000000,-847.360128,-303.583830,0.003493,6.379799,6.379799,3.063978
1828.000000,-848.439276,-301.901150,0.002979,6.281222,6.281222,3.175519
1830.000000,-849.529084,-300.225348,0.001864,6.176447,6.176447,3.289597
1832.000000,-850.625196,-298.553662,0.000586,6.073351,6.073351,3.402396
1834.000000,-851.723028,-296.883104,-0.000574,5.980342,5.980342,3.507661
1836.000000,-852.818952,-295.211294,-0.001744,5.902379,5.902379,3.600695
1838.000000,-853.909292,-293.535839,-0.002988,5.843654,5.843654,3.676712
1840.000000,-854.989339,-291.853734,-0.004072,5.806967,5.806967,3.729785
1842.000000,-856.055396,-290.162735,-0.004721,5.792470,5.792470,3.756102
1844.000000,-857.104756,-288.461326,-0.005256,5.799290,5.799290,3.753595
1846.000000,-858.137446,-286.749747,-0.006170,5.823757,5.823757,3.722258
1848.000000,-859.148402,-285.025257,-0.006920,5.862210,5.862210,3.657334
1850.000000,-860.134639,-283.286510,-0.007501,5.912191,5.912191,3.557653
1852.000000,-861.096200,-281.534001,-0.008430,5.972233,5.972233,3.426965
1854.000000,-862.027059,-279.765011,-0.009056,6.039293,6.039293,3.265846
1856.000000,-862.925205,-277.979184,-0.009310,6.111074,6.111074,3.079156
1858.000000,-863.790756,-276.177338,-0.009802,6.185103,6.185103,2.873105
1860.000000,-864.620653,-274.358801,-0.010404,6.259911,6.259911,2.647979
1862.000000,-865.412517,-272.523391,-0.010961,6.334598,6.334598,2.402436
1864.000000,-866.164072,-270.671114,-0.011480,6.408341,6.408341,2.135793
1866.000000,-866.872621,-268.801967,-0.011860,6.480130,6.480130,1.846351
1868.000000,-867.536664,-266.916552,-0.012102,6.548794,6.548794,1.537525
1870.000000,-868.154688,-265.015554,-0.012265,6.613100,6.613100,1.216875
1872.000000,-868.726065,-263.100013,-0.012411,6.671147,6.671147,0.893064
1874.000000,-869.249623,-261.170853,-0.012653,6.722109,6.722109,0.572538
1876.000000,-869.724706,-259.229184,-0.013131,6.765435,6.765435,0.262866
1878.000000,-870.148756,-257.275726,-0.013705,6.802657,6.802657,-0.027450
1880.000000,-870.518843,-255.311338,-0.014190,6.836734,6.836734,-0.296636
1882.000000,-870.833219,-253.337278,-0.014711,6.870452,6.870452,-0.550080
1884.000000,-871.089557,-251.354859,-0.015325,6.908669,6.908669,-0.784334
1886.000000,-871.284991,-249.365538,-0.015926,6.955784,6.955784,-0.992863
1888.000000,-871.416940,-247.371014,-0.016446,7.015729,7.015729,-1.165429
1890.000000,-871.483142,-245.373240,-0.016860,7.092782,7.092782,-1.302477
1892.000000,-871.481873,-243.374386,-0.017196,7.190566,7.190566,-1.419026
1894.000000,-871.411968,-241.376762,-0.017431,7.311817,7.311817,-1.520486
1896.000000,-871.272121,-239.382819,-0.017478,7.459137,7.459137,-1.603911
1898.000000,-871.062707,-237.394976,-0.017380,7.631100,7.631100,-1.667939
1900.000000,-870.784213,-235.415620,-0.017120,7.825916,7.825916,-1.715844
1902.000000,-870.437852,-233.446997,-0.016678,8.038465,8.038465,-1.750878
1904.000000,-870.026117,-231.490980,-0.016124,8.262074,8.262074,-1.771720
1906.000000,-869.551316,-229.549290,-0.015684,8.490385,8.490385,-1.776911
1908.000000,-869.016757,-227.623185,-0.015608,8.711650,8.711650,-1.768078
1910.000000,-868.422268,-225.714715,-0.015785,8.920835,8.920835,-1.749254
1912.000000,-867.768176,-223.825842,-0.016127,9.112919,9.112919,-1.721548
1914.000000,-867.053653,-221.958979,-0.016537,9.282631,9.282631,-1.689185
1916.000000,-866.277554,-220.116870,-0.016697,9.428359,9.428359,-1.659693
1918.000000,-865.439934,-218.301908,-0.016525,9.549345,9.549345,-1.634778
1920.000000,-864.542859,-216.515598,-0.016188,9.645492,9.645492,-1.612786
1922.000000,-863.588312,-214.759335,-0.015677,9.717219,9.717219,-1.596370
1924.000000,-862.578877,-213.034030,-0.014763,9.765947,9.765947,-1.589658
1926.000000,-861.518397,-211.339624,-0.013518,9.794979,9.794979,-1.593092
1928.000000,-860.412872,-209.674238,-0.012284,9.809846,9.809846,-1.606090
1930.000000,-859.266680,-208.036555,-0.010573,9.813999,9.813999,-1.628544
1932.000000,-858.084444,-206.424692,-0.007979,9.811184,9.811184,-1.656296
1934.000000,-856.877250,-204.831394,-0.005097,9.804642,9.804642,-1.683838
1936.000000,-855.653395,-203.250837,-0.002030,9.794814,9.794814,-1.709597
1938.000000,-854.422895,-201.675443,0.001365,9.780601,9.780601,-1.729398
1940.000000,-853.196618,-200.096760,0.004609,9.759752,9.759752,-1.737614
1942.000000,-851.985839,-198.506184,0.007019,9.730325,9.730325,-1.725593
1944.000000,-850.798458,-196.898070,0.008347,9.690668,9.690668,-1.689620
1946.000000,-849.638737,-195.269895,0.008829,9.641165,9.641165,-1.629355
1948.000000,-848.508383,-193.621196,0.008729,9.583325,9.583325,-1.546127
1950.000000,-847.407306,-191.952801,0.008211,9.518813,9.518813,-1.444152
1952.000000,-846.334027,-190.266389,0.007515,9.449988,9.449988,-1.329570
1954.000000,-845.285926,-188.564211,0.006934,9.378671,9.378671,-1.210256
1956.000000,-844.261402,-186.847735,0.006479,9.305512,9.305512,-1.088955
1958.000000,-843.259268,-185.118089,0.006089,9.230658,9.230658,-0.968644
1960.000000,-842.277996,-183.376521,0.005922,9.154108,9.154108,-0.852986
1962.000000,-841.317086,-181.623634,0.005991,9.076432,9.076432,-0.746125
1964.000000,-840.377323,-179.859318,0.006089,8.997434,8.997434,-0.652434
1966.000000,-839.459151,-178.083674,0.006162,8.918051,8.918051,-0.579781
1968.000000,-838.562835,-176.296902,0.006310,8.839127,8.839127,-0.531447
1970.000000,-837.688982,-174.499040,0.006518,8.761234,8.761234,-0.505575
1972.000000,-836.838800,-172.689868,0.006658,8.685951,8.685951,-0.497123
1974.000000,-836.012827,-170.869518,0.006681,8.613517,8.613517,-0.500693
1976.000000,-835.211379,-169.038237,0.006681,8.545381,8.545381,-0.511320
1978.000000,-834.434208,-167.196521,0.006773,8.482813,8.482813,-0.525666
1980.000000,-833.682068,-165.344442,0.006934,8.427311,8.427311,-0.540701
1982.000000,-832.955614,-163.482138,0.007099,8.380520,8.380520,-0.554426
1984.000000,-832.255731,-161.609686,0.007220,8.343627,8.343627,-0.564931
1986.000000,-831.583020,-159.727302,0.007246,8.316867,8.316867,-0.571209
1988.000000,-830.937779,-157.835323,0.007154,8.300209,8.300209,-0.573765
1990.000000,-830.319763,-155.934275,0.007005,8.291364,8.291364,-0.571667
1992.000000,-829.728300,-154.024796,0.006907,8.288386,8.288386,-0.564672
1994.000000,-829.163215,-152.107343,0.006892,8.289403,8.289403,-0.553905
1996.000000,-828.624493,-150.182316,0.006943,8.292571,8.292571,-0.540878
1998.000000,-828.112544,-148.249998,0.006952,8.297402,8.297402,-0.524859
2000.000000,-827.627751,-146.310691,0.006864,8.303362,8.303362,-0.504011
2002.000000,-827.169472,-144.364949,0.006767,8.309266,8.309266,-0.475820
2004.000000,-826.737622,-142.413173,0.006643,8.314231,8.314231,-0.434922
2006.000000,-826.331841,-140.455811,0.006539,8.317567,8.317567,-0.376964
2008.000000,-825.951311,-138.493383,0.006590,8.318958,8.318958,-0.299278
2010.000000,-825.596677,-136.526114,0.006726,8.319475,8.319475,-0.199781
2012.000000,-825.268539,-134.554252,0.006860,8.320246,8.320246,-0.078416
2014.000000,-824.967446,-132.578081,0.006986,8.323161,8.323161,0.064948
2016.000000,-824.694055,-130.597890,0.007013,8.329887,8.329887,0.230519
2018.000000,-824.448712,-128.614027,0.006888,8.341751,8.341751,0.418402
2020.000000,-824.230709,-126.626974,0.006677,8.360321,8.360321,0.627226
2022.000000,-824.039318,-124.637179,0.006342,8.386647,8.386647,0.855300
2024.000000,-823.873510,-122.645086,0.005738,8.421205,8.421205,1.101976
2026.000000,-823.730870,-120.651197,0.004886,8.464147,8.464147,1.366210
2028.000000,-823.607739,-118.656003,0.003911,8.513424,8.513424,1.644779
2030.000000,-823.500334,-116.659896,0.002761,8.566959,8.566959,1.933530
2032.000000,-823.404366,-114.663203,0.001493,8.621840,8.621840,2.228996
2034.000000,-823.313867,-112.666253,0.000369,8.674452,8.674452,2.526064
2036.000000,-823.224830,-110.669237,-0.000583,8.722535,8.722535,2.821526
2038.000000,-823.133299,-108.672335,-0.001432,8.763925,8.763925,3.111904
2040.000000,-823.035985,-106.675706,-0.002226,8.797165,8.797165,3.394478
2042.000000,-822.929863,-104.679529,-0.002977,8.821097,8.821097,3.666544
2044.000000,-822.811600,-102.684036,-0.003544,8.834702,8.834702,3.925359
2046.000000,-822.678928,-100.689450,-0.003868,8.837442,8.837442,4.169372
2048.000000,-822.530682,-98.695962,-0.004016,8.830179,8.830179,4.398315
2050.000000,-822.366330,-96.703738,-0.004030,8.814052,8.814052,4.612494
2052.000000,-822.185764,-94.712917,-0.003964,8.791577,8.791577,4.813017
2054.000000,-821.989563,-92.723576,-0.003933,8.764793,8.764793,5.001504
2056.000000,-821.777771,-90.735834,-0.003950,8.735254,8.735254,5.179073
2058.000000,-821.550266,-88.749830,-0.003970,8.704453,8.704453,5.346606
2060.000000,-821.307024,-86.765691,-0.003982,8.673455,8.673455,5.504780
2062.000000,-821.047953,-84.783557,-0.004019,8.643053,8.643053,5.654424
2064.000000,-820.773141,-82.803544,-0.004114,8.614122,8.614122,5.796604
2066.000000,-820.481986,-80.825868,-0.004229,8.586567,8.586567,5.931440
2068.000000,-820.174166,-78.850719,-0.004352,8.560118,8.560118,6.059329
2070.000000,-819.849182,-76.878320,-0.004464,8.534254,8.534254,6.180179
2072.000000,-819.506519,-74.908916,-0.004516,8.508228,8.508228,6.293733
2074.000000,-819.146037,-72.942695,-0.004548,8.481995,8.481995,6.400022
2076.000000,-818.767817,-70.979808,-0.004709,8.455677,8.455677,6.499442
2078.000000,-818.371453,-69.020504,-0.005066,8.429613,8.429613,6.592238
2080.000000,-817.955274,-67.065316,-0.005654,8.403351,8.403351,6.676919
2082.000000,-817.517606,-65.114826,-0.006368,8.376388,8.376388,6.752290
2084.000000,-817.054473,-63.170228,-0.006863,8.347320,8.347320,6.814804
2086.000000,-816.564628,-61.232191,-0.007051,8.316077,8.316077,6.863410
2088.000000,-816.047161,-59.301345,-0.006933,8.282620,8.282620,6.897772
2090.000000,-815.502600,-57.377968,-0.006552,8.248142,8.248142,6.918850
2092.000000,-814.933010,-55.461849,-0.006130,8.213382,8.213382,6.928790
2094.000000,-814.339982,-53.552854,-0.005794,8.178882,8.178882,6.929262
2096.000000,-813.725100,-51.650785,-0.005571,8.144658,8.144658,6.922327
2098.000000,-813.089077,-49.755679,-0.005436,8.110812,8.110812,6.909155
2100.000000,-812.432604,-47.867561,-0.005355,8.077857,8.077857,6.890517
2102.000000,-811.755951,-45.986580,-0.005315,8.047358,8.047358,6.865902
2104.000000,-811.059406,-44.112874,-0.005297,8.020987,8.020987,6.835065
2106.000000,-810.343043,-42.246656,-0.005287,7.999887,7.999887,6.797647
2108.000000,-809.607003,-40.388110,-0.005284,7.985392,7.985392,6.753742
2110.000000,-808.851409,-38.537428,-0.005328,7.977032,7.977032,6.703573
2112.000000,-808.076242,-36.694860,-0.005376,7.974012,7.974012,6.647332
2114.000000,-807.281111,-34.860818,-0.005348,7.974852,7.974852,6.584898
2116.000000,-806.466459,-33.035364,-0.005283,7.978302,7.978302,6.516777
2118.000000,-805.632565,-31.218617,-0.005206,7.983638,7.983638,6.443134
2120.000000,-804.779740,-29.410680,-0.005124,7.990198,7.990198,6.365171
2122.000000,-803.908567,-27.611511,-0.005110,7.997798,7.997798,6.284729
2124.000000,-803.019120,-25.821306,-0.005154,8.006102,8.006102,6.203665
2126.000000,-802.111236,-24.040380,-0.005159,8.014658,8.014658,6.122945
2128.000000,-801.184921,-22.268971,-0.005080,8.022574,8.022574,6.041604
2130.000000,-800.240639,-20.507071,-0.004949,8.029288,8.029288,5.958409
2132.000000,-799.278957,-18.754607,-0.004820,8.034234,8.034234,5.873757
2134.000000,-798.300502,-17.011452,-0.004715,8.037162,8.037162,5.788285
2136.000000,-797.305624,-15.277615,-0.004640,8.038022,8.038022,5.701818
2138.000000,-796.294812,-13.553018,-0.004635,8.036793,8.036793,5.615151
2140.000000,-795.268132,-11.837819,-0.004689,8.033294,8.033294,5.529723
2142.000000,-794.225381,-10.132343,-0.004756,8.027249,8.027249,5.447553
2144.000000,-793.166524,-8.436821,-0.004831,8.018431,8.018431,5.370213
2146.000000,-792.091296,-6.751635,-0.004881,8.006415,8.006415,5.299844
2148.000000,-790.999627,-5.077054,-0.004902,7.991552,7.991552,5.239486
2150.000000,-789.891650,-3.413218,-0.004972,7.974212,7.974212,5.189538
2152.000000,-788.767304,-1.760402,-0.005111,7.955207,7.955207,5.150982
2154.000000,-787.626083,-0.119193,-0.005276,7.935270,7.935270,5.125862
2156.000000,-786.467688,1.509937,-0.005407,7.915138,7.915138,5.110931
2158.000000,-785.291552,3.126305,-0.005418,7.896002,7.896002,5.087699
2160.000000,-784.097926,4.729801,-0.005319,7.878854,7.878854,5.046142
2162.000000,-782.887270,6.320479,-0.005156,7.864562,7.864562,4.997025
2164.000000,-781.660233,7.898556,-0.004994,7.854236,7.854236,4.947153
2166.000000,-780.417654,9.464427,-0.004946,7.848448,7.848448,4.900590
2168.000000,-779.159757,11.018018,-0.005044,7.847276,7.847276,4.861739
2170.000000,-777.886354,12.558926,-0.005225,7.849766,7.849766,4.835597
2172.000000,-776.596894,14.086421,-0.005414,7.854806,7.854806,4.824066
2174.000000,-775.290976,15.599868,-0.005583,7.861546,7.861546,4.826172
2176.000000,-773.968225,17.098626,-0.005724,7.868895,7.868895,4.839998
2178.000000,-772.628380,18.582121,-0.005866,7.876823,7.876823,4.861912
2180.000000,-771.271325,20.049890,-0.006012,7.885256,7.885256,4.888067
2182.000000,-769.896591,21.501115,-0.006075,7.894190,7.894190,4.914220
2184.000000,-768.504281,22.935487,-0.006012,7.903325,7.903325,4.936877
2186.000000,-767.094712,24.352905,-0.005847,7.912443,7.912443,4.952105
2188.000000,-765.668681,25.753763,-0.005637,7.921196,7.921196,4.957797
2190.000000,-764.226925,27.138432,-0.005404,7.929378,7.929378,4.955162
2192.000000,-762.770284,28.507434,-0.005251,7.936905,7.936905,4.945294
2194.000000,-761.299618,29.861356,-0.005277,7.943695,7.943695,4.931115
2196.000000,-759.814719,31.199651,-0.005408,7.949618,7.949618,4.913532
2198.000000,-758.315533,32.521920,-0.005559,7.954557,7.954557,4.892896
2200.000000,-756.801646,33.827331,-0.005639,7.958369,7.958369,4.869384
2202.000000,-755.273067,35.115504,-0.005613,7.960993,7.960993,4.841532
2204.000000,-753.730110,36.386421,-0.005520,7.962531,7.962531,4.806792
2206.000000,-752.173172,37.640170,-0.005393,7.963123,7.963123,4.762442
2208.000000,-750.602846,38.877111,-0.005272,7.962936,7.962936,4.706105
2210.000000,-749.019557,40.097417,-0.005145,7.962055,7.962055,4.636097
2212.000000,-747.423779,41.301344,-0.005010,7.960593,7.960593,4.552201
2214.000000,-745.816060,42.489280,-0.004887,7.958843,7.958843,4.456304
2216.000000,-744.196793,43.661427,-0.004726,7.957349,7.957349,4.353165
2218.000000,-742.566443,44.818110,-0.004516,7.956707,7.956707,4.249873
2220.000000,-740.925787,45.960129,-0.004347,7.957913,7.957913,4.153508
2222.000000,-739.275300,47.087895,-0.004234,7.961363,7.961363,4.068129
2224.000000,-737.615320,48.201644,-0.004141,7.967218,7.967218,3.993730
2226.000000,-735.946203,49.301650,-0.004081,7.975129,7.975129,3.930989
2228.000000,-734.268197,50.388050,-0.004087,7.984311,7.984311,3.881249
2230.000000,-732.581432,51.460801,-0.004174,7.994044,7.994044,3.841289
2232.000000,-730.885800,52.519478,-0.004311,8.003200,8.003200,3.804947
2234.000000,-729.181108,53.563505,-0.004463,8.011412,8.011412,3.768782
2236.000000,-727.467175,54.592289,-0.004613,8.018572,8.018572,3.730353
2238.000000,-725.743814,55.605202,-0.004731,8.024923,8.024923,3.687026
2240.000000,-724.010909,56.601696,-0.004767,8.031197,8.031197,3.635772
2242.000000,-722.268522,57.581519,-0.004739,8.037851,8.037851,3.573730
2244.000000,-720.516975,58.544872,-0.004727,8.045384,8.045384,3.500796
2246.000000,-718.756409,59.491645,-0.004749,8.054044,8.054044,3.417349
2248.000000,-716.986944,60.421679,-0.004816,8.063486,8.063486,3.323851
2250.000000,-715.208666,61.334748,-0.004971,8.073020,8.073020,3.220614
2252.000000,-713.421439,62.230175,-0.005201,8.081466,8.081466,3.107785
2254.000000,-711.625002,63.106973,-0.005470,8.087963,8.087963,2.984937
2256.000000,-709.819118,63.964146,-0.005678,8.091551,8.091551,2.851104
2258.000000,-708.003454,64.800405,-0.005690,8.092253,8.092253,2.705141
2260.000000,-706.178368,65.615898,-0.005555,8.091209,8.091209,2.549365
2262.000000,-704.344320,66.411031,-0.005361,8.089529,8.089529,2.388644
2264.000000,-702.501825,67.186391,-0.005139,8.089003,8.089003,2.227118
2266.000000,-700.651498,67.942872,-0.004954,8.090607,8.090607,2.066342
2268.000000,-698.793782,68.681023,-0.004846,8.094981,8.094981,1.907632
2270.000000,-696.929054,69.401277,-0.004815,8.102037,8.102037,1.751365
2272.000000,-695.057476,70.103538,-0.004819,8.111340,8.111340,1.594299
2274.000000,-693.179226,70.787752,-0.004801,8.122467,8.122467,1.434893
2276.000000,-691.294463,71.453815,-0.004741,8.134594,8.134594,1.273626
2278.000000,-689.403476,72.101996,-0.004649,8.147284,8.147284,1.110332
2280.000000,-687.506528,72.732524,-0.004512,8.160290,8.160290,0.944059
2282.000000,-685.603948,73.345843,-0.004364,8.173381,8.173381,0.773147
2284.000000,-683.696140,73.942707,-0.004294,8.186426,8.186426,0.595805
2286.000000,-681.783291,74.523210,-0.004299,8.199392,8.199392,0.410934
2288.000000,-679.865537,75.087296,-0.004325,8.212258,8.212258,0.218843
2290.000000,-677.942963,75.634733,-0.004337,8.225135,8.225135,0.020863
2292.000000,-676.015716,76.165482,-0.004306,8.238274,8.238274,-0.181503
2294.000000,-674.083940,76.679502,-0.004199,8.251950,8.251950,-0.386932
2296.000000,-672.147905,77.177240,-0.004031,8.266712,8.266712,-0.593950
2298.000000,-670.207917,77.659346,-0.003824,8.282783,8.282783,-0.801923
2300.000000,-668.264281,78.126536,-0.003526,8.300323,8.300323,-1.009520
2302.000000,-666.317356,78.579820,-0.003134,8.319499,8.319499,-1.214404
2304.000000,-664.367650,79.020995,-0.002709,8.339947,8.339947,-1.415229
2306.000000,-662.415552,79.451472,-0.002220,8.361313,8.361313,-1.611987
2308.000000,-660.461545,79.873197,-0.001676,8.383061,8.383061,-1.803731
2310.000000,-658.506153,80.288456,-0.001131,8.404517,8.404517,-1.988589
2312.000000,-656.549808,80.699205,-0.000627,8.425056,8.425056,-2.165161
2314.000000,-654.593001,81.107751,-0.000277,8.443941,8.443941,-2.332527
2316.000000,-652.636008,81.515401,-0.000107,8.460533,8.460533,-2.490322
2318.000000,-650.678943,81.922706,-0.000066,8.474544,8.474544,-2.638519
2320.000000,-648.721860,82.329922,-0.000122,8.485752,8.485752,-2.777279
2322.000000,-646.764670,82.736628,-0.000197,8.494167,8.494167,-2.907268
2324.000000,-644.807315,83.142537,-0.000241,8.500209,8.500209,-3.028787
2326.000000,-642.849755,83.547459,-0.000240,8.504275,8.504275,-3.141789
2328.000000,-640.891988,83.951376,-0.000200,8.506987,8.506987,-3.246401
2330.000000,-638.934065,84.354535,-0.000151,8.509050,8.509050,-3.343149
2332.000000,-636.976016,84.757083,-0.000123,8.510871,8.510871,-3.432490
2334.000000,-635.017889,85.159250,-0.000151,8.512808,8.512808,-3.514740
2336.000000,-633.059646,85.560857,-0.000229,8.514935,8.514935,-3.590614
2338.000000,-631.101227,85.961598,-0.000351,8.517171,8.517171,-3.660377
2340.000000,-629.142544,86.361049,-0.000490,8.519382,8.519382,-3.723682
2342.000000,-627.183444,86.758452,-0.000577,8.521293,8.521293,-3.781075
2344.000000,-625.223880,87.153560,-0.000601,8.522778,8.522778,-3.833135
2346.000000,-623.263835,87.546271,-0.000566,8.523738,8.523738,-3.880286
2348.000000,-621.303324,87.936655,-0.000472,8.524098,8.524098,-3.922861
2350.000000,-619.342453,88.325222,-0.000359,8.523925,8.523925,-3.961318
2352.000000,-617.381297,88.712349,-0.000247,8.523344,8.523344,-3.996768
2354.000000,-615.419958,89.098547,-0.000158,8.522604,8.522604,-4.029402
2356.000000,-613.458507,89.484177,-0.000110,8.522040,8.522040,-4.058104
2358.000000,-611.496974,89.869393,-0.000088,8.521895,8.521895,-4.082184
2360.000000,-609.535378,90.254286,-0.000081,8.522409,8.522409,-4.101431
2362.000000,-607.573720,90.638863,-0.000078,8.523665,8.523665,-4.115751
2364.000000,-605.612001,91.023128,-0.000076,8.525528,8.525528,-4.125307
2366.000000,-603.650227,91.407113,-0.000070,8.527788,8.527788,-4.131213
2368.000000,-601.688391,91.790779,-0.000044,8.530029,8.530029,-4.134734
2370.000000,-599.726520,92.174265,0.000009,8.531891,8.531891,-4.135654
2372.000000,-597.764646,92.557737,0.000106,8.533024,8.533024,-4.133222
2374.000000,-595.802839,92.941554,0.000241,8.532945,8.532945,-4.127048
2376.000000,-593.841226,93.326357,0.000368,8.531124,8.531124,-4.116344
2378.000000,-591.879898,93.712616,0.000459,8.527226,8.527226,-4.100370
2380.000000,-589.918939,94.100741,0.000485,8.520963,8.520963,-4.078342
2382.000000,-587.958380,94.490878,0.000427,8.512192,8.512192,-4.049550
2384.000000,-585.998161,94.882722,0.000311,8.500984,8.500984,-4.014086
2386.000000,-584.038194,95.275827,0.000177,8.487510,8.487510,-3.972366
2388.000000,-582.078356,95.669571,0.000068,8.472176,8.472176,-3.924209
2390.000000,-580.118563,96.063543,0.000006,8.455483,8.455483,-3.868425
2392.000000,-578.158765,96.457486,0.000001,8.437947,8.437947,-3.803145
2394.000000,-576.198952,96.851360,0.000042,8.420283,8.420283,-3.726486
2396.000000,-574.239176,97.245411,0.000103,8.403203,8.403203,-3.637216
2398.000000,-572.279475,97.639839,0.000167,8.387225,8.387225,-3.534554
2400.000000,-570.319913,98.034958,0.000206,8.372866,8.372866,-3.417372
2402.000000,-568.360524,98.430930,0.000200,8.360236,8.360236,-3.284883
2404.000000,-566.401302,98.827733,0.000131,8.349166,8.349166,-3.137068
2406.000000,-564.442205,99.225147,-0.000013,8.339287,8.339287,-2.974881
2408.000000,-562.483108,99.622564,-0.000224,8.329960,8.329960,-2.799176
2410.000000,-560.523844,100.019156,-0.000495,8.320689,8.320689,-2.610996
2412.000000,-558.564205,100.413891,-0.000808,8.310986,8.310986,-2.410730
2414.000000,-556.603921,100.805409,-0.001118,8.300817,8.300817,-2.197680
2416.000000,-554.642768,101.192546,-0.001439,8.290351,8.290351,-1.972136
2418.000000,-552.680526,101.574128,-0.001787,8.279841,8.279841,-1.734704
2420.000000,-550.716921,101.948623,-0.002101,8.269812,8.269812,-1.485927
2422.000000,-548.751748,102.314802,-0.002351,8.260673,8.260673,-1.228178
2424.000000,-546.784869,102.671701,-0.002541,8.252748,8.252748,-0.966233
2426.000000,-544.816187,103.018511,-0.002653,8.246328,8.246328,-0.704643
2428.000000,-542.845680,103.354799,-0.002679,8.241836,8.241836,-0.445120
2430.000000,-540.873385,103.680435,-0.002681,8.239717,8.239717,-0.186440
2432.000000,-538.899400,103.995665,-0.002765,8.240705,8.240705,0.073516
2434.000000,-536.923715,104.300057,-0.002962,8.245194,8.245194,0.335798
2436.000000,-534.946282,104.592870,-0.003310,8.253284,8.253284,0.600586
2438.000000,-532.966995,104.872870,-0.003757,8.264877,8.264877,0.867379
2440.000000,-530.985625,105.137712,-0.004121,8.278876,8.278876,1.133677
2442.000000,-529.002137,105.386181,-0.004369,8.294596,8.294596,1.397761
2444.000000,-527.016543,105.617224,-0.004505,8.311325,8.311325,1.658560
2446.000000,-525.028928,105.830167,-0.004491,8.328254,8.328254,1.915794
2448.000000,-523.039473,106.025181,-0.004341,8.344979,8.344979,2.170135
2450.000000,-521.048383,106.202747,-0.004109,8.361225,8.361225,2.420969
2452.000000,-519.055911,106.364064,-0.003898,8.377376,8.377376,2.667355
2454.000000,-517.062243,106.509887,-0.003757,8.393815,8.393815,2.908222
2456.000000,-515.067543,106.640828,-0.003732,8.410916,8.410916,3.141877
2458.000000,-513.071934,106.757120,-0.003847,8.429139,8.429139,3.366183
2460.000000,-511.075491,106.858047,-0.004036,8.448306,8.448306,3.579362
2462.000000,-509.078302,106.942953,-0.004264,8.468188,8.468188,3.780041
2464.000000,-507.080463,107.010817,-0.004499,8.488244,8.488244,3.967409
2466.000000,-505.082093,107.060676,-0.004734,8.507654,8.507654,4.142079
2468.000000,-503.083344,107.091706,-0.004977,8.525707,8.525707,4.303713
2470.000000,-501.084385,107.102750,-0.005177,8.541361,8.541361,4.450540
2472.000000,-499.085419,107.093055,-0.005334,8.554160,8.554160,4.580861
2474.000000,-497.086670,107.062072,-0.005421,8.563928,8.563928,4.693398
2476.000000,-495.088382,107.009159,-0.005367,8.570678,8.570678,4.786733
2478.000000,-493.090777,106.934762,-0.005203,8.575341,8.575341,4.861161
2480.000000,-491.094056,106.839521,-0.004949,8.578492,8.578492,4.917496
2482.000000,-489.098383,106.724359,-0.004619,8.580783,8.580783,4.956422
2484.000000,-487.103851,106.590885,-0.004299,8.582782,8.582782,4.978752
2486.000000,-485.110538,106.440266,-0.004065,8.584296,8.584296,4.984581
2488.000000,-483.118493,106.273710,-0.004001,8.585021,8.585021,4.974377
2490.000000,-481.127827,106.091407,-0.004084,8.584396,8.584396,4.948559
2492.000000,-479.138720,105.892825,-0.004261,8.582089,8.582089,4.907270
2494.000000,-477.151348,105.677573,-0.004503,8.577786,8.577786,4.850722
2496.000000,-475.166024,105.444197,-0.004687,8.571082,8.571082,4.777984
2498.000000,-473.182977,105.192217,-0.004796,8.561823,8.561823,4.689244
2500.000000,-471.202442,104.921205,-0.004836,8.549876,8.549876,4.584658
2502.000000,-469.224649,104.630861,-0.004759,8.535056,8.535056,4.464639
2504.000000,-467.249713,104.321681,-0.004562,8.517779,8.517779,4.330383
2506.000000,-465.277710,103.994303,-0.004244,8.498630,8.498630,4.182640
2508.000000,-463.308564,103.650163,-0.003883,8.478953,8.478953,4.022610
2510.000000,-461.342125,103.290864,-0.003551,8.460150,8.460150,3.851291
2512.000000,-459.378300,102.917542,-0.003310,8.443233,8.443233,3.669472
2514.000000,-457.416911,102.531621,-0.003273,8.429498,8.429498,3.478877
2516.000000,-455.458068,102.132977,-0.003426,8.418652,8.418652,3.280850
2518.000000,-453.501971,101.721080,-0.003698,8.410040,8.410040,3.077093
2520.000000,-451.548959,101.294797,-0.003977,8.402438,8.402438,2.867732
2522.000000,-449.599455,100.852753,-0.004125,8.394265,8.394265,2.652697
2524.000000,-447.653681,100.394574,-0.004119,8.384930,8.384930,2.433357
2526.000000,-445.711795,99.920184,-0.003988,8.374125,8.374125,2.211502
2528.000000,-443.773754,99.430321,-0.003787,8.362304,8.362304,1.989547
2530.000000,-441.839489,98.925749,-0.003561,8.350172,8.350172,1.768649
2532.000000,-439.908859,98.407439,-0.003360,8.338653,8.338653,1.550075
2534.000000,-437.981721,97.876289,-0.003231,8.328740,8.328740,1.336009
2536.000000,-436.058045,97.332735,-0.003175,8.321069,8.321069,1.129013
2538.000000,-434.137828,96.777083,-0.003191,8.316196,8.316196,0.931444
2540.000000,-432.221181,96.209243,-0.003254,8.314512,8.314512,0.744891
2542.000000,-430.308273,95.628930,-0.003327,8.316091,8.316091,0.570066
2544.000000,-428.399262,95.035925,-0.003391,8.320920,8.320920,0.406473
2546.000000,-426.494330,94.429944,-0.003424,8.328756,8.328756,0.253199
2548.000000,-424.593600,93.810908,-0.003408,8.339167,8.339167,0.109648
2550.000000,-422.697154,93.178869,-0.003325,8.351753,8.351753,-0.024549
2552.000000,-420.804983,92.534146,-0.003175,8.365918,8.365918,-0.149901
2554.000000,-418.916941,91.877426,-0.002973,8.381290,8.381290,-0.265963
2556.000000,-417.032873,91.209388,-0.002708,8.397584,8.397584,-0.372248
2558.000000,-415.152452,90.531148,-0.002416,8.414498,8.414498,-0.468336
2560.000000,-413.275318,89.843864,-0.002109,8.431805,8.431805,-0.553545
2562.000000,-411.401136,89.148569,-0.001794,8.449172,8.449172,-0.627640
2564.000000,-409.529403,88.446705,-0.001562,8.466062,8.466062,-0.690346
2566.000000,-407.659828,87.739113,-0.001435,8.481831,8.481831,-0.742720
2568.000000,-405.792281,87.026183,-0.001367,8.495973,8.495973,-0.787161
2570.000000,-403.926669,86.308208,-0.001338,8.507928,8.507928,-0.826586
2572.000000,-402.062980,85.585256,-0.001331,8.517420,8.517420,-0.863837
2574.000000,-400.201217,84.857356,-0.001346,8.524459,8.524459,-0.900970
2576.000000,-398.341399,84.124502,-0.001401,8.529112,8.529112,-0.939598
2578.000000,-396.483625,83.386481,-0.001493,8.531833,8.531833,-0.981858
2580.000000,-394.628060,82.642924,-0.001620,8.532950,8.532950,-1.029181
2582.000000,-392.774879,81.893448,-0.001804,8.532757,8.532757,-1.081685
2584.000000,-390.924400,81.137322,-0.002012,8.531632,8.531632,-1.141232
2586.000000,-389.077002,80.373703,-0.002205,8.529737,8.529737,-1.210314
2588.000000,-387.232978,79.601974,-0.002369,8.527196,8.527196,-1.291272
2590.000000,-385.392673,78.821416,-0.002466,8.524095,8.524095,-1.386473
2592.000000,-383.556265,78.031734,-0.002490,8.520595,8.520595,-1.497572
2594.000000,-381.723829,77.232878,-0.002423,8.516948,8.516948,-1.625434
2596.000000,-379.895364,76.424974,-0.002239,8.513547,8.513547,-1.769241
2598.000000,-378.070540,75.608879,-0.001988,8.511118,8.511118,-1.927411
2600.000000,-376.248985,74.785511,-0.001641,8.510143,8.510143,-2.098587
2602.000000,-374.430270,73.955889,-0.001190,8.511132,8.511132,-2.281336
2604.000000,-372.613433,73.122160,-0.000793,8.514323,8.514323,-2.472887
2606.000000,-370.797899,72.285598,-0.000498,8.519256,8.519256,-2.671145
2608.000000,-368.983170,71.447290,-0.000284,8.525428,8.525428,-2.874474
2610.000000,-367.168862,70.608071,-0.000163,8.531943,8.531943,-3.081537
2612.000000,-365.354810,69.768300,-0.000111,8.538112,8.538112,-3.291486
2614.000000,-363.540919,68.928180,-0.000093,8.543474,8.543474,-3.503623
2616.000000,-361.727198,68.087694,-0.000077,8.547873,8.547873,-3.717496
2618.000000,-359.913600,67.246942,-0.000049,8.551489,8.551489,-3.932764
2620.000000,-358.100101,66.405977,-0.000004,8.554477,8.554477,-4.149280
2622.000000,-356.286611,65.564994,0.000058,8.557117,8.557117,-4.366898
2624.000000,-354.473033,64.724198,0.000139,8.559333,8.559333,-4.585485
2626.000000,-352.659228,63.883893,0.000244,8.560851,8.560851,-4.804891
2628.000000,-350.845028,63.044442,0.000397,8.561236,8.561236,-5.025067
2630.000000,-349.030207,62.206333,0.000617,8.559631,8.559631,-5.245768
2632.000000,-347.214363,61.370443,0.000889,8.555577,8.555577,-5.465992
2634.000000,-345.397063,60.537725,0.001183,8.548649,8.548649,-5.684875
2636.000000,-343.577772,59.709366,0.001449,8.539512,8.539512,-5.900587
2638.000000,-341.756074,58.886314,0.001685,8.528828,8.528828,-6.111355
2640.000000,-339.931620,58.069392,0.001839,8.517316,8.517316,-6.316022
2642.000000,-338.104043,57.259478,0.001834,8.506740,8.506740,-6.513426
2644.000000,-336.273509,56.456271,0.001707,8.497924,8.497924,-6.704263
2646.000000,-334.440180,55.659463,0.001449,8.491461,8.491461,-6.889273
2648.000000,-332.604475,54.868144,0.001105,8.487861,8.487861,-7.069545
2650.000000,-330.767106,54.080697,0.000819,8.486782,8.486782,-7.247055
2652.000000,-328.928459,53.296235,0.000639,8.487754,8.487754,-7.422403
2654.000000,-327.088881,52.513963,0.000589,8.489898,8.489898,-7.596426
2656.000000,-325.248438,51.733724,0.000668,8.492454,8.492454,-7.768237
2658.000000,-323.406977,50.955892,0.000875,8.495047,8.495047,-7.935600
2660.000000,-321.564259,50.181045,0.001163,8.497321,8.497321,-8.096526
2662.000000,-319.719650,49.410709,0.001391,8.498980,8.498980,-8.248048
2664.000000,-317.872905,48.645510,0.001529,8.499706,8.499706,-8.388195
2666.000000,-316.023792,47.886050,0.001581,8.499168,8.499168,-8.515167
2668.000000,-314.172237,47.132564,0.001544,8.496682,8.496682,-8.627475
2670.000000,-312.318370,46.384783,0.001463,8.491974,8.491974,-8.724731
2672.000000,-310.462297,45.642496,0.001352,8.484899,8.484899,-8.806752
2674.000000,-308.604230,44.905212,0.001245,8.475682,8.475682,-8.873708
2676.000000,-306.744356,44.172499,0.001177,8.464809,8.464809,-8.925780
2678.000000,-304.882773,43.444140,0.001151,8.452791,8.452791,-8.963233
2680.000000,-303.019541,42.720010,0.001164,8.440567,8.440567,-8.986805
2682.000000,-301.154634,42.000202,0.001202,8.428769,8.428769,-8.996794
2684.000000,-299.288007,41.284867,0.001268,8.417798,8.417798,-8.992887
2686.000000,-297.419601,40.574196,0.001379,8.408087,8.408087,-8.975048
2688.000000,-295.549248,39.868661,0.001519,8.399743,8.399743,-8.942942
2690.000000,-293.676763,39.168804,0.001676,8.392676,8.392676,-8.896149
2692.000000,-291.801957,38.475190,0.001838,8.386751,8.386751,-8.834119
2694.000000,-289.924597,37.788520,0.001974,8.381792,8.381792,-8.755416
2696.000000,-288.044533,37.109288,0.002078,8.377841,8.377841,-8.658861
2698.000000,-286.161658,36.437888,0.002139,8.374925,8.374925,-8.544113
2700.000000,-284.275895,35.774643,0.002140,8.373021,8.373021,-8.410806
2702.000000,-282.387310,35.119478,0.002087,8.371752,8.371752,-8.257358
2704.000000,-280.495978,34.472284,0.002004,8.370675,8.370675,-8.082616
2706.000000,-278.602093,33.832600,0.001947,8.368617,8.368617,-7.888681
2708.000000,-276.705744,33.200257,0.001947,8.364373,8.364373,-7.677618
2710.000000,-274.806971,32.575230,0.001988,8.357217,8.357217,-7.450854
2712.000000,-272.905725,31.957768,0.002046,8.346261,8.346261,-7.207563
2714.000000,-271.001976,31.348065,0.002115,8.331801,8.331801,-6.946624
2716.000000,-269.095670,30.746408,0.002226,8.314609,8.314609,-6.670288
2718.000000,-267.186742,30.153120,0.002394,8.295890,8.295890,-6.381540
2720.000000,-265.274989,29.569000,0.002583,8.277526,8.277526,-6.083107
2722.000000,-263.360250,28.994750,0.002780,8.260691,8.260691,-5.777896
2724.000000,-261.442359,28.431113,0.002962,8.246627,8.246627,-5.467880
2726.000000,-259.521126,27.878978,0.003080,8.235675,8.235675,-5.154030
2728.000000,-257.596527,27.338695,0.003153,8.227403,8.227403,-4.837369
2730.000000,-255.668558,26.810563,0.003198,8.221331,8.221331,-4.520736
2732.000000,-253.737232,26.294842,0.003204,8.216215,8.216215,-4.205494
2734.000000,-251.802646,25.791490,0.003195,8.211249,8.211249,-3.891563
2736.000000,-249.864885,25.300504,0.003208,8.205832,8.205832,-3.580559
2738.000000,-247.924033,24.821881,0.003251,8.199439,8.199439,-3.274316
2740.000000,-245.980106,24.355906,0.003302,8.192064,8.192064,-2.972640
2742.000000,-244.033148,23.902763,0.003321,8.183826,8.183826,-2.674241
2744.000000,-242.083198,23.462672,0.003274,8.175066,8.175066,-2.379361
2746.000000,-240.130403,23.035384,0.003168,8.166222,8.166222,-2.089256
2748.000000,-238.174932,22.620513,0.002974,8.157614,8.157614,-1.805237
2750.000000,-236.216983,22.217495,0.002703,8.149607,8.149607,-1.529000
2752.000000,-234.256920,21.824883,0.002468,8.142684,8.142684,-1.263199
2754.000000,-232.294946,21.441935,0.002297,8.137168,8.137168,-1.011486
2756.000000,-230.331243,21.067953,0.002181,8.133398,8.133398,-0.776044
2758.000000,-228.365947,20.702432,0.002128,8.131890,8.131890,-0.556670
2760.000000,-226.399114,20.345275,0.002094,8.132806,8.132806,-0.352744
2762.000000,-224.430798,19.996382,0.002026,8.136230,8.136230,-0.164709
2764.000000,-222.461071,19.655547,0.001905,8.141917,8.141917,0.008678
2766.000000,-220.490056,19.322236,0.001716,8.149437,8.149437,0.169257
2768.000000,-218.517886,18.995829,0.001454,8.158316,8.158316,0.317977
2770.000000,-216.544779,18.675137,0.001185,8.167757,8.167757,0.455400
2772.000000,-214.570928,18.359049,0.000952,8.177044,8.177044,0.581222
2774.000000,-212.596477,18.046731,0.000724,8.185673,8.185673,0.694694
2776.000000,-210.621572,17.737293,0.000524,8.193106,8.193106,0.795093
2778.000000,-208.646370,17.429756,0.000418,8.199164,8.199164,0.881240
2780.000000,-206.670922,17.123810,0.000411,8.204034,8.204034,0.952490
2782.000000,-204.695238,16.819384,0.000492,8.208194,8.208194,1.008283
2784.000000,-202.719268,16.516822,0.000654,8.212410,8.212410,1.047890
2786.000000,-200.742913,16.216787,0.000877,8.217343,8.217343,1.071339
2788.000000,-198.766042,15.920175,0.001115,8.223715,8.223715,1.079990
2790.000000,-196.788504,15.628044,0.001327,8.231642,8.231642,1.075779
2792.000000,-194.810198,15.341159,0.001530,8.240934,8.240934,1.059880
2794.000000,-192.831028,15.060298,0.001762,8.251179,8.251179,1.033497
2796.000000,-190.850890,14.786352,0.002026,8.260938,8.260938,0.997618
2798.000000,-188.869658,14.520437,0.002319,8.268759,8.268759,0.952154
2800.000000,-186.887224,14.263638,0.002661,8.273500,8.273500,0.895757
2802.000000,-184.903460,14.017332,0.003010,8.274341,8.274341,0.827287
2804.000000,-182.918234,13.783119,0.003271,8.271373,8.271373,0.747573
2806.000000,-180.931508,13.561989,0.003385,8.265161,8.265161,0.660849
2808.000000,-178.943306,13.354552,0.003336,8.257333,8.257333,0.572043
2810.000000,-176.953758,13.160438,0.003164,8.248461,8.248461,0.483893
2812.000000,-174.963011,12.979034,0.002891,8.238595,8.238595,0.397184
2814.000000,-172.971240,12.809231,0.002591,8.227342,8.227342,0.309886
2816.000000,-170.978631,12.649543,0.002383,8.213819,8.213819,0.220010
2818.000000,-168.985288,12.499295,0.002274,8.197930,8.197930,0.127084
2820.000000,-166.991289,12.358026,0.002268,8.179948,8.179948,0.030949
2822.000000,-164.996682,12.225610,0.002394,8.160860,8.160860,-0.068582
2824.000000,-163.001469,12.102669,0.002618,8.141831,8.141831,-0.171696
2826.000000,-161.005645,11.990105,0.002872,8.124099,8.124099,-0.277970
2828.000000,-159.009203,11.889088,0.003090,8.107966,8.107966,-0.386557
2830.000000,-157.012175,11.800438,0.003256,8.093202,8.093202,-0.496643
2832.000000,-155.014610,11.724840,0.003334,8.079358,8.079358,-0.606603
2834.000000,-153.016580,11.662764,0.003299,8.064985,8.064985,-0.714990
2836.000000,-151.018183,11.613847,0.003226,8.049659,8.049659,-0.821508
2838.000000,-149.019513,11.577798,0.003208,8.033115,8.033115,-0.926111
2840.000000,-147.020655,11.554412,0.003266,8.015265,8.015265,-1.029186
2842.000000,-145.021686,11.544104,0.003350,7.996829,7.996829,-1.130261
2844.000000,-143.022694,11.547170,0.003388,7.978514,7.978514,-1.229001
2846.000000,-141.023770,11.563948,0.003323,7.961510,7.961510,-1.325654
2848.000000,-139.025002,11.594080,0.003134,7.946371,7.946371,-1.420005
2850.000000,-137.026464,11.636899,0.002830,7.933289,7.933289,-1.511105
2852.000000,-135.028201,11.691072,0.002498,7.922166,7.922166,-1.598618
2854.000000,-133.030228,11.755068,0.002232,7.912286,7.912286,-1.682901
2856.000000,-131.032560,11.827973,0.002039,7.903257,7.903257,-1.763869
2858.000000,-129.035199,11.908888,0.001970,7.894680,7.894680,-1.842662
2860.000000,-127.038163,11.997448,0.002058,7.886693,7.886693,-1.920113
2862.000000,-125.041506,12.094163,0.002248,7.880006,7.880006,-1.995488
2864.000000,-123.045301,12.199787,0.002450,7.875526,7.875526,-2.067526
2866.000000,-121.049644,12.315325,0.002593,7.873988,7.873988,-2.134605
2868.000000,-119.054615,12.441222,0.002664,7.875353,7.875353,-2.195844
2870.000000,-117.060293,12.577859,0.002671,7.879484,7.879484,-2.250979
2872.000000,-115.066728,12.725142,0.002652,7.885094,7.885094,-2.300332
2874.000000,-113.073971,12.882979,0.002649,7.891039,7.891039,-2.344084
2876.000000,-111.082074,13.051322,0.002687,7.896369,7.896369,-2.382194
2878.000000,-109.091103,13.230292,0.002758,7.899758,7.899758,-2.414489
2880.000000,-107.101155,13.420290,0.002824,7.901002,7.901002,-2.440580
2882.000000,-105.112310,13.621503,0.002861,7.900158,7.900158,-2.460242
2884.000000,-103.124657,13.834170,0.002857,7.897860,7.897860,-2.473210
2886.000000,-101.138254,14.058204,0.002815,7.895381,7.895381,-2.480095
2888.000000,-99.153146,14.293444,0.002741,7.893545,7.893545,-2.481438
2890.000000,-97.169363,14.539607,0.002640,7.893452,7.893452,-2.478284
2892.000000,-95.186904,14.796217,0.002529,7.895198,7.895198,-2.472411
2894.000000,-93.205771,15.062869,0.002403,7.898692,7.898692,-2.465943
2896.000000,-91.225945,15.339061,0.002301,7.903733,7.903733,-2.459708
2898.000000,-89.247385,15.624183,0.002288,7.909965,7.909965,-2.454261
2900.000000,-87.270145,15.918315,0.002387,7.917366,7.917366,-2.449511
2902.000000,-85.294302,16.221684,0.002612,7.925960,7.925960,-2.444876
2904.000000,-83.320057,16.535287,0.002918,7.935956,7.935956,-2.440015
2906.000000,-81.347681,16.860430,0.003194,7.947212,7.947212,-2.435378
2908.000000,-79.377447,17.198302,0.003345,7.959463,7.959463,-2.430853
2910.000000,-77.409548,17.549521,0.003362,7.971855,7.971855,-2.426921
2912.000000,-75.444059,17.913985,0.003296,7.982847,7.982847,-2.425256
2914.000000,-73.481031,18.291480,0.003201,7.991093,7.991093,-2.425785
2916.000000,-71.520440,18.681436,0.003142,7.994973,7.994973,-2.426581
2918.000000,-69.562329,19.083659,0.003142,7.994356,7.994356,-2.427234
2920.000000,-67.606771,19.498115,0.003184,7.989536,7.989536,-2.427324
2922.000000,-65.653887,19.924993,0.003224,7.981499,7.981499,-2.425592
2924.000000,-63.703816,20.364539,0.003202,7.972119,7.972119,-2.420867
2926.000000,-61.756616,20.816640,0.003091,7.962391,7.962391,-2.413535
2928.000000,-59.812270,21.280860,0.002915,7.953028,7.953028,-2.404674
2930.000000,-57.870656,21.756379,0.002715,7.943904,7.943904,-2.395420
2932.000000,-55.931661,22.242474,0.002525,7.934783,7.934783,-2.386413
2934.000000,-53.995117,22.738242,0.002391,7.925266,7.925266,-2.378069
2936.000000,-52.060953,23.243215,0.002312,7.915320,7.915320,-2.369861
2938.000000,-50.129140,23.757115,0.002252,7.905196,7.905196,-2.361271
2940.000000,-48.199657,24.279690,0.002207,7.895332,7.895332,-2.353189
2942.000000,-46.272492,24.810750,0.002180,7.886672,7.886672,-2.348217
2944.000000,-44.347657,25.350199,0.002161,7.880028,7.880028,-2.348299
2946.000000,-42.425173,25.897962,0.002141,7.876186,7.876186,-2.354159
2948.000000,-40.505049,26.453943,0.002129,7.875782,7.875782,-2.366403
2950.000000,-38.587299,27.018063,0.002158,7.879130,7.879130,-2.385280
2952.000000,-36.671971,27.590348,0.002255,7.886291,7.886291,-2.410543
2954.000000,-34.759233,28.171230,0.002390,7.896370,7.896370,-2.440619
2956.000000,-32.849298,28.761263,0.002537,7.908326,7.908326,-2.472833
2958.000000,-30.942366,29.360926,0.002659,7.921245,7.921245,-2.505106
2960.000000,-29.038701,29.970884,0.002697,7.933883,7.933883,-2.536391
2962.000000,-27.138362,30.591126,0.002657,7.945736,7.945736,-2.566818
2964.000000,-25.241367,31.221522,0.002570,7.956593,7.956593,-2.597516
2966.000000,-23.347640,31.861669,0.002470,7.966592,7.966592,-2.630482
2968.000000,-21.457078,32.511103,0.002401,7.976079,7.976079,-2.667663
2970.000000,-19.569649,33.169590,0.002403,7.985343,7.985343,-2.709078
2972.000000,-17.685342,33.836957,0.002498,7.994793,7.994793,-2.753825
2974.000000,-15.804398,34.513744,0.002634,8.004350,8.004350,-2.800077
2976.000000,-13.927036,35.200405,0.002793,8.013825,8.013825,-2.846176
2978.000000,-12.053516,35.897479,0.002946,8.022948,8.022948,-2.889575
2980.000000,-10.184192,36.605728,0.003028,8.030989,8.030989,-2.927476
2982.000000,-8.319195,37.325293,0.003053,8.037599,8.037599,-2.959399
2984.000000,-6.458637,38.056259,0.003065,8.042445,8.042445,-2.984496
2986.000000,-4.602576,38.798573,0.003089,8.045220,8.045220,-3.002389
2988.000000,-2.751136,39.552335,0.003148,8.045554,8.045554,-3.014826
2990.000000,-0.904435,40.317636,0.003239,8.043140,8.043140,-3.023723
2992.000000,0.937239,41.094956,0.003301,8.037814,8.037814,-3.030352
2994.000000,2.773727,41.884453,0.003316,8.029846,8.029846,-3.036175
2996.000000,4.604933,42.686120,0.003278,8.019569,8.019569,-3.041287
2998.000000,6.430792,43.499894,0.003173,8.007795,8.007795,-3.043322
3000.000000,8.251463,44.325210,0.003031,7.995580,7.995580,-3.039501
3002.000000,10.067074,45.161599,0.002852,7.983626,7.983626,-3.028465
3004.000000,11.877867,46.008370,0.002664,7.972745,7.972745,-3.010883
3006.000000,13.684177,46.864661,0.002527,7.963648,7.963648,-2.987864
3008.000000,15.486144,47.730056,0.002463,7.956547,7.956547,-2.960429
3010.000000,17.283895,48.604175,0.002482,7.951522,7.951522,-2.929639
3012.000000,19.077294,49.487188,0.002552,7.948213,7.948213,-2.895727
3014.000000,20.866174,50.379319,0.002655,7.946361,7.946361,-2.858825
3016.000000,22.650327,51.280866,0.002775,7.945669,7.945669,-2.818701
3018.000000,24.429407,52.192383,0.002862,7.946038,7.946038,-2.774602
3020.000000,26.203237,53.114074,0.002907,7.947631,7.947631,-2.725791
3022.000000,27.971662,54.046093,0.002910,7.950646,7.950646,-2.671419
3024.000000,29.734600,54.988449,0.002860,7.955425,7.955425,-2.611279
3026.000000,31.492113,55.940886,0.002757,7.962008,7.962008,-2.545908
3028.000000,33.244304,56.903079,0.002621,7.970281,7.970281,-2.476225
3030.000000,34.991468,57.874369,0.002518,7.979523,7.979523,-2.403699
3032.000000,36.733758,58.854377,0.002495,7.989082,7.989082,-2.329422
3034.000000,38.471183,59.842984,0.002593,7.998410,7.998410,-2.253771
3036.000000,40.203573,60.840388,0.002802,8.006799,8.006799,-2.176235
3038.000000,41.930302,61.847557,0.003023,8.014008,8.014008,-2.095419
3040.000000,43.650918,62.865133,0.003188,8.019972,8.019972,-2.010445
3042.000000,45.364935,63.893787,0.003244,8.024770,8.024770,-1.920499
3044.000000,47.072175,64.933648,0.003172,8.028601,8.028601,-1.825390
3046.000000,48.772738,65.984394,0.003015,8.031556,8.031556,-1.725798
3048.000000,50.466927,67.045387,0.002847,8.033699,8.033699,-1.622990
3050.000000,52.155096,68.115934,0.002719,8.035017,8.035017,-1.518665
3052.000000,53.837426,69.195634,0.002653,8.035460,8.035460,-1.414540
3054.000000,55.514086,70.284119,0.002679,8.034948,8.034948,-1.311814
3056.000000,57.184929,71.381512,0.002779,8.033333,8.033333,-1.211081
3058.000000,58.849663,72.488148,0.002917,8.030466,8.030466,-1.112594
3060.000000,60.507934,73.604446,0.003042,8.026177,8.026177,-1.016410
3062.000000,62.159303,74.730927,0.003087,8.020225,8.020225,-0.922833
3064.000000,63.803660,75.867622,0.003041,8.012460,8.012460,-0.831881
3066.000000,65.441008,77.014389,0.002909,8.002794,8.002794,-0.742701
3068.000000,67.071625,78.170707,0.002731,7.991296,7.991296,-0.654565
3070.000000,68.695936,79.335869,0.002564,7.978247,7.978247,-0.567082
3072.000000,70.314258,80.509335,0.002444,7.963950,7.963950,-0.480083
3074.000000,71.926898,81.690598,0.002392,7.948946,7.948946,-0.393461
3076.000000,73.533888,82.879536,0.002394,7.933798,7.933798,-0.306843
3078.000000,75.135191,84.076123,0.002415,7.918988,7.918988,-0.220041
3080.000000,76.730685,85.280443,0.002431,7.905143,7.905143,-0.133148
3082.000000,78.320304,86.492509,0.002435,7.892630,7.892630,-0.046798
3084.000000,79.903997,87.712306,0.002437,7.881629,7.881629,0.038202
3086.000000,81.481739,88.939792,0.002458,7.872230,7.872230,0.121043
3088.000000,83.053463,90.174973,0.002519,7.864333,7.864333,0.201100
3090.000000,84.618972,91.418023,0.002634,7.857754,7.857754,0.278732
3092.000000,86.177963,92.669236,0.002782,7.852242,7.852242,0.355944
3094.000000,87.729934,93.929146,0.002914,7.847579,7.847579,0.433887
3096.000000,89.274529,95.198087,0.002985,7.843696,7.843696,0.511731
3098.000000,90.811429,96.476337,0.002959,7.840568,7.840568,0.587295
3100.000000,92.340698,97.763708,0.002858,7.838392,7.838392,0.657467
3102.000000,93.862583,99.059799,0.002717,7.837261,7.837261,0.720208
3104.000000,95.377360,100.364193,0.002563,7.837235,7.837235,0.774591
3106.000000,96.885502,101.676252,0.002453,7.838314,7.838314,0.819534
3108.000000,98.387222,102.995656,0.002402,7.840425,7.840425,0.854991
3110.000000,99.882622,104.322220,0.002399,7.843479,7.843479,0.882542
3112.000000,101.371675,105.655904,0.002421,7.847324,7.847324,0.905761
3114.000000,102.854230,106.996808,0.002432,7.851266,7.851266,0.928213
3116.000000,104.330242,108.344910,0.002394,7.854231,7.854231,0.952426
3118.000000,105.799693,109.700161,0.002287,7.854355,7.854355,0.981380
3120.000000,107.262938,111.062111,0.002146,7.849727,7.849727,1.016277
3122.000000,108.720316,112.430338,0.001984,7.839529,7.839529,1.054271
3124.000000,110.172212,113.804381,0.001818,7.823079,7.823079,1.092670
3126.000000,111.619197,115.183595,0.001708,7.801496,7.801496,1.130282
3128.000000,113.061474,116.567731,0.001652,7.775864,7.775864,1.167062
3130.000000,114.499216,117.956578,0.001661,7.747256,7.747256,1.203283
3132.000000,115.932420,119.350108,0.001743,7.715856,7.715856,1.239113
3134.000000,117.360755,120.748626,0.001879,7.680830,7.680830,1.274620
3136.000000,118.783905,122.152421,0.002036,7.641370,7.641370,1.309387
3138.000000,120.201239,123.562088,0.002144,7.595823,7.595823,1.343540
3140.000000,121.612481,124.977852,0.002186,7.543724,7.543724,1.377425
3142.000000,123.017500,126.399793,0.002164,7.484846,7.484846,1.411555
3144.000000,124.416261,127.827890,0.002077,7.419273,7.419273,1.446351
3146.000000,125.809105,129.261760,0.001970,7.348351,7.348351,1.482230
3148.000000,127.196280,130.701115,0.001858,7.272892,7.272892,1.520881
3150.000000,128.578086,132.145625,0.001722,7.193773,7.193773,1.563263
3152.000000,129.954880,133.594912,0.001551,7.112344,7.112344,1.609908
3154.000000,131.327152,135.048484,0.001382,7.029990,7.029990,1.659134
3156.000000,132.695486,136.505762,0.001286,6.948368,6.948368,1.708191
3158.000000,134.060138,137.966489,0.001264,6.868296,6.868296,1.755173
3160.000000,135.421086,139.430668,0.001273,6.790060,6.790060,1.799283
3162.000000,136.778349,140.898264,0.001284,6.713903,6.713903,1.840072
3164.000000,138.131767,142.369405,0.001260,6.639896,6.639896,1.878111
3166.000000,139.481475,143.843952,0.001193,6.568331,6.568331,1.915009
3168.000000,140.827613,145.321759,0.001089,6.499453,6.499453,1.951690
3170.000000,142.170522,146.802500,0.000970,6.433671,6.433671,1.988214
3172.000000,143.510581,148.285821,0.000861,6.370897,6.370897,2.024644
3174.000000,144.848074,149.771456,0.000770,6.310706,6.310706,2.059844
3176.000000,146.183335,151.259099,0.000712,6.251981,6.251981,2.093314
3178.000000,147.516476,152.748640,0.000677,6.193342,6.193342,2.125205
3180.000000,148.847616,154.239971,0.000644,6.133964,6.133964,2.155658
3182.000000,150.176808,155.733038,0.000605,6.072895,6.072895,2.184685
3184.000000,151.504215,157.227693,0.000575,6.010338,6.010338,2.212211
3186.000000,152.829914,158.723862,0.000561,5.946555,5.946555,2.238388
3188.000000,154.153938,160.221513,0.000541,5.881852,5.881852,2.262961
3190.000000,155.476305,161.720628,0.000499,5.816769,5.816769,2.285662
3192.000000,156.797176,163.221062,0.000417,5.751938,5.751938,2.306299
3194.000000,158.116713,164.722669,0.000273,5.687998,5.687998,2.324820
3196.000000,159.435410,166.225013,0.000108,5.626200,5.626200,2.340786
3198.000000,160.753838,167.727594,-0.000038,5.567860,5.567860,2.353434
3200.000000,162.072345,169.230105,-0.000121,5.513888,5.513888,2.362158
3202.000000,163.391420,170.732118,-0.000078,5.465270,5.465270,2.366378
3204.000000,164.710733,172.233922,0.000055,5.421546,5.421546,2.366619
3206.000000,166.029934,173.735824,0.000257,5.382021,5.382021,2.363574
3208.000000,167.348454,175.238324,0.000463,5.345483,5.345483,2.358366
3210.000000,168.665364,176.742234,0.000544,5.310086,5.310086,2.352350
3212.000000,169.980610,178.247601,0.000504,5.275420,5.275420,2.345489
3214.000000,171.294250,179.754370,0.000406,5.241270,5.241270,2.337528
3216.000000,172.606695,181.262179,0.000305,5.208014,5.208014,2.327708
3218.000000,173.918248,182.770764,0.000245,5.175756,5.175756,2.315266
3220.000000,175.229098,184.279960,0.000217,5.144511,5.144511,2.299721
3222.000000,176.539293,185.789725,0.000194,5.113722,5.113722,2.280652
3224.000000,177.848885,187.300013,0.000132,5.083095,5.083095,2.257437
3226.000000,179.157994,188.810720,0.000016,5.052475,5.052475,2.229504
3228.000000,180.467084,190.321443,-0.000093,5.021937,5.021937,2.196105
3230.000000,181.776496,191.831887,-0.000157,4.991488,4.991488,2.157270
3232.000000,183.086405,193.341900,-0.000172,4.961024,4.961024,2.113439
3234.000000,184.396896,194.851408,-0.000126,4.930315,4.930315,2.065040
3236.000000,185.707798,196.360558,-0.000030,4.898938,4.898938,2.012688
3238.000000,187.018815,197.869610,0.000103,4.866511,4.866511,1.956978
3240.000000,188.329550,199.378906,0.000247,4.832578,4.832578,1.898387
3242.000000,189.639488,200.888894,0.000366,4.796701,4.796701,1.836704
3244.000000,190.948315,202.399844,0.000462,4.758582,4.758582,1.771881
3246.000000,192.255742,203.912008,0.000545,4.717962,4.717962,1.704032
3248.000000,193.561493,205.425618,0.000607,4.674922,4.674922,1.633181
3250.000000,194.865399,206.940817,0.000667,4.629819,4.629819,1.559128
3252.000000,196.167315,208.457726,0.000730,4.583033,4.583033,1.482044
3254.000000,197.466967,209.976577,0.000768,4.535301,4.535301,1.402935
3256.000000,198.764282,211.497423,0.000780,4.487846,4.487846,1.322011
3258.000000,200.059199,213.020311,0.000797,4.441903,4.441903,1.239146
3260.000000,201.351756,214.545203,0.000851,4.399425,4.399425,1.153602
3262.000000,202.641715,216.072295,0.000933,4.362871,4.362871,1.064498
3264.000000,203.928845,217.601770,0.001089,4.334131,4.334131,0.971162
3266.000000,205.212822,219.133893,0.001360,4.315354,4.315354,0.873890
3268.000000,206.492595,220.669530,0.001676,4.308677,4.308677,0.773263
3270.000000,207.767244,222.209421,0.002055,4.315760,4.315760,0.668797
3272.000000,209.035733,223.754389,0.002534,4.338270,4.338270,0.561185
3274.000000,210.296303,225.305825,0.003017,4.378171,4.378171,0.452115
3276.000000,211.547475,226.864847,0.003493,4.436875,4.436875,0.343195
3278.000000,212.787819,228.432495,0.004032,4.515456,4.515456,0.236455
3280.000000,214.015529,230.010056,0.004603,4.614811,4.614811,0.134843
3282.000000,215.228598,231.598899,0.005168,4.734512,4.734512,0.040175
3284.000000,216.425264,233.200127,0.005771,4.873630,4.873630,-0.047409
3286.000000,217.603410,234.815028,0.006381,5.030404,5.030404,-0.127279
3288.000000,218.760741,236.444907,0.006927,5.202160,5.202160,-0.200006
3290.000000,219.895383,238.090656,0.007402,5.385566,5.385566,-0.267293
3292.000000,221.005454,239.753075,0.007793,5.576353,5.576353,-0.329941
3294.000000,222.089418,241.432632,0.008117,5.768972,5.768972,-0.388388
3296.000000,223.146017,243.129534,0.008529,5.959099,5.959099,-0.441137
3298.000000,224.173852,244.844008,0.009123,6.142489,6.142489,-0.484818
3300.000000,225.170207,246.576965,0.009784,6.315248,6.315248,-0.516715
3302.000000,226.132480,248.329067,0.010551,6.476042,6.476042,-0.537306
3304.000000,227.058005,250.100851,0.011468,6.623718,6.623718,-0.549291
3306.000000,227.942365,251.893538,0.012294,6.756837,6.756837,-0.550878
3308.000000,228.782268,253.707468,0.012953,6.874263,6.874263,-0.541453
3310.000000,229.574901,255.542551,0.013497,6.975144,6.975144,-0.522574
3312.000000,230.317509,257.398447,0.013845,7.058907,7.058907,-0.501423
3314.000000,231.008246,259.274260,0.014016,7.125865,7.125865,-0.488145
3316.000000,231.646196,261.168669,0.014069,7.176814,7.176814,-0.486446
3318.000000,232.230339,263.080348,0.013992,7.213919,7.213919,-0.498978
3320.000000,232.760820,265.007604,0.013829,7.239998,7.239998,-0.529316
3322.000000,233.237721,266.948809,0.013599,7.257175,7.257175,-0.579218
3324.000000,233.661611,268.902273,0.013317,7.268051,7.268051,-0.646658
3326.000000,234.033400,270.866318,0.013023,7.275518,7.275518,-0.726108
3328.000000,234.353873,272.839389,0.012747,7.281591,7.281591,-0.811453
3330.000000,234.624143,274.819959,0.012572,7.288678,7.288678,-0.901736
3332.000000,234.844686,276.806681,0.012521,7.298434,7.298434,-0.995782
3334.000000,235.015510,278.798292,0.012534,7.311903,7.311903,-1.087081
3336.000000,235.136377,280.793557,0.012488,7.330222,7.330222,-1.169747
3338.000000,235.207124,282.791224,0.012250,7.353234,7.353234,-1.239860
3340.000000,235.228736,284.790035,0.011688,7.380037,7.380037,-1.296837
3342.000000,235.203038,286.788804,0.010664,7.409077,7.409077,-1.342370
3344.000000,235.134316,288.786566,0.009210,7.437549,7.437549,-1.379191
3346.000000,235.028567,290.782736,0.007563,7.462693,7.462693,-1.404822
3348.000000,234.892824,292.777098,0.006064,7.481449,7.481449,-1.414946
3350.000000,234.733413,294.769717,0.004886,7.492476,7.492476,-1.415400
3352.000000,234.554652,296.760700,0.003990,7.495475,7.495475,-1.420710
3354.000000,234.360431,298.750236,0.003499,7.490749,7.490749,-1.441536
3356.000000,234.152984,300.738438,0.003456,7.481149,7.481149,-1.476132
3358.000000,233.931805,302.725158,0.003562,7.469646,7.469646,-1.512156
3360.000000,233.696399,304.710242,0.003458,7.458824,7.458824,-1.538659
3362.000000,233.446621,306.693570,0.003000,7.451341,7.451341,-1.555197
3364.000000,233.184954,308.675366,0.002287,7.447793,7.447793,-1.565808
3366.000000,232.913874,310.655899,0.001449,7.447793,7.447793,-1.572402
3368.000000,232.637271,312.635669,0.000706,7.449279,7.449279,-1.577310
3370.000000,232.358173,314.615089,0.000196,7.450756,7.450756,-1.580065
3372.000000,232.078404,316.594415,-0.000039,7.451754,7.451754,-1.582026
3374.000000,231.799370,318.573844,0.000049,7.452402,7.452402,-1.583064
3376.000000,231.520154,320.553248,0.000297,7.454806,7.454806,-1.579424
3378.000000,231.239798,322.532491,0.000550,7.460380,7.460380,-1.568384
3380.000000,230.957203,324.511415,0.000678,7.470510,7.470510,-1.546961
3382.000000,230.671522,326.489896,0.000573,7.485986,7.485986,-1.512726
3384.000000,230.383527,328.468041,0.000287,7.506796,7.506796,-1.467176
3386.000000,230.094182,330.445990,-0.000120,7.532746,7.532746,-1.411972
3388.000000,229.805304,332.424006,-0.000532,7.563201,7.563201,-1.348658
3390.000000,229.518745,334.402360,-0.000761,7.597141,7.597141,-1.278606
3392.000000,229.235500,336.381191,-0.000726,7.633346,7.633346,-1.202581
3394.000000,228.955353,338.360463,-0.000470,7.669381,7.669381,-1.121168
3396.000000,228.677184,340.340014,-0.000044,7.703043,7.703043,-1.033791
3398.000000,228.399403,342.319620,0.000524,7.732235,7.732235,-0.936253
3400.000000,228.119566,344.298936,0.001130,7.754242,7.754242,-0.822461
3402.000000,227.835165,346.277600,0.001675,7.766487,7.766487,-0.685847
3404.000000,227.544075,348.255291,0.002148,7.766997,7.766997,-0.519361
3406.000000,227.244437,350.231703,0.002418,7.753932,7.753932,-0.318556
3408.000000,226.934624,352.206546,0.002253,7.725531,7.725531,-0.084455
3410.000000,226.615519,354.179909,0.001576,7.681919,7.681919,0.178852
3412.000000,226.289605,356.152162,0.000402,7.624235,7.624235,0.468619
3414.000000,225.961730,358.124089,-0.001145,7.555321,7.555321,0.781447
3416.000000,225.638241,360.096740,-0.002971,7.478522,7.478522,1.113053
3418.000000,225.326006,362.071194,-0.005166,7.396665,7.396665,1.460657
3420.000000,225.033791,364.048704,-0.007507,7.312992,7.312992,1.812039
3422.000000,224.771960,366.030448,-0.009697,7.230213,7.230213,2.149857
3424.000000,224.548226,368.016820,-0.011879,7.150083,7.150083,2.464274
3426.000000,224.371804,370.007940,-0.013842,7.074528,7.074528,2.746294
3428.000000,224.251603,372.003209,-0.015231,7.003685,7.003685,2.987903
3430.000000,224.192273,374.001197,-0.016225,6.937713,6.937713,3.187080
3432.000000,224.198113,376.000054,-0.017000,6.876775,6.876775,3.341784
3434.000000,224.271945,377.997549,-0.017628,6.822489,6.822489,3.452697
3436.000000,224.416164,379.991194,-0.018381,6.777879,6.777879,3.525053
3438.000000,224.632806,381.978276,-0.019438,6.747192,6.747192,3.565681
3440.000000,224.926630,383.955425,-0.020662,6.737300,6.737300,3.577015
3442.000000,225.301565,385.918792,-0.022395,6.750489,6.750489,3.556872
3444.000000,225.762382,387.863810,-0.024312,6.789344,6.789344,3.502864
3446.000000,226.319852,389.783332,-0.025201,6.846020,6.846020,3.408564
3448.000000,226.973341,391.672298,-0.024787,6.916048,6.916048,3.274106
3450.000000,227.721616,393.525759,-0.023207,6.994046,6.994046,3.092841
3452.000000,228.555186,395.342454,-0.020984,7.080240,7.080240,2.868588
3454.000000,229.464239,397.122637,-0.018649,7.174760,7.174760,2.610572
3456.000000,230.439211,398.867600,-0.016341,7.277833,7.277833,2.335678
3458.000000,231.470153,400.580107,-0.014368,7.388159,7.388159,2.057328
3460.000000,232.549538,402.262549,-0.012596,7.504405,7.504405,1.780225
3462.000000,233.671417,403.916964,-0.010786,7.623665,7.623665,1.501879
3464.000000,234.828227,405.547173,-0.009148,7.741795,7.741795,1.225462
3466.000000,236.014609,407.156014,-0.007670,7.856908,7.856908,0.955020
3468.000000,237.225603,408.746422,-0.006251,7.967209,7.967209,0.692961
3470.000000,238.456084,410.321811,-0.005008,8.070486,8.070486,0.442892
3472.000000,239.702242,411.884839,-0.003862,8.165110,8.165110,0.207873
3474.000000,240.960502,413.438146,-0.002784,8.249674,8.249674,-0.008927
3476.000000,242.227077,414.984684,-0.001914,8.323107,8.323107,-0.203320
3478.000000,243.499474,416.526437,-0.001214,8.385808,8.385808,-0.372816
3480.000000,244.775571,418.065130,-0.000597,8.438462,8.438462,-0.515563
3482.000000,246.053408,419.602379,-0.000090,8.482443,8.482443,-0.628025
3484.000000,247.331409,421.139491,0.000288,8.520032,8.520032,-0.706666
3486.000000,248.608454,422.677398,0.000583,8.553271,8.553271,-0.756936
3488.000000,249.883705,424.216792,0.000826,8.584485,8.584485,-0.787045
3490.000000,251.156327,425.758360,0.000999,8.615900,8.615900,-0.801486
3492.000000,252.425827,427.302500,0.001066,8.649418,8.649418,-0.799205
3494.000000,253.691876,428.849471,0.000992,8.686743,8.686743,-0.780670
3496.000000,254.954781,430.399009,0.000823,8.728480,8.728480,-0.748385
3498.000000,256.215141,431.950620,0.000635,8.774385,8.774385,-0.704574
3500.000000,257.473539,433.503821,0.000459,8.823975,8.823975,-0.651257
3502.000000,258.730522,435.058168,0.000304,8.876580,8.876580,-0.590034
3504.000000,259.986590,436.613254,0.000186,8.931170,8.931170,-0.525085
3506.000000,261.242125,438.168771,0.000113,8.986808,8.986808,-0.461060
3508.000000,262.497323,439.724560,0.000074,9.042545,9.042545,-0.395767
3510.000000,263.752318,441.280512,0.000060,9.097302,9.097302,-0.326316
3512.000000,265.007133,442.836611,0.000064,9.150346,9.150346,-0.253068
3514.000000,266.261766,444.392855,0.000073,9.201037,9.201037,-0.177490
3516.000000,267.516142,445.949307,0.000071,9.248990,9.248990,-0.100609
3518.000000,268.770299,447.505935,0.000059,9.294079,9.294079,-0.023280
3520.000000,270.024262,449.062720,0.000023,9.336227,9.336227,0.053516
3522.000000,271.278096,450.619608,0.000023,9.375759,9.375759,0.128790
3524.000000,272.532098,452.176361,0.000227,9.412869,9.412869,0.201738
3526.000000,273.785604,453.733513,0.000490,9.449379,9.449379,0.273301
3528.000000,275.037114,455.292270,0.000511,9.488554,9.488554,0.345044
3530.000000,276.287006,456.852325,0.000368,9.530616,9.530616,0.416066
3532.000000,277.535752,458.413296,0.000197,9.575253,9.575253,0.485405
3534.000000,278.783818,459.974813,-0.000010,9.621837,9.621837,0.552334
3536.000000,280.031932,461.536291,-0.000223,9.669104,9.669104,0.615906
3538.000000,281.280756,463.097200,-0.000473,9.715467,9.715467,0.675335
3540.000000,282.530893,464.657058,-0.000769,9.759215,9.759215,0.729901
3542.000000,283.783589,466.214862,-0.000993,9.798453,9.798453,0.778117
3544.000000,285.039439,467.770124,-0.001108,9.831944,9.831944,0.819407
3546.000000,286.298778,469.322562,-0.001152,9.858672,9.858672,0.853368
3548.000000,287.561755,470.872042,-0.001133,9.877652,9.877652,0.879715
3550.000000,288.828255,472.418645,-0.001096,9.890058,9.890058,0.898584
3552.000000,290.098098,473.962503,-0.001054,9.897236,9.897236,0.910431
3554.000000,291.371271,475.503616,-0.000952,9.901941,9.901941,0.915518
3556.000000,292.647436,477.042253,-0.000763,9.906641,9.906641,0.914524
3558.000000,293.926012,478.578887,-0.000512,9.913006,9.913006,0.908434
3560.000000,295.206154,480.114217,-0.000270,9.922820,9.922820,0.898660
3562.000000,296.487040,481.648925,-0.000085,9.938570,9.938570,0.886920
3564.000000,297.768182,483.183421,0.000164,9.961066,9.961066,0.874671
3566.000000,299.049107,484.718097,0.000479,9.990907,9.990907,0.863101
3568.000000,300.328196,486.254304,0.000646,10.026376,10.026376,0.854597
3570.000000,301.605289,487.792171,0.000662,10.066436,10.066436,0.849741
3572.000000,302.880272,489.331787,0.000675,10.110173,10.110173,0.848976
3574.000000,304.153326,490.872999,0.000761,10.156381,10.156381,0.852041
3576.000000,305.424028,492.416151,0.000922,10.204546,10.204546,0.859778
3578.000000,306.691981,493.961562,0.001048,10.254235,10.254235,0.873106
3580.000000,307.956392,495.509871,0.001008,10.305055,10.305055,0.892962
3582.000000,309.217670,497.060735,0.000855,10.356189,10.356189,0.918855
3584.000000,310.476264,498.613777,0.000663,10.406741,10.406741,0.950799
3586.000000,311.732755,500.168522,0.000444,10.455583,10.455583,0.988587
3588.000000,312.987896,501.724357,0.000228,10.501801,10.501801,1.031408
3590.000000,314.242318,503.280771,0.000053,10.545460,10.545460,1.078270
3592.000000,315.496687,504.837229,-0.000049,10.586704,10.586704,1.128164
3594.000000,316.751223,506.393552,-0.000109,10.625760,10.625760,1.180821
3596.000000,318.006088,507.949609,-0.000164,10.662817,10.662817,1.236252
3598.000000,319.261481,509.505241,-0.000224,10.698067,10.698067,1.294369
3600.000000,320.517527,511.060345,-0.000303,10.731895,10.731895,1.354778
3602.000000,321.774530,512.614676,-0.000369,10.764612,10.764612,1.416625
3604.000000,323.032732,514.168036,-0.000414,10.796392,10.796392,1.478778
3606.000000,324.292162,515.720401,-0.000472,10.827315,10.827315,1.540247
3608.000000,325.553070,517.271565,-0.000554,10.857240,10.857240,1.599683
3610.000000,326.815653,518.821367,-0.000626,10.885985,10.885985,1.656008
3612.000000,328.080278,520.369502,-0.000655,10.913221,10.913221,1.708409
3614.000000,329.346892,521.916012,-0.000673,10.938666,10.938666,1.756783
3616.000000,330.615589,523.460812,-0.000645,10.962341,10.962341,1.801084
3618.000000,331.886454,525.003830,-0.000529,10.984330,10.984330,1.841570
3620.000000,333.158858,526.545578,-0.000416,11.004542,11.004542,1.879394
3622.000000,334.432540,528.086271,-0.000334,11.023191,11.023191,1.914926
3624.000000,335.707257,529.626108,-0.000243,11.040521,11.040521,1.948417
3626.000000,336.982737,531.165313,-0.000138,11.056785,11.056785,1.980245
3628.000000,338.258649,532.704159,-0.000006,11.071887,11.071887,2.010878
3630.000000,339.534628,534.242951,0.000141,11.085715,11.085715,2.040822
3632.000000,340.810113,535.782152,0.000242,11.097893,11.097893,2.070701
3634.000000,342.084789,537.322022,0.000305,11.108109,11.108109,2.101046
3636.000000,343.358596,538.862612,0.000267,11.116131,11.116131,2.132493
3638.000000,344.631196,540.404199,0.000036,11.121677,11.121677,2.166033
3640.000000,345.903785,541.945795,-0.000265,11.124670,11.124670,2.200400
3642.000000,347.177153,543.486747,-0.000598,11.125020,11.125020,2.234877
3644.000000,348.452244,545.026274,-0.000962,11.122623,11.122623,2.268941
3646.000000,349.730475,546.563195,-0.001258,11.117233,11.117233,2.301507
3648.000000,351.012535,548.096923,-0.001500,11.108657,11.108657,2.332316
3650.000000,352.299232,549.626763,-0.001716,11.096662,11.096662,2.360687
3652.000000,353.591197,551.152156,-0.001900,11.081136,11.081136,2.386317
3654.000000,354.888944,552.672633,-0.002043,11.062041,11.062041,2.408927
3656.000000,356.192986,554.187714,-0.002091,11.039329,11.039329,2.428143
3658.000000,357.503441,555.697251,-0.002038,11.012765,11.012765,2.444382
3660.000000,358.820060,557.201416,-0.001911,10.982043,10.982043,2.458797
3662.000000,360.142493,558.700471,-0.001687,10.946892,10.946892,2.472929
3664.000000,361.470090,560.194956,-0.001388,10.906714,10.906714,2.488705
3666.000000,362.801747,561.685824,-0.001113,10.861871,10.861871,2.507979
3668.000000,364.136690,563.173752,-0.000905,10.812776,10.812776,2.531640
3670.000000,365.474265,564.659313,-0.000789,10.760279,10.760279,2.560200
3672.000000,366.814055,566.142878,-0.000795,10.705490,10.705490,2.593912
3674.000000,368.156146,567.624361,-0.000933,10.648948,10.648948,2.632864
3676.000000,369.500845,569.103476,-0.001208,10.591205,10.591205,2.677519
3678.000000,370.849067,570.579382,-0.001569,10.531720,10.531720,2.726908
3680.000000,372.201903,572.051058,-0.002029,10.470039,10.470039,2.778912
3682.000000,373.560461,573.517453,-0.002542,10.405578,10.405578,2.831726
3684.000000,374.926771,574.976627,-0.002912,10.337873,10.337873,2.882850
3686.000000,376.301561,576.427811,-0.003173,10.267168,10.267168,2.932313
3688.000000,377.685505,577.870268,-0.003391,10.193819,10.193819,2.980122
3690.000000,379.079352,579.303158,-0.003498,10.118478,10.118478,3.025209
3692.000000,380.483207,580.726243,-0.003534,10.041997,10.041997,3.066856
3694.000000,381.897077,582.139378,-0.003519,9.965157,9.965157,3.104574
3696.000000,383.320973,583.542411,-0.003457,9.888794,9.888794,3.139148
3698.000000,384.754428,584.935676,-0.003453,9.813397,9.813397,3.172772
3700.000000,386.197393,586.319088,-0.003559,9.739406,9.739406,3.208079
3702.000000,387.650103,587.692263,-0.003706,9.667254,9.667254,3.246504
3704.000000,389.113022,589.054556,-0.003821,9.596983,9.596983,3.286513
3706.000000,390.586299,590.405640,-0.003946,9.528567,9.528567,3.325415
3708.000000,392.070090,591.745167,-0.004112,9.461916,9.461916,3.360714
3710.000000,393.564927,593.072355,-0.004240,9.396922,9.396922,3.391691
3712.000000,395.070987,594.386793,-0.004303,9.333638,9.333638,3.418749
3714.000000,396.588327,595.688192,-0.004302,9.272303,9.272303,3.442088
3716.000000,398.116881,596.976403,-0.004239,9.213180,9.213180,3.462198
3718.000000,399.656275,598.251641,-0.004178,9.156312,9.156312,3.479962
3720.000000,401.206227,599.514025,-0.004177,9.101675,9.101675,3.495737
3722.000000,402.766613,600.763491,-0.004245,9.048376,9.048376,3.509578
3724.000000,404.337518,601.999703,-0.004332,8.995756,8.995756,3.521770
3726.000000,405.919123,603.222197,-0.004356,8.943038,8.943038,3.532463
3728.000000,407.511387,604.430774,-0.004290,8.889700,8.889700,3.540888
3730.000000,409.113977,605.625626,-0.004117,8.835890,8.835890,3.546280
3732.000000,410.726491,606.807052,-0.003873,8.781924,8.781924,3.548127
3734.000000,412.347964,607.976156,-0.003691,8.728514,8.728514,3.547102
3736.000000,413.978011,609.133274,-0.003617,8.675870,8.675870,3.543364
3738.000000,415.616288,610.278713,-0.003633,8.624015,8.624015,3.537109
3740.000000,417.262830,611.412237,-0.003715,8.572261,8.572261,3.527927
3742.000000,418.917710,612.533552,-0.003833,8.520269,8.520269,3.515363
3744.000000,420.581134,613.642154,-0.003921,8.467907,8.467907,3.498879
3746.000000,422.253292,614.737537,-0.003918,8.415385,8.415385,3.478364
3748.000000,423.933988,615.819775,-0.003845,8.363983,8.363983,3.455348
3750.000000,425.622993,616.889000,-0.003711,8.314681,8.314681,3.430572
3752.000000,427.319921,617.945607,-0.003565,8.268922,8.268922,3.405083
3754.000000,429.024246,618.990242,-0.003521,8.227540,8.227540,3.380048
3756.000000,430.735815,620.022965,-0.003548,8.190910,8.190910,3.354523
3758.000000,432.454738,621.043401,-0.003542,8.159150,8.159150,3.325726
3760.000000,434.180835,622.051656,-0.003514,8.131506,8.131506,3.292134
3762.000000,435.913965,623.047773,-0.003450,8.107507,8.107507,3.253020
3764.000000,437.654016,624.031750,-0.003326,8.086507,8.086507,3.206868
3766.000000,439.400512,625.004241,-0.003248,8.067965,8.067965,3.153104
3768.000000,441.153223,625.965487,-0.003269,8.051777,8.051777,3.093739
3770.000000,442.912170,626.915272,-0.003308,8.037832,8.037832,3.030858
3772.000000,444.677403,627.853321,-0.003300,8.025928,8.025928,2.966917
3774.000000,446.448795,628.779689,-0.003241,8.015713,8.015713,2.902794
3776.000000,448.226184,629.694496,-0.003161,8.006809,8.006809,2.837740
3778.000000,450.009285,630.598118,-0.003122,7.998480,7.998480,2.772146
3780.000000,451.797948,631.490682,-0.003134,7.990368,7.990368,2.706510
3782.000000,453.592196,632.371964,-0.003172,7.982232,7.982232,2.640273
3784.000000,455.391935,633.241979,-0.003259,7.974179,7.974179,2.573103
3786.000000,457.197311,634.100229,-0.003356,7.966532,7.966532,2.504145
3788.000000,459.008428,634.946300,-0.003431,7.959535,7.959535,2.432403
3790.000000,460.825285,635.779973,-0.003498,7.953437,7.953437,2.356848
3792.000000,462.647959,636.600848,-0.003477,7.948435,7.948435,2.275895
3794.000000,464.476395,637.408808,-0.003364,7.944788,7.944788,2.188358
3796.000000,466.310138,638.204652,-0.003266,7.942941,7.942941,2.095149
3798.000000,468.149083,638.988399,-0.003157,7.943516,7.943516,1.997459
3800.000000,469.992949,639.760500,-0.002924,7.946986,7.946986,1.897206
3802.000000,471.841421,640.521510,-0.002575,7.953916,7.953916,1.796345
3804.000000,473.693709,641.273189,-0.002249,7.964522,7.964522,1.697958
3806.000000,475.549355,642.016539,-0.002007,7.978699,7.978699,1.603536
3808.000000,477.407924,642.752552,-0.001915,7.996132,7.996132,1.512886
3810.000000,479.269170,643.481770,-0.002055,8.015907,8.015907,1.424937
3812.000000,481.133358,644.203428,-0.002327,8.036666,8.036666,1.337037
3814.000000,483.000892,644.916386,-0.002490,8.056874,8.056874,1.246266
3816.000000,484.872123,645.619578,-0.002389,8.075080,8.075080,1.151654
3818.000000,486.746709,646.313783,-0.002055,8.090269,8.090269,1.055594
3820.000000,488.624250,646.999957,-0.001606,8.101732,8.101732,0.959842
3822.000000,490.503890,647.680361,-0.001232,8.109494,8.109494,0.867507
3824.000000,492.385169,648.356222,-0.001009,8.113586,8.113586,0.780253
3826.000000,494.267761,649.028418,-0.000930,8.113931,8.113931,0.698382
3828.000000,496.151529,649.697311,-0.001005,8.110222,8.110222,0.622648
3830.000000,498.036617,650.362472,-0.001188,8.101677,8.101677,0.552516
3832.000000,499.923243,651.023259,-0.001407,8.087853,8.087853,0.486149
3834.000000,501.811764,651.678613,-0.001576,8.068436,8.068436,0.421548
3836.000000,503.702354,652.327969,-0.001672,8.043803,8.043803,0.357508
3838.000000,505.595123,652.970946,-0.001672,8.014941,8.014941,0.292850
3840.000000,507.490101,653.607386,-0.001544,7.983446,7.983446,0.226385
3842.000000,509.387040,654.237954,-0.001349,7.951287,7.951287,0.158367
3844.000000,511.285674,654.863404,-0.001161,7.919694,7.919694,0.089355
3846.000000,513.185739,655.484493,-0.001016,7.889780,7.889780,0.019593
3848.000000,515.087042,656.101785,-0.000920,7.862520,7.862520,-0.050998
3850.000000,516.989472,656.715592,-0.000878,7.838096,7.838096,-0.122636
3852.000000,518.892939,657.326175,-0.000903,7.816601,7.816601,-0.195425
3854.000000,520.797503,657.933329,-0.000945,7.798103,7.798103,-0.269583
3856.000000,522.703232,658.536815,-0.000956,7.782734,7.782734,-0.345464
3858.000000,524.610107,659.136673,-0.000936,7.770553,7.770553,-0.423272
3860.000000,526.518122,659.732890,-0.000887,7.761526,7.761526,-0.503182
3862.000000,528.427188,660.325737,-0.000799,7.755417,7.755417,-0.584989
3864.000000,530.337230,660.915430,-0.000663,7.751953,7.751953,-0.668393
3866.000000,532.248052,661.502595,-0.000525,7.750719,7.750719,-0.752722
3868.000000,534.159463,662.087836,-0.000414,7.751102,7.751102,-0.837373
3870.000000,536.071379,662.671427,-0.000280,7.752643,7.752643,-0.922175
3872.000000,537.983632,663.253912,-0.000154,7.754861,7.754861,-1.006781
3874.000000,539.896012,663.835981,-0.000116,7.757330,7.757330,-1.090827
3876.000000,541.808516,664.417641,-0.000103,7.759775,7.759775,-1.174397
3878.000000,543.721183,664.998765,-0.000055,7.761976,7.761976,-1.257451
3880.000000,545.633880,665.579793,-0.000021,7.763805,7.763805,-1.339408
3882.000000,547.546612,666.160704,-0.000006,7.765221,7.765221,-1.420227
3884.000000,549.459342,666.741620,0.000048,7.766241,7.766241,-1.499652
3886.000000,551.372068,667.322550,0.000179,7.767009,7.767009,-1.577502
3888.000000,553.284581,667.904183,0.000349,7.767893,7.767893,-1.653101
3890.000000,555.196694,668.487128,0.000483,7.769158,7.769158,-1.725992
3892.000000,557.108195,669.072075,0.000532,7.771090,7.771090,-1.795285
3894.000000,559.019064,669.659085,0.000533,7.773748,7.773748,-1.860682
3896.000000,560.929318,670.248090,0.000510,7.776906,7.776906,-1.921944
3898.000000,562.838926,670.839189,0.000417,7.780100,7.780100,-1.978584
3900.000000,564.748035,671.431898,0.000274,7.782857,7.782857,-2.030687
3902.000000,566.656819,672.025655,0.000173,7.784872,7.784872,-2.078714
3904.000000,568.565455,672.619885,0.000162,7.785926,7.785926,-2.123451
3906.000000,570.473888,673.214766,0.000171,7.786410,7.786410,-2.164894
3908.000000,572.382104,673.810343,0.000156,7.786719,7.786719,-2.203046
3910.000000,574.290144,674.406484,0.000119,7.787232,7.787232,-2.237927
3912.000000,576.198012,675.003175,0.000049,7.788396,7.788396,-2.269584
3914.000000,578.105832,675.600020,-0.000074,7.790421,7.790421,-2.298576
3916.000000,580.013687,676.196752,-0.000258,7.793437,7.793437,-2.325419
3918.000000,581.921872,676.792431,-0.000434,7.797490,7.797490,-2.351439
3920.000000,583.830591,677.386394,-0.000544,7.802580,7.802580,-2.377735
3922.000000,585.739972,677.978224,-0.000589,7.808696,7.808696,-2.405080
3924.000000,587.650074,678.567724,-0.000588,7.815817,7.815817,-2.433927
3926.000000,589.560855,679.155023,-0.000585,7.823878,7.823878,-2.464403
3928.000000,591.472322,679.740079,-0.000603,7.832790,7.832790,-2.496750
3930.000000,593.384481,680.322876,-0.000624,7.842425,7.842425,-2.531026
3932.000000,595.297385,680.903216,-0.000611,7.852518,7.852518,-2.567494
3934.000000,597.211008,681.481187,-0.000589,7.862703,7.862703,-2.606030
3936.000000,599.125280,682.057001,-0.000539,7.872598,7.872598,-2.646339
3938.000000,601.040253,682.630482,-0.000378,7.881745,7.881745,-2.688464
3940.000000,602.955652,683.202535,-0.000176,7.889888,7.889888,-2.731194
3942.000000,604.871231,683.773988,-0.000011,7.896888,7.896888,-2.773552
3944.000000,606.786828,684.345379,0.000143,7.902817,7.902817,-2.815042
3946.000000,608.702260,684.917325,0.000293,7.907825,7.907825,-2.855151
3948.000000,610.617348,685.490421,0.000405,7.912082,7.912082,-2.893458
3950.000000,612.531946,686.065154,0.000457,7.915861,7.915861,-2.929600
3952.000000,614.446009,686.641661,0.000471,7.919355,7.919355,-2.963549
3954.000000,616.359528,687.219974,0.000427,7.922688,7.922688,-2.995366
3956.000000,618.272497,687.800103,0.000323,7.925967,7.925967,-3.025074
3958.000000,620.185135,688.381324,0.000222,7.929252,7.929252,-3.053398
3960.000000,622.097487,688.963484,0.000121,7.932580,7.932580,-3.080375
3962.000000,624.009708,689.546075,0.000015,7.935981,7.935981,-3.106401
3964.000000,625.921915,690.128713,-0.000075,7.939427,7.939427,-3.131849
3966.000000,627.834210,690.711061,-0.000147,7.942843,7.942843,-3.157058
3968.000000,629.746692,691.292794,-0.000156,7.946189,7.946189,-3.182158
3970.000000,631.659395,691.873799,-0.000082,7.949603,7.949603,-3.206780
3972.000000,633.572193,692.454494,0.000025,7.953360,7.953360,-3.230059
3974.000000,635.484962,693.035280,0.000121,7.957679,7.957679,-3.252008
3976.000000,637.397576,693.616580,0.000185,7.962803,7.962803,-3.273201
3978.000000,639.309966,694.198617,0.000224,7.968586,7.968586,-3.294364
3980.000000,641.222098,694.781497,0.000250,7.974823,7.974823,-3.315769
3982.000000,643.133924,695.365382,0.000270,7.981151,7.981151,-3.337555
3984.000000,645.045456,695.950231,0.000309,7.987081,7.987081,-3.360109
3986.000000,646.956619,696.536282,0.000315,7.992293,7.992293,-3.383023
3988.000000,648.867365,697.123694,0.000242,7.996492,7.996492,-3.406208
3990.000000,650.777834,697.712002,0.000121,7.999626,7.999626,-3.430301
3992.000000,652.688139,698.300847,-0.000027,8.001787,8.001787,-3.455807
3994.000000,654.598478,698.889577,-0.000164,8.003130,8.003130,-3.483382
3996.000000,656.509039,699.477589,-0.000237,8.004000,8.004000,-3.513420
3998.000000,658.419894,700.064644,-0.000263,8.004746,8.004746,-3.545970
4000.000000,660.331052,700.650714,-0.000248,8.005696,8.005696,-3.580880
4002.000000,662.242544,701.235692,-0.000182,8.007308,8.007308,-3.618058
4004.000000,664.154226,701.820048,-0.000105,8.010050,8.010050,-3.656784
4006.000000,666.066044,702.403959,-0.000030,8.014230,8.014230,-3.696664
4008.000000,667.977893,702.987771,0.000055,8.020105,8.020105,-3.737204
4010.000000,669.889685,703.571766,0.000134,8.027824,8.027824,-3.778001
4012.000000,671.801304,704.156331,0.000208,8.037495,8.037495,-3.818468
4014.000000,673.712699,704.741626,0.000287,8.049235,8.049235,-3.858006
4016.000000,675.623740,705.328073,0.000357,8.063458,8.063458,-3.895525
4018.000000,677.534368,705.915869,0.000390,8.080781,8.080781,-3.930270
4020.000000,679.444499,706.505275,0.000314,8.101898,8.101898,-3.961529
4022.000000,681.354203,707.096065,0.000117,8.127586,8.127586,-3.989244
4024.000000,683.263778,707.687269,-0.000129,8.157940,8.157940,-4.014352
4026.000000,685.173484,708.278052,-0.000411,8.192912,8.192912,-4.037568
4028.000000,687.083665,708.867296,-0.000696,8.232170,8.232170,-4.059617
4030.000000,688.994703,709.453756,-0.000920,8.275121,8.275121,-4.081322
4032.000000,690.906820,710.036682,-0.001075,8.321364,8.321364,-4.103169
4034.000000,692.820216,710.615403,-0.001159,8.370546,8.370546,-4.125228
4036.000000,694.734965,711.189628,-0.001176,8.422690,8.422690,-4.146232
4038.000000,696.651071,711.759307,-0.001119,8.477860,8.477860,-4.165421
4040.000000,698.568487,712.324565,-0.001012,8.536293,8.536293,-4.183146
4042.000000,700.487008,712.886057,-0.000919,8.598195,8.598195,-4.198930
4044.000000,702.406572,713.443978,-0.000853,8.663619,8.663619,-4.212565
4046.000000,704.327062,713.998699,-0.000794,8.732528,8.732528,-4.223570
4048.000000,706.248454,714.550292,-0.000729,8.804757,8.804757,-4.231706
4050.000000,708.170630,715.099145,-0.000660,8.879886,8.879886,-4.236191
4052.000000,710.093546,715.645399,-0.000630,8.957450,8.957450,-4.236330
4054.000000,712.017086,716.189453,-0.000644,9.036923,9.036923,-4.231114
4056.000000,713.941385,716.730817,-0.000564,9.117969,9.117969,-4.220540
4058.000000,715.866335,717.269859,-0.000404,9.200152,9.200152,-4.203707
4060.000000,717.791663,717.807551,-0.000314,9.283022,9.283022,-4.178839
4062.000000,719.717327,718.344040,-0.000295,9.366456,9.366456,-4.145134
4064.000000,721.643291,718.879447,-0.000320,9.450288,9.450288,-4.101840
4066.000000,723.569583,719.413677,-0.000383,9.534409,9.534409,-4.048321
4068.000000,725.496288,719.946415,-0.000468,9.618680,9.618680,-3.983957
4070.000000,727.423471,720.477417,-0.000593,9.702885,9.702885,-3.907955
4072.000000,729.351272,721.006174,-0.000768,9.786705,9.786705,-3.819684
4074.000000,731.279868,721.532024,-0.000971,9.869773,9.869773,-3.719100
4076.000000,733.209490,722.054096,-0.001190,9.951547,9.951547,-3.608228
4078.000000,735.140326,722.571656,-0.001390,10.031375,10.031375,-3.488711
4080.000000,737.072647,723.083646,-0.001480,10.108145,10.108145,-3.362041
4082.000000,739.006501,723.589812,-0.001455,10.180974,10.180974,-3.229204
4084.000000,740.941827,724.090321,-0.001320,10.248911,10.248911,-3.091134
4086.000000,742.878536,724.585453,-0.001077,10.310769,10.310769,-2.948905
4088.000000,744.816268,725.076568,-0.000821,10.365259,10.365259,-2.801544
4090.000000,746.754826,725.564414,-0.000548,10.411264,10.411264,-2.646515
4092.000000,748.693930,726.050087,-0.000203,10.447536,10.447536,-2.483937
4094.000000,750.633252,726.534885,0.000195,10.472633,10.472633,-2.332263
4096.000000,752.572381,727.020456,0.000680,10.485557,10.485557,-2.199114
4098.000000,754.510921,727.508373,0.001253,10.485355,10.485355,-2.071777
4100.000000,756.448178,728.001358,0.001784,10.471089,10.471089,-1.945123
4102.000000,758.383657,728.501272,0.002242,10.442086,10.442086,-1.817994
4104.000000,760.316871,729.009872,0.002536,10.397718,10.397718,-1.688119
4106.000000,762.247328,729.528841,0.002497,10.337343,10.337343,-1.552615
4108.000000,764.175139,730.057553,0.002204,10.260894,10.260894,-1.410296
4110.000000,766.100554,730.594932,0.001331,10.168131,10.168131,-1.258073
4112.000000,768.024035,731.139189,-0.000418,10.059356,10.059356,-1.090212
4114.000000,769.948064,731.681512,-0.002630,9.936291,9.936291,-0.909358
4116.000000,771.874718,732.214395,-0.005183,9.800289,9.800289,-0.718498
4118.000000,773.806708,732.727553,-0.007858,9.654211,9.654211,-0.522900
4120.000000,775.746693,733.209543,-0.010099,9.500853,9.500853,-0.330015
4122.000000,777.696096,733.651829,-0.011866,9.342505,9.342505,-0.149546
4124.000000,779.655469,734.047549,-0.013389,9.180584,9.180584,0.013180
4126.000000,781.624740,734.390596,-0.014884,9.015986,9.015986,0.158709
4128.000000,783.603302,734.675191,-0.016426,8.849137,8.849137,0.293122
4130.000000,785.590154,734.894400,-0.018027,8.680422,8.680422,0.422579
4132.000000,787.583542,735.042388,-0.020029,8.510175,8.510175,0.548767
4134.000000,789.581213,735.111340,-0.022469,8.338856,8.338856,0.669453
4136.000000,791.579901,735.090043,-0.025153,8.168138,8.168138,0.767713
4138.000000,793.574935,734.969418,-0.028148,8.000101,8.000101,0.829454
4140.000000,795.559925,734.736393,-0.030910,7.837858,7.837858,0.834676
4142.000000,797.526408,734.380137,-0.033094,7.686106,7.686106,0.773352
4144.000000,799.465040,733.895171,-0.035065,7.548409,7.548409,0.655571
4146.000000,801.364753,733.275114,-0.036706,7.429564,7.429564,0.536860
4148.000000,803.213626,732.516972,-0.037945,7.336062,7.336062,0.437683
4150.000000,804.999855,731.621107,-0.039013,7.272498,7.272498,0.356198
4152.000000,806.710734,730.588424,-0.039967,7.245617,7.245617,0.288336
4154.000000,808.333983,729.422680,-0.040629,7.259988,7.259988,0.232390
4156.000000,809.856598,728.128124,-0.040341,7.318613,7.318613,0.179928
4158.000000,811.268816,726.714091,-0.039055,7.421785,7.421785,0.118303
4160.000000,812.566755,725.194582,-0.037305,7.562262,7.562262,0.049372
4162.000000,813.747039,723.581962,-0.034728,7.733793,7.733793,-0.004778
4164.000000,814.811357,721.890570,-0.031311,7.925153,7.925153,-0.049357
4166.000000,815.768610,720.136171,-0.027572,8.119358,8.119358,-0.098938
4168.000000,816.626598,718.331021,-0.023751,8.303743,8.303743,-0.169519
4170.000000,817.399452,716.487749,-0.020480,8.465510,8.465510,-0.248863
4172.000000,818.096615,714.614433,-0.017669,8.600065,8.600065,-0.329651
4174.000000,818.726715,712.717458,-0.014864,8.705075,8.705075,-0.419136
4176.000000,819.300845,710.802777,-0.012392,8.784673,8.784673,-0.527107
4178.000000,819.827850,708.874553,-0.010252,8.845750,8.845750,-0.659603
4180.000000,820.314927,706.935836,-0.008039,8.893573,8.893573,-0.817347
4182.000000,820.770655,704.989503,-0.005823,8.933360,8.933360,-0.992141
4184.000000,821.204268,703.038109,-0.003930,8.969573,8.969573,-1.167139
4186.000000,821.622801,701.083418,-0.002468,9.005941,9.005941,-1.336660
4188.000000,822.032270,699.126806,-0.001315,9.046353,9.046353,-1.507171
4190.000000,822.436377,697.169079,-0.000224,9.092863,9.092863,-1.678297
4192.000000,822.839699,695.211189,0.000952,9.145029,9.145029,-1.850075
4194.000000,823.246448,693.254010,0.002005,9.200550,9.200550,-2.017152
4196.000000,823.662026,691.298688,0.002536,9.252529,9.252529,-2.169077
4198.000000,824.087878,689.345578,0.002571,9.296683,9.296683,-2.303165
4200.000000,824.523973,687.394729,0.001993,9.331112,9.331112,-2.418029
4202.000000,824.969436,685.445996,0.000786,9.354882,9.354882,-2.516143
4204.000000,825.416998,683.497744,-0.000303,9.371700,9.371700,-2.610044
4206.000000,825.863239,681.549188,-0.001029,9.383036,9.383036,-2.704674
4208.000000,826.305297,679.599680,-0.001414,9.390090,9.390090,-2.801976
4210.000000,826.741005,677.648742,-0.001341,9.393172,9.393172,-2.902527
4212.000000,827.171541,675.696657,-0.001010,9.392250,9.392250,-3.004139
4214.000000,827.597841,673.743642,-0.000451,9.387203,9.387203,-3.104973
4216.000000,828.022021,671.790165,0.000292,9.377639,9.377639,-3.202362
4218.000000,828.447639,669.837001,0.001011,9.362383,9.362383,-3.293613
4220.000000,828.877059,667.884670,0.001436,9.340756,9.340756,-3.379052
4222.000000,829.313217,665.933833,0.001344,9.311817,9.311817,-3.456985
4224.000000,829.754501,663.984149,0.000997,9.278503,9.278503,-3.529036
4226.000000,830.199763,662.035369,0.000593,9.242421,9.242421,-3.596608
4228.000000,830.647487,660.087153,0.000240,9.205315,9.205315,-3.660477
4230.000000,831.095555,658.139017,0.000144,9.167929,9.167929,-3.721513
4232.000000,831.544215,656.191017,0.000208,9.129858,9.129858,-3.778004
4234.000000,831.993597,654.243183,0.000271,9.090540,9.090540,-3.829566
4236.000000,832.444179,652.295626,0.000290,9.049781,9.049781,-3.876354
4238.000000,832.895855,650.348323,0.000288,9.007881,9.007881,-3.918702
4240.000000,833.348665,648.401283,0.000297,8.965221,8.965221,-3.955720
4242.000000,833.802591,646.454503,0.000324,8.922846,8.922846,-3.986774
4244.000000,834.257767,644.508015,0.000385,8.881445,8.881445,-4.011373
4246.000000,834.714364,642.561860,0.000487,8.841491,8.841491,-4.029035
4248.000000,835.172858,640.616151,0.000597,8.803436,8.803436,-4.038766
4250.000000,835.633714,638.671000,0.000685,8.767478,8.767478,-4.040011
4252.000000,836.097238,636.726483,0.000765,8.733685,8.733685,-4.032444
4254.000000,836.563709,634.782671,0.000812,8.702107,8.702107,-4.014877
4256.000000,837.033505,632.839660,0.000781,8.672787,8.672787,-3.986519
4258.000000,837.506326,630.897383,0.000735,8.645616,8.645616,-3.949422
4260.000000,837.981900,628.955778,0.000746,8.620436,8.620436,-3.906060
4262.000000,838.460356,627.014881,0.000789,8.596764,8.596764,-3.858432
4264.000000,838.941880,625.074743,0.000837,8.574283,8.574283,-3.808782
4266.000000,839.426621,623.135407,0.000896,8.552683,8.552683,-3.759248
4268.000000,839.914840,621.196943,0.000945,8.531588,8.531588,-3.710833
4270.000000,840.406775,619.259419,0.000984,8.510891,8.510891,-3.663775
4272.000000,840.902439,617.322846,0.001060,8.490496,8.490496,-3.617330
4274.000000,841.402168,615.387317,0.001140,8.470318,8.470318,-3.570663
4276.000000,841.906443,613.452968,0.001162,8.450390,8.450390,-3.524015
4278.000000,842.415196,611.519792,0.001185,8.430748,8.430748,-3.478499
4280.000000,842.928409,609.587796,0.001261,8.411505,8.411505,-3.434869
4282.000000,843.446532,607.657110,0.001339,8.392615,8.392615,-3.393101
4284.000000,843.969850,605.727826,0.001423,8.373919,8.373919,-3.352719
4286.000000,844.498538,603.800007,0.001563,8.355188,8.355188,-3.313498
4288.000000,845.033237,601.873847,0.001709,8.336027,8.336027,-3.274647
4290.000000,845.574630,599.949558,0.001798,8.316306,8.316306,-3.234174
4292.000000,846.122932,598.027226,0.001824,8.295905,8.295905,-3.191028
4294.000000,846.678380,596.106946,0.001788,8.274834,8.274834,-3.144608
4296.000000,847.240644,594.188652,0.001687,8.253362,8.253362,-3.095188
4298.000000,847.809572,592.272323,0.001485,8.231821,8.231821,-3.042220
4300.000000,848.384223,590.357702,0.001220,8.210851,8.210851,-2.985258
4302.000000,848.963516,588.444480,0.000958,8.191086,8.191086,-2.923941
4304.000000,849.546475,586.532372,0.000716,8.173097,8.173097,-2.858029
4306.000000,850.132118,584.621083,0.000515,8.157450,8.157450,-2.787456
4308.000000,850.719675,582.710383,0.000337,8.144112,8.144112,-2.712304
4310.000000,851.308598,580.800102,0.000160,8.132894,8.132894,-2.632252
4312.000000,851.898030,578.889979,0.000022,8.123305,8.123305,-2.546978
4314.000000,852.487519,576.979873,-0.000059,8.114637,8.114637,-2.455697
4316.000000,853.076727,575.069681,-0.000094,8.106433,8.106433,-2.357690
4318.000000,853.665543,573.159368,-0.000095,8.098256,8.098256,-2.252398
4320.000000,854.253985,571.248939,-0.000088,8.089660,8.089660,-2.139508
4322.000000,854.842121,569.338417,-0.000025,8.080485,8.080485,-2.019378
4324.000000,855.429900,567.427784,0.000107,8.070677,8.070677,-1.892456
4326.000000,856.018319,565.517348,0.000192,8.060495,8.060495,-1.758037
4328.000000,856.607447,563.607131,0.000176,8.050253,8.050253,-1.620056
4330.000000,857.197451,561.697185,0.000093,8.040252,8.040252,-1.485983
4332.000000,857.787677,559.787307,0.000017,8.030635,8.030635,-1.364406
4334.000000,858.378001,557.877459,0.000001,8.020823,8.020823,-1.261676
4336.000000,858.968161,555.967560,0.000185,8.010139,8.010139,-1.180588
4338.000000,859.558569,554.057739,0.000635,7.997531,7.997531,-1.121154
4340.000000,860.151463,552.148687,0.001202,7.981481,7.981481,-1.079911
4342.000000,860.748823,550.241030,0.001787,7.960960,7.960960,-1.050547
4344.000000,861.353101,548.335553,0.002231,7.934978,7.934978,-1.027056
4346.000000,861.966312,546.432932,0.002343,7.902964,7.902964,-1.001820
4348.000000,862.588707,544.533296,0.001934,7.864965,7.864965,-0.967977
4350.000000,863.219414,542.636402,0.000975,7.821293,7.821293,-0.920088
4352.000000,863.853672,540.740692,-0.000156,7.773537,7.773537,-0.855397
4354.000000,864.487304,538.844773,-0.001270,7.722996,7.722996,-0.770735
4356.000000,865.116274,536.947303,-0.002216,7.670886,7.670886,-0.665946
4358.000000,865.735920,535.046768,-0.002723,7.618689,7.618689,-0.544871
4360.000000,866.345215,533.142890,-0.003000,7.566905,7.566905,-0.408577
4362.000000,866.943117,531.235404,-0.003383,7.516060,7.516060,-0.256832
4364.000000,867.528439,529.324021,-0.004088,7.466669,7.466669,-0.088188
4366.000000,868.098657,527.408079,-0.005326,7.420924,7.420924,0.096419
4368.000000,868.649075,525.486367,-0.007143,7.381383,7.381383,0.291768
4370.000000,869.172421,523.557108,-0.009220,7.351717,7.351717,0.488367
4372.000000,869.659636,521.618414,-0.011191,7.335388,7.335388,0.675222
4374.000000,870.103492,519.669361,-0.013214,7.333925,7.333925,0.842447
4376.000000,870.496134,517.709357,-0.015085,7.348929,7.348929,0.982688
4378.000000,870.827929,515.738160,-0.016245,7.377643,7.377643,1.089977
4380.000000,871.095466,513.757245,-0.016913,7.417187,7.417187,1.165274
4382.000000,871.295691,511.768410,-0.017373,7.464564,7.464564,1.210375
4384.000000,871.426401,509.773816,-0.017596,7.514927,7.514927,1.223967
4386.000000,871.486838,507.775872,-0.017644,7.565016,7.565016,1.203542
4388.000000,871.476537,505.777046,-0.017578,7.612009,7.612009,1.147324
4390.000000,871.396135,503.779818,-0.017461,7.655199,7.655199,1.059648
4392.000000,871.245921,501.786626,-0.017172,7.694559,7.694559,0.947452
4394.000000,871.026943,499.799804,-0.016602,7.730034,7.730034,0.823659
4396.000000,870.742123,497.821339,-0.015925,7.761361,7.761361,0.702856
4398.000000,870.394577,495.852902,-0.015315,7.786473,7.786473,0.592476
4400.000000,869.987047,493.895995,-0.014886,7.803128,7.803128,0.490263
4402.000000,869.521872,491.951976,-0.014700,7.807513,7.807513,0.388586
4404.000000,868.999821,490.022445,-0.014619,7.795515,7.795515,0.278402
4406.000000,868.421546,488.109002,-0.014453,7.764093,7.764093,0.151661
4408.000000,867.788008,486.213133,-0.014146,7.714283,7.714283,0.017269
4410.000000,867.101103,484.335924,-0.013662,7.648519,7.648519,-0.110535
4412.000000,866.362780,482.478321,-0.013058,7.569253,7.569253,-0.220990
4414.000000,865.576611,480.640452,-0.012601,7.483346,7.483346,-0.308395
4416.000000,864.744576,478.822888,-0.012432,7.396410,7.396410,-0.374265
4418.000000,863.867960,477.026414,-0.012545,7.312712,7.312712,-0.426975
4420.000000,862.946781,475.252384,-0.012814,7.236983,7.236983,-0.477108
4422.000000,861.980305,473.502635,-0.012990,7.172685,7.172685,-0.525877
4424.000000,860.968540,471.778679,-0.012974,7.122073,7.122073,-0.563758
4426.000000,859.912296,470.081616,-0.012838,7.086294,7.086294,-0.584344
4428.000000,858.812869,468.412205,-0.012654,7.065132,7.065132,-0.601139
4430.000000,857.671494,466.771184,-0.012474,7.058395,7.058395,-0.628119
4432.000000,856.489711,465.159019,-0.012365,7.065677,7.065677,-0.660362
4434.000000,855.268445,463.576552,-0.012283,7.087506,7.087506,-0.693000
4436.000000,854.008630,462.024597,-0.012211,7.124431,7.124431,-0.727135
4438.000000,852.711474,460.503711,-0.012193,7.177391,7.177391,-0.765539
4440.000000,851.377539,459.014980,-0.012104,7.246737,7.246737,-0.811038
4442.000000,850.007813,457.559102,-0.011907,7.331918,7.331918,-0.868167
4444.000000,848.603928,456.136132,-0.011725,7.430889,7.430889,-0.939853
4446.000000,847.167071,454.746459,-0.011576,7.539230,7.539230,-1.027323
4448.000000,845.698448,453.390396,-0.011318,7.653177,7.653177,-1.131256
4450.000000,844.199227,452.068233,-0.010895,7.767830,7.767830,-1.249370
4452.000000,842.671707,450.778862,-0.010463,7.878752,7.878752,-1.374523
4454.000000,841.117537,449.521731,-0.010129,7.983810,7.983810,-1.502177
4456.000000,839.538368,448.296150,-0.009947,8.081453,8.081453,-1.630320
4458.000000,837.935254,447.102057,-0.009923,8.171387,8.171387,-1.763635
4460.000000,836.308790,445.939971,-0.009987,8.253376,8.253376,-1.910172
4462.000000,834.659513,444.810496,-0.010052,8.327210,8.327210,-2.073132
4464.000000,832.987747,443.714584,-0.009982,8.392315,8.392315,-2.254481
4466.000000,831.294350,442.652401,-0.009579,8.448464,8.448464,-2.452784
4468.000000,829.580540,441.623461,-0.008674,8.495544,8.495544,-2.661224
4470.000000,827.848967,440.624698,-0.007437,8.533786,8.533786,-2.874591
4472.000000,826.102784,439.651678,-0.006000,8.563582,8.563582,-3.094884
4474.000000,824.344728,438.700256,-0.004277,8.585330,8.585330,-3.322593
4476.000000,822.578638,437.763825,-0.002560,8.599644,8.599644,-3.549977
4478.000000,820.808022,436.835971,-0.001144,8.607481,8.607481,-3.766189
4480.000000,819.035311,435.912121,0.000103,8.609767,8.609767,-3.964465
4482.000000,817.262812,434.987867,0.001223,8.607682,8.607682,-4.140731
4484.000000,815.492747,434.058962,0.002101,8.602869,8.602869,-4.292390
4486.000000,813.726694,433.122455,0.002703,8.596300,8.596300,-4.418414
4488.000000,811.965890,432.176119,0.002952,8.588785,8.588785,-4.518689
4490.000000,810.210954,431.218944,0.002802,8.581052,8.581052,-4.593568
4492.000000,808.461503,430.251781,0.002355,8.573776,8.573776,-4.645082
4494.000000,806.716752,429.276157,0.001740,8.567559,8.567559,-4.674588
4496.000000,804.975379,428.294519,0.001177,8.563070,8.563070,-4.684262
4498.000000,803.236141,427.309100,0.000803,8.560524,8.560524,-4.676679
4500.000000,801.498501,426.320864,0.000521,8.559532,8.559532,-4.653682
4502.000000,799.761856,425.330882,0.000255,8.559508,8.559508,-4.617187
4504.000000,798.025740,424.339972,-0.000003,8.559107,8.559107,-4.566805
4506.000000,796.289592,423.349119,-0.000283,8.557080,8.557080,-4.502898
4508.000000,794.552957,422.359119,-0.000591,8.552619,8.552619,-4.425635
4510.000000,792.815088,421.371287,-0.000813,8.545068,8.545068,-4.336783
4512.000000,791.075506,420.386476,-0.000869,8.535033,8.535033,-4.240452
4514.000000,789.334171,419.404765,-0.000772,8.523403,8.523403,-4.141611
4516.000000,787.591223,418.425924,-0.000550,8.511682,8.511682,-4.043003
4518.000000,785.847202,417.448994,-0.000281,8.501131,8.501131,-3.943645
4520.000000,784.102637,416.473036,0.000020,8.492262,8.492262,-3.841928
4522.000000,782.358036,415.497143,0.000333,8.485560,8.485560,-3.737035
4524.000000,780.614205,414.519874,0.000558,8.480267,8.480267,-3.628307
4526.000000,778.871474,413.540645,0.000691,8.475713,8.475713,-3.515808
4528.000000,777.130140,412.558935,0.000748,8.471273,8.471273,-3.398666
4530.000000,775.390333,411.574520,0.000728,8.465980,8.465980,-3.276477
4532.000000,773.651953,410.587587,0.000649,8.459271,8.459271,-3.149654
4534.000000,771.914928,409.598272,0.000475,8.450797,8.450797,-3.018217
4536.000000,770.178895,408.607218,0.000239,8.440438,8.440438,-2.882251
4538.000000,768.443280,407.615430,0.000019,8.428202,8.428202,-2.741861
4540.000000,766.707732,406.623525,-0.000209,8.414090,8.414090,-2.596568
4542.000000,764.971779,405.632330,-0.000421,8.398121,8.398121,-2.446250
4544.000000,763.234915,404.642732,-0.000578,8.380224,8.380224,-2.291472
4546.000000,761.496943,403.655081,-0.000697,8.360349,8.360349,-2.133234
4548.000000,759.757528,402.669975,-0.000750,8.338438,8.338438,-1.973702
4550.000000,758.016610,401.687526,-0.000730,8.314392,8.314392,-1.814385
4552.000000,756.274241,400.707654,-0.000664,8.288190,8.288190,-1.655403
4554.000000,754.530551,399.730133,-0.000515,8.259817,8.259817,-1.496099
4556.000000,752.785757,398.754586,-0.000258,8.229268,8.229268,-1.336971
4558.000000,751.040465,397.779927,0.000190,8.196466,8.196466,-1.178243
4560.000000,749.295259,396.805117,0.000808,8.161380,8.161380,-1.019942
4562.000000,747.551861,395.827075,0.001308,8.124256,8.124256,-0.858380
4564.000000,745.811079,394.844388,0.001630,8.085476,8.085476,-0.691522
4566.000000,744.073521,393.856012,0.001760,8.045382,8.045382,-0.517809
4568.000000,742.339758,392.860994,0.001587,8.004552,8.004552,-0.336052
4570.000000,740.609133,391.860526,0.001244,7.963188,7.963188,-0.147609
4572.000000,738.881088,390.855607,0.000822,7.921291,7.921291,0.046112
4574.000000,737.154709,389.847830,0.000408,7.878685,7.878685,0.243019
4576.000000,735.429023,388.838866,0.000103,7.835051,7.835051,0.440459
4578.000000,733.703573,387.829498,-0.000095,7.790178,7.790178,0.636527
4580.000000,731.977784,386.820710,-0.000172,7.743879,7.743879,0.828577
4582.000000,730.251674,385.812472,-0.000187,7.696181,7.696181,1.014294
4584.000000,728.525159,384.804926,-0.000175,7.647238,7.647238,1.191183
4586.000000,726.798267,383.798028,-0.000108,7.597232,7.597232,1.356215
4588.000000,725.071125,382.791558,-0.000004,7.546715,7.546715,1.504092
4590.000000,723.343989,381.785078,0.000124,7.495970,7.495970,1.627432
4592.000000,721.617062,380.778240,0.000393,7.445209,7.445209,1.724787
4594.000000,719.890709,379.770418,0.000897,7.394561,7.394561,1.797473
4596.000000,718.166170,378.759494,0.001579,7.344229,7.344229,1.847576
4598.000000,716.444680,377.743392,0.002354,7.294454,7.294454,1.879177
4600.000000,714.728106,376.719008,0.002971,7.245587,7.245587,1.899906
4602.000000,713.017901,375.684028,0.003270,7.197915,7.197915,1.913693
4604.000000,711.314533,374.637837,0.003325,7.151608,7.151608,1.918641
4606.000000,709.618347,373.580039,0.003201,7.106906,7.106906,1.917061
4608.000000,707.928923,372.511476,0.002889,7.064475,7.064475,1.910284
4610.000000,706.245988,371.432718,0.002462,7.024857,7.024857,1.901746
4612.000000,704.568086,370.346148,0.002276,6.985669,6.985669,1.895615
4614.000000,702.894916,369.252303,0.002440,6.947303,6.947303,1.897199
4616.000000,701.227089,368.150332,0.002738,6.911807,6.911807,1.909051
4618.000000,699.565285,367.039301,0.003004,6.880385,6.880385,1.929390
4620.000000,697.910340,365.918078,0.003215,6.853849,6.853849,1.957409
4622.000000,696.262474,364.786477,0.003485,6.830684,6.830684,1.981177
4624.000000,694.622558,363.643387,0.004392,6.806858,6.806858,1.977754
4626.000000,692.991390,362.487862,0.006737,6.775402,6.775402,1.926276
4628.000000,691.375296,361.311362,0.010120,6.735357,6.735357,1.843171
4630.000000,689.783587,360.102132,0.013756,6.689345,6.689345,1.743452
4632.000000,688.225355,358.850156,0.017550,6.642254,6.642254,1.613988
4634.000000,686.712236,357.544074,0.020980,6.600866,6.600866,1.490603
4636.000000,685.256268,356.174693,0.023491,6.573385,6.573385,1.390468
4638.000000,683.866508,354.738255,0.025568,6.565283,6.565283,1.310625
4640.000000,682.551570,353.233089,0.027807,6.580612,6.580612,1.225130
4642.000000,681.322318,351.657260,0.030305,6.620296,6.620296,1.121425
4644.000000,680.190349,350.010301,0.033292,6.683973,6.683973,0.971820
4646.000000,679.169573,348.292233,0.036547,6.768551,6.768551,0.732151
4648.000000,678.278092,346.503689,0.039837,6.868665,6.868665,0.454472
4650.000000,677.529916,344.650531,0.042562,6.981208,6.981208,0.215978
4652.000000,676.946346,342.739204,0.043725,7.100319,7.100319,-0.006022
4654.000000,676.530716,340.784814,0.044390,7.221441,7.221441,-0.234551
4656.000000,676.289541,338.801505,0.045386,7.341445,7.341445,-0.451650
4658.000000,676.229400,336.804532,0.046291,7.455878,7.455878,-0.619575
4660.000000,676.353699,334.810437,0.047476,7.562605,7.562605,-0.728203
4662.000000,676.665288,332.836628,0.048454,7.659990,7.659990,-0.783526
4664.000000,677.169405,330.902944,0.048123,7.750072,7.750072,-0.777667
4666.000000,677.856635,329.026725,0.046596,7.837126,7.837126,-0.683616
4668.000000,678.716909,327.223455,0.044146,7.924151,7.924151,-0.522603
4670.000000,679.732817,325.503010,0.040663,8.018549,8.018549,-0.316448
4672.000000,680.886783,323.871627,0.035925,8.119640,8.119640,-0.076633
4674.000000,682.155582,322.327676,0.030572,8.226354,8.226354,0.195443
4676.000000,683.515485,320.863005,0.025394,8.331768,8.331768,0.499325
4678.000000,684.948786,319.469863,0.020441,8.429960,8.429960,0.799517
4680.000000,686.436716,318.135149,0.016076,8.513744,8.513744,1.085666
4682.000000,687.966775,316.848853,0.011979,8.577961,8.577961,1.369321
4684.000000,689.527674,315.600070,0.007513,8.619663,8.619663,1.629504
4686.000000,691.107245,314.374957,0.003165,8.637688,8.637688,1.855305
4688.000000,692.693682,313.158727,-0.000005,8.634698,8.634698,2.018045
4690.000000,694.278891,311.940897,-0.001736,8.616646,8.616646,2.118277
4692.000000,695.859656,310.717307,-0.002778,8.594510,8.594510,2.170267
4694.000000,697.433547,309.484889,-0.003421,8.575141,8.575141,2.174247
4696.000000,698.998297,308.240887,-0.003562,8.561375,8.561375,2.120411
4698.000000,700.554307,306.985972,-0.003607,8.552417,8.552417,2.006297
4700.000000,702.101357,305.720028,-0.003863,8.547033,8.547033,1.826141
4702.000000,703.638697,304.442312,-0.004051,8.543259,8.543259,1.591576
4704.000000,705.165099,303.151552,-0.003848,8.539110,8.539110,1.316058
4706.000000,706.681487,301.849039,-0.003241,8.533621,8.533621,1.001981
4708.000000,708.188977,300.536232,-0.002340,8.526346,8.526346,0.647245
4710.000000,709.690445,299.216541,-0.001491,8.518314,8.518314,0.259492
4712.000000,711.188279,297.892723,-0.000931,8.510872,8.510872,-0.148997
4714.000000,712.683670,296.566147,-0.000548,8.505160,8.505160,-0.572544
4716.000000,714.177728,295.238069,-0.000262,8.501889,8.501889,-1.001110
4718.000000,715.671083,293.909201,0.000002,8.500577,8.500577,-1.419738
4720.000000,717.164394,292.580283,0.000281,8.500720,8.500720,-1.813539
4722.000000,718.658522,291.252283,0.000467,8.501550,8.501550,-2.169996
4724.000000,720.154039,289.925849,0.000460,8.502601,8.502601,-2.480809
4726.000000,721.650920,288.600953,0.000233,8.503552,8.503552,-2.746953
4728.000000,723.148557,287.276912,-0.000121,8.504264,8.504264,-2.973318
4730.000000,724.645791,285.952416,-0.000461,8.504755,8.504755,-3.165533
4732.000000,726.141794,284.626528,-0.000702,8.505104,8.505104,-3.325457
4734.000000,727.635775,283.298364,-0.000788,8.505618,8.505618,-3.447687
4736.000000,729.127582,281.967758,-0.000755,8.506677,8.506677,-3.533365
4738.000000,730.617379,280.634903,-0.000672,8.508611,8.508611,-3.563381
4740.000000,732.105332,279.299988,-0.000537,8.511842,8.511842,-3.511384
4742.000000,733.591820,277.963443,-0.000370,8.516783,8.516783,-3.398072
4744.000000,735.077345,276.625827,-0.000245,8.523913,8.523913,-3.235754
4746.000000,736.562308,275.287587,-0.000276,8.533817,8.533817,-3.015935
4748.000000,738.046739,273.948758,-0.000654,8.547379,8.547379,-2.740117
4750.000000,739.529837,272.608451,-0.001580,8.566109,8.566109,-2.422519
4752.000000,741.009115,271.263934,-0.003178,8.591223,8.591223,-2.069693
4754.000000,742.480362,269.910637,-0.005336,8.623813,8.623813,-1.690958
4756.000000,743.937094,268.541733,-0.007647,8.662767,8.662767,-1.293591
4758.000000,745.372577,267.150589,-0.010025,8.706497,8.706497,-0.884530
4760.000000,746.780352,265.731443,-0.012524,8.753348,8.753348,-0.473776
4762.000000,748.151682,264.277069,-0.014723,8.801501,8.801501,-0.073339
4764.000000,749.479173,262.782620,-0.016510,8.849633,8.849633,0.312640
4766.000000,750.756720,261.245289,-0.017986,8.896334,8.896334,0.689036
4768.000000,751.977435,259.662454,-0.018827,8.939683,8.939683,1.047357
4770.000000,753.137085,258.034358,-0.019028,8.975620,8.975620,1.359887
4772.000000,754.233969,256.363307,-0.018923,9.002787,9.002787,1.622802
4774.000000,755.266576,254.651772,-0.018655,9.019968,9.019968,1.842233
4776.000000,756.234742,252.902977,-0.018409,9.029299,9.029299,2.036647
4778.000000,757.138130,251.119877,-0.018417,9.033910,9.033910,2.218863
4780.000000,757.975650,249.304929,-0.018648,9.038225,9.038225,2.375138
4782.000000,758.744768,247.459977,-0.018884,9.044902,9.044902,2.502252
4784.000000,759.443696,245.587332,-0.018927,9.054398,9.054398,2.607674
4786.000000,760.070765,243.689421,-0.018708,9.066817,9.066817,2.690258
4788.000000,760.626514,241.769417,-0.018338,9.079762,9.079762,2.751557
4790.000000,761.111345,239.830275,-0.017979,9.092302,9.092302,2.802435
4792.000000,761.526547,237.875033,-0.017738,9.103590,9.103590,2.845427
4794.000000,761.872124,235.906275,-0.017548,9.115172,9.115172,2.877873
4796.000000,762.148408,233.926581,-0.017417,9.128348,9.128348,2.900804
4798.000000,762.355989,231.938482,-0.017365,9.145550,9.145550,2.917055
4800.000000,762.494064,229.944338,-0.017182,9.165417,9.165417,2.927470
4802.000000,762.563456,227.946636,-0.016773,9.186182,9.186182,2.936949
4804.000000,762.565580,225.947751,-0.016306,9.204470,9.204470,2.946475
4806.000000,762.502978,223.949850,-0.016004,9.216200,9.216200,2.951010
4808.000000,762.376596,221.954975,-0.015893,9.219690,9.219690,2.945599
4810.000000,762.187084,219.965109,-0.015884,9.213921,9.213921,2.929325
4812.000000,761.934474,217.982266,-0.015923,9.200510,9.200510,2.898978
4814.000000,761.618963,216.008455,-0.015990,9.181016,9.181016,2.850362
4816.000000,761.240540,214.045728,-0.016065,9.158233,9.158233,2.781066
4818.000000,760.799249,212.096165,-0.016105,9.134617,9.134617,2.690109
4820.000000,760.295388,210.161815,-0.016069,9.111826,9.111826,2.575387
4822.000000,759.729506,208.244676,-0.016006,9.091762,9.091762,2.434901
4824.000000,759.102830,206.346519,-0.015867,9.075095,9.075095,2.265802
4826.000000,758.415638,204.469416,-0.015529,9.062638,9.062638,2.062017
4828.000000,757.670799,202.614449,-0.015168,9.055502,9.055502,1.823201
4830.000000,756.870069,200.782924,-0.014843,9.055516,9.055516,1.555457
4832.000000,756.015230,198.976022,-0.014380,9.064256,9.064256,1.266449
4834.000000,755.108581,197.194560,-0.013813,9.084385,9.084385,0.963490
4836.000000,754.153317,195.438679,-0.013317,9.117121,9.117121,0.649285
4838.000000,753.151689,193.708822,-0.012872,9.162492,9.162492,0.319018
4840.000000,752.105773,192.005377,-0.012381,9.219151,9.219151,-0.031761
4842.000000,751.018051,190.328307,-0.011856,9.284606,9.284606,-0.405376
4844.000000,749.890825,188.677521,-0.011266,9.357550,9.357550,-0.798268
4846.000000,748.726594,187.052615,-0.010632,9.437142,9.437142,-1.201994
4848.000000,747.528237,185.452699,-0.010002,9.523925,9.523925,-1.608776
4850.000000,746.297967,183.877179,-0.009307,9.618113,9.618113,-2.013355
4852.000000,745.038574,182.324834,-0.008564,9.719826,9.719826,-2.409825
4854.000000,743.752844,180.794223,-0.007827,9.827408,9.827408,-2.788101
4856.000000,742.443254,179.283965,-0.007019,9.938142,9.938142,-3.143995
4858.000000,741.112464,177.792349,-0.006098,10.047842,10.047842,-3.478547
4860.000000,739.763594,176.317058,-0.005111,10.151235,10.151235,-3.796449
4862.000000,738.399651,174.855679,-0.004029,10.244500,10.244500,-4.097568
4864.000000,737.023833,173.405470,-0.002878,10.324240,10.324240,-4.381770
4866.000000,735.639848,171.963051,-0.001799,10.389293,10.389293,-4.647536
4868.000000,734.250733,170.525569,-0.000784,10.439645,10.439645,-4.890982
4870.000000,732.859297,169.090331,0.000114,10.475926,10.475926,-5.105218
4872.000000,731.468611,167.654367,0.000695,10.500090,10.500090,-5.284843
4874.000000,730.080055,166.216343,0.001017,10.514446,10.514446,-5.432594
4876.000000,728.694485,164.775442,0.001178,10.520580,10.520580,-5.552406
4878.000000,727.312518,163.331086,0.001171,10.519922,10.519922,-5.646108
4880.000000,725.933952,161.883483,0.001051,10.513751,10.513751,-5.714539
4882.000000,724.558518,160.432904,0.000814,10.503126,10.503126,-5.762608
4884.000000,723.185588,158.979954,0.000385,10.489016,10.489016,-5.800696
4886.000000,721.813964,157.525771,-0.000147,10.472657,10.472657,-5.834766
4888.000000,720.441699,156.072193,-0.000587,10.455823,10.455823,-5.865087
4890.000000,719.067698,154.620256,-0.000823,10.439472,10.439472,-5.892092
4892.000000,717.690990,153.170885,-0.000795,10.424497,10.424497,-5.916573
4894.000000,716.311884,151.723796,-0.000568,10.410878,10.410878,-5.938993
4896.000000,714.931072,150.278334,-0.000258,10.398308,10.398308,-5.960676
4898.000000,713.549504,148.833595,0.000014,10.386343,10.386343,-5.981576
4900.000000,712.168167,147.388636,0.000143,10.373940,10.373940,-5.999873
4902.000000,710.787280,145.943245,0.000142,10.360554,10.360554,-6.014596
4904.000000,709.406912,144.497360,0.000062,10.345685,10.345685,-6.024553
4906.000000,708.026693,143.051332,-0.000042,10.328691,10.328691,-6.029145
4908.000000,706.646380,141.605394,-0.000150,10.309098,10.309098,-6.028866
4910.000000,705.265623,140.159880,-0.000250,10.286841,10.286841,-6.025496
4912.000000,703.884114,138.715084,-0.000333,10.262126,10.262126,-6.020560
4914.000000,702.501670,137.271184,-0.000431,10.235281,10.235281,-6.014529
4916.000000,701.118008,135.828451,-0.000527,10.206927,10.206927,-6.007759
4918.000000,699.732746,134.387253,-0.000585,10.177857,10.177857,-6.001290
4920.000000,698.345821,132.947656,-0.000613,10.148841,10.148841,-5.995777
4922.000000,696.957083,131.509808,-0.000617,10.120376,10.120376,-5.991579
4924.000000,695.566580,130.073666,-0.000576,10.092878,10.092878,-5.988444
4926.000000,694.174333,128.639216,-0.000474,10.066689,10.066689,-5.985951
4928.000000,692.780728,127.206084,-0.000358,10.041688,10.041688,-5.983305
4930.000000,691.386148,125.773902,-0.000264,10.017733,10.017733,-5.979884
4932.000000,689.990769,124.342497,-0.000164,9.994584,9.994584,-5.975522
4934.000000,688.594936,122.911536,-0.000051,9.971997,9.971997,-5.969983
4936.000000,687.198932,121.480741,0.000052,9.949833,9.949833,-5.963128
4938.000000,685.803145,120.049734,0.000113,9.928026,9.928026,-5.954655
4940.000000,684.407687,118.618407,0.000137,9.906761,9.906761,-5.944720
4942.000000,683.012646,117.186673,0.000149,9.886301,9.886301,-5.933607
4944.000000,681.618015,115.754540,0.000154,9.867058,9.867058,-5.921724
4946.000000,680.223853,114.321951,0.000148,9.849398,9.849398,-5.909108
4948.000000,678.830106,112.888957,0.000144,9.833370,9.833370,-5.895646
4950.000000,677.436758,111.455576,0.000160,9.818934,9.818934,-5.880870
4952.000000,676.043842,110.021775,0.000193,9.805863,9.805863,-5.864528
4954.000000,674.651494,108.587422,0.000191,9.793817,9.793817,-5.846625
4956.000000,673.259788,107.152446,0.000138,9.782483,9.782483,-5.827226
4958.000000,671.868427,105.717136,0.000098,9.771724,9.771724,-5.806751
4960.000000,670.477319,104.281580,0.000072,9.761529,9.761529,-5.785362
4962.000000,669.086480,102.845764,0.000038,9.751905,9.751905,-5.763290
4964.000000,667.695681,101.409909,0.000022,9.742936,9.742936,-5.741102
4966.000000,666.304967,99.973972,0.000021,9.734612,9.734612,-5.718868
4968.000000,664.914301,98.537988,0.000036,9.726911,9.726911,-5.696678
4970.000000,663.523691,97.101950,0.000071,9.719769,9.719769,-5.674561
4972.000000,662.133333,95.665668,0.000081,9.713056,9.713056,-5.652355
4974.000000,660.743236,94.229134,0.000057,9.706688,9.706688,-5.630353
4976.000000,659.353297,92.792447,0.000037,9.700583,9.700583,-5.609109
4978.000000,657.963439,91.355681,0.000035,9.694704,9.694704,-5.588846
4980.000000,656.573689,89.918811,0.000028,9.689052,9.689052,-5.569414
4982.000000,655.184049,88.481835,-0.000004,9.683637,9.683637,-5.550681
4984.000000,653.794401,87.044866,-0.000039,9.678500,9.678500,-5.532856
4986.000000,652.404618,85.608027,-0.000055,9.673666,9.673666,-5.516113
4988.000000,651.014669,84.171350,-0.000054,9.669160,9.669160,-5.500257
4990.000000,649.624555,82.734832,-0.000030,9.664997,9.664997,-5.484958
4992.000000,648.234314,81.298437,0.000024,9.661181,9.661181,-5.469630
4994.000000,646.844146,79.861971,0.000077,9.657725,9.657725,-5.453818
4996.000000,645.454239,78.425252,0.000094,9.654666,9.654666,-5.437266
4998.000000,644.064619,76.988256,0.000085,9.652071,9.652071,-5.420071
5000.000000,642.675243,75.551024,0.000093,9.649989,9.649989,-5.402459
5002.000000,641.286068,74.113599,0.000118,9.648491,9.648491,-5.384695
5004.000000,639.897318,72.675762,0.000109,9.647603,9.647603,-5.366598
5006.000000,638.508870,71.237633,0.000093,9.647313,9.647313,-5.348295
5008.000000,637.120644,69.799291,0.000094,9.647597,9.647597,-5.329949
5010.000000,635.732741,68.360637,0.000093,9.648337,9.648337,-5.311630
5012.000000,634.345057,66.921771,0.000083,9.649441,9.649441,-5.293642
5014.000000,632.957678,65.482611,0.000057,9.650817,9.650817,-5.275836
5016.000000,631.570423,64.043332,0.000029,9.652340,9.652340,-5.258202
5018.000000,630.183268,62.603957,0.000016,9.653961,9.653961,-5.240355
5020.000000,628.796118,61.164576,0.000016,9.655640,9.655640,-5.222155
5022.000000,627.409036,59.725130,0.000014,9.657353,9.657353,-5.203350
5024.000000,626.021994,58.285645,0.000014,9.659093,9.659093,-5.183835
5026.000000,624.634968,56.846146,0.000000,9.660872,9.660872,-5.163673
5028.000000,623.248032,55.406560,-0.000034,9.662730,9.662730,-5.142843
5030.000000,621.860900,53.967161,-0.000020,9.664697,9.664697,-5.121982
5032.000000,620.473675,52.527854,0.000027,9.666782,9.666782,-5.101279
5034.000000,619.086599,51.088402,0.000034,9.668983,9.668983,-5.080350
5036.000000,617.699624,49.648852,0.000017,9.671270,9.671270,-5.058974
5038.000000,616.312693,48.209261,0.000006,9.673622,9.673622,-5.037115
5040.000000,614.925766,46.769666,0.000003,9.676021,9.676021,-5.014823
5042.000000,613.538854,45.330056,0.000014,9.678452,9.678452,-4.992085
5044.000000,612.151941,43.890448,0.000022,9.680934,9.680934,-4.969128
5046.000000,610.765180,42.450693,0.000008,9.683482,9.683482,-4.946060
5048.000000,609.378373,41.010981,0.000004,9.686109,9.686109,-4.923497
5050.000000,607.991602,39.571236,0.000007,9.688821,9.688821,-4.901332
5052.000000,606.604851,38.131471,0.000008,9.691608,9.691608,-4.879358
5054.000000,605.218106,36.691701,0.000010,9.694452,9.694452,-4.857664
5056.000000,603.831426,35.251868,-0.000008,9.697324,9.697324,-4.836145
5058.000000,602.444723,33.812056,-0.000018,9.700200,9.700200,-4.814784
5060.000000,601.057912,32.372350,-0.000012,9.703044,9.703044,-4.793497
5062.000000,599.671138,30.932607,-0.000011,9.705809,9.705809,-4.771821
5064.000000,598.284263,29.492961,-0.000015,9.708472,9.708472,-4.749747
5066.000000,596.897430,28.053276,-0.000019,9.711013,9.711013,-4.727085
5068.000000,595.510438,26.613744,0.000013,9.713403,9.713403,-4.704253
5070.000000,594.123508,25.174151,0.000032,9.715613,9.715613,-4.681139
5072.000000,592.736756,23.734387,0.000010,9.717613,9.717613,-4.657818
5074.000000,591.349958,22.294667,0.000003,9.719343,9.719343,-4.634879
5076.000000,589.963193,20.854916,0.000009,9.720748,9.720748,-4.612454
5078.000000,588.576445,19.415148,0.000013,9.721781,9.721781,-4.590758
5080.000000,587.189733,17.975346,0.000015,9.722364,9.722364,-4.569872
5082.000000,585.803082,16.535485,0.000010,9.722481,9.722481,-4.549837
5084.000000,584.416445,15.095610,0.000002,9.722131,9.722131,-4.530810
5086.000000,583.029832,13.655713,-0.000001,9.721337,9.721337,-4.512875
5088.000000,581.643178,12.215854,0.000020,9.720135,9.720135,-4.496100
5090.000000,580.256574,10.775948,0.000050,9.718551,9.718551,-4.480251
5092.000000,578.870136,9.335882,0.000059,9.716614,9.716614,-4.464857
5094.000000,577.483892,7.895629,0.000041,9.714339,9.714339,-4.449291
5096.000000,576.097772,6.455257,0.000004,9.711748,9.711748,-4.433001
5098.000000,574.711685,5.014853,-0.000044,9.708868,9.708868,-4.415625
5100.000000,573.325458,3.574584,-0.000081,9.705761,9.705761,-4.397259
5102.000000,571.938976,2.134560,-0.000082,9.702468,9.702468,-4.378047
5104.000000,570.552211,0.694808,-0.000051,9.699031,9.699031,-4.358011
5106.000000,569.165321,-0.744822,-0.000025,9.695489,9.695489,-4.336886
5108.000000,567.778382,-2.184406,-0.000022,9.691865,9.691865,-4.314484
5110.000000,566.391374,-3.623924,-0.000032,9.688174,9.688174,-4.290627
5112.000000,565.004304,-5.063381,-0.000052,9.684422,9.684422,-4.265124
5114.000000,563.617061,-6.502672,-0.000072,9.680615,9.680615,-4.237784
5116.000000,562.229630,-7.941781,-0.000081,9.676756,9.676756,-4.208652
5118.000000,560.841915,-9.380617,-0.000068,9.672845,9.672845,-4.178307
5120.000000,559.454022,-10.819281,-0.000053,9.668896,9.668896,-4.146431
5122.000000,558.065990,-12.257811,-0.000051,9.664931,9.664931,-4.114098
5124.000000,556.677805,-13.696193,-0.000053,9.660981,9.660981,-4.083749
5126.000000,555.289482,-15.134442,-0.000060,9.657107,9.657107,-4.056779
5128.000000,553.900975,-16.572513,-0.000056,9.653372,9.653372,-4.032944
5130.000000,552.512286,-18.010409,-0.000045,9.649831,9.649831,-4.011047
5132.000000,551.123501,-19.448212,-0.000042,9.646528,9.646528,-3.989860
5134.000000,549.734571,-20.885875,-0.000037,9.643488,9.643488,-3.968624
5136.000000,548.345548,-22.323448,-0.000035,9.640727,9.640727,-3.947098
5138.000000,546.956432,-23.760931,-0.000037,9.638240,9.638240,-3.925808
5140.000000,545.567195,-25.198297,-0.000025,9.636017,9.636017,-3.905121
5142.000000,544.177870,-26.635578,-0.000009,9.634045,9.634045,-3.885012
5144.000000,542.788557,-28.072871,-0.000007,9.632299,9.632299,-3.865202
5146.000000,541.399209,-29.510130,0.000003,9.630758,9.630758,-3.845630
5148.000000,540.009838,-30.947366,0.000025,9.629435,9.629435,-3.826307
5150.000000,538.620585,-32.384718,0.000036,9.628348,9.628348,-3.807096
5152.000000,537.231404,-33.822137,0.000045,9.627538,9.627538,-3.788143
5154.000000,535.842371,-35.259701,0.000049,9.627054,9.627054,-3.769410
5156.000000,534.453492,-36.697413,0.000046,9.626950,9.626950,-3.750905
5158.000000,533.064726,-38.135234,0.000053,9.627266,9.627266,-3.732762
5160.000000,531.676111,-39.573202,0.000053,9.628004,9.628004,-3.715108
5162.000000,530.287693,-41.011359,0.000036,9.629155,9.629155,-3.698113
5164.000000,528.899338,-42.449577,0.000036,9.630662,9.630662,-3.682041
5166.000000,527.511079,-43.887888,0.000048,9.632464,9.632464,-3.667097
5168.000000,526.122974,-45.326347,0.000067,9.634508,9.634508,-3.653704
5170.000000,524.735013,-46.764946,0.000093,9.636731,9.636731,-3.642291
5172.000000,523.347384,-48.203864,0.000086,9.639108,9.639108,-3.633189
5174.000000,521.960017,-49.643035,0.000057,9.641627,9.641627,-3.626929
5176.000000,520.572777,-51.082329,0.000050,9.644286,9.644286,-3.623804
5178.000000,519.185680,-52.521760,0.000056,9.647078,9.647078,-3.623662
5180.000000,517.798750,-53.961353,0.000068,9.649973,9.649973,-3.626227
5182.000000,516.411992,-55.401110,0.000094,9.652929,9.652929,-3.631162
5184.000000,515.025501,-56.841126,0.000127,9.655834,9.655834,-3.638025
5186.000000,513.639382,-58.281499,0.000162,9.658553,9.658553,-3.646336
5188.000000,512.253710,-59.722302,0.000198,9.660949,9.660949,-3.655508
5190.000000,510.868638,-61.163683,0.000221,9.662822,9.662822,-3.664915
5192.000000,509.484199,-62.605671,0.000221,9.664095,9.664095,-3.674176
5194.000000,508.100443,-64.048314,0.000196,9.664725,9.664725,-3.682966
5196.000000,506.717240,-65.491488,0.000158,9.664718,9.664718,-3.691440
5198.000000,505.334506,-66.935111,0.000118,9.664194,9.664194,-3.699816
5200.000000,503.952101,-68.379049,0.000080,9.663246,9.663246,-3.708319
5202.000000,502.569936,-69.823217,0.000048,9.661985,9.661985,-3.716900
5204.000000,501.187886,-71.267495,0.000022,9.660472,9.660472,-3.725345
5206.000000,499.805918,-72.711852,-0.000013,9.658745,9.658745,-3.733237
5208.000000,498.423923,-74.156182,-0.000062,9.656838,9.656838,-3.740257
5210.000000,497.041746,-75.600338,-0.000108,9.654809,9.654809,-3.746370
5212.000000,495.659246,-77.044186,-0.000149,9.652717,9.652717,-3.751903
5214.000000,494.276323,-78.487628,-0.000184,9.650620,9.650620,-3.757116
5216.000000,492.892851,-79.930544,-0.000216,9.648600,9.648600,-3.762223
5218.000000,491.508780,-81.372885,-0.000243,9.646697,9.646697,-3.767445
5220.000000,490.123967,-82.814514,-0.000267,9.644959,9.644959,-3.773601
5222.000000,488.738438,-84.255454,-0.000301,9.643466,9.643466,-3.781009
5224.000000,487.352004,-85.695524,-0.000322,9.642344,9.642344,-3.789656
5226.000000,485.964626,-87.134684,-0.000339,9.641725,9.641725,-3.799292
5228.000000,484.576338,-88.572967,-0.000374,9.641831,9.641831,-3.809652
5230.000000,483.186918,-90.010156,-0.000384,9.642941,9.642941,-3.820997
5232.000000,481.796371,-91.446256,-0.000357,9.645302,9.645302,-3.833444
5234.000000,480.404794,-92.881356,-0.000318,9.649235,9.649235,-3.847063
5236.000000,479.012304,-94.315571,-0.000272,9.655040,9.655040,-3.861823
5238.000000,477.619021,-95.749016,-0.000214,9.662957,9.662957,-3.877700
5240.000000,476.225118,-97.181857,-0.000104,9.673227,9.673227,-3.894562
5242.000000,474.830800,-98.614295,0.000097,9.685929,9.685929,-3.912216
5244.000000,473.436736,-100.046981,0.000444,9.700104,9.700104,-3.929830
5246.000000,472.043685,-101.480650,0.000955,9.714494,9.714494,-3.946410
5248.000000,470.653450,-102.917051,0.001509,9.726005,9.726005,-3.959366
5250.000000,469.267540,-104.357622,0.002137,9.731595,9.731595,-3.966479
5252.000000,467.887532,-105.803847,0.002768,9.728136,9.728136,-3.965541
5254.000000,466.516084,-107.258192,0.003036,9.710207,9.710207,-3.952912
5256.000000,465.153743,-108.721068,0.002836,9.676300,9.676300,-3.927831
5258.000000,463.800033,-110.191939,0.001961,9.626909,9.626909,-3.889838
5260.000000,462.453190,-111.669102,0.001080,9.564868,9.564868,-3.843828
