s_m,x_m,y_m,kappa_radpm,w_tr_right_m,w_tr_left_m,d_m
0.000000,254.636692,-615.297300,-0.000066,6.388000,6.699000,-3.909517
2.000000,255.078285,-617.247750,-0.000025,6.376585,6.690169,-3.831916
4.000000,255.519737,-619.198233,-0.000041,6.360440,6.676355,-3.745750
6.000000,255.961107,-621.148733,-0.000106,6.343907,6.661952,-3.650504
8.000000,256.402142,-623.099309,-0.000235,6.328714,6.648756,-3.546081
10.000000,256.842272,-625.050089,-0.000400,6.313972,6.635975,-3.432822
12.000000,257.280881,-627.001214,-0.000589,6.298904,6.622904,-3.311324
14.000000,257.717201,-628.952851,-0.000790,6.283599,6.609609,-3.182230
16.000000,258.150429,-630.905177,-0.000989,6.268350,6.596341,-3.046235
18.000000,258.579789,-632.858359,-0.001183,6.253197,6.583162,-2.904669
20.000000,259.004529,-634.812551,-0.001376,6.237928,6.569938,-2.758485
22.000000,259.423896,-636.767904,-0.001569,6.222459,6.556603,-2.600350
24.000000,259.838019,-638.728817,-0.001764,6.207208,6.543359,-2.441146
26.000000,260.244323,-640.686928,-0.001961,6.192769,6.530536,-2.282704
28.000000,260.642949,-642.646616,-0.002155,6.178325,6.517715,-2.121424
30.000000,261.033127,-644.608005,-0.002349,6.161812,6.503849,-1.961001
32.000000,261.414086,-646.571208,-0.002541,6.142836,6.488735,-1.803547
34.000000,261.785065,-648.536322,-0.002734,6.127660,6.475544,-1.647103
36.000000,262.145300,-650.503438,-0.002930,6.123856,6.468109,-1.495977
38.000000,262.494008,-652.472632,-0.003119,6.132264,6.466881,-1.347604
40.000000,262.830388,-654.443966,-0.003251,6.147194,6.469035,-1.201276
42.000000,263.153793,-656.417473,-0.003288,6.163685,6.472084,-1.061887
44.000000,263.464178,-658.393074,-0.003266,6.180614,6.475370,-0.917009
46.000000,263.761647,-660.370659,-0.003232,6.197791,6.478683,-0.771596
48.000000,264.046323,-662.350123,-0.003193,6.215026,6.481909,-0.631997
50.000000,264.318353,-664.331367,-0.003154,6.232134,6.485024,-0.497577
52.000000,264.577887,-666.314313,-0.003117,6.248992,6.488064,-0.367721
54.000000,264.825055,-668.298812,-0.003081,6.265710,6.491266,-0.234538
56.000000,265.059988,-670.284795,-0.003045,6.282461,6.494882,-0.094218
58.000000,265.282824,-672.272173,-0.003010,6.299468,6.498491,0.046747
60.000000,265.493691,-674.260855,-0.002975,6.316996,6.500997,0.184220
62.000000,265.692723,-676.250756,-0.002941,6.334935,6.502169,0.318483
64.000000,265.880048,-678.241794,-0.002907,6.351656,6.505326,0.449798
66.000000,266.055793,-680.233886,-0.002874,6.365178,6.514608,0.578476
68.000000,266.220086,-682.226955,-0.002842,6.374177,6.532484,0.704956
70.000000,266.373049,-684.220926,-0.002810,6.377985,6.559733,0.829703
72.000000,266.514807,-686.215723,-0.002778,6.376564,6.596112,0.953142
74.000000,266.645483,-688.211277,-0.002742,6.372304,6.637521,1.075612
76.000000,266.765455,-690.211828,-0.002707,6.368127,6.679082,1.197565
78.000000,266.874335,-692.208687,-0.002670,6.365044,6.718679,1.318562
80.000000,266.972558,-694.206099,-0.002627,6.362035,6.757585,1.438945
82.000000,267.060284,-696.203999,-0.002587,6.358402,6.796815,1.558804
84.000000,267.137674,-698.202326,-0.002546,6.355107,6.836103,1.678227
86.000000,267.204888,-700.201019,-0.002505,6.353415,6.874903,1.797289
88.000000,267.262089,-702.200025,-0.002464,6.351647,6.913807,1.915969
90.000000,267.309437,-704.199288,-0.002422,6.345094,6.954584,2.034079
92.000000,267.347101,-706.198756,-0.002381,6.333070,6.997479,2.151368
94.000000,267.375243,-708.198381,-0.002339,6.331872,7.036308,2.267550
96.000000,267.394030,-710.198116,-0.002298,6.361341,7.063545,2.382376
98.000000,267.403628,-712.197914,-0.002256,6.421372,7.079188,2.495620
100.000000,267.404205,-714.197736,-0.002214,6.491513,7.090917,2.607078
102.000000,267.395927,-716.197595,-0.002172,6.554813,7.105124,2.716559
104.000000,267.378963,-718.197347,-0.002130,6.612331,7.121518,2.823872
106.000000,267.353483,-720.197007,-0.002088,6.669627,7.138149,2.928998
108.000000,267.319655,-722.196543,-0.002046,6.729065,7.154187,3.032364
110.000000,267.277647,-724.195924,-0.002003,6.789778,7.169943,3.134501
112.000000,267.227631,-726.195121,-0.001961,6.850707,7.185682,3.235885
114.000000,267.169773,-728.194104,-0.001919,6.910650,7.201285,3.336670
116.000000,267.104244,-730.192852,-0.001877,6.968497,7.216550,3.436827
118.000000,267.031214,-732.191339,-0.001834,7.026233,7.231821,3.536322
120.000000,266.950853,-734.189544,-0.001792,7.088933,7.247982,3.635143
122.000000,266.863330,-736.187448,-0.001751,7.157195,7.265150,3.733279
124.000000,266.768814,-738.185034,-0.001707,7.213340,7.280325,3.830575
126.000000,266.667256,-740.186568,-0.001665,7.236048,7.289892,3.926995
128.000000,266.559250,-742.183468,-0.001625,7.225556,7.293864,4.021830
130.000000,266.444760,-744.180005,-0.001582,7.203982,7.296006,4.114997
132.000000,266.323955,-746.176170,-0.001540,7.189439,7.299383,4.206211
134.000000,266.197004,-748.171954,-0.001498,7.180868,7.303766,4.295257
136.000000,266.064076,-750.167349,-0.001456,7.172544,7.308132,4.382032
138.000000,265.925341,-752.162346,-0.001415,7.162200,7.312116,4.466319
140.000000,265.780958,-754.156943,-0.001372,7.150990,7.316004,4.547877
142.000000,265.631096,-756.151137,-0.001326,7.139986,7.320025,4.626519
144.000000,265.475947,-758.144926,-0.001276,7.129283,7.324052,4.702025
146.000000,265.315707,-760.138311,-0.001224,7.118741,7.327876,4.774149
148.000000,265.150586,-762.131298,-0.001169,7.108304,7.331472,4.842639
150.000000,264.980801,-764.123974,-0.001113,7.098011,7.334996,4.907415
152.000000,264.806588,-766.116188,-0.001058,7.087762,7.338642,4.968549
154.000000,264.628160,-768.108029,-0.001004,7.076916,7.342703,5.026172
156.000000,264.445733,-770.099508,-0.000949,7.064791,7.347455,5.080435
158.000000,264.259526,-772.090636,-0.000895,7.052917,7.352144,5.131424
160.000000,264.069757,-774.081428,-0.000840,7.045036,7.354986,5.179139
162.000000,263.876644,-776.071899,-0.000785,7.044093,7.354601,5.223424
164.000000,263.680406,-778.062064,-0.000731,7.049427,7.351405,5.264000
166.000000,263.481258,-780.051938,-0.000676,7.059444,7.346266,5.300578
168.000000,263.279421,-782.041542,-0.000622,7.072300,7.339939,5.332893
170.000000,263.075108,-784.030894,-0.000568,7.085896,7.333053,5.360854
172.000000,262.868539,-786.020011,-0.000512,7.098608,7.326143,5.384427
174.000000,262.659485,-788.013158,-0.000458,7.110786,7.319360,5.403596
176.000000,262.449049,-790.001869,-0.000404,7.123181,7.312794,5.418242
178.000000,262.237009,-791.990409,-0.000349,7.136018,7.306403,5.428490
180.000000,262.023578,-793.978801,-0.000295,7.148885,7.300057,5.434424
182.000000,261.808977,-795.967066,-0.000240,7.161440,7.293660,5.436012
184.000000,261.593420,-797.955228,-0.000186,7.173752,7.287251,5.433147
186.000000,261.377123,-799.943309,-0.000131,7.185995,7.280903,5.425574
188.000000,261.160303,-801.931335,-0.000077,7.198320,7.274568,5.412750
190.000000,260.943178,-803.919325,-0.000022,7.210855,7.268075,5.393812
192.000000,260.725964,-805.907306,0.000032,7.223658,7.261317,5.367500
194.000000,260.508877,-807.895302,0.000086,7.236503,7.254465,5.332426
196.000000,260.292132,-809.883335,0.000142,7.249102,7.247761,5.287562
198.000000,260.075938,-811.871533,0.000197,7.261453,7.241307,5.232307
200.000000,259.860541,-813.859715,0.000251,7.273852,7.235073,5.166127
202.000000,259.646149,-815.848004,0.000302,7.286529,7.228948,5.088449
204.000000,259.432959,-817.836423,0.000355,7.299401,7.222535,4.998248
206.000000,259.221164,-819.824992,0.000419,7.312297,7.215410,4.894201
208.000000,259.011019,-821.813735,0.000468,7.324930,7.208087,4.774948
210.000000,258.802844,-823.802686,0.000363,7.336891,7.202053,4.639156
212.000000,258.596523,-825.791830,-0.000002,7.348457,7.198352,4.485081
214.000000,258.390295,-827.780983,-0.000511,7.362645,7.196069,4.309209
216.000000,258.181993,-829.769918,-0.001015,7.382835,7.193960,4.107394
218.000000,257.969617,-831.758422,-0.001503,7.404258,7.194910,3.875860
220.000000,257.750862,-833.750516,-0.002086,7.413933,7.205999,3.611152
222.000000,257.524530,-835.737512,-0.002828,7.402413,7.232026,3.310677
224.000000,257.286993,-837.723180,-0.003432,7.376311,7.268210,2.967401
226.000000,257.034987,-839.707040,-0.003407,7.345966,7.307512,2.573092
228.000000,256.768650,-841.689050,-0.002602,7.314823,7.347529,2.121519
230.000000,256.491383,-843.669583,-0.000719,7.279397,7.390526,1.610370
232.000000,256.209055,-845.649379,0.002579,7.239003,7.436890,1.038773
234.000000,255.936400,-847.630510,0.006667,7.205619,7.478535,0.416773
236.000000,255.690334,-849.615329,0.010761,7.194268,7.505762,-0.239926
238.000000,255.487197,-851.605112,0.014690,7.213350,7.523490,-0.914183
240.000000,255.342742,-853.600064,0.018441,7.264294,7.551989,-1.588631
242.000000,255.272410,-855.595380,0.021915,7.346960,7.596921,-2.244155
244.000000,255.289570,-857.595991,0.024997,7.457327,7.599456,-2.867519
246.000000,255.407688,-859.593339,0.027402,7.589200,7.486054,-3.444273
248.000000,255.636056,-861.581397,0.029218,7.722510,7.274113,-3.970190
250.000000,255.979177,-863.548872,0.031093,7.821704,7.080749,-4.442645
252.000000,256.443992,-865.495775,0.033590,7.860462,7.002175,-4.857683
254.000000,257.036814,-867.403072,0.036726,7.855010,7.020022,-5.204134
256.000000,257.769107,-869.267406,0.040768,7.834518,7.081206,-5.475960
258.000000,258.648120,-871.062864,0.045536,7.818246,7.151367,-5.659737
260.000000,259.686892,-872.769362,0.048731,7.814237,7.217599,-5.745212
262.000000,260.891240,-874.364683,0.048910,7.824795,7.273909,-5.726708
264.000000,262.246774,-875.834682,0.046657,7.834416,7.333816,-5.605560
266.000000,263.734019,-877.168468,0.041899,7.824991,7.412965,-5.378940
268.000000,265.332591,-878.373779,0.035363,7.798040,7.497787,-5.044384
270.000000,267.008643,-879.461592,0.029039,7.768978,7.553534,-4.616004
272.000000,268.746556,-880.453060,0.023715,7.747697,7.560567,-4.112559
274.000000,270.528889,-881.360935,0.019176,7.731739,7.531799,-3.553683
276.000000,272.344363,-882.200612,0.015274,7.716939,7.484587,-2.959963
278.000000,274.184266,-882.984866,0.011952,7.701714,7.429367,-2.350444
280.000000,276.042314,-883.725278,0.009172,7.686093,7.372217,-1.738790
282.000000,277.913113,-884.432252,0.006975,7.670341,7.317144,-1.136023
284.000000,279.793476,-885.113189,0.005048,7.655207,7.262923,-0.549077
286.000000,281.680633,-885.774961,0.003060,7.641391,7.207541,0.015328
288.000000,283.571826,-886.425053,0.000973,7.627340,7.151882,0.549226
290.000000,285.464307,-887.071461,-0.001152,7.609612,7.099258,1.043684
292.000000,287.355304,-887.722215,-0.003290,7.587692,7.050250,1.490291
294.000000,289.241968,-888.385382,-0.005460,7.571812,6.995294,1.882960
296.000000,291.121399,-889.069050,-0.007705,7.573545,6.923545,2.218050
298.000000,292.990156,-889.781519,-0.010029,7.575669,6.851123,2.494064
300.000000,294.844252,-890.531311,-0.012398,7.531612,6.821633,2.710361
302.000000,296.679390,-891.326883,-0.014800,7.408493,6.865272,2.866514
304.000000,298.490196,-892.176402,-0.017244,7.234164,6.953125,2.962641
306.000000,300.270929,-893.087934,-0.019748,7.053341,7.041459,2.999519
308.000000,302.014443,-894.069107,-0.022258,6.913095,7.115330,2.981711
310.000000,303.708879,-895.124970,-0.024229,6.862609,7.187588,2.917493
312.000000,305.353041,-896.265130,-0.025327,6.923871,7.266342,2.813209
314.000000,306.937234,-897.487467,-0.025884,7.031998,7.337397,2.681784
316.000000,308.455425,-898.790208,-0.026123,7.107847,7.385523,2.539093
318.000000,309.900800,-900.168155,-0.026127,7.166761,7.452939,2.404438
320.000000,311.275246,-901.622445,-0.026244,7.301658,7.629175,2.300189
322.000000,312.571506,-903.146338,-0.026762,7.552097,7.958410,2.251289
324.000000,313.782404,-904.734371,-0.027478,7.789606,8.344195,2.276562
326.000000,314.906792,-906.389717,-0.028341,7.862772,8.665202,2.392980
328.000000,315.935640,-908.106166,-0.029459,7.784729,8.841341,2.610314
330.000000,316.859831,-909.876321,-0.030679,7.703451,8.828865,2.924792
332.000000,317.675944,-911.703890,-0.032034,7.720650,8.628005,3.318368
334.000000,318.373115,-913.579471,-0.033589,7.795931,8.356566,3.762536
336.000000,318.941916,-915.494545,-0.035091,7.863339,8.147971,4.224890
338.000000,319.375925,-917.448252,-0.036594,7.904280,8.033642,4.676074
340.000000,319.665299,-919.425325,-0.038069,7.932121,7.976754,5.086664
342.000000,319.803463,-921.418682,-0.039269,7.954667,7.941342,5.440431
344.000000,319.784638,-923.420718,-0.039935,7.965089,7.900024,5.729107
346.000000,319.604452,-925.410017,-0.039260,7.955999,7.830648,5.945704
348.000000,319.267151,-927.383206,-0.037598,7.933970,7.738927,6.097512
350.000000,318.783498,-929.322499,-0.036029,7.912842,7.646185,6.191889
352.000000,318.162442,-931.221027,-0.034681,7.895161,7.581592,6.233687
354.000000,317.409905,-933.076046,-0.033839,7.862034,7.589224,6.227631
356.000000,316.536334,-934.872409,-0.033660,7.795229,7.707802,6.175256
358.000000,315.542433,-936.609962,-0.034086,7.709823,7.904224,6.075851
360.000000,314.434938,-938.272450,-0.034901,7.642665,8.098816,5.924197
362.000000,313.212068,-939.857238,-0.036016,7.620537,8.227544,5.714907
364.000000,311.880721,-941.347333,-0.036853,7.643386,8.267100,5.449930
366.000000,310.440178,-942.735776,-0.036337,7.704359,8.206585,5.132132
368.000000,308.903587,-944.013007,-0.034507,7.783308,8.073453,4.789450
370.000000,307.280000,-945.183165,-0.032241,7.849640,7.926260,4.468455
372.000000,305.587450,-946.244157,-0.029921,7.876712,7.805358,4.154164
374.000000,303.832062,-947.203524,-0.027552,7.851981,7.692432,3.818162
376.000000,302.026153,-948.064941,-0.025349,7.766463,7.559548,3.481083
378.000000,300.182499,-948.832407,-0.023271,7.620062,7.411330,3.171700
380.000000,298.301770,-949.514991,-0.021583,7.418223,7.275885,2.906332
382.000000,296.393794,-950.116430,-0.020495,7.171866,7.172431,2.695065
384.000000,294.463641,-950.639146,-0.019676,6.902666,7.093031,2.533906
386.000000,292.513768,-951.085604,-0.018852,6.634460,7.023809,2.408205
388.000000,290.548431,-951.458173,-0.017985,6.394092,6.946190,2.304622
390.000000,288.570963,-951.759796,-0.017131,6.209953,6.838549,2.212191
392.000000,286.588028,-951.993130,-0.016260,6.094499,6.690809,2.124766
394.000000,284.594964,-952.162278,-0.015389,6.025611,6.515928,2.038711
396.000000,282.597707,-952.269996,-0.014563,5.978010,6.331207,1.950391
398.000000,280.598190,-952.319519,-0.013751,5.942209,6.149441,1.854301
400.000000,278.598076,-952.314064,-0.012970,5.918213,5.980918,1.742586
402.000000,276.598844,-952.256778,-0.012222,5.906183,5.837233,1.608574
404.000000,274.601604,-952.150660,-0.011506,5.905968,5.732746,1.449071
406.000000,272.607375,-951.998662,-0.010824,5.915929,5.679431,1.263859
408.000000,270.616923,-951.803565,-0.010174,5.922103,5.664873,1.057310
410.000000,268.630854,-951.568036,-0.009555,5.903204,5.662044,0.835502
412.000000,266.649682,-951.294651,-0.008969,5.848727,5.652294,0.603925
414.000000,264.673731,-950.985788,-0.008400,5.772041,5.636195,0.362022
416.000000,262.703273,-950.643779,-0.007835,5.690301,5.617925,0.108109
418.000000,260.738430,-950.270940,-0.007270,5.616180,5.603408,-0.156228
420.000000,258.779220,-949.869571,-0.006696,5.559337,5.599685,-0.429207
422.000000,256.825591,-949.441988,-0.006111,5.523421,5.610006,-0.708274
424.000000,254.877333,-948.990558,-0.005519,5.498454,5.628745,-0.989675
426.000000,252.934193,-948.517654,-0.004923,5.472842,5.648923,-1.269527
428.000000,250.995815,-948.025642,-0.004325,5.444927,5.667018,-1.543828
430.000000,249.061766,-947.516882,-0.003723,5.419810,5.681862,-1.808731
432.000000,247.131576,-946.993734,-0.003118,5.402040,5.692083,-2.060649
434.000000,245.204685,-946.458561,-0.002514,5.394212,5.695596,-2.296883
436.000000,243.280511,-945.913725,-0.001916,5.398059,5.690580,-2.514778
438.000000,241.355015,-945.360535,-0.001322,5.410486,5.679145,-2.712119
440.000000,239.434424,-944.803220,-0.000707,5.425045,5.666159,-2.886209
442.000000,237.514642,-944.243144,-0.000058,5.437405,5.654951,-3.035763
444.000000,235.594923,-943.682851,0.000549,5.448285,5.645214,-3.159518
446.000000,233.674530,-943.124859,0.001015,5.459263,5.635900,-3.256522
448.000000,231.752967,-942.570908,0.001317,5.470871,5.625594,-3.326794
450.000000,229.829910,-942.022175,0.001410,5.482937,5.612638,-3.371069
452.000000,227.905213,-941.479225,0.001258,5.495284,5.596125,-3.390599
454.000000,225.979134,-940.941182,0.000992,5.507782,5.576870,-3.387911
456.000000,224.052009,-940.406906,0.000751,5.520311,5.555983,-3.365692
458.000000,222.124098,-939.875483,0.000544,5.532769,5.534258,-3.326347
460.000000,220.195607,-939.346164,0.000341,5.545063,5.512289,-3.272038
462.000000,218.265978,-938.817965,0.000126,5.557266,5.490381,-3.205212
464.000000,216.336988,-938.290466,-0.000094,5.569795,5.468275,-3.128674
466.000000,214.408097,-937.762598,-0.000312,5.583025,5.445683,-3.045362
468.000000,212.479538,-937.233522,-0.000528,5.596204,5.423308,-2.958088
470.000000,210.551539,-936.702411,-0.000741,5.607888,5.402459,-2.869574
472.000000,208.624328,-936.168439,-0.000954,5.618353,5.382779,-2.782271
474.000000,206.698140,-935.630792,-0.001169,5.631612,5.360303,-2.698172
476.000000,204.773211,-935.088647,-0.001386,5.650970,5.331762,-2.618549
478.000000,202.849791,-934.541172,-0.001602,5.667507,5.305765,-2.541940
480.000000,200.928139,-933.987521,-0.001801,5.664754,5.298269,-2.465605
482.000000,199.008502,-933.426913,-0.001972,5.633746,5.318008,-2.388467
484.000000,197.087699,-932.857718,-0.002123,5.581959,5.357880,-2.309315
486.000000,195.172733,-932.281358,-0.002260,5.519696,5.408098,-2.228209
488.000000,193.260394,-931.696341,-0.002380,5.453496,5.462315,-2.145900
490.000000,191.350860,-931.102229,-0.002501,5.387743,5.516183,-2.062735
492.000000,189.444318,-930.498578,-0.002627,5.323929,5.568051,-1.978543
494.000000,187.540972,-929.884923,-0.002755,5.257472,5.621932,-1.893113
496.000000,185.641034,-929.260791,-0.002883,5.184192,5.681577,-1.806231
498.000000,183.744725,-928.625716,-0.003011,5.113833,5.738813,-1.717567
500.000000,181.852272,-927.979237,-0.003139,5.065094,5.777793,-1.626719
502.000000,179.963912,-927.320891,-0.003270,5.048415,5.789677,-1.533326
504.000000,178.079898,-926.650213,-0.003401,5.054819,5.782107,-1.436979
506.000000,176.200484,-925.966737,-0.003533,5.072162,5.765404,-1.337436
508.000000,174.325947,-925.269999,-0.003667,5.093156,5.745714,-1.234635
510.000000,172.456567,-924.559537,-0.003800,5.113795,5.726357,-1.128528
512.000000,170.591865,-923.834583,-0.003936,5.132455,5.708570,-1.019249
514.000000,168.733697,-923.095277,-0.004073,5.152674,5.689052,-0.907543
516.000000,166.881609,-922.340861,-0.004210,5.178768,5.663836,-0.794086
518.000000,165.035937,-921.570879,-0.004348,5.212401,5.631379,-0.679154
520.000000,163.197029,-920.784877,-0.004487,5.253405,5.591820,-0.562826
522.000000,161.365246,-919.982404,-0.004627,5.300660,5.546192,-0.445452
524.000000,159.540966,-919.163015,-0.004768,5.350996,5.497469,-0.327839
526.000000,157.724579,-918.326267,-0.004909,5.401072,5.448792,-0.210908
528.000000,155.916490,-917.471728,-0.005051,5.449915,5.401135,-0.095569
530.000000,154.117125,-916.598970,-0.005192,5.498158,5.354017,0.017199
532.000000,152.326916,-915.707573,-0.005334,5.543617,5.310563,0.126105
534.000000,150.546316,-914.797129,-0.005476,5.577424,5.282387,0.229617
536.000000,148.775791,-913.867238,-0.005617,5.590679,5.281057,0.326151
538.000000,147.015822,-912.917515,-0.005760,5.586590,5.301849,0.414261
540.000000,145.266906,-911.947587,-0.005895,5.576430,5.329214,0.492599
542.000000,143.526507,-910.955344,-0.006035,5.569376,5.351723,0.559945
544.000000,141.801256,-909.943912,-0.006178,5.569277,5.367907,0.614772
546.000000,140.088620,-908.911243,-0.006310,5.577323,5.379157,0.656036
548.000000,138.389153,-907.857043,-0.006403,5.580222,5.394455,0.682669
550.000000,136.703423,-906.781044,-0.006327,5.555603,5.427547,0.693676
552.000000,135.031638,-905.683506,-0.006016,5.493800,5.484249,0.688799
554.000000,133.373203,-904.565873,-0.005584,5.412699,5.553234,0.669212
556.000000,131.727365,-903.429800,-0.005137,5.333358,5.621218,0.636301
558.000000,130.093293,-902.276887,-0.004691,5.261978,5.684286,0.591444
560.000000,128.470110,-901.108699,-0.004248,5.195600,5.744293,0.536071
562.000000,126.856917,-899.926775,-0.003807,5.129319,5.804254,0.471610
564.000000,125.252765,-898.732604,-0.003368,5.054895,5.869143,0.399361
566.000000,123.656695,-897.527664,-0.002933,4.967608,5.941782,0.320551
568.000000,122.067723,-896.313390,-0.002499,4.898125,6.003529,0.236386
570.000000,120.484840,-895.091190,-0.002067,4.898614,6.022690,0.148025
572.000000,118.907028,-893.862461,-0.001635,4.990599,5.986216,0.056610
574.000000,117.332557,-892.628044,-0.001206,5.128972,5.921602,-0.036716
576.000000,115.761745,-891.390379,-0.000784,5.260845,5.861014,-0.130562
578.000000,114.192873,-890.150259,-0.000364,5.372964,5.812228,-0.223573
580.000000,112.624914,-888.908981,0.000073,5.477241,5.767518,-0.314228
582.000000,111.056798,-887.667901,0.000529,5.584765,5.720344,-0.400690
584.000000,109.487360,-886.428497,0.000911,5.702590,5.668164,-0.480869
586.000000,107.915483,-885.192186,0.001087,5.834364,5.610245,-0.552689
588.000000,106.340794,-883.959456,0.001076,5.958591,5.555922,-0.615201
590.000000,104.763431,-882.730149,0.000974,6.037239,5.521141,-0.668142
592.000000,103.183633,-881.503977,0.000821,6.050868,5.513987,-0.711342
594.000000,101.601814,-880.280410,0.000646,6.023832,5.524055,-0.745028
596.000000,100.018428,-879.058875,0.000478,5.986932,5.538242,-0.769538
598.000000,98.431125,-877.836724,0.000320,5.951820,5.551733,-0.785229
600.000000,96.845796,-876.617715,0.000163,5.917527,5.565188,-0.792497
602.000000,95.260066,-875.399228,0.000002,5.882857,5.579167,-0.792139
604.000000,93.674332,-874.180746,-0.000161,5.847832,5.593294,-0.785132
606.000000,92.088989,-872.961753,-0.000323,5.812670,5.607083,-0.772571
608.000000,90.504434,-871.741736,-0.000484,5.777419,5.620618,-0.755562
610.000000,88.921063,-870.520185,-0.000646,5.742021,5.634359,-0.735205
612.000000,87.339269,-869.296589,-0.000807,5.706546,5.648484,-0.712592
614.000000,85.759453,-868.070442,-0.000969,5.671361,5.662522,-0.688768
616.000000,84.182016,-866.841234,-0.001129,5.636759,5.675989,-0.664728
618.000000,82.607358,-865.608466,-0.001274,5.601893,5.689360,-0.641571
620.000000,81.035885,-864.371643,-0.001352,5.565206,5.703708,-0.620522
622.000000,79.467146,-863.129913,-0.001339,5.527256,5.718953,-0.602549
624.000000,77.902452,-861.884520,-0.001280,5.493250,5.732456,-0.587981
626.000000,76.340949,-860.635128,-0.001213,5.468660,5.741418,-0.576867
628.000000,74.782483,-859.381951,-0.001148,5.454422,5.745469,-0.569254
630.000000,73.226899,-858.125200,-0.001083,5.448614,5.745771,-0.565192
632.000000,71.674039,-856.865083,-0.001017,5.448838,5.743565,-0.564829
634.000000,70.123747,-855.601810,-0.000952,5.451931,5.740137,-0.568348
636.000000,68.575864,-854.335585,-0.000887,5.454850,5.736685,-0.575754
638.000000,67.030231,-853.066617,-0.000822,5.456773,5.733526,-0.586985
640.000000,65.486686,-851.795108,-0.000758,5.458268,5.730426,-0.602048
642.000000,63.945071,-850.521261,-0.000693,5.459788,5.727236,-0.621114
644.000000,62.402564,-849.243075,-0.000628,5.461443,5.724014,-0.644510
646.000000,60.864326,-847.965156,-0.000564,5.463268,5.720855,-0.672248
648.000000,59.327530,-846.685502,-0.000500,5.465262,5.717695,-0.704138
650.000000,57.792014,-845.404314,-0.000435,5.467392,5.714385,-0.739882
652.000000,56.257613,-844.121789,-0.000371,5.469439,5.711074,-0.779067
654.000000,54.724166,-842.838126,-0.000307,5.470792,5.708543,-0.820962
656.000000,53.191507,-841.553521,-0.000243,5.471035,5.707365,-0.864730
658.000000,51.659471,-840.268173,-0.000179,5.472126,5.705244,-0.909479
660.000000,50.127896,-838.982276,-0.000115,5.477520,5.698067,-0.954250
662.000000,48.596616,-837.696029,-0.000050,5.488868,5.683859,-0.998086
664.000000,47.065465,-836.409627,0.000014,5.503799,5.665414,-1.039979
666.000000,45.534277,-835.123268,0.000077,5.519394,5.646169,-1.078912
668.000000,44.002189,-833.836559,0.000141,5.534583,5.627387,-1.113789
670.000000,42.470440,-832.550867,0.000206,5.549460,5.608948,-1.143416
672.000000,40.938163,-831.265802,0.000274,5.564201,5.590638,-1.166841
674.000000,39.405184,-829.981577,0.000339,5.578993,5.572233,-1.183089
676.000000,37.871326,-828.698403,0.000394,5.594009,5.553539,-1.191139
678.000000,36.336451,-827.416443,0.000447,5.609222,5.534681,-1.189949
680.000000,34.800445,-826.135837,0.000526,5.624480,5.515989,-1.178370
682.000000,33.263133,-824.856801,0.000638,5.639686,5.497610,-1.154679
684.000000,31.724181,-823.579738,0.000700,5.654873,5.479247,-1.115343
686.000000,30.183296,-822.305011,0.000601,5.670090,5.460571,-1.056789
688.000000,28.640778,-821.032260,0.000319,5.685314,5.441683,-0.977785
690.000000,27.097332,-819.760630,-0.000189,5.700479,5.422966,-0.878232
692.000000,25.551473,-818.486535,-0.000954,5.715622,5.404553,-0.758357
694.000000,24.010652,-817.211732,-0.001834,5.730884,5.386159,-0.620263
696.000000,22.474550,-815.931229,-0.002686,5.745375,5.368281,-0.465701
698.000000,20.945374,-814.642458,-0.003502,5.747854,5.360259,-0.296546
700.000000,19.425248,-813.343012,-0.004317,5.720485,5.377053,-0.114299
702.000000,17.916364,-812.030494,-0.005146,5.655355,5.425342,0.079896
704.000000,16.421072,-810.702522,-0.005975,5.566512,5.493456,0.284901
706.000000,14.941755,-809.356738,-0.006786,5.472039,5.566365,0.499386
708.000000,13.480838,-807.990982,-0.007585,5.389754,5.629337,0.722016
710.000000,12.040777,-806.603217,-0.008398,5.337191,5.667906,0.952205
712.000000,10.624162,-805.191454,-0.009231,5.321969,5.673533,1.190452
714.000000,9.233885,-803.753788,-0.009999,5.330906,5.650102,1.436765
716.000000,7.872816,-802.288427,-0.010591,5.348023,5.605843,1.690537
718.000000,6.543180,-800.794428,-0.011166,5.365637,5.567172,1.951469
720.000000,5.246800,-799.271382,-0.012246,5.381318,5.571800,2.220648
722.000000,3.987187,-797.717744,-0.014110,5.396229,5.643748,2.498729
724.000000,2.771660,-796.129359,-0.016729,5.418968,5.775980,2.782974
726.000000,1.610680,-794.504272,-0.020196,5.459106,5.953508,3.068556
728.000000,0.513588,-792.831280,-0.024471,5.522667,6.143840,3.346923
730.000000,-0.500697,-791.106721,-0.029462,5.612773,6.300499,3.605801
732.000000,-1.412448,-789.326058,-0.035171,5.722370,6.388159,3.830436
734.000000,-2.196207,-787.487895,-0.041171,5.818767,6.400873,4.006099
736.000000,-2.826387,-785.590024,-0.047106,5.866639,6.339796,4.119709
738.000000,-3.275450,-783.641445,-0.051972,5.854630,6.211767,4.155524
740.000000,-3.514881,-781.659459,-0.051997,5.787791,6.028015,4.096158
742.000000,-3.538209,-779.657811,-0.046068,5.680220,5.810308,3.932891
744.000000,-3.377185,-777.668468,-0.037887,5.561328,5.601178,3.680665
746.000000,-3.066814,-775.691627,-0.030231,5.457785,5.437376,3.363524
748.000000,-2.637819,-773.737546,-0.023333,5.380689,5.329241,3.004375
750.000000,-2.118849,-771.805687,-0.017055,5.333974,5.275025,2.622460
752.000000,-1.535275,-769.892792,-0.011513,5.313646,5.263915,2.233712
754.000000,-0.909194,-767.996590,-0.006852,5.305476,5.273452,1.848286
756.000000,-0.257978,-766.105579,-0.003458,5.296042,5.282672,1.470871
758.000000,0.406427,-764.215965,-0.001059,5.283561,5.286659,1.098261
760.000000,1.073609,-762.330790,0.000970,5.271901,5.288298,0.723797
762.000000,1.736917,-760.444189,0.002834,5.262252,5.290660,0.339470
764.000000,2.389507,-758.553824,0.004667,5.250397,5.296679,-0.060362
766.000000,3.024618,-756.657446,0.006616,5.232171,5.308819,-0.478968
768.000000,3.634708,-754.752873,0.008689,5.212651,5.325400,-0.916334
770.000000,4.211671,-752.837967,0.010847,5.203181,5.341926,-1.368799
772.000000,4.747109,-750.910881,0.013083,5.212159,5.354334,-1.828129
774.000000,5.231973,-748.970477,0.015365,5.240330,5.359886,-2.282784
776.000000,5.657032,-747.015895,0.017702,5.285714,5.356330,-2.720089
778.000000,6.012186,-745.050603,0.020036,5.336130,5.343317,-3.126123
780.000000,6.288803,-743.069396,0.022289,5.373017,5.321571,-3.489513
782.000000,6.476672,-741.077501,0.024468,5.390368,5.283591,-3.798785
784.000000,6.566734,-739.080032,0.026353,5.408045,5.205574,-4.044475
786.000000,6.550657,-737.079214,0.027783,5.445918,5.072609,-4.221080
788.000000,6.423403,-735.085405,0.029086,5.494642,4.945985,-4.327640
790.000000,6.181054,-733.099089,0.031122,5.530568,4.922731,-4.363760
792.000000,5.817195,-731.132619,0.034261,5.539779,5.021520,-4.325330
794.000000,5.320197,-729.196540,0.038276,5.524682,5.136506,-4.204092
796.000000,4.678336,-727.304694,0.043345,5.490431,5.168793,-3.991209
798.000000,3.876125,-725.474328,0.047575,5.445611,5.164131,-3.673706
800.000000,2.897344,-723.731502,0.045067,5.400541,5.238539,-3.227512
802.000000,1.753981,-722.091395,0.033480,5.364115,5.424972,-2.623144
804.000000,0.502289,-720.531932,0.019063,5.342681,5.612752,-1.904876
806.000000,-0.805117,-719.016757,0.007596,5.340505,5.690695,-1.162545
808.000000,-2.132106,-717.521299,-0.000389,5.351664,5.673878,-0.468937
810.000000,-3.455740,-716.022099,-0.004469,5.365235,5.640167,0.132391
812.000000,-4.761097,-714.507397,-0.004433,5.374900,5.634648,0.622885
814.000000,-6.052760,-712.980153,-0.002747,5.382313,5.644523,1.019830
816.000000,-7.336807,-711.446687,-0.001597,5.389999,5.650832,1.342632
818.000000,-8.616258,-709.909779,-0.001038,5.398499,5.650511,1.604668
820.000000,-9.892408,-708.370209,-0.000547,5.407322,5.648718,1.816549
822.000000,-11.166768,-706.829046,0.000060,5.416130,5.648652,1.987692
824.000000,-12.443324,-705.285663,0.000572,5.424918,5.649708,2.126895
826.000000,-13.720080,-703.746437,0.000748,5.433683,5.650806,2.241722
828.000000,-14.999347,-702.209323,0.000659,5.442474,5.651594,2.337268
830.000000,-16.280613,-700.673879,0.000533,5.451325,5.652104,2.416716
832.000000,-17.563458,-699.139748,0.000458,5.460201,5.652452,2.483377
834.000000,-18.847700,-697.606784,0.000402,5.468944,5.652871,2.540655
836.000000,-20.133192,-696.074868,0.000335,5.477421,5.653566,2.591367
838.000000,-21.419719,-694.543822,0.000258,5.485768,5.654422,2.637777
840.000000,-22.707035,-693.013439,0.000180,5.494260,5.655159,2.681700
842.000000,-23.994898,-691.483518,0.000106,5.503019,5.655633,2.724619
844.000000,-25.283086,-689.953870,0.000034,5.511894,5.655938,2.767837
846.000000,-26.571379,-688.424309,-0.000040,5.520722,5.656206,2.812403
848.000000,-27.860393,-686.893646,-0.000114,5.529513,5.656581,2.858811
850.000000,-29.148218,-685.363689,-0.000188,5.538347,5.657204,2.906415
852.000000,-30.435466,-683.833247,-0.000262,5.547227,5.658056,2.953749
854.000000,-31.721911,-682.302131,-0.000336,5.555977,5.658848,2.998918
856.000000,-33.007329,-680.770151,-0.000410,5.564449,5.659314,3.039937
858.000000,-34.291489,-679.237117,-0.000484,5.572791,5.659635,3.075226
860.000000,-35.574167,-677.702842,-0.000558,5.581312,5.660211,3.105158
862.000000,-36.855133,-676.167137,-0.000631,5.590116,5.661121,3.131913
864.000000,-38.134158,-674.629817,-0.000705,5.598959,5.661883,3.158029
866.000000,-39.411014,-673.090692,-0.000779,5.607079,5.661544,3.185131
868.000000,-40.685472,-671.549582,-0.000853,5.610772,5.656727,3.211955
870.000000,-41.957299,-670.006300,-0.000926,5.604916,5.642883,3.234361
872.000000,-43.228191,-668.458315,-0.000998,5.588381,5.619065,3.247704
874.000000,-44.494062,-666.910146,-0.001073,5.566997,5.590643,3.249315
876.000000,-45.756614,-665.359268,-0.001148,5.546770,5.563100,3.239016
878.000000,-47.015605,-663.805497,-0.001223,5.528723,5.537413,3.217097
880.000000,-48.270785,-662.248647,-0.001292,5.511306,5.512226,3.184196
882.000000,-49.521926,-660.688550,-0.001353,5.493498,5.486703,3.141391
884.000000,-50.768849,-659.125075,-0.001426,5.475305,5.461023,3.089252
886.000000,-52.011350,-657.558082,-0.001532,5.456898,5.435464,3.027596
888.000000,-53.249064,-655.987308,-0.001624,5.438484,5.409952,2.955180
890.000000,-54.481546,-654.412429,-0.001573,5.420284,5.384239,2.870155
892.000000,-55.708842,-652.833504,-0.001321,5.402344,5.358266,2.770999
894.000000,-56.931910,-651.251299,-0.000922,5.384407,5.332311,2.657209
896.000000,-58.152746,-649.665690,-0.000405,5.366201,5.306627,2.528427
898.000000,-59.371412,-648.080095,0.000192,5.347805,5.281153,2.385142
900.000000,-60.590700,-646.494977,0.000793,5.329422,5.255576,2.228183
902.000000,-61.812531,-644.911816,0.001372,5.311126,5.229731,2.058642
904.000000,-63.038704,-643.332016,0.001942,5.292735,5.203680,1.877458
906.000000,-64.270997,-641.756974,0.002519,5.274136,5.177570,1.685673
908.000000,-65.511203,-640.188155,0.003103,5.255950,5.151870,1.484816
910.000000,-66.761123,-638.627057,0.003692,5.239165,5.127200,1.277190
912.000000,-68.022540,-637.075217,0.004283,5.222924,5.102977,1.065750
914.000000,-69.297198,-635.534239,0.004873,5.203049,5.076444,0.853613
916.000000,-70.586829,-634.005750,0.005460,5.176803,5.045743,0.643846
918.000000,-71.893079,-632.491429,0.006049,5.154800,5.017466,0.439225
920.000000,-73.217549,-630.992998,0.006656,5.154781,5.002710,0.242388
922.000000,-74.561833,-629.512280,0.007266,5.182936,5.005489,0.056201
924.000000,-75.929586,-628.049117,0.007781,5.224594,5.016988,-0.116507
926.000000,-77.318136,-626.609843,0.008064,5.264201,5.026508,-0.272319
928.000000,-78.729865,-625.193265,0.008141,5.304060,5.025112,-0.409977
930.000000,-80.164499,-623.799885,0.008139,5.355531,5.005186,-0.528548
932.000000,-81.621655,-622.430088,0.008096,5.415622,4.976242,-0.627240
934.000000,-83.100802,-621.084065,0.008040,5.456229,4.977031,-0.705495
936.000000,-84.601387,-619.761987,0.007995,5.451041,5.042849,-0.762686
938.000000,-86.122910,-618.464063,0.007960,5.409484,5.158792,-0.797956
940.000000,-87.664899,-617.190521,0.007927,5.359505,5.283774,-0.809974
942.000000,-89.226884,-615.941588,0.007895,5.324318,5.377138,-0.797357
944.000000,-90.808394,-614.717470,0.007864,5.318189,5.400371,-0.758869
946.000000,-92.408958,-613.518376,0.007834,5.350142,5.325492,-0.693686
948.000000,-94.028109,-612.344503,0.007806,5.405296,5.187238,-0.601202
950.000000,-95.665380,-611.196044,0.007788,5.456645,5.052083,-0.480764
952.000000,-97.320327,-610.073214,0.007780,5.483042,4.967890,-0.331711
954.000000,-98.992555,-608.976267,0.007762,5.473692,4.949973,-0.153557
956.000000,-100.681654,-607.905437,0.007709,5.422819,5.003553,0.053978
958.000000,-102.387073,-606.860821,0.007388,5.345760,5.102118,0.290997
960.000000,-104.108138,-605.842362,0.006181,5.268209,5.203588,0.557640
962.000000,-105.842449,-604.846683,0.003866,5.200518,5.289231,0.850059
964.000000,-107.584586,-603.864617,0.001054,5.127205,5.379615,1.157832
966.000000,-109.328702,-602.886132,-0.001740,5.035929,5.492381,1.469790
968.000000,-111.069328,-601.901553,-0.004525,4.956589,5.592099,1.775563
970.000000,-112.801182,-600.901384,-0.007488,4.939537,5.617559,2.065644
972.000000,-114.518157,-599.875643,-0.010639,5.000166,5.548829,2.329913
974.000000,-116.212727,-598.813501,-0.013401,5.095891,5.434514,2.557355
976.000000,-117.877539,-597.704934,-0.015140,5.182351,5.327767,2.738933
978.000000,-119.507652,-596.545733,-0.015817,5.253991,5.249976,2.872055
980.000000,-121.099463,-595.334795,-0.015300,5.324163,5.206612,2.956624
982.000000,-122.652338,-594.074364,-0.013570,5.402243,5.192483,2.996414
984.000000,-124.170432,-592.771994,-0.011377,5.490562,5.186673,3.001050
986.000000,-125.658590,-591.435764,-0.009334,5.585040,5.172750,2.980834
988.000000,-127.121560,-590.072195,-0.007517,5.651190,5.171664,2.945344
990.000000,-128.564026,-588.686998,-0.005976,5.640930,5.221628,2.903915
992.000000,-129.990099,-587.285002,-0.004799,5.539958,5.338061,2.865082
994.000000,-131.402928,-585.869595,-0.004355,5.388862,5.498983,2.835859
996.000000,-132.804710,-584.443175,-0.005155,5.234531,5.673666,2.822177
998.000000,-134.192390,-583.003110,-0.006876,5.113675,5.810940,2.822521
1000.000000,-135.560036,-581.544033,-0.008719,5.057024,5.850242,2.831045
1002.000000,-136.901891,-580.061082,-0.010399,5.068922,5.776743,2.842339
1004.000000,-138.212685,-578.550499,-0.012124,5.109036,5.654158,2.851928
1006.000000,-139.486940,-577.008659,-0.014117,5.135287,5.549710,2.854590
1008.000000,-140.717279,-575.431642,-0.016039,5.137696,5.477017,2.843164
1010.000000,-141.895384,-573.815450,-0.016965,5.122925,5.421995,2.809428
1012.000000,-143.016496,-572.158981,-0.016561,5.097589,5.373920,2.748578
1014.000000,-144.080313,-570.468472,-0.015209,5.067449,5.328872,2.663240
1016.000000,-145.092805,-568.743626,-0.013137,5.043640,5.284967,2.557190
1018.000000,-146.059189,-566.992560,-0.010616,5.067141,5.247188,2.438219
1020.000000,-146.988215,-565.221419,-0.008021,5.190497,5.223344,2.316067
1022.000000,-147.888722,-563.435784,-0.005530,5.414293,5.216883,2.200268
1024.000000,-148.769595,-561.640373,-0.003377,5.665139,5.224965,2.099519
1026.000000,-149.639126,-559.839466,-0.001828,5.866812,5.246846,2.021545
1028.000000,-150.503703,-558.032976,-0.000905,5.975023,5.296173,1.970261
1030.000000,-151.364406,-556.227864,-0.000722,5.960152,5.392150,1.947842
1032.000000,-152.223476,-554.421967,-0.001281,5.826649,5.541639,1.953227
1034.000000,-153.078012,-552.613921,-0.002104,5.626160,5.733332,1.980859
1036.000000,-153.924728,-550.802192,-0.002810,5.416141,5.946501,2.024736
1038.000000,-154.761152,-548.985683,-0.003414,5.252968,6.122810,2.079834
1040.000000,-155.585194,-547.163513,-0.004026,5.191118,6.188485,2.141572
1042.000000,-156.394603,-545.334787,-0.004683,5.242442,6.125378,2.205402
1044.000000,-157.186862,-543.498566,-0.005362,5.353535,6.001235,2.266960
1046.000000,-157.959398,-541.653932,-0.006046,5.466730,5.885933,2.322214
1048.000000,-158.709575,-539.800088,-0.006730,5.551052,5.794498,2.367364
1050.000000,-159.434729,-537.936309,-0.007409,5.588913,5.715385,2.398903
1052.000000,-160.132185,-536.061962,-0.008085,5.575464,5.640736,2.413890
1054.000000,-160.799263,-534.176578,-0.008793,5.525347,5.569764,2.409883
1056.000000,-161.433202,-532.279733,-0.009568,5.455227,5.502566,2.384556
1058.000000,-162.030769,-530.371128,-0.010303,5.377520,5.438549,2.335609
1060.000000,-162.588536,-528.450541,-0.010729,5.302666,5.376964,2.260922
1062.000000,-163.104432,-526.518239,-0.010748,5.243351,5.322310,2.160028
1064.000000,-163.578548,-524.575249,-0.010476,5.215752,5.287024,2.034962
1066.000000,-164.011526,-522.622726,-0.009972,5.232335,5.280887,1.888359
1068.000000,-164.405336,-520.661926,-0.009322,5.284186,5.294607,1.724149
1070.000000,-164.762562,-518.694139,-0.008673,5.352606,5.310693,1.547055
1072.000000,-165.085663,-516.720499,-0.008069,5.414330,5.320637,1.361476
1074.000000,-165.376883,-514.741906,-0.007482,5.440070,5.328781,1.171090
1076.000000,-165.638449,-512.759202,-0.006889,5.407921,5.340007,0.979368
1078.000000,-165.872670,-510.773084,-0.006294,5.334574,5.354267,0.789804
1080.000000,-166.081885,-508.784185,-0.005702,5.252559,5.369445,0.605766
1082.000000,-166.268543,-506.791571,-0.005121,5.182530,5.383840,0.430267
1084.000000,-166.434653,-504.798626,-0.004551,5.128751,5.396344,0.266353
1086.000000,-166.582635,-502.804267,-0.003989,5.093005,5.406002,0.115832
1088.000000,-166.714707,-500.808797,-0.003431,5.075430,5.412102,-0.020140
1090.000000,-166.833070,-498.812471,-0.002864,5.075348,5.414108,-0.140856
1092.000000,-166.939977,-496.815510,-0.002297,5.089532,5.413340,-0.245961
1094.000000,-167.037764,-494.818077,-0.001824,5.111226,5.413707,-0.335118
1096.000000,-167.128556,-492.820318,-0.001544,5.133207,5.417478,-0.408241
1098.000000,-167.213315,-490.822298,-0.001413,5.148122,5.417027,-0.466477
1100.000000,-167.292459,-488.824047,-0.001342,5.148792,5.400668,-0.511450
1102.000000,-167.366281,-486.825593,-0.001299,5.134608,5.366003,-0.544817
1104.000000,-167.434915,-484.826954,-0.001264,5.114580,5.324401,-0.568254
1106.000000,-167.498570,-482.825288,-0.001224,5.097201,5.286677,-0.583159
1108.000000,-167.557230,-480.826334,-0.001179,5.081789,5.251659,-0.590589
1110.000000,-167.611180,-478.827246,-0.001132,5.063511,5.212666,-0.591509
1112.000000,-167.660606,-476.828042,-0.001088,5.043346,5.170864,-0.586646
1114.000000,-167.705680,-474.828735,-0.001045,5.031096,5.139303,-0.576584
1116.000000,-167.746576,-472.829339,-0.001001,5.035350,5.129424,-0.561635
1118.000000,-167.783472,-470.829865,-0.000956,5.051827,5.135514,-0.541757
1120.000000,-167.816544,-468.830324,-0.000911,5.070373,5.144028,-0.516880
1122.000000,-167.845974,-466.830727,-0.000866,5.085420,5.147650,-0.486978
1124.000000,-167.871941,-464.831081,-0.000821,5.098584,5.148807,-0.452100
1126.000000,-167.894622,-462.831394,-0.000776,5.112093,5.150717,-0.412337
1128.000000,-167.914200,-460.831677,-0.000731,5.126244,5.153755,-0.368149
1130.000000,-167.930854,-458.831932,-0.000686,5.140436,5.156966,-0.320236
1132.000000,-167.944775,-456.830654,-0.000640,5.154412,5.159828,-0.269246
1134.000000,-167.956123,-454.830872,-0.000595,5.168426,5.162513,-0.215871
1136.000000,-167.965090,-452.831076,-0.000550,5.182757,5.165251,-0.160437
1138.000000,-167.971858,-450.831273,-0.000504,5.197239,5.168071,-0.102962
1140.000000,-167.976609,-448.831463,-0.000459,5.211517,5.170904,-0.043423
1142.000000,-167.979525,-446.831650,-0.000413,5.225499,5.173711,0.018207
1144.000000,-167.980788,-444.831835,-0.000368,5.239497,5.176504,0.081952
1146.000000,-167.980581,-442.832020,-0.000322,5.253796,5.179297,0.147819
1148.000000,-167.979084,-440.832206,-0.000277,5.268273,5.182099,0.215786
1150.000000,-167.976482,-438.832392,-0.000231,5.282618,5.184918,0.285734
1152.000000,-167.972956,-436.832581,-0.000186,5.296689,5.187740,0.357496
1154.000000,-167.968681,-434.829935,-0.000140,5.310617,5.190526,0.431001
1156.000000,-167.963850,-432.830127,-0.000094,5.324505,5.193250,0.505874
1158.000000,-167.958645,-430.830321,-0.000048,5.338504,5.196029,0.582142
1160.000000,-167.953251,-428.830516,-0.000004,5.352731,5.199033,0.660031
1162.000000,-167.947848,-426.830710,0.000038,5.367163,5.202263,0.739991
1164.000000,-167.942596,-424.830904,0.000073,5.381573,5.205470,0.822787
1166.000000,-167.937650,-422.831096,0.000101,5.395749,5.208427,0.909418
1168.000000,-167.933115,-420.831288,0.000124,5.409713,5.211183,1.000931
1170.000000,-167.929074,-418.831479,0.000145,5.423589,5.213911,1.098491
1172.000000,-167.925613,-416.831670,0.000168,5.437506,5.216700,1.203420
1174.000000,-167.922825,-414.831858,0.000191,5.451591,5.219521,1.317046
1176.000000,-167.920802,-412.832047,0.000214,5.465929,5.222331,1.440068
1178.000000,-167.919635,-410.830698,0.000237,5.480381,5.225129,1.572119
1180.000000,-167.919416,-408.830883,0.000260,5.494677,5.227921,1.711991
1182.000000,-167.920235,-406.831068,0.000282,5.508722,5.230719,1.858343
1184.000000,-167.922182,-404.831254,0.000305,5.522616,5.233519,2.008798
1186.000000,-167.925349,-402.831441,0.000327,5.536488,5.236318,2.159919
1188.000000,-167.929825,-400.831631,0.000350,5.550464,5.239116,2.307803
1190.000000,-167.935702,-398.831825,0.000373,5.564666,5.241910,2.448430
1192.000000,-167.943070,-396.832023,0.000396,5.579076,5.244701,2.577972
1194.000000,-167.952021,-394.832228,0.000418,5.593469,5.247503,2.692867
1196.000000,-167.962645,-392.832441,0.000441,5.607635,5.250323,2.790003
1198.000000,-167.975033,-390.832665,0.000463,5.621587,5.253126,2.866949
1200.000000,-167.989295,-388.830088,0.000486,5.635454,5.255872,2.921978
1202.000000,-168.005484,-386.830340,0.000510,5.649338,5.258594,2.953431
1204.000000,-168.023712,-384.830610,0.000532,5.663427,5.261461,2.960084
1206.000000,-168.044069,-382.830900,0.000554,5.677826,5.264604,2.940957
1208.000000,-168.066643,-380.831214,0.000576,5.692280,5.267856,2.895483
1210.000000,-168.091514,-378.831555,0.000601,5.706385,5.270924,2.823167
1212.000000,-168.118782,-376.831927,0.000629,5.720164,5.273720,2.723440
1214.000000,-168.148568,-374.832335,0.000651,5.734293,5.276475,2.595688
1216.000000,-168.180981,-372.832784,0.000657,5.749245,5.279387,2.439219
1218.000000,-168.216029,-370.833278,0.000665,5.763914,5.282247,2.252963
1220.000000,-168.253682,-368.833818,0.000720,5.776549,5.284674,2.035615
1222.000000,-168.294128,-366.834413,0.000819,5.788201,5.286921,1.785939
1224.000000,-168.337900,-364.835078,0.000829,5.804230,5.290208,1.502484
1226.000000,-168.385368,-362.834265,0.000622,5.827176,5.295113,1.183079
1228.000000,-168.435416,-360.835075,0.000563,5.840812,5.297944,0.824596
1230.000000,-168.486520,-358.835921,0.001536,5.820638,5.293109,0.421449
1232.000000,-168.541889,-356.836894,0.003864,5.760413,5.278790,-0.027858
1234.000000,-168.612239,-354.838270,0.007170,5.682442,5.259075,-0.516178
1236.000000,-168.710145,-352.840579,0.011286,5.609158,5.240615,-1.032998
1238.000000,-168.852559,-350.845640,0.015957,5.541809,5.239584,-1.560511
1240.000000,-169.058582,-348.855975,0.020801,5.471678,5.275741,-2.077401
1242.000000,-169.346929,-346.877695,0.025619,5.398095,5.340614,-2.562662
1244.000000,-169.736714,-344.915296,0.030087,5.332626,5.383530,-2.998553
1246.000000,-170.244436,-342.981854,0.033929,5.286850,5.366104,-3.371856
1248.000000,-170.881724,-341.088847,0.036758,5.263408,5.335897,-3.677195
1250.000000,-171.659598,-339.245063,0.037878,5.261244,5.373584,-3.911797
1252.000000,-172.575410,-337.469966,0.037165,5.280189,5.485338,-4.080866
1254.000000,-173.623033,-335.763395,0.036185,5.321352,5.580553,-4.195664
1256.000000,-174.787539,-334.140137,0.036112,5.381645,5.578756,-4.264369
1258.000000,-176.066973,-332.602856,0.036837,5.438768,5.505922,-4.290226
1260.000000,-177.455317,-331.163637,0.038537,5.462758,5.433162,-4.273918
1262.000000,-178.948544,-329.835231,0.041157,5.461122,5.391385,-4.213793
1264.000000,-180.545052,-328.634490,0.043342,5.501829,5.344882,-4.102630
1266.000000,-182.243198,-327.577566,0.043644,5.642191,5.262807,-3.931609
1268.000000,-184.027708,-326.674152,0.042351,5.819276,5.204326,-3.700051
1270.000000,-185.880506,-325.926268,0.040031,5.909000,5.273318,-3.412933
1272.000000,-187.786798,-325.330217,0.036765,5.873620,5.486852,-3.076665
1274.000000,-189.736196,-324.874813,0.033209,5.810649,5.726863,-2.704179
1276.000000,-191.709109,-324.550120,0.029832,5.814438,5.879000,-2.316218
1278.000000,-193.696847,-324.343507,0.026662,5.871380,5.945783,-1.932839
1280.000000,-195.694993,-324.242366,0.024032,5.922460,5.978711,-1.568455
1282.000000,-197.695200,-324.236626,0.022177,5.939970,5.997721,-1.227165
1284.000000,-199.692546,-324.318694,0.021855,5.940311,5.978892,-0.904740
1286.000000,-201.684809,-324.484166,0.024025,5.941051,5.900824,-0.591872
1288.000000,-203.668733,-324.743643,0.027159,5.940506,5.778764,-0.261877
1290.000000,-205.633919,-325.113631,0.027712,5.928492,5.644267,0.120136
1292.000000,-207.573228,-325.596782,0.024434,5.895947,5.521244,0.567141
1294.000000,-209.486479,-326.175160,0.018582,5.835647,5.422141,1.061983
1296.000000,-211.377498,-326.827114,0.010892,5.741071,5.357279,1.593575
1298.000000,-213.253021,-327.521003,0.002620,5.608254,5.333840,2.149032
1300.000000,-215.125866,-328.222446,-0.003833,5.435406,5.356632,2.712994
1302.000000,-217.005251,-328.906237,-0.007833,5.245243,5.413446,3.246973
1304.000000,-218.895203,-329.560162,-0.010890,5.092258,5.469948,3.716550
1306.000000,-220.798994,-330.173237,-0.014130,5.024769,5.495994,4.176169
1308.000000,-222.719333,-330.732505,-0.017695,5.046353,5.492104,4.601230
1310.000000,-224.658613,-331.224001,-0.021742,5.140626,5.472112,4.978219
1312.000000,-226.615839,-331.631195,-0.026192,5.276340,5.451269,5.291395
1314.000000,-228.593198,-331.935265,-0.030085,5.402033,5.446364,5.529634
1316.000000,-230.583644,-332.117345,-0.032445,5.472088,5.468997,5.690737
1318.000000,-232.582662,-332.168994,-0.033242,5.483045,5.505180,5.780802
1320.000000,-234.579482,-332.086122,-0.032261,5.450000,5.530401,5.801570
1322.000000,-236.568922,-331.871905,-0.029552,5.390279,5.537106,5.756073
1324.000000,-238.540769,-331.540654,-0.026372,5.323813,5.539832,5.653384
1326.000000,-240.491545,-331.106879,-0.023537,5.271278,5.550909,5.504044
1328.000000,-242.421838,-330.581540,-0.021087,5.255706,5.564086,5.318848
1330.000000,-244.328243,-329.975596,-0.018986,5.299716,5.566517,5.113574
1332.000000,-246.210241,-329.298130,-0.017246,5.400331,5.555113,4.905329
1334.000000,-248.066148,-328.557152,-0.015978,5.523718,5.538667,4.709362
1336.000000,-249.899583,-327.757419,-0.015366,5.631121,5.529810,4.535768
1338.000000,-251.707635,-326.902141,-0.015195,5.674660,5.552097,4.388725
1340.000000,-253.488787,-325.992255,-0.015044,5.606756,5.631039,4.265902
1342.000000,-255.241722,-325.029057,-0.014800,5.446124,5.749956,4.161766
1344.000000,-256.965411,-324.014379,-0.014535,5.295182,5.838865,4.070234
1346.000000,-258.658873,-322.950082,-0.014297,5.240803,5.840329,3.987716
1348.000000,-260.321201,-321.837822,-0.014096,5.266418,5.773915,3.912398
1350.000000,-261.949605,-320.680567,-0.013897,5.315086,5.689148,3.843114
1352.000000,-263.547137,-319.477122,-0.013696,5.358879,5.610940,3.779063
1354.000000,-265.111107,-318.230366,-0.013517,5.407806,5.532487,3.719178
1356.000000,-266.640802,-316.941811,-0.013348,5.471334,5.448504,3.662355
1358.000000,-268.135559,-315.612894,-0.013195,5.537956,5.376164,3.607648
1360.000000,-269.594745,-314.245017,-0.013067,5.588142,5.341004,3.553909
1362.000000,-271.017703,-312.839505,-0.012960,5.615529,5.350245,3.500096
1364.000000,-272.403755,-311.397588,-0.012851,5.631303,5.386747,3.445365
1366.000000,-273.752251,-309.920501,-0.012716,5.645836,5.433070,3.388034
1368.000000,-275.062735,-308.409589,-0.012550,5.657197,5.482623,3.324496
1370.000000,-276.334841,-306.866242,-0.012336,5.658044,5.533550,3.253255
1372.000000,-277.568419,-305.291947,-0.012074,5.636023,5.587703,3.174551
1374.000000,-278.763625,-303.688319,-0.011793,5.572368,5.651653,3.088874
1376.000000,-279.920671,-302.056969,-0.011516,5.456864,5.728657,2.996886
1378.000000,-281.039840,-300.399414,-0.011242,5.318196,5.805816,2.899159
1380.000000,-282.121454,-298.717122,-0.010968,5.200065,5.863731,2.796112
1382.000000,-283.165895,-297.011519,-0.010691,5.132523,5.883909,2.688093
1384.000000,-284.173628,-295.283972,-0.010424,5.128222,5.849152,2.575714
1386.000000,-285.144167,-293.537599,-0.010157,5.186174,5.755692,2.460346
1388.000000,-286.080014,-291.770103,-0.009889,5.258990,5.651932,2.343249
1390.000000,-286.980712,-289.984446,-0.009634,5.283875,5.603898,2.225563
1392.000000,-287.846838,-288.181782,-0.009382,5.247290,5.625293,2.107708
1394.000000,-288.679008,-286.363189,-0.009135,5.195487,5.666312,1.990254
1396.000000,-289.478624,-284.527838,-0.008910,5.170869,5.681467,1.873603
1398.000000,-290.244612,-282.680411,-0.008687,5.177128,5.667289,1.757724
1400.000000,-290.978345,-280.819949,-0.008413,5.203355,5.636052,1.642023
1402.000000,-291.680602,-278.947387,-0.008087,5.241791,5.595619,1.526817
1404.000000,-292.352466,-277.063705,-0.007723,5.288598,5.548409,1.413277
1406.000000,-292.995110,-275.169876,-0.007327,5.338451,5.498211,1.302478
1408.000000,-293.609917,-273.266832,-0.006912,5.378929,5.456038,1.195374
1410.000000,-294.198366,-271.355479,-0.006496,5.395822,5.434817,1.092599
1412.000000,-294.761936,-269.436659,-0.006086,5.388522,5.435151,0.994745
1414.000000,-295.302109,-267.511121,-0.005678,5.372209,5.443325,0.902361
1416.000000,-295.820378,-265.579587,-0.005270,5.360138,5.447419,0.815777
1418.000000,-296.318260,-263.642700,-0.004863,5.352703,5.447353,0.735206
1420.000000,-296.797282,-261.701068,-0.004457,5.345747,5.447217,0.660885
1422.000000,-297.258978,-259.755253,-0.004054,5.337423,5.448737,0.593210
1424.000000,-297.704886,-257.805760,-0.003654,5.328608,5.450845,0.532498
1426.000000,-298.136545,-255.853069,-0.003258,5.320099,5.452528,0.478770
1428.000000,-298.555472,-253.897611,-0.002864,5.311400,5.454008,0.432251
1430.000000,-298.963182,-251.939787,-0.002464,5.301704,5.455896,0.393424
1432.000000,-299.361231,-249.979981,-0.002066,5.292919,5.457772,0.363026
1434.000000,-299.751671,-248.016304,-0.001750,5.290164,5.457996,0.342192
1436.000000,-300.135015,-246.053571,-0.001585,5.297099,5.455364,0.331728
1438.000000,-300.512232,-244.089653,-0.001528,5.310462,5.450840,0.331029
1440.000000,-300.883462,-242.124596,-0.001508,5.324551,5.446154,0.338966
1442.000000,-301.248787,-240.158431,-0.001502,5.336711,5.442100,0.354314
1444.000000,-301.608203,-238.191178,-0.001501,5.348007,5.438332,0.375782
1446.000000,-301.961708,-236.222854,-0.001496,5.359567,5.434522,0.402374
1448.000000,-302.309320,-234.253480,-0.001488,5.371252,5.430901,0.433405
1450.000000,-302.651072,-232.283081,-0.001480,5.382491,5.427855,0.468361
1452.000000,-302.986991,-230.311680,-0.001474,5.393743,5.424717,0.506729
1454.000000,-303.317097,-228.339297,-0.001468,5.406738,5.419536,0.547988
1456.000000,-303.641414,-226.365954,-0.001460,5.421157,5.412603,0.591690
1458.000000,-303.960292,-224.389620,-0.001454,5.427902,5.413799,0.637478
1460.000000,-304.273094,-222.414417,-0.001447,5.415045,5.436068,0.684708
1462.000000,-304.580180,-220.438317,-0.001440,5.381759,5.480218,0.732695
1464.000000,-304.881574,-218.461341,-0.001433,5.340939,5.532033,0.780656
1466.000000,-305.177300,-216.483510,-0.001426,5.303961,5.579206,0.827746
1468.000000,-305.467383,-214.504843,-0.001419,5.270322,5.623461,0.873027
1470.000000,-305.751850,-212.525360,-0.001412,5.235133,5.671534,0.915665
1472.000000,-306.030727,-210.545083,-0.001405,5.198333,5.721674,0.954929
1474.000000,-306.304039,-208.564030,-0.001398,5.165885,5.761553,0.990180
1476.000000,-306.571813,-206.582220,-0.001390,5.143270,5.780059,1.021118
1478.000000,-306.834075,-204.599674,-0.001384,5.131481,5.775337,1.048179
1480.000000,-307.090852,-202.616410,-0.001375,5.129663,5.749363,1.071675
1482.000000,-307.342454,-200.630196,-0.001368,5.135189,5.707656,1.091605
1484.000000,-307.588336,-198.645553,-0.001362,5.143254,5.660235,1.107944
1486.000000,-307.828815,-196.660249,-0.001354,5.149866,5.615386,1.120881
1488.000000,-308.063918,-194.674301,-0.001346,5.155043,5.573368,1.130622
1490.000000,-308.293672,-192.687727,-0.001339,5.160299,5.531429,1.137210
1492.000000,-308.518107,-190.700545,-0.001331,5.166266,5.488493,1.140522
1494.000000,-308.737253,-188.712773,-0.001323,5.172477,5.445584,1.140424
1496.000000,-308.951140,-186.724428,-0.001318,5.178496,5.403368,1.136807
1498.000000,-309.159788,-184.735526,-0.001311,5.184448,5.360280,1.129730
1500.000000,-309.363213,-182.746084,-0.001299,5.190635,5.314192,1.119519
1502.000000,-309.561462,-180.756119,-0.001279,5.196725,5.267868,1.106502
1504.000000,-309.754613,-178.765653,-0.001246,5.201619,5.229965,1.090947
1506.000000,-309.942973,-176.772618,-0.001196,5.204528,5.206884,1.073129
1508.000000,-310.126359,-174.781227,-0.001135,5.206160,5.194069,1.053510
1510.000000,-310.305229,-172.789426,-0.001073,5.207752,5.182973,1.032542
1512.000000,-310.479830,-170.797245,-0.001013,5.209787,5.169548,1.009821
1514.000000,-310.650395,-168.804717,-0.000954,5.211839,5.155133,0.983894
1516.000000,-310.817156,-166.811866,-0.000895,5.213537,5.141217,0.954683
1518.000000,-310.980350,-164.818719,-0.000835,5.215061,5.127769,0.922752
1520.000000,-311.140216,-162.825304,-0.000775,5.216785,5.114214,0.888653
1522.000000,-311.296991,-160.831642,-0.000716,5.218796,5.100468,0.852869
1524.000000,-311.450911,-158.837758,-0.000656,5.220840,5.087037,0.815832
1526.000000,-311.602216,-156.843675,-0.000597,5.222673,5.074196,0.777976
1528.000000,-311.751140,-154.849413,-0.000537,5.224225,5.061105,0.739753
1530.000000,-311.898084,-152.852754,-0.000478,5.225508,5.046611,0.701576
1532.000000,-312.042957,-150.858195,-0.000419,5.226827,5.031719,0.663999
1534.000000,-312.186159,-148.863516,-0.000359,5.228838,5.019902,0.627305
1536.000000,-312.327930,-146.868734,-0.000300,5.232113,5.014207,0.591672
1538.000000,-312.468504,-144.873867,-0.000240,5.236754,5.014999,0.557267
1540.000000,-312.608120,-142.878934,-0.000181,5.242670,5.021578,0.524274
1542.000000,-312.747013,-140.883949,-0.000122,5.249476,5.032404,0.492794
1544.000000,-312.885420,-138.888932,-0.000063,5.256432,5.044953,0.462787
1546.000000,-313.023578,-136.893897,-0.000003,5.262963,5.057078,0.434169
1548.000000,-313.161722,-134.898861,0.000056,5.269260,5.068497,0.406917
1550.000000,-313.300089,-132.903840,0.000115,5.275786,5.079631,0.381127
1552.000000,-313.438916,-130.908851,0.000174,5.282627,5.090771,0.356905
1554.000000,-313.578586,-128.911790,0.000233,5.289428,5.102049,0.334414
1556.000000,-313.719039,-126.916913,0.000293,5.295886,5.113514,0.313966
1558.000000,-313.860662,-124.922119,0.000353,5.302212,5.125140,0.295768
1560.000000,-314.003693,-122.927426,0.000411,5.308772,5.136842,0.280055
1562.000000,-314.148367,-120.932850,0.000468,5.315615,5.148507,0.267136
1564.000000,-314.294903,-118.938411,0.000528,5.322398,5.159982,0.257391
1566.000000,-314.443532,-116.944126,0.000595,5.328853,5.171186,0.251244
1568.000000,-314.594532,-114.950019,0.000654,5.335179,5.182326,0.249153
1570.000000,-314.748185,-112.956116,0.000674,5.341740,5.193705,0.251595
1572.000000,-314.904589,-110.962426,0.000647,5.348582,5.205345,0.258906
1574.000000,-315.063585,-108.968940,0.000591,5.355366,5.216916,0.271179
1576.000000,-315.225147,-106.973434,0.000514,5.361829,5.228179,0.288474
1578.000000,-315.388590,-104.980311,0.000425,5.368156,5.239303,0.310640
1580.000000,-315.553722,-102.987328,0.000337,5.374715,5.250654,0.337496
1582.000000,-315.720192,-100.994455,0.000253,5.381558,5.262286,0.368756
1584.000000,-315.887672,-99.001667,0.000171,5.388342,5.273874,0.403934
1586.000000,-316.055833,-97.008937,0.000087,5.394800,5.285156,0.442431
1588.000000,-316.224341,-95.016236,0.000002,5.401128,5.296284,0.483639
1590.000000,-316.392858,-93.023535,-0.000082,5.407685,5.307562,0.526913
1592.000000,-316.561047,-91.030807,-0.000166,5.414528,5.319110,0.571542
1594.000000,-316.728574,-89.038024,-0.000250,5.421316,5.330813,0.616791
1596.000000,-316.895103,-87.045156,-0.000335,5.427783,5.342529,0.661944
1598.000000,-317.060297,-85.052178,-0.000419,5.434113,5.354122,0.706611
1600.000000,-317.223997,-83.056918,-0.000503,5.440662,5.365474,0.751116
1602.000000,-317.385513,-81.063636,-0.000588,5.447487,5.376617,0.795842
1604.000000,-317.544687,-79.070165,-0.000672,5.454304,5.387847,0.840973
1606.000000,-317.701179,-77.076482,-0.000757,5.460917,5.399377,0.886092
1608.000000,-317.854653,-75.082564,-0.000841,5.467666,5.411035,0.930695
1610.000000,-318.004772,-73.088390,-0.000926,5.474937,5.422516,0.974306
1612.000000,-318.151198,-71.093941,-0.001011,5.480082,5.433902,1.016458
1614.000000,-318.293593,-69.099201,-0.001095,5.476614,5.445767,1.056814
1616.000000,-318.431617,-67.104153,-0.001180,5.459862,5.458551,1.095167
1618.000000,-318.564933,-65.108784,-0.001265,5.434324,5.471924,1.131325
1620.000000,-318.693201,-63.113084,-0.001350,5.407938,5.485267,1.165083
1622.000000,-318.816080,-61.117046,-0.001435,5.384443,5.498393,1.196227
1624.000000,-318.933356,-59.118470,-0.001519,5.362189,5.511676,1.224527
1626.000000,-319.044432,-57.121741,-0.001605,5.339491,5.525289,1.249621
1628.000000,-319.149102,-55.124665,-0.001689,5.316512,5.538576,1.271237
1630.000000,-319.247028,-53.127246,-0.001775,5.294128,5.550624,1.289076
1632.000000,-319.337866,-51.129492,-0.001861,5.271833,5.562449,1.302855
1634.000000,-319.421266,-49.131413,-0.001945,5.247393,5.577480,1.312296
1636.000000,-319.496884,-47.133024,-0.002023,5.220178,5.596782,1.317127
1638.000000,-319.564411,-45.134345,-0.002081,5.196794,5.610857,1.317050
1640.000000,-319.623564,-43.135402,-0.002092,5.186242,5.606695,1.311803
1642.000000,-319.674282,-41.136225,-0.002052,5.189611,5.582612,1.301485
1644.000000,-319.716788,-39.136857,-0.001993,5.198134,5.551022,1.286486
1646.000000,-319.751335,-37.137337,-0.001933,5.203978,5.523077,1.267067
1648.000000,-319.778175,-35.135523,-0.001878,5.207176,5.498958,1.243358
1650.000000,-319.797470,-33.135796,-0.001823,5.210705,5.474776,1.215568
1652.000000,-319.809475,-31.136013,-0.001766,5.215445,5.449016,1.183880
1654.000000,-319.814419,-29.136200,-0.001709,5.219642,5.423271,1.148520
1656.000000,-319.812530,-27.136381,-0.001652,5.223229,5.398089,1.109820
1658.000000,-319.804035,-25.136580,-0.001595,5.233884,5.368631,1.068316
1660.000000,-319.789161,-23.136817,-0.001539,5.261726,5.328330,1.024524
1662.000000,-319.768133,-21.137109,-0.001482,5.307283,5.276752,0.978745
1664.000000,-319.741180,-19.137472,-0.001426,5.359294,5.220998,0.931215
1666.000000,-319.708525,-17.137922,-0.001369,5.407968,5.167269,0.882189
1668.000000,-319.670397,-15.138467,-0.001313,5.454135,5.115117,0.831877
1670.000000,-319.627020,-13.139120,-0.001256,5.501815,5.062146,0.780448
1672.000000,-319.578566,-11.137720,-0.001200,5.539259,5.016588,0.727996
1674.000000,-319.525364,-9.138612,-0.001144,5.535138,4.999962,0.674803
1676.000000,-319.467589,-7.139632,-0.001088,5.469562,5.026819,0.621027
1678.000000,-319.405466,-5.140782,-0.001031,5.375331,5.079401,0.566916
1680.000000,-319.339220,-3.142065,-0.000975,5.303845,5.128337,0.512731
1682.000000,-319.269077,-1.143481,-0.000919,5.272836,5.161380,0.458723
1684.000000,-319.195259,0.854970,-0.000864,5.258120,5.187637,0.405148
1686.000000,-319.117990,2.853290,-0.000808,5.236572,5.216344,0.352257
1688.000000,-319.037493,4.851484,-0.000752,5.206816,5.248335,0.300314
1690.000000,-318.953992,6.849554,-0.000696,5.175870,5.281176,0.249638
1692.000000,-318.867710,8.847505,-0.000640,5.147554,5.313241,0.200573
1694.000000,-318.778871,10.845345,-0.000584,5.121543,5.343969,0.153422
1696.000000,-318.687596,12.845277,-0.000529,5.096523,5.373539,0.108406
1698.000000,-318.594307,14.842915,-0.000473,5.069126,5.404470,0.065834
1700.000000,-318.499127,16.840464,-0.000417,5.035600,5.439924,0.025822
1702.000000,-318.402279,18.837933,-0.000360,5.001871,5.475658,-0.011442
1704.000000,-318.303993,20.835331,-0.000305,4.986054,5.498107,-0.045752
1706.000000,-318.204492,22.832669,-0.000254,5.001803,5.497039,-0.076954
1708.000000,-318.103982,24.829956,-0.000213,5.039012,5.480047,-0.104936
1710.000000,-318.002651,26.827203,-0.000200,5.078563,5.461482,-0.129600
1712.000000,-317.900563,28.824411,-0.000218,5.111289,5.448159,-0.150963
1714.000000,-317.797608,30.821574,-0.000246,5.140887,5.437142,-0.169190
1716.000000,-317.693665,32.818685,-0.000274,5.171517,5.425177,-0.184434
1718.000000,-317.588514,34.817884,-0.000300,5.203501,5.412065,-0.196799
1720.000000,-317.482278,36.814874,-0.000326,5.235525,5.398865,-0.206277
1722.000000,-317.374739,38.811794,-0.000353,5.267096,5.386042,-0.212870
1724.000000,-317.265792,40.808637,-0.000380,5.298637,5.373351,-0.216541
1726.000000,-317.155326,42.805397,-0.000407,5.330477,5.360545,-0.217313
1728.000000,-317.043236,44.802067,-0.000434,5.362158,5.347711,-0.215283
1730.000000,-316.929414,46.798638,-0.000460,5.392976,5.335051,-0.210612
1732.000000,-316.813756,48.795104,-0.000487,5.423598,5.322453,-0.203491
1734.000000,-316.696153,50.791457,-0.000514,5.456454,5.309394,-0.194120
1736.000000,-316.576498,52.787687,-0.000541,5.492359,5.295691,-0.182697
1738.000000,-316.454686,54.783787,-0.000567,5.524673,5.282738,-0.169390
1740.000000,-316.330610,56.779748,-0.000594,5.543935,5.272520,-0.154336
1742.000000,-316.204161,58.775560,-0.000621,5.544124,5.266246,-0.137642
1744.000000,-316.075090,60.773434,-0.000647,5.523619,5.264113,-0.119386
1746.000000,-315.943576,62.768920,-0.000674,5.483157,5.265904,-0.099724
1748.000000,-315.809372,64.764228,-0.000701,5.430783,5.270116,-0.078734
1750.000000,-315.672371,66.759345,-0.000728,5.377197,5.274794,-0.056415
1752.000000,-315.532466,68.754261,-0.000754,5.327508,5.278913,-0.032746
1754.000000,-315.389552,70.748964,-0.000781,5.279721,5.282638,-0.007743
1756.000000,-315.243522,72.743441,-0.000808,5.231485,5.286227,0.018439
1758.000000,-315.094272,74.737680,-0.000834,5.182091,5.289818,0.045571
1760.000000,-314.941694,76.731667,-0.000861,5.131554,5.293500,0.073423
1762.000000,-314.785685,78.725388,-0.000888,5.081119,5.297379,0.101735
1764.000000,-314.626138,80.718830,-0.000914,5.033560,5.301583,0.130196
1766.000000,-314.462773,82.714091,-0.000940,4.992232,5.306368,0.158528
1768.000000,-314.295832,84.706926,-0.000967,4.962465,5.312457,0.186376
1770.000000,-314.125039,86.699433,-0.000993,4.949784,5.320729,0.213565
1772.000000,-313.950290,88.691599,-0.001019,4.952914,5.331210,0.239983
1774.000000,-313.771479,90.683403,-0.001046,4.962029,5.342861,0.265511
1776.000000,-313.588503,92.674830,-0.001071,4.968487,5.354625,0.290043
1778.000000,-313.401262,94.665859,-0.001095,4.972050,5.365799,0.313588
1780.000000,-313.209660,96.656475,-0.001119,4.975686,5.375901,0.336259
1782.000000,-313.013601,98.646656,-0.001142,4.980386,5.385746,0.358234
1784.000000,-312.812996,100.636383,-0.001166,4.984606,5.397762,0.379726
1786.000000,-312.607754,102.625639,-0.001189,4.987477,5.412803,0.400935
1788.000000,-312.397783,104.614401,-0.001212,4.991956,5.424641,0.422003
1790.000000,-312.182748,106.604882,-0.001236,5.002404,5.424494,0.442955
1792.000000,-311.963037,108.592594,-0.001260,5.020818,5.408370,0.463618
1794.000000,-311.738321,110.579746,-0.001283,5.046266,5.378356,0.483822
1796.000000,-311.508510,112.566314,-0.001306,5.077246,5.337641,0.503308
1798.000000,-311.273508,114.552276,-0.001330,5.111227,5.291319,0.521807
1800.000000,-311.033225,116.537606,-0.001354,5.145362,5.245034,0.539048
1802.000000,-310.787568,118.522278,-0.001377,5.178472,5.200588,0.554813
1804.000000,-310.536445,120.506266,-0.001401,5.211501,5.154893,0.568989
1806.000000,-310.279765,122.489543,-0.001425,5.245196,5.106234,0.581500
1808.000000,-310.017432,124.472080,-0.001449,5.278538,5.060736,0.592269
1810.000000,-309.749357,126.453849,-0.001474,5.309846,5.027418,0.601222
1812.000000,-309.475443,128.434820,-0.001497,5.338474,5.010140,0.608317
1814.000000,-309.195303,130.417038,-0.001521,5.365144,5.006082,0.613579
1816.000000,-308.909431,132.396316,-0.001546,5.390504,5.011583,0.617017
1818.000000,-308.617444,134.374702,-0.001570,5.414739,5.022488,0.618629
1820.000000,-308.319249,136.352162,-0.001594,5.437842,5.034529,0.618406
1822.000000,-308.014752,138.328661,-0.001618,5.461003,5.044820,0.616342
1824.000000,-307.703860,140.304165,-0.001642,5.486962,5.052265,0.612441
1826.000000,-307.386482,142.278638,-0.001667,5.515556,5.058060,0.606715
1828.000000,-307.062523,144.252040,-0.001691,5.533705,5.072232,0.599128
1830.000000,-306.731892,146.224336,-0.001716,5.523867,5.107797,0.589571
1832.000000,-306.394495,148.195487,-0.001741,5.484124,5.166100,0.577921
1834.000000,-306.050238,150.165451,-0.001766,5.432982,5.233229,0.564053
1836.000000,-305.699028,152.134187,-0.001789,5.387173,5.296578,0.547857
1838.000000,-305.340365,154.103890,-0.001813,5.346384,5.356239,0.529221
1840.000000,-304.974973,156.070046,-0.001840,5.303758,5.417066,0.508107
1842.000000,-304.602354,158.034845,-0.001864,5.258714,5.479472,0.484451
1844.000000,-304.222401,159.998239,-0.001871,5.219179,5.537665,0.458278
1846.000000,-303.835054,161.960187,-0.001843,5.192247,5.586300,0.429676
1848.000000,-303.440457,163.920691,-0.001790,5.177584,5.624732,0.398901
1850.000000,-303.038843,165.879768,-0.001730,5.171799,5.654403,0.366202
1852.000000,-302.630450,167.837444,-0.001667,5.171570,5.679504,0.331793
1854.000000,-302.215536,169.793746,-0.001603,5.173720,5.707732,0.295884
1856.000000,-301.794353,171.748709,-0.001540,5.175534,5.742968,0.258659
1858.000000,-301.367154,173.702366,-0.001477,5.176174,5.771519,0.220312
1860.000000,-300.934186,175.654752,-0.001414,5.175582,5.773181,0.180997
1862.000000,-300.495242,177.607927,-0.001350,5.173854,5.739985,0.140780
1864.000000,-300.051482,179.557886,-0.001288,5.171293,5.680041,0.099853
1866.000000,-299.602702,181.506695,-0.001224,5.168214,5.603021,0.058298
1868.000000,-299.149152,183.454400,-0.001161,5.164944,5.518314,0.016291
1870.000000,-298.691081,185.401045,-0.001098,5.161793,5.434798,-0.025941
1872.000000,-298.228736,187.346681,-0.001035,5.158745,5.354362,-0.068107
1874.000000,-297.762365,189.291355,-0.000972,5.155365,5.269979,-0.109919
1876.000000,-297.292216,191.235118,-0.000909,5.151479,5.178224,-0.151136
1878.000000,-296.818536,193.178024,-0.000846,5.148161,5.094469,-0.191558
1880.000000,-296.341570,195.120126,-0.000783,5.146928,5.040756,-0.231037
1882.000000,-295.861567,197.061480,-0.000720,5.148147,5.022613,-0.269461
1884.000000,-295.378770,199.002140,-0.000656,5.150706,5.024397,-0.306758
1886.000000,-294.892868,200.944394,-0.000593,5.153530,5.030804,-0.342948
1888.000000,-294.405220,202.883843,-0.000531,5.156320,5.037222,-0.377952
1890.000000,-293.915515,204.822773,-0.000467,5.159106,5.043407,-0.411852
1892.000000,-293.423998,206.761245,-0.000405,5.161903,5.049370,-0.444732
1894.000000,-292.930913,208.699318,-0.000342,5.164708,5.055373,-0.476750
1896.000000,-292.436503,210.637054,-0.000279,5.167514,5.061634,-0.508068
1898.000000,-291.941015,212.574513,-0.000216,5.170313,5.068084,-0.538835
1900.000000,-291.444691,214.511760,-0.000153,5.173096,5.074536,-0.569199
1902.000000,-290.947775,216.448854,-0.000091,5.175876,5.080921,-0.599293
1904.000000,-290.450504,218.385857,-0.000028,5.178698,5.087318,-0.629164
1906.000000,-289.953121,220.322832,0.000038,5.181576,5.093782,-0.658742
1908.000000,-289.455883,222.259843,0.000102,5.184387,5.100195,-0.687885
1910.000000,-288.958542,224.198942,0.000157,5.186969,5.106387,-0.716469
1912.000000,-288.462336,226.136216,0.000200,5.189332,5.112354,-0.744312
1914.000000,-287.966915,228.073691,0.000223,5.191736,5.118347,-0.771343
1916.000000,-287.472395,230.011396,0.000221,5.194393,5.124580,-0.797513
1918.000000,-286.978746,231.949325,0.000202,5.197241,5.131021,-0.823004
1920.000000,-286.485875,233.887450,0.000183,5.200108,5.137543,-0.848092
1922.000000,-285.993708,235.825754,0.000167,5.202912,5.144014,-0.873036
1924.000000,-285.502188,237.764224,0.000153,5.205690,5.150303,-0.898119
1926.000000,-285.011263,239.702843,0.000137,5.208478,5.156337,-0.923683
1928.000000,-284.520871,241.641597,0.000121,5.211279,5.162286,-0.950130
1930.000000,-284.030950,243.580470,0.000105,5.214082,5.168410,-0.977917
1932.000000,-283.541437,245.519447,0.000089,5.216881,5.174786,-1.007508
1934.000000,-283.051702,247.460763,0.000074,5.219681,5.181261,-1.039404
1936.000000,-282.562822,249.399901,0.000058,5.222478,5.187673,-1.073858
1938.000000,-282.074167,251.339095,0.000042,5.225277,5.194053,-1.111035
1940.000000,-281.585676,253.278331,0.000026,5.228076,5.200486,-1.151019
1942.000000,-281.097286,255.217593,0.000011,5.230875,5.206948,-1.193888
1944.000000,-280.608938,257.156865,-0.000005,5.233673,5.213269,-1.239719
1946.000000,-280.120570,259.096132,-0.000021,5.236471,5.219325,-1.288491
1948.000000,-279.632122,261.035379,-0.000037,5.239270,5.225273,-1.340024
1950.000000,-279.143530,262.974590,-0.000053,5.242071,5.231372,-1.394068
1952.000000,-278.654734,264.913749,-0.000068,5.244873,5.237726,-1.450295
1954.000000,-278.165674,266.852841,-0.000084,5.247669,5.244226,-1.508283
1956.000000,-277.675791,268.793813,-0.000100,5.250460,5.250750,-1.567608
1958.000000,-277.186015,270.732724,-0.000116,5.253257,5.257151,-1.627595
1960.000000,-276.695790,272.671520,-0.000132,5.256089,5.263315,-1.687720
1962.000000,-276.205054,274.610187,-0.000147,5.258928,5.269280,-1.747294
1964.000000,-275.713747,276.548710,-0.000163,5.261682,5.275291,-1.805505
1966.000000,-275.221807,278.487072,-0.000180,5.264316,5.281554,-1.861478
1968.000000,-274.729170,280.425257,-0.000196,5.267086,5.288005,-1.914403
1970.000000,-274.235771,282.363248,-0.000211,5.270377,5.294479,-1.963247
1972.000000,-273.741552,284.301031,-0.000224,5.274787,5.301060,-2.006148
1974.000000,-273.246468,286.238592,-0.000241,5.281190,5.308162,-2.041037
1976.000000,-272.750460,288.175917,-0.000265,5.290118,5.316107,-2.066844
1978.000000,-272.253427,290.112979,-0.000280,5.300549,5.324658,-2.083260
1980.000000,-271.754674,292.052024,-0.000256,5.310876,5.333367,-2.089888
1982.000000,-271.255452,293.988528,-0.000185,5.320451,5.341894,-2.085780
1984.000000,-270.755507,295.924839,-0.000094,5.329962,5.350117,-2.069115
1986.000000,-270.255198,297.861049,0.000003,5.339988,5.358072,-2.037003
1988.000000,-269.754894,299.797270,0.000115,5.350117,5.366420,-1.985941
1990.000000,-269.254985,301.733622,0.000264,5.359594,5.375962,-1.912295
1992.000000,-268.756040,303.670229,0.000438,5.368836,5.385545,-1.812399
1994.000000,-268.258871,305.607215,0.000527,5.379773,5.391501,-1.683143
1996.000000,-267.764034,307.544694,0.000443,5.393090,5.392739,-1.521848
1998.000000,-267.270958,309.482747,0.000404,5.403652,5.399973,-1.325212
2000.000000,-266.778764,311.421440,0.000838,5.404764,5.426978,-1.087297
2002.000000,-266.289058,313.360841,0.001539,5.404327,5.456117,-0.796961
2004.000000,-265.806122,315.302961,0.000662,5.429203,5.428983,-0.439380
2006.000000,-265.331383,317.243608,-0.003536,5.494970,5.307798,-0.002837
2008.000000,-264.844248,319.185049,-0.011789,5.559340,5.163593,0.509261
2010.000000,-264.318701,321.113203,-0.026706,5.556228,5.113690,1.076878
2012.000000,-263.701225,323.014874,-0.048460,5.458521,5.237726,1.640576
2014.000000,-262.901493,324.847371,-0.068763,5.300870,5.556228,2.093273
2016.000000,-261.846530,326.544442,-0.080460,5.135796,6.037167,2.368567
2018.000000,-260.531323,328.046615,-0.084815,5.059504,6.430153,2.469777
2020.000000,-258.979980,329.299438,-0.083119,5.175967,6.412546,2.395505
2022.000000,-257.237406,330.274628,-0.075938,5.446935,6.010141,2.148548
2024.000000,-255.366566,330.973430,-0.064271,5.701511,5.573825,1.747074
2026.000000,-253.420233,331.419618,-0.048107,5.827208,5.335397,1.210368
2028.000000,-251.436294,331.677032,-0.031429,5.839417,5.258238,0.597121
2030.000000,-249.440558,331.815368,-0.018666,5.773055,5.267285,-0.024640
2032.000000,-247.442130,331.882493,-0.009529,5.653740,5.322715,-0.616386
2034.000000,-245.443371,331.913129,-0.002958,5.501749,5.405000,-1.157439
2036.000000,-243.441220,331.935684,0.001167,5.344569,5.490809,-1.638939
2038.000000,-241.441422,331.963627,0.004203,5.227870,5.546057,-2.068674
2040.000000,-239.441807,332.007546,0.007650,5.195184,5.538611,-2.458620
2042.000000,-237.443235,332.081328,0.011624,5.242547,5.471143,-2.815128
2044.000000,-235.446856,332.201720,0.015590,5.327358,5.374636,-3.141352
2046.000000,-233.457403,332.384533,0.019182,5.410514,5.279216,-3.436487
2048.000000,-231.473970,332.644099,0.021946,5.468144,5.208171,-3.700436
2050.000000,-229.504353,332.992571,0.023148,5.483239,5.180810,-3.931694
2052.000000,-227.554556,333.433251,0.022913,5.470679,5.191167,-4.134517
2054.000000,-225.625237,333.963225,0.022290,5.470252,5.213477,-4.313768
2056.000000,-223.721604,334.578456,0.021843,5.503378,5.231588,-4.468168
2058.000000,-221.849283,335.275101,0.021462,5.544327,5.254833,-4.593593
2060.000000,-220.006067,336.052456,0.021068,5.560037,5.297826,-4.687374
2062.000000,-218.197236,336.906839,0.020714,5.539421,5.371954,-4.748923
2064.000000,-216.426704,337.834594,0.020386,5.487753,5.485070,-4.779201
2066.000000,-214.694068,338.834440,0.020107,5.430164,5.598709,-4.779309
2068.000000,-213.003039,339.903121,0.019877,5.434183,5.572513,-4.750162
2070.000000,-211.355845,341.038164,0.019698,5.557857,5.284169,-4.691939
2072.000000,-209.756795,342.235457,0.019551,5.727307,4.893071,-4.605243
2074.000000,-208.203512,343.495995,0.019471,5.783756,4.739567,-4.490714
2076.000000,-206.700427,344.815980,0.019523,5.654858,4.972577,-4.349457
2078.000000,-205.251135,346.192495,0.019542,5.461544,5.313468,-4.182395
2080.000000,-203.855807,347.625879,0.019380,5.343812,5.446849,-3.989783
2082.000000,-202.517217,349.112415,0.018994,5.318253,5.372124,-3.772140
2084.000000,-201.236365,350.648852,0.018208,5.319703,5.296046,-3.530069
2086.000000,-200.012982,352.231293,0.016958,5.303330,5.343223,-3.265380
2088.000000,-198.845589,353.852136,0.015486,5.273150,5.450162,-2.983424
2090.000000,-197.727278,355.510483,0.014068,5.241733,5.528189,-2.687454
2092.000000,-196.656064,357.199506,0.012742,5.219332,5.553289,-2.380876
2094.000000,-195.628273,358.915255,0.011407,5.214482,5.543815,-2.067930
2096.000000,-194.639997,360.653953,0.010045,5.232711,5.512839,-1.753998
2098.000000,-193.686779,362.412159,0.008836,5.273361,5.459359,-1.444879
2100.000000,-192.764288,364.186655,0.008026,5.334701,5.380287,-1.146349
2102.000000,-191.870065,365.975495,0.007582,5.415467,5.276237,-0.861762
2104.000000,-191.002990,367.777642,0.007324,5.514385,5.150661,-0.591930
2106.000000,-190.162252,369.592227,0.007180,5.617925,5.021509,-0.336693
2108.000000,-189.347624,371.418686,0.007088,5.686196,4.937702,-0.094979
2110.000000,-188.558990,373.256514,0.006991,5.680940,4.945921,0.134169
2112.000000,-187.796143,375.105192,0.006867,5.613249,5.032477,0.351528
2114.000000,-187.058802,376.964185,0.006686,5.526856,5.143720,0.557788
2116.000000,-186.346491,378.832904,0.006426,5.454130,5.238718,0.753801
2118.000000,-185.658286,380.710637,0.006100,5.400868,5.306524,0.940478
2120.000000,-184.993125,382.596641,0.005696,5.367396,5.343006,1.119746
2122.000000,-184.348664,384.492809,0.005241,5.350189,5.352919,1.294577
2124.000000,-183.725008,386.392938,0.004783,5.343309,5.346729,1.464934
2126.000000,-183.119533,388.298921,0.004333,5.341607,5.333146,1.630324
2128.000000,-182.530595,390.210079,0.003892,5.341898,5.316801,1.789673
2130.000000,-181.956556,392.125755,0.003449,5.341632,5.301192,1.941018
2132.000000,-181.395747,394.045342,0.003004,5.340304,5.286968,2.082268
2134.000000,-180.846480,395.968263,0.002559,5.338683,5.273008,2.211410
2136.000000,-180.307063,397.893960,0.002115,5.337441,5.258630,2.326767
2138.000000,-179.775794,399.821923,0.001674,5.336976,5.244148,2.427836
2140.000000,-179.250973,401.751647,0.001242,5.338176,5.230136,2.517706
2142.000000,-178.730939,403.682665,0.000811,5.345643,5.217755,2.597874
2144.000000,-178.214053,405.614528,0.000362,5.366146,5.208505,2.668011
2146.000000,-177.698607,407.546775,-0.000103,5.401416,5.202947,2.727579
2148.000000,-177.182346,409.480362,-0.000497,5.442939,5.199739,2.775693
2150.000000,-176.664293,411.411908,-0.000702,5.481716,5.197175,2.811316
2152.000000,-176.143351,413.342680,-0.000736,5.518610,5.193295,2.834372
2154.000000,-175.619521,415.272669,-0.000680,5.560379,5.186094,2.845230
2156.000000,-175.092983,417.201920,-0.000563,5.606312,5.177129,2.844231
2158.000000,-174.564259,419.130573,-0.000423,5.640038,5.175245,2.832082
2160.000000,-174.033920,421.058785,-0.000293,5.645215,5.189087,2.809833
2162.000000,-173.502466,422.986687,-0.000174,5.625339,5.216680,2.778728
2164.000000,-172.970336,424.914403,-0.000057,5.596494,5.249323,2.740019
2166.000000,-172.437982,426.842058,0.000065,5.569719,5.280976,2.694843
2168.000000,-171.905880,428.769782,0.000189,5.544697,5.311602,2.644455
2170.000000,-171.374506,430.697707,0.000312,5.519299,5.342160,2.590299
2172.000000,-170.843577,432.628725,0.000434,5.493150,5.372983,2.533795
2174.000000,-170.315081,434.557443,0.000556,5.467140,5.403841,2.476453
2176.000000,-169.788730,436.486747,0.000678,5.441639,5.434769,2.419454
2178.000000,-169.264992,438.416764,0.000800,5.416103,5.466072,2.364049
2180.000000,-168.744342,440.347616,0.000924,5.389957,5.497932,2.311524
2182.000000,-168.227260,442.279426,0.001040,5.363708,5.529203,2.263078
2184.000000,-167.714233,444.212317,0.001117,5.338539,5.557944,2.219773
2186.000000,-167.205604,446.146370,0.001139,5.314330,5.585181,2.182278
2188.000000,-166.701398,448.081582,0.001131,5.288115,5.618340,2.150816
2190.000000,-166.201571,450.017930,0.001117,5.257540,5.662962,2.125416
2192.000000,-165.706071,451.955389,0.001101,5.228723,5.701662,2.105776
2194.000000,-165.214476,453.895372,0.001085,5.213262,5.702225,2.091114
2196.000000,-164.727452,455.834977,0.001070,5.216441,5.650095,2.080622
2198.000000,-164.244578,457.775619,0.001054,5.229475,5.569747,2.073680
2200.000000,-163.765795,459.717275,0.001039,5.242017,5.490038,2.069743
2202.000000,-163.291048,461.659920,0.001023,5.251568,5.418075,2.068649
2204.000000,-162.820277,463.603534,0.001008,5.260837,5.346544,2.070453
2206.000000,-162.353422,465.548093,0.000992,5.271382,5.271761,2.075122
2208.000000,-161.890428,467.493572,0.000977,5.281895,5.198922,2.082501
2210.000000,-161.431233,469.439953,0.000961,5.290574,5.134843,2.092131
2212.000000,-160.975780,471.387213,0.000945,5.295900,5.085997,2.103351
2214.000000,-160.524009,473.335331,0.000930,5.296578,5.058473,2.115509
2216.000000,-160.075862,475.284284,0.000914,5.292502,5.052871,2.128009
2218.000000,-159.631277,477.234054,0.000898,5.286090,5.058053,2.140303
2220.000000,-159.189564,479.187438,0.000883,5.279968,5.061916,2.151899
2222.000000,-158.751933,481.138782,0.000867,5.274844,5.061466,2.162334
2224.000000,-158.317686,483.090882,0.000851,5.270118,5.059759,2.171194
2226.000000,-157.886764,485.043719,0.000836,5.265351,5.058963,2.178049
2228.000000,-157.459106,486.997272,0.000820,5.260515,5.058938,2.182469
2230.000000,-157.034652,488.951525,0.000804,5.255633,5.059145,2.184058
2232.000000,-156.613342,490.906457,0.000789,5.250518,5.059211,2.182693
2234.000000,-156.195115,492.862052,0.000773,5.244862,5.058885,2.178635
2236.000000,-155.779911,494.818290,0.000757,5.238913,5.058225,2.172229
2238.000000,-155.367669,496.775155,0.000741,5.234099,5.057931,2.163760
2240.000000,-154.958329,498.732629,0.000725,5.231876,5.058733,2.153446
2242.000000,-154.551533,500.692122,0.000710,5.232312,5.060736,2.141464
2244.000000,-154.147815,502.650761,0.000694,5.234564,5.063625,2.128007
2246.000000,-153.746815,504.609959,0.000678,5.237879,5.067086,2.113123
2248.000000,-153.348474,506.569698,0.000662,5.241761,5.070832,2.096766
2250.000000,-152.952729,508.529963,0.000647,5.245791,5.074596,2.078820
2252.000000,-152.559518,510.490739,0.000631,5.249795,5.078222,2.059073
2254.000000,-152.168782,512.452009,0.000615,5.253763,5.081632,2.037270
2256.000000,-151.780458,514.413758,0.000599,5.257718,5.084834,2.013165
2258.000000,-151.394485,516.375971,0.000584,5.261744,5.088008,1.986547
2260.000000,-151.010803,518.338633,0.000568,5.265900,5.091352,1.957478
2262.000000,-150.629349,520.301729,0.000552,5.269986,5.094940,1.926310
2264.000000,-150.250062,522.265246,0.000536,5.273650,5.098763,1.893590
2266.000000,-149.872334,524.232028,0.000520,5.277043,5.102655,1.859894
2268.000000,-149.497200,526.196343,0.000505,5.281364,5.106095,1.825952
2270.000000,-149.124048,528.161036,0.000489,5.287831,5.108590,1.792328
2272.000000,-148.752817,530.126093,0.000473,5.296335,5.110161,1.759468
2274.000000,-148.383445,532.091500,0.000457,5.305921,5.111160,1.727592
2276.000000,-148.015870,534.057244,0.000442,5.315854,5.111922,1.696741
2278.000000,-147.650032,536.023312,0.000426,5.325919,5.112720,1.666761
2280.000000,-147.285867,537.989691,0.000410,5.336000,5.113777,1.637161
2282.000000,-146.923315,539.956367,0.000394,5.346014,5.115024,1.607371
2284.000000,-146.562314,541.923329,0.000379,5.355903,5.116205,1.577068
2286.000000,-146.202802,543.890564,0.000363,5.365731,5.117140,1.546104
2288.000000,-145.844460,545.859470,0.000347,5.375823,5.117828,1.514321
2290.000000,-145.487742,547.827211,0.000331,5.386395,5.118336,1.481624
2292.000000,-145.132328,549.795189,0.000316,5.396713,5.119010,1.447772
2294.000000,-144.778155,551.763390,0.000300,5.405381,5.120381,1.412557
2296.000000,-144.425164,553.731802,0.000284,5.410364,5.123318,1.375853
2298.000000,-144.073290,555.700416,0.000268,5.408299,5.129378,1.337600
2300.000000,-143.722473,557.669217,0.000253,5.396302,5.139916,1.297831
2302.000000,-143.372650,559.638196,0.000237,5.376682,5.153890,1.256620
2304.000000,-143.023761,561.607341,0.000221,5.355096,5.168712,1.214064
2306.000000,-142.675744,563.576639,0.000205,5.335297,5.182652,1.170299
2308.000000,-142.328536,565.546079,0.000190,5.316754,5.195900,1.125487
2310.000000,-141.982073,567.515653,0.000175,5.298268,5.208966,1.079770
2312.000000,-141.636297,569.485346,0.000160,5.279465,5.222123,1.033280
2314.000000,-141.290647,571.458043,0.000143,5.260494,5.235497,0.986076
2316.000000,-140.946071,573.427949,0.000124,5.241593,5.249066,0.938408
2318.000000,-140.601979,575.397938,0.000113,5.222890,5.262686,0.890288
2320.000000,-140.258303,577.368001,0.000126,5.204466,5.276196,0.841718
2322.000000,-139.915099,579.338146,0.000159,5.185883,5.289708,0.792635
2324.000000,-139.572515,581.308399,0.000202,5.166383,5.303511,0.742964
2326.000000,-139.230719,583.278789,0.000253,5.146263,5.317424,0.692568
2328.000000,-138.889918,585.249350,0.000307,5.128122,5.330233,0.641320
2330.000000,-138.550329,587.220122,0.000359,5.114817,5.340605,0.589076
2332.000000,-138.212155,589.191137,0.000410,5.107825,5.347742,0.535674
2334.000000,-137.875598,591.162428,0.000461,5.107658,5.351223,0.480949
2336.000000,-137.540624,593.135420,0.000512,5.113694,5.351291,0.424717
2338.000000,-137.207907,595.107361,0.000564,5.122848,5.349624,0.367020
2340.000000,-136.877415,597.079676,0.000616,5.131874,5.348005,0.307820
2342.000000,-136.549352,599.052397,0.000667,5.139805,5.346881,0.247158
2344.000000,-136.223922,601.025556,0.000719,5.147235,5.345793,0.185145
2346.000000,-135.901330,602.999179,0.000771,5.154681,5.344499,0.121979
2348.000000,-135.581779,604.973297,0.000822,5.162359,5.343316,0.057888
2350.000000,-135.265476,606.947939,0.000874,5.170378,5.342585,-0.006873
2352.000000,-134.952625,608.923131,0.000926,5.178486,5.341971,-0.072366
2354.000000,-134.643432,610.898898,0.000978,5.186192,5.340688,-0.139200
2356.000000,-134.338105,612.875268,0.001030,5.193541,5.338715,-0.207829
2358.000000,-134.036847,614.852261,0.001081,5.201809,5.337806,-0.277999
2360.000000,-133.739432,616.832829,0.001133,5.212022,5.339454,-0.349393
2362.000000,-133.446944,618.811142,0.001186,5.221127,5.340336,-0.421597
2364.000000,-133.159149,620.790142,0.001238,5.223384,5.333862,-0.494591
2366.000000,-132.876255,622.769849,0.001290,5.216273,5.316832,-0.568258
2368.000000,-132.598471,624.750281,0.001343,5.204825,5.293989,-0.642579
2370.000000,-132.326005,626.731450,0.001395,5.194755,5.271128,-0.717738
2372.000000,-132.059067,628.713372,0.001447,5.185492,5.250028,-0.793810
2374.000000,-131.797868,630.696059,0.001500,5.172228,5.229664,-0.870301
2376.000000,-131.542617,632.679521,0.001552,5.156484,5.209045,-0.946615
2378.000000,-131.293521,634.663766,0.001604,5.154421,5.187483,-1.022504
2380.000000,-131.050790,636.648799,0.001658,5.182317,5.164437,-1.097882
2382.000000,-130.814640,638.634627,0.001712,5.234812,5.140001,-1.172626
2384.000000,-130.585137,640.622627,0.001762,5.291779,5.114701,-1.246602
2386.000000,-130.362806,642.610048,0.001806,5.340916,5.089389,-1.319320
2388.000000,-130.147659,644.598259,0.001832,5.389018,5.065423,-1.390333
2390.000000,-129.939839,646.587249,0.001827,5.446044,5.043755,-1.459189
2392.000000,-129.739320,648.576990,0.001797,5.518436,5.021203,-1.525725
2394.000000,-129.545952,650.567437,0.001762,5.609898,4.991966,-1.590120
2396.000000,-129.359594,652.558553,0.001729,5.711645,4.958017,-1.652597
2398.000000,-129.180120,654.550300,0.001697,5.787597,4.938651,-1.713351
2400.000000,-129.007408,656.542645,0.001665,5.802406,4.953203,-1.772552
2402.000000,-128.841332,658.535555,0.001632,5.765549,4.996356,-1.830363
2404.000000,-128.681761,660.528996,0.001600,5.716328,5.046394,-1.886940
2406.000000,-128.528564,662.522936,0.001565,5.680691,5.088991,-1.942338
2408.000000,-128.381399,664.520324,0.001532,5.653390,5.127122,-1.996549
2410.000000,-128.240572,666.515178,0.001501,5.624588,5.166168,-2.049299
2412.000000,-128.105731,668.510445,0.001467,5.592366,5.207021,-2.100532
2414.000000,-127.976744,670.506099,0.001434,5.560107,5.247480,-2.150072
2416.000000,-127.853483,672.502115,0.001401,5.529367,5.286829,-2.197734
2418.000000,-127.735814,674.498468,0.001368,5.497460,5.327723,-2.243339
2420.000000,-127.623607,676.495135,0.001335,5.461928,5.372376,-2.286714
2422.000000,-127.516731,678.492095,0.001302,5.427659,5.415275,-2.327786
2424.000000,-127.415056,680.489326,0.001269,5.404210,5.445998,-2.366633
2426.000000,-127.318448,682.486808,0.001236,5.396818,5.458877,-2.403375
2428.000000,-127.226778,684.484524,0.001203,5.401275,5.458597,-2.438146
2430.000000,-127.139913,686.482453,0.001170,5.411974,5.451379,-2.471146
2432.000000,-127.057668,688.481939,0.001136,5.425474,5.441048,-2.502647
2434.000000,-126.980022,690.480246,0.001104,5.439724,5.429882,-2.532904
2436.000000,-126.906787,692.478720,0.001071,5.453457,5.419304,-2.562248
2438.000000,-126.837831,694.477345,0.001038,5.466883,5.409114,-2.590962
2440.000000,-126.773025,696.476110,0.001004,5.480421,5.398862,-2.619112
2442.000000,-126.712233,698.475000,0.000971,5.494067,5.388450,-2.646556
2444.000000,-126.655323,700.474005,0.000939,5.507550,5.378002,-2.673044
2446.000000,-126.602164,702.473112,0.000908,5.520749,5.367601,-2.698252
2448.000000,-126.552637,704.472313,0.000875,5.533888,5.357228,-2.721868
2450.000000,-126.506618,706.471598,0.000837,5.547221,5.346848,-2.743593
2452.000000,-126.463950,708.470957,0.000800,5.560803,5.336461,-2.763187
2454.000000,-126.424459,710.470380,0.000784,5.574552,5.326084,-2.780482
2456.000000,-126.388003,712.472874,0.000800,5.588331,5.315706,-2.795993
2458.000000,-126.354790,714.472414,0.000843,5.601803,5.305318,-2.811859
2460.000000,-126.324916,716.472007,0.000910,5.614758,5.294877,-2.829498
2462.000000,-126.298660,718.471651,0.000994,5.627699,5.284462,-2.848703
2464.000000,-126.276384,720.471343,0.001081,5.641497,5.274198,-2.868989
2466.000000,-126.258437,722.471079,0.001162,5.652713,5.263065,-2.889730
2468.000000,-126.245140,724.470852,0.001242,5.648387,5.247516,-2.910252
2470.000000,-126.236809,726.470652,0.001323,5.615996,5.224124,-2.929889
2472.000000,-126.233767,728.470468,0.001405,5.560382,5.194083,-2.947979
2474.000000,-126.236343,730.470285,0.001487,5.498179,5.161738,-2.963858
2476.000000,-126.244868,732.470085,0.001569,5.441363,5.130604,-2.976957
2478.000000,-126.259680,734.471186,0.001651,5.390381,5.102044,-2.987081
2480.000000,-126.281090,736.470888,0.001734,5.344040,5.077257,-2.994516
2482.000000,-126.309432,738.470506,0.001817,5.304921,5.058951,-2.999700
2484.000000,-126.345040,740.470007,0.001900,5.278281,5.050886,-3.003063
2486.000000,-126.388242,742.469359,0.001983,5.265781,5.054026,-3.005063
2488.000000,-126.439372,744.468525,0.002066,5.260553,5.062792,-3.006157
2490.000000,-126.498761,746.467463,0.002150,5.254727,5.070880,-3.006779
2492.000000,-126.566745,748.466127,0.002234,5.246120,5.076659,-3.007192
2494.000000,-126.643655,750.464469,0.002318,5.236592,5.081836,-3.007312
2496.000000,-126.729828,752.462434,0.002402,5.227544,5.087628,-3.007000
2498.000000,-126.825598,754.459961,0.002487,5.218948,5.093827,-3.006086
2500.000000,-126.931299,756.456988,0.002572,5.210486,5.099977,-3.004383
2502.000000,-127.047267,758.453447,0.002655,5.201798,5.105963,-3.001719
2504.000000,-127.174039,760.452290,0.002740,5.192501,5.111923,-2.997998
2506.000000,-127.311565,762.447383,0.002827,5.182947,5.117923,-2.993278
2508.000000,-127.460365,764.441666,0.002911,5.175049,5.123941,-2.987685
2510.000000,-127.620773,766.435052,0.002996,5.170926,5.129957,-2.981411
2512.000000,-127.793121,768.427440,0.003082,5.171624,5.136231,-2.974778
2514.000000,-127.977746,770.418729,0.003167,5.177424,5.143214,-2.968215
2516.000000,-128.174978,772.408810,0.003251,5.188146,5.150851,-2.962067
2518.000000,-128.385144,774.397567,0.003336,5.202620,5.157938,-2.956505
2520.000000,-128.608573,776.384881,0.003421,5.220010,5.162893,-2.951429
2522.000000,-128.845593,778.370619,0.003493,5.243672,5.162940,-2.946674
2524.000000,-129.096534,780.354644,0.003505,5.279724,5.154553,-2.942032
2526.000000,-129.361501,782.336844,0.003436,5.328937,5.137309,-2.937436
2528.000000,-129.640104,784.317177,0.003321,5.379957,5.117739,-2.933239
2530.000000,-129.932051,786.296906,0.003199,5.419958,5.103188,-2.929829
2532.000000,-130.236465,788.273429,0.003077,5.442191,5.097188,-2.927384
2534.000000,-130.553034,790.248042,0.002954,5.444237,5.100600,-2.925810
2536.000000,-130.881260,792.220748,0.002831,5.427174,5.112587,-2.924874
2538.000000,-131.220649,794.191564,0.002708,5.399422,5.128782,-2.924303
2540.000000,-131.570708,796.160511,0.002586,5.370371,5.144592,-2.923815
2542.000000,-131.930943,798.127621,0.002463,5.346577,5.158566,-2.923114
2544.000000,-132.300863,800.092932,0.002341,5.332650,5.171335,-2.921931
2546.000000,-132.679980,802.056488,0.002219,5.330379,5.183592,-2.920135
2548.000000,-133.067806,804.018343,0.002097,5.335651,5.196025,-2.917714
2550.000000,-133.463855,805.978553,0.001975,5.343553,5.209102,-2.914746
2552.000000,-133.867644,807.937182,0.001855,5.351138,5.221644,-2.911322
2554.000000,-134.278692,809.894301,0.001732,5.356761,5.231422,-2.907497
2556.000000,-134.697166,811.852977,0.001611,5.359539,5.237158,-2.903257
2558.000000,-135.121303,813.807301,0.001492,5.360105,5.239653,-2.898616
2560.000000,-135.551267,815.760351,0.001371,5.359364,5.240094,-2.893630
2562.000000,-135.986582,817.712215,0.001251,5.358057,5.239537,-2.888375
2564.000000,-136.426777,819.662983,0.001131,5.356816,5.238946,-2.882935
2566.000000,-136.871382,821.612750,0.001011,5.355980,5.238875,-2.877367
2568.000000,-137.319929,823.561615,0.000891,5.355260,5.238991,-2.871675
2570.000000,-137.771947,825.509676,0.000772,5.354298,5.238854,-2.865899
2572.000000,-138.226974,827.457036,0.000653,5.353072,5.238422,-2.860096
2574.000000,-138.684544,829.403801,0.000534,5.351782,5.237920,-2.854290
2576.000000,-139.144193,831.350075,0.000414,5.350564,5.237498,-2.848487
2578.000000,-139.605752,833.297216,0.000295,5.349388,5.237123,-2.842711
2580.000000,-140.068161,835.242834,0.000178,5.348202,5.236738,-2.837071
2582.000000,-140.531260,837.188289,0.000061,5.347000,5.236334,-2.831766
2584.000000,-140.994601,839.133685,-0.000061,5.345807,5.235937,-2.827065
2586.000000,-141.457716,841.079136,-0.000188,5.344628,5.235557,-2.823273
2588.000000,-141.920096,843.024761,-0.000306,5.343423,5.235151,-2.820663
2590.000000,-142.381247,844.970678,-0.000398,5.342155,5.234681,-2.819182
2592.000000,-142.840822,846.916967,-0.000458,5.340911,5.234236,-2.818499
2594.000000,-143.298584,848.863685,-0.000475,5.339864,5.233989,-2.818526
2596.000000,-143.754424,850.810852,-0.000444,5.339069,5.233993,-2.819383
2598.000000,-144.208524,852.758427,-0.000391,5.338301,5.234025,-2.820925
2600.000000,-144.661111,854.706354,-0.000343,5.337311,5.233832,-2.822954
2602.000000,-145.112371,856.654589,-0.000302,5.336091,5.233411,-2.825327
2604.000000,-145.563148,858.606105,-0.000261,5.334808,5.232932,-2.827960
2606.000000,-146.012208,860.554850,-0.000218,5.333582,5.232513,-2.830735
2608.000000,-146.460419,862.503790,-0.000174,5.332404,5.232132,-2.833497
2610.000000,-146.907955,864.452884,-0.000130,5.331237,5.231741,-2.836057
2612.000000,-147.354983,866.402096,-0.000087,5.330048,5.231336,-2.838221
2614.000000,-147.801674,868.351386,-0.000043,5.328802,5.230941,-2.839754
2616.000000,-148.248195,870.300713,0.000000,5.327521,5.230561,-2.840432
2618.000000,-148.694716,872.250040,0.000044,5.326354,5.230153,-2.839994
2620.000000,-149.141408,874.199329,0.000087,5.325445,5.229683,-2.838123
2622.000000,-149.588439,876.148540,0.000131,5.324698,5.229237,-2.834422
2624.000000,-150.035979,878.097634,0.000174,5.323839,5.228988,-2.828334
2626.000000,-150.484481,880.047798,0.000218,5.322712,5.228993,-2.819274
2628.000000,-150.933550,881.996538,0.000262,5.321438,5.229024,-2.806724
2630.000000,-151.383638,883.945044,0.000305,5.320177,5.228830,-2.790136
2632.000000,-151.834915,885.893274,0.000348,5.318979,5.228408,-2.769060
2634.000000,-152.287549,887.841191,0.000392,5.317810,5.227926,-2.743174
2636.000000,-152.741709,889.788750,0.000436,5.316637,5.227503,-2.712034
2638.000000,-153.197568,891.735914,0.000480,5.315421,5.227124,-2.675063
2640.000000,-153.655299,893.682639,0.000522,5.314140,5.226750,-2.631601
2642.000000,-154.115063,895.628884,0.000564,5.312892,5.226356,-2.581016
2644.000000,-154.577017,897.574611,0.000610,5.311856,5.225923,-2.522829
2646.000000,-155.041334,899.519777,0.000661,5.311077,5.225470,-2.456705
2648.000000,-155.508222,901.464325,0.000704,5.310299,5.225094,-2.382359
2650.000000,-155.978615,903.411230,0.000727,5.309248,5.224896,-2.299412
2652.000000,-156.451125,905.354422,0.000748,5.307992,5.224891,-2.208048
2654.000000,-156.926483,907.296922,0.000825,5.306821,5.225032,-2.107790
2656.000000,-157.404921,909.238668,0.000955,5.305807,5.225089,-1.997289
2658.000000,-157.887163,911.179467,0.000829,5.304531,5.224437,-1.873982
2660.000000,-158.373538,913.119227,0.000049,5.302638,5.222654,-1.735217
2662.000000,-158.860709,915.058790,-0.001317,5.301013,5.221462,-1.581643
2664.000000,-159.342918,916.999617,-0.002978,5.301317,5.223926,-1.415483
2666.000000,-159.813826,918.943239,-0.004816,5.302991,5.228945,-1.238073
2668.000000,-160.266012,920.891288,-0.006680,5.300489,5.226081,-1.050481
2670.000000,-160.691955,922.845338,-0.008417,5.289506,5.207330,-0.853432
2672.000000,-161.084826,924.806333,-0.010071,5.282765,5.197404,-0.646922
2674.000000,-161.438245,926.774799,-0.011829,5.304067,5.242763,-0.431866
2676.000000,-161.745301,928.751097,-0.013847,5.354856,5.365627,-0.209291
2678.000000,-161.997862,930.735239,-0.016698,5.383811,5.530254,0.020834
2680.000000,-162.186449,932.727019,-0.021338,5.337049,5.692093,0.263747
2682.000000,-162.291667,934.721724,-0.027806,5.232545,5.829426,0.519799
2684.000000,-162.287093,936.721747,-0.036144,5.143072,5.939122,0.783183
2686.000000,-162.141503,938.714991,-0.046609,5.128301,6.018243,1.042173
2688.000000,-161.811766,940.685967,-0.057809,5.203542,6.064316,1.273124
2690.000000,-161.255688,942.605309,-0.068511,5.368860,6.078214,1.451106
2692.000000,-160.442365,944.433067,-0.077264,5.585853,6.089021,1.553655
2694.000000,-159.352696,946.106622,-0.078877,5.788821,6.144153,1.550184
2696.000000,-158.005117,947.578325,-0.071758,5.945582,6.248402,1.435063
2698.000000,-156.459755,948.845417,-0.062830,6.075888,6.340764,1.244893
2700.000000,-154.769306,949.912701,-0.056593,6.199666,6.370681,1.019450
2702.000000,-152.969410,950.783425,-0.052498,6.315223,6.364852,0.779438
2704.000000,-151.089266,951.462794,-0.050732,6.413161,6.376421,0.538744
2706.000000,-149.153338,951.951127,-0.051308,6.487147,6.430183,0.305510
2708.000000,-147.174275,952.239923,-0.052950,6.535346,6.512419,0.065964
2710.000000,-145.175234,952.317718,-0.054986,6.557992,6.606894,-0.193168
2712.000000,-143.182516,952.176539,-0.056925,6.568208,6.706173,-0.456400
2714.000000,-141.217143,951.808479,-0.057289,6.585928,6.807627,-0.706525
2716.000000,-139.308491,951.214445,-0.055404,6.633458,6.897046,-0.927794
2718.000000,-137.478370,950.413880,-0.052805,6.737818,6.936938,-1.096029
2720.000000,-135.739557,949.424638,-0.051073,6.917118,6.897621,-1.195934
2722.000000,-134.111265,948.264488,-0.050312,7.108443,6.840710,-1.228672
2724.000000,-132.610387,946.949971,-0.049871,7.201118,6.882398,-1.223993
2726.000000,-131.244222,945.489354,-0.049577,7.152556,7.070840,-1.226585
2728.000000,-130.029955,943.901415,-0.048165,7.063213,7.308288,-1.281400
2730.000000,-128.976829,942.199376,-0.043679,7.039535,7.486941,-1.408841
2732.000000,-128.080239,940.413685,-0.036784,7.081664,7.574367,-1.594435
2734.000000,-127.316323,938.566539,-0.029540,7.135320,7.579130,-1.824296
2736.000000,-126.661750,936.675979,-0.022744,7.171010,7.527603,-2.100679
2738.000000,-126.094008,934.758315,-0.016127,7.197590,7.473217,-2.411668
2740.000000,-125.588331,932.823304,-0.009557,7.225596,7.461534,-2.705083
2742.000000,-125.119708,930.879147,-0.003501,7.254603,7.483614,-2.978347
2744.000000,-124.662856,928.932089,0.000775,7.280034,7.509318,-3.225269
2746.000000,-124.199669,926.986086,0.002765,7.303370,7.523345,-3.416271
2748.000000,-123.725235,925.043397,0.003128,7.335259,7.532971,-3.549570
2750.000000,-123.236812,923.104191,0.002114,7.385482,7.546488,-3.628508
2752.000000,-122.739177,921.167274,0.000152,7.452898,7.564997,-3.662082
2754.000000,-122.241132,919.230437,-0.001871,7.531319,7.586234,-3.661112
2756.000000,-121.750744,917.291669,-0.003628,7.616944,7.607812,-3.633812
2758.000000,-121.274474,915.349379,-0.005289,7.710205,7.627180,-3.586488
2760.000000,-120.818630,913.402078,-0.007015,7.810232,7.642954,-3.525358
2762.000000,-120.390093,911.448593,-0.008608,7.903907,7.661815,-3.458789
2764.000000,-119.996021,909.487958,-0.009435,7.972093,7.694407,-3.397751
2766.000000,-119.640560,907.519883,-0.009220,8.002312,7.746796,-3.351696
2768.000000,-119.321653,905.545472,-0.008504,7.993963,7.816865,-3.321695
2770.000000,-119.036364,903.565979,-0.007741,7.949441,7.901957,-3.305301
2772.000000,-118.781753,901.582358,-0.006983,7.881479,8.002241,-3.298238
2774.000000,-118.554874,899.595390,-0.006222,7.807649,8.118798,-3.297489
2776.000000,-118.352747,897.605774,-0.005453,7.740022,8.237541,-3.301589
2778.000000,-118.172329,895.614061,-0.004684,7.681521,8.319358,-3.309839
2780.000000,-118.010572,893.620771,-0.003919,7.633629,8.329010,-3.323012
2782.000000,-117.864432,891.626287,-0.003152,7.595047,8.270832,-3.342376
2784.000000,-117.730626,889.627049,-0.002394,7.563175,8.166715,-3.368269
2786.000000,-117.606636,887.631078,-0.001644,7.535684,8.036979,-3.399565
2788.000000,-117.489205,885.634710,-0.000891,7.510250,7.897543,-3.433875
2790.000000,-117.375338,883.638137,-0.000137,7.484779,7.761948,-3.468645
2792.000000,-117.262020,881.641537,0.000614,7.458057,7.630932,-3.503074
2794.000000,-117.146224,879.645074,0.001340,7.429329,7.499715,-3.537384
2796.000000,-117.025029,877.648926,0.002030,7.400137,7.366830,-3.571847
2798.000000,-116.895705,875.653293,0.002652,7.375624,7.236076,-3.606468
2800.000000,-116.755636,873.658375,0.003166,7.358609,7.109990,-3.640917
2802.000000,-116.602855,871.664386,0.003599,7.335657,6.980259,-3.675091
2804.000000,-116.435738,869.671540,0.004026,7.285820,6.833581,-3.709162
2806.000000,-116.252611,867.680094,0.004471,7.182758,6.653638,-3.742985
2808.000000,-116.051640,865.689904,0.004925,6.991291,6.419172,-3.775846
2810.000000,-115.831126,863.702238,0.005382,6.689762,6.119886,-3.806728
2812.000000,-115.589234,861.717057,0.005840,6.347839,5.817638,-3.834339
2814.000000,-115.324180,859.734826,0.006307,6.077051,5.607189,-3.856750
2816.000000,-115.034157,857.756076,0.006785,5.928040,5.527118,-3.872126
2818.000000,-114.717315,855.781447,0.007263,5.846892,5.519613,-3.879241
2820.000000,-114.371808,853.811613,0.007733,5.776655,5.523365,-3.877157
2822.000000,-113.995872,851.847349,0.008207,5.716247,5.524073,-3.865014
2824.000000,-113.587783,849.889493,0.008718,5.690976,5.529848,-3.841989
2826.000000,-113.145688,847.939005,0.009268,5.710210,5.543203,-3.807181
2828.000000,-112.667489,845.997072,0.009736,5.756331,5.556984,-3.759443
2830.000000,-112.151242,844.064880,0.009983,5.807687,5.565891,-3.697219
2832.000000,-111.596345,842.143411,0.009994,5.835792,5.582346,-3.619396
2834.000000,-111.002924,840.233523,0.009719,5.809924,5.626222,-3.525307
2836.000000,-110.372068,838.335687,0.009143,5.726644,5.699364,-3.415052
2838.000000,-109.706572,836.449692,0.008458,5.624611,5.775714,-3.290357
2840.000000,-109.009367,834.575229,0.007817,5.541695,5.828632,-3.152879
2842.000000,-108.282989,832.711902,0.007218,5.488350,5.843420,-3.003641
2844.000000,-107.529789,830.859267,0.006620,5.463500,5.810755,-2.843521
2846.000000,-106.752121,829.016791,0.006013,5.461418,5.733576,-2.673502
2848.000000,-105.952351,827.183796,0.005406,5.469712,5.632541,-2.494571
2850.000000,-105.132832,825.359567,0.004806,5.476676,5.529501,-2.307865
2852.000000,-104.295827,823.543306,0.004215,5.477516,5.444196,-2.115225
2854.000000,-103.443552,821.734163,0.003635,5.470297,5.394961,-1.918675
2856.000000,-102.578170,819.931270,0.003066,5.455459,5.383674,-1.719899
2858.000000,-101.701747,818.133715,0.002490,5.436889,5.388281,-1.520238
2860.000000,-100.816359,816.340571,0.001887,5.418493,5.387849,-1.321066
2862.000000,-99.922431,814.547276,0.001303,5.402503,5.379879,-1.123580
2864.000000,-99.025709,812.759773,0.000840,5.390523,5.369535,-0.930403
2866.000000,-98.126195,810.973678,0.000535,5.382808,5.359694,-0.742450
2868.000000,-97.224814,809.188526,0.000344,5.377742,5.349773,-0.559962
2870.000000,-96.322323,807.403932,0.000247,5.373705,5.339067,-0.383143
2872.000000,-95.419011,805.619755,0.000213,5.370163,5.328098,-0.211694
2874.000000,-94.514923,803.835972,0.000180,5.367050,5.317897,-0.044971
2876.000000,-93.610163,802.052528,0.000127,5.363959,5.308183,0.117623
2878.000000,-92.704950,800.269315,0.000066,5.359926,5.296564,0.276530
2880.000000,-91.799507,798.486219,0.000010,5.354439,5.281605,0.432174
2882.000000,-90.894032,796.703139,-0.000042,5.350166,5.269278,0.584936
2884.000000,-89.988516,794.919615,-0.000094,5.351177,5.268811,0.735109
2886.000000,-89.083522,793.136293,-0.000148,5.359209,5.284243,0.882547
2888.000000,-88.179054,791.352704,-0.000202,5.372122,5.310943,1.026860
2890.000000,-87.275307,789.568749,-0.000256,5.387531,5.343657,1.167659
2892.000000,-86.372475,787.784332,-0.000310,5.404127,5.379023,1.304674
2894.000000,-85.470749,785.999354,-0.000364,5.421119,5.414600,1.437887
2896.000000,-84.570321,784.213721,-0.000418,5.437991,5.449106,1.567704
2898.000000,-83.671387,782.427336,-0.000472,5.454695,5.483199,1.694585
2900.000000,-82.774140,780.640104,-0.000526,5.471236,5.517643,1.818954
2902.000000,-81.878776,778.851927,-0.000581,5.487628,5.552521,1.941086
2904.000000,-80.985487,777.062712,-0.000635,5.503901,5.587592,2.061089
2906.000000,-80.094470,775.272365,-0.000689,5.520168,5.622597,2.178880
2908.000000,-79.204167,773.477245,-0.000743,5.536736,5.657320,2.294550
2910.000000,-78.318286,771.684347,-0.000798,5.553684,5.691498,2.407513
2912.000000,-77.435268,769.890039,-0.000852,5.570294,5.726106,2.517941
2914.000000,-76.555306,768.094230,-0.000906,5.585449,5.762468,2.625781
2916.000000,-75.678601,766.296828,-0.000960,5.599981,5.799575,2.730871
2918.000000,-74.805349,764.497745,-0.001014,5.617954,5.832555,2.832937
2920.000000,-73.935750,762.696895,-0.001069,5.643202,5.856724,2.931678
2922.000000,-73.069999,760.894190,-0.001123,5.675971,5.871182,3.026803
2924.000000,-72.208300,759.089545,-0.001177,5.714870,5.876784,3.117980
2926.000000,-71.350847,757.282879,-0.001231,5.759037,5.875037,3.204914
2928.000000,-70.497845,755.474107,-0.001285,5.808474,5.868490,3.287356
2930.000000,-69.649495,753.663147,-0.001337,5.861980,5.860237,3.364900
2932.000000,-68.805829,751.849572,-0.001380,5.910346,5.856083,3.436745
2934.000000,-67.967365,750.034016,-0.001393,5.940898,5.862952,3.502111
2936.000000,-67.134013,748.216108,-0.001367,5.947117,5.884304,3.560806
2938.000000,-66.305640,746.395926,-0.001324,5.932313,5.918052,3.613051
2940.000000,-65.482090,744.573557,-0.001281,5.900769,5.961631,3.659102
2942.000000,-64.663208,742.749085,-0.001238,5.856681,6.012967,3.699128
2944.000000,-63.848846,740.922592,-0.001195,5.804346,6.070094,3.733197
2946.000000,-63.038851,739.094159,-0.001152,5.753047,6.127000,3.761355
2948.000000,-62.233072,737.263863,-0.001109,5.719957,6.171286,3.783581
2950.000000,-61.431354,735.431786,-0.001066,5.719232,6.192646,3.799819
2952.000000,-60.633542,733.598004,-0.001024,5.741955,6.197399,3.810072
2954.000000,-59.839485,731.762593,-0.000980,5.769314,6.198991,3.814504
2956.000000,-59.047458,729.921971,-0.000937,5.790954,6.204828,3.813275
2958.000000,-58.260451,728.083525,-0.000895,5.809773,6.212666,3.806604
2960.000000,-57.476734,726.243674,-0.000852,5.829540,6.219779,3.794911
2962.000000,-56.696152,724.402490,-0.000809,5.850628,6.225948,3.778703
2964.000000,-55.918549,722.560046,-0.000766,5.871954,6.232045,3.758573
2966.000000,-55.143772,720.716413,-0.000724,5.892876,6.238476,3.735153
2968.000000,-54.371664,718.871660,-0.000681,5.913456,6.244909,3.708959
2970.000000,-53.602069,717.025858,-0.000638,5.933828,6.251019,3.680279
2972.000000,-52.834832,715.179075,-0.000596,5.954177,6.256941,3.649317
2974.000000,-52.069796,713.331378,-0.000554,5.974698,6.263009,3.616234
2976.000000,-51.306807,711.482835,-0.000511,5.995457,6.269365,3.581107
2978.000000,-50.545569,709.633175,-0.000469,6.016308,6.275851,3.543988
2980.000000,-49.786205,707.783144,-0.000426,6.037103,6.282297,3.504864
2982.000000,-49.028417,705.932464,-0.000384,6.057864,6.288679,3.463563
2984.000000,-48.272052,704.081204,-0.000341,6.078679,6.295037,3.419919
2986.000000,-47.516950,702.229429,-0.000299,6.099534,6.301407,3.373814
2988.000000,-46.762956,700.377201,-0.000257,6.120251,6.307824,3.325275
2990.000000,-46.009912,698.524588,-0.000215,6.140686,6.314300,3.274418
2992.000000,-45.257663,696.671651,-0.000173,6.161002,6.320720,3.221364
2994.000000,-44.506057,694.818454,-0.000130,6.181498,6.326917,3.166225
2996.000000,-43.754934,692.965060,-0.000085,6.202274,6.332881,3.109168
2998.000000,-43.004124,691.111541,-0.000043,6.223108,6.338859,3.050660
3000.000000,-42.253463,689.257960,-0.000011,6.243805,6.345082,2.991351
3002.000000,-41.502836,687.404365,0.000012,6.264528,6.351518,2.931834
3004.000000,-40.750653,685.547079,0.000023,6.285635,6.358026,2.872467
3006.000000,-39.999872,683.693546,0.000023,6.306867,6.364469,2.813731
3008.000000,-39.249004,681.840046,0.000018,6.327286,6.370811,2.755591
3010.000000,-38.498071,679.986574,0.000016,6.345759,6.377046,2.698117
3012.000000,-37.747083,678.133125,0.000014,6.360670,6.383390,2.641393
3014.000000,-36.996040,676.279697,0.000013,6.370236,6.390155,2.585499
3016.000000,-36.244947,674.426290,0.000012,6.374510,6.397376,2.530505
3018.000000,-35.493811,672.572900,0.000010,6.376586,6.404632,2.476474
3020.000000,-34.742640,670.719524,0.000008,6.379445,6.411538,2.423360
3022.000000,-33.991439,668.866160,0.000006,6.383297,6.418249,2.371063
3024.000000,-33.240216,667.012805,0.000004,6.387089,6.425163,2.319548
3026.000000,-32.488850,665.159141,0.000003,6.390313,6.432402,2.268836
3028.000000,-31.737601,663.305799,0.000001,6.393381,6.439625,2.218977
3030.000000,-30.986349,661.452458,-0.000001,6.396737,6.446512,2.169968
3032.000000,-30.235100,659.599115,-0.000003,6.400389,6.453230,2.121793
3034.000000,-29.483860,657.745769,-0.000004,6.404142,6.460154,2.074557
3036.000000,-28.732637,655.892417,-0.000006,6.407829,6.467395,2.028466
3038.000000,-27.981435,654.039055,-0.000008,6.411339,6.474615,1.983762
3040.000000,-27.230263,652.185683,-0.000010,6.414594,6.481503,1.940679
3042.000000,-26.479125,650.332294,-0.000011,6.417742,6.488222,1.899378
3044.000000,-25.728030,648.478891,-0.000013,6.421028,6.495146,1.859920
3046.000000,-24.976982,646.625467,-0.000015,6.424570,6.502388,1.822279
3048.000000,-24.225989,644.772020,-0.000016,6.428266,6.509609,1.786360
3050.000000,-23.473545,642.914816,-0.000018,6.431993,6.516513,1.751898
3052.000000,-22.722681,641.061316,-0.000020,6.435611,6.523232,1.718810
3054.000000,-21.971889,639.207785,-0.000022,6.439001,6.530157,1.686805
3056.000000,-21.221179,637.354223,-0.000024,6.442173,6.537397,1.655671
3058.000000,-20.470556,635.500625,-0.000025,6.445357,6.544620,1.625274
3060.000000,-19.720026,633.646989,-0.000027,6.448776,6.551517,1.595536
3062.000000,-18.969597,631.793314,-0.000029,6.452411,6.558240,1.566381
3064.000000,-18.219272,629.939595,-0.000030,6.456137,6.565147,1.537772
3066.000000,-17.469061,628.085831,-0.000032,6.459825,6.572361,1.509708
3068.000000,-16.718970,626.232017,-0.000034,6.463341,6.579606,1.482192
3070.000000,-15.969004,624.378154,-0.000036,6.466595,6.586604,1.455250
3072.000000,-15.219051,622.523942,-0.000037,6.469739,6.593367,1.428962
3074.000000,-14.469356,620.669970,-0.000039,6.473041,6.600030,1.403447
3076.000000,-13.719805,618.815941,-0.000041,6.476610,6.606736,1.378827
3078.000000,-12.970407,616.961850,-0.000043,6.480286,6.613626,1.355249
3080.000000,-12.221167,615.107694,-0.000044,6.483908,6.620796,1.332866
3082.000000,-11.472091,613.253472,-0.000046,6.487488,6.628061,1.311827
3084.000000,-10.723187,611.399182,-0.000048,6.491118,6.635106,1.292277
3086.000000,-9.974459,609.544820,-0.000050,6.494790,6.641859,1.274288
3088.000000,-9.225915,607.690383,-0.000051,6.498336,6.648645,1.257752
3090.000000,-8.477562,605.835870,-0.000053,6.501612,6.655762,1.242508
3092.000000,-7.729405,603.981277,-0.000055,6.504755,6.663042,1.228387
3094.000000,-6.981451,602.126602,-0.000056,6.508029,6.670109,1.215221
3096.000000,-6.232192,600.268084,-0.000058,6.511571,6.676873,1.202836
3098.000000,-5.484664,598.413237,-0.000060,6.515275,6.683657,1.191175
3100.000000,-4.737359,596.558298,-0.000062,6.519024,6.690792,1.180150
3102.000000,-3.990282,594.703269,-0.000063,6.522652,6.698080,1.169733
3104.000000,-3.243441,592.848145,-0.000065,6.525973,6.705095,1.159951
3106.000000,-2.496841,590.992922,-0.000067,6.529043,6.711764,1.150890
3108.000000,-1.750490,589.137600,-0.000069,6.532309,6.718610,1.142643
3110.000000,-1.004395,587.282175,-0.000070,6.536123,6.726057,1.135285
3112.000000,-0.258560,585.426646,-0.000072,6.539906,6.733463,1.128923
3114.000000,0.487008,583.571008,-0.000074,6.542689,6.739731,1.123719
3116.000000,1.232301,581.715261,-0.000076,6.544952,6.745273,1.119832
3118.000000,1.977313,579.859401,-0.000077,6.549597,6.753013,1.117400
3120.000000,2.722148,578.003155,-0.000079,6.559301,6.765650,1.116545
3122.000000,3.466579,576.147063,-0.000081,6.573519,6.782658,1.117350
3124.000000,4.210711,574.290853,-0.000083,6.590249,6.802042,1.119906
3126.000000,4.954537,572.434518,-0.000085,6.608038,6.822331,1.124432
3128.000000,5.698049,570.578059,-0.000086,6.626366,6.842945,1.131095
3130.000000,6.441238,568.721470,-0.000087,6.644840,6.863454,1.140025
3132.000000,7.184105,566.864753,-0.000088,6.663250,6.883811,1.151353
3134.000000,7.926647,565.007904,-0.000092,6.681475,6.904144,1.165227
3136.000000,8.668854,563.150922,-0.000099,6.699487,6.924524,1.181759
3138.000000,9.410696,561.293795,-0.000114,6.717418,6.944928,1.200930
3140.000000,10.152131,559.436504,-0.000141,6.735394,6.965322,1.222638
3142.000000,10.893052,557.579009,-0.000176,6.753399,6.985706,1.246733
3144.000000,11.634823,555.717464,-0.000213,6.771387,7.006128,1.273132
3146.000000,12.374292,553.859387,-0.000248,6.789297,7.026512,1.301786
3148.000000,13.112838,552.000944,-0.000283,6.807339,7.046898,1.332882
3150.000000,13.850335,550.142085,-0.000317,6.825657,7.067282,1.366555
3152.000000,14.586652,548.282757,-0.000353,6.844103,7.087666,1.402902
3154.000000,15.321657,546.422912,-0.000388,6.862396,7.108051,1.441986
3156.000000,16.055221,544.562496,-0.000423,6.880417,7.128435,1.483674
3158.000000,16.787211,542.701462,-0.000458,6.898325,7.148820,1.527640
3160.000000,17.517496,540.839756,-0.000493,6.916284,7.169202,1.573655
3162.000000,18.245947,538.977333,-0.000528,6.934289,7.189586,1.621543
3164.000000,18.972429,537.114141,-0.000563,6.952261,7.209981,1.671051
3166.000000,19.696912,535.249880,-0.000598,6.970198,7.230384,1.721931
3168.000000,20.419064,533.385008,-0.000633,6.988224,7.250762,1.774047
3170.000000,21.138854,531.519223,-0.000669,7.006463,7.271103,1.827478
3172.000000,21.856148,529.652474,-0.000704,7.024882,7.291473,1.882231
3174.000000,22.570814,527.784720,-0.000739,7.043373,7.311978,1.938344
3176.000000,23.282718,525.915910,-0.000775,7.061698,7.332548,1.995777
3178.000000,23.991727,524.046001,-0.000810,7.079396,7.352811,2.054434
3180.000000,24.697706,522.174945,-0.000845,7.096238,7.372530,2.114297
3182.000000,25.400523,520.302699,-0.000880,7.113793,7.392651,2.175305
3184.000000,26.100046,518.429219,-0.000916,7.134406,7.414629,2.237269
3186.000000,26.796137,516.554461,-0.000953,7.156471,7.437503,2.299988
3188.000000,27.488657,514.678382,-0.000987,7.171477,7.456083,2.363262
3190.000000,28.178875,512.797086,-0.001020,7.170650,7.465117,2.426952
3192.000000,28.863845,510.918234,-0.001054,7.148833,7.462047,2.490438
3194.000000,29.544863,509.037946,-0.001093,7.102689,7.445711,2.553601
3196.000000,30.221782,507.156178,-0.001141,7.034098,7.416694,2.616345
3198.000000,30.894400,505.272869,-0.001175,6.953976,7.378625,2.678611
3200.000000,31.562541,503.387968,-0.001177,6.872507,7.334153,2.740338
3202.000000,32.226222,501.501491,-0.001194,6.788106,7.276822,2.801372
3204.000000,32.885548,499.613486,-0.001359,6.693702,7.196047,2.861437
3206.000000,33.540019,497.723791,-0.001727,6.586484,7.089902,2.919773
3208.000000,34.188012,495.831866,-0.002234,6.471056,6.971406,2.974733
3210.000000,34.827696,493.937101,-0.002849,6.356114,6.855031,3.024510
3212.000000,35.456647,492.038747,-0.003538,6.273159,6.754378,3.066654
3214.000000,36.072213,490.135752,-0.004234,6.263693,6.682346,3.098478
3216.000000,36.671551,488.227825,-0.004913,6.336242,6.638828,3.117423
3218.000000,37.252111,486.314090,-0.005572,6.443224,6.601574,3.121065
3220.000000,37.811282,484.393953,-0.006201,6.537793,6.551345,3.106884
3222.000000,38.346567,482.467028,-0.006662,6.617683,6.504880,3.072378
3224.000000,38.855565,480.533044,-0.006571,6.701005,6.495012,3.015036
3226.000000,39.338116,478.592280,-0.005800,6.798951,6.533405,2.934280
3228.000000,39.798037,476.645986,-0.004738,6.910947,6.596266,2.833559
3230.000000,40.239547,474.695477,-0.003691,7.032554,6.658062,2.716908
3232.000000,40.666672,472.741797,-0.002665,7.141442,6.705789,2.588270
3234.000000,41.083343,470.785865,-0.001612,7.207512,6.732248,2.451462
3236.000000,41.493641,468.828596,-0.000538,7.217916,6.735297,2.310374
3238.000000,41.901911,466.870901,0.000351,7.188828,6.721217,2.169211
3240.000000,42.312188,464.913624,0.000819,7.138403,6.696893,2.032156
3242.000000,42.725978,462.957086,0.000950,7.078053,6.667472,1.900984
3244.000000,43.144407,460.997312,0.000951,7.015865,6.637192,1.775817
3246.000000,43.565788,459.042395,0.000889,6.956706,6.608582,1.657373
3248.000000,43.990650,457.088230,0.000805,6.898919,6.580741,1.545172
3250.000000,44.418632,455.134749,0.000736,6.840601,6.552630,1.438914
3252.000000,44.849476,453.181894,0.000678,6.781673,6.524168,1.338411
3254.000000,45.282969,451.229627,0.000619,6.722912,6.495719,1.243546
3256.000000,45.718885,449.277901,0.000557,6.664624,6.467419,1.154143
3258.000000,46.156974,447.326659,0.000492,6.606288,6.438999,1.069925
3260.000000,46.596983,445.375851,0.000429,6.547429,6.410219,0.990576
3262.000000,47.038665,443.425421,0.000367,6.488481,6.381332,0.915794
3264.000000,47.481779,441.475315,0.000304,6.430295,6.352818,0.845260
3266.000000,47.926078,439.525480,0.000241,6.372711,6.324692,0.778611
3268.000000,48.371365,437.575651,0.000178,6.313798,6.296157,0.715464
3270.000000,48.817296,435.626191,0.000116,6.252232,6.266647,0.655449
3272.000000,49.263679,433.676832,0.000061,6.192177,6.237763,0.598153
3274.000000,49.710280,431.727525,0.000025,6.140389,6.212128,0.543141
3276.000000,50.156942,429.778232,0.000014,6.101527,6.191569,0.490029
3278.000000,50.603656,427.828949,0.000014,6.076549,6.176502,0.438565
3280.000000,51.050428,425.879681,0.000015,6.065318,6.166916,0.388593
3282.000000,51.497258,423.930426,0.000014,6.062710,6.160822,0.340028
3284.000000,51.944142,421.981184,0.000014,6.061278,6.155312,0.292807
3286.000000,52.391080,420.031953,0.000014,6.056877,6.148715,0.246923
3288.000000,52.838070,418.082735,0.000013,6.051177,6.141541,0.202405
3290.000000,53.285112,416.133529,0.000013,6.046202,6.134464,0.159299
3292.000000,53.733136,414.180283,0.000013,6.041999,6.127669,0.117585
3294.000000,54.180281,412.231098,0.000013,6.037702,6.121151,0.077561
3296.000000,54.627476,410.281925,0.000013,6.032894,6.114795,0.039256
3298.000000,55.074722,408.332763,0.000012,6.028006,6.108390,0.002763
3300.000000,55.522014,406.383612,0.000012,6.023477,6.101745,-0.031879
3302.000000,55.969354,404.434473,0.000012,6.019169,6.094908,-0.064628
3304.000000,56.416741,402.485343,0.000012,6.014666,6.088040,-0.095444
3306.000000,56.864174,400.536224,0.000012,6.009830,6.081231,-0.124293
3308.000000,57.311652,398.587117,0.000011,6.005000,6.074454,-0.151207
3310.000000,57.759175,396.638018,0.000011,6.000503,6.067666,-0.176263
3312.000000,58.206741,394.688930,0.000011,5.996187,6.060865,-0.199555
3314.000000,58.654394,392.739666,0.000011,5.991670,6.054061,-0.221280
3316.000000,59.102044,390.790600,0.000011,5.986831,6.047262,-0.241683
3318.000000,59.549736,388.841542,0.000010,5.982004,6.040466,-0.260943
3320.000000,59.997469,386.892494,0.000010,5.977510,6.033668,-0.279185
3322.000000,60.445240,384.943455,0.000010,5.973193,6.026870,-0.296527
3324.000000,60.893051,382.994425,0.000010,5.968676,6.020071,-0.313020
3326.000000,61.340901,381.045404,0.000010,5.963837,6.013273,-0.328871
3328.000000,61.788788,379.096392,0.000009,5.959011,6.006475,-0.344779
3330.000000,62.236711,377.147388,0.000009,5.954516,5.999676,-0.361478
3332.000000,62.684670,375.198391,0.000009,5.950200,5.992878,-0.379158
3334.000000,63.132664,373.249403,0.000009,5.945682,5.986081,-0.397644
3336.000000,63.580692,371.300424,0.000009,5.940843,5.979284,-0.416760
3338.000000,64.029691,369.347378,0.000008,5.936007,5.972471,-0.436317
3340.000000,64.477785,367.398412,0.000008,5.931514,5.965667,-0.455549
3342.000000,64.925911,365.449453,0.000008,5.927198,5.958867,-0.473487
3344.000000,65.374069,363.500500,0.000008,5.922678,5.952081,-0.489456
3346.000000,65.822256,361.551555,0.000008,5.917834,5.945302,-0.503503
3348.000000,66.270474,359.602617,0.000007,5.913011,5.938491,-0.515889
3350.000000,66.718720,357.653684,0.000007,5.908533,5.931621,-0.526887
3352.000000,67.166994,355.704760,0.000007,5.904223,5.924794,-0.536775
3354.000000,67.615295,353.755840,0.000007,5.899668,5.918165,-0.545825
3356.000000,68.063623,351.806927,0.000006,5.894767,5.912033,-0.554293
3358.000000,68.511975,349.858020,0.000006,5.889984,5.906932,-0.562403
3360.000000,68.960390,347.908955,0.000006,5.885755,5.903305,-0.570390
3362.000000,69.408792,345.960061,0.000006,5.881871,5.900711,-0.578501
3364.000000,69.857216,344.011172,0.000006,5.877816,5.898290,-0.586986
3366.000000,70.305663,342.062288,0.000006,5.873386,5.895545,-0.595902
3368.000000,70.754131,340.113410,0.000005,5.868941,5.892640,-0.604426
3370.000000,71.202621,338.164535,0.000005,5.864837,5.889781,-0.612282
3372.000000,71.651131,336.215667,0.000005,5.860923,5.886996,-0.619574
3374.000000,72.099660,334.266802,0.000005,5.856811,5.884224,-0.626388
3376.000000,72.548206,332.317941,0.000005,5.852373,5.881430,-0.632811
3378.000000,72.996771,330.369084,0.000004,5.847944,5.878622,-0.638920
3380.000000,73.445353,328.420231,0.000004,5.843848,5.875819,-0.644809
3382.000000,73.893950,326.471383,0.000004,5.839931,5.873021,-0.650557
3384.000000,74.342564,324.522537,0.000004,5.835816,5.870224,-0.656230
3386.000000,74.792135,322.569598,0.000004,5.831369,5.867419,-0.661932
3388.000000,75.240778,320.620757,0.000003,5.826942,5.864619,-0.667725
3390.000000,75.689433,318.671919,0.000003,5.822846,5.861820,-0.673704
3392.000000,76.138100,316.723084,0.000003,5.818929,5.859021,-0.679922
3394.000000,76.586778,314.774252,0.000003,5.814814,5.856221,-0.686423
3396.000000,77.035468,312.825422,0.000003,5.810375,5.853423,-0.693299
3398.000000,77.484167,310.876595,0.000002,5.805948,5.850623,-0.700647
3400.000000,77.932876,308.927770,0.000002,5.801852,5.847824,-0.708462
3402.000000,78.381592,306.978946,0.000002,5.797935,5.845026,-0.716617
3404.000000,78.830316,305.030124,0.000002,5.793820,5.842226,-0.724937
3406.000000,79.279047,303.081304,0.000001,5.789382,5.839426,-0.733250
3408.000000,79.727815,301.132346,0.000001,5.784954,5.836627,-0.741438
3410.000000,80.176557,299.183529,0.000001,5.780857,5.833830,-0.749391
3412.000000,80.625303,297.234715,0.000001,5.776941,5.831031,-0.757098
3414.000000,81.074052,295.285901,0.000001,5.772827,5.828228,-0.764627
3416.000000,81.522804,293.337088,0.000001,5.768388,5.825423,-0.771958
3418.000000,81.971558,291.388275,0.000000,5.763961,5.822628,-0.779019
3420.000000,82.420314,289.439462,0.000000,5.759863,5.819850,-0.785742
3422.000000,82.869069,287.490650,-0.000000,5.755947,5.817061,-0.792124
3424.000000,83.317825,285.541836,-0.000000,5.751833,5.814212,-0.798191
3426.000000,83.766580,283.593023,-0.000001,5.747396,5.811334,-0.803981
3428.000000,84.215332,281.644210,-0.000001,5.742967,5.808588,-0.809538
3430.000000,84.664082,279.695395,-0.000001,5.738869,5.806116,-0.814934
3432.000000,85.113776,277.742462,-0.000001,5.734944,5.803772,-0.820243
3434.000000,85.562518,275.793644,-0.000001,5.730831,5.801288,-0.825487
3436.000000,86.011255,273.844825,-0.000001,5.726393,5.798532,-0.830668
3438.000000,86.459987,271.896005,-0.000002,5.721965,5.795652,-0.835760
3440.000000,86.908711,269.947183,-0.000002,5.717867,5.792807,-0.840739
3442.000000,87.357429,267.998359,-0.000002,5.713950,5.790019,-0.845586
3444.000000,87.806139,266.049535,-0.000002,5.709837,5.787241,-0.850318
3446.000000,88.254838,264.100708,-0.000003,5.705400,5.784444,-0.855003
3448.000000,88.703529,262.151877,-0.000003,5.700971,5.781640,-0.859724
3450.000000,89.152209,260.203046,-0.000003,5.696873,5.778838,-0.864562
3452.000000,89.600877,258.254211,-0.000003,5.692956,5.776039,-0.869613
3454.000000,90.049560,256.305258,-0.000003,5.688844,5.773242,-0.874983
3456.000000,90.498203,254.356418,-0.000004,5.684406,5.770442,-0.880770
3458.000000,90.946832,252.407577,-0.000004,5.679977,5.767643,-0.887036
3460.000000,91.395447,250.458732,-0.000004,5.675879,5.764843,-0.893783
3462.000000,91.844047,248.509883,-0.000004,5.671962,5.762044,-0.900948
3464.000000,92.292630,246.561031,-0.000004,5.667850,5.759245,-0.908464
3466.000000,92.741196,244.612175,-0.000005,5.663413,5.756446,-0.916258
3468.000000,93.189745,242.663316,-0.000005,5.658984,5.753647,-0.924234
3470.000000,93.638276,240.714450,-0.000005,5.654885,5.750848,-0.932277
3472.000000,94.086788,238.765582,-0.000005,5.650969,5.748049,-0.940269
3474.000000,94.535279,236.816709,-0.000005,5.646857,5.745249,-0.948074
3476.000000,94.983749,234.867829,-0.000005,5.642421,5.742450,-0.955553
3478.000000,95.433152,232.914804,-0.000006,5.637981,5.739646,-0.962690
3480.000000,95.881579,230.965914,-0.000006,5.633883,5.736846,-0.969461
3482.000000,96.329983,229.017018,-0.000006,5.629966,5.734047,-0.975888
3484.000000,96.778363,227.068117,-0.000006,5.625855,5.731248,-0.981983
3486.000000,97.226719,225.119211,-0.000007,5.621418,5.728449,-0.987789
3488.000000,97.675049,223.170298,-0.000007,5.616988,5.725650,-0.993390
3490.000000,98.123352,221.221379,-0.000007,5.612889,5.722850,-0.998898
3492.000000,98.571629,219.272455,-0.000007,5.608972,5.720051,-1.004360
3494.000000,99.019877,217.323523,-0.000007,5.604862,5.717252,-1.009736
3496.000000,99.468097,215.374585,-0.000008,5.600425,5.714455,-1.014976
3498.000000,99.916288,213.425641,-0.000008,5.595995,5.711655,-1.020046
3500.000000,100.364448,211.476690,-0.000008,5.591895,5.708850,-1.024990
3502.000000,100.812599,209.527639,-0.000008,5.587979,5.706049,-1.029896
3504.000000,101.260697,207.578675,-0.000008,5.583868,5.703262,-1.034865
3506.000000,101.708761,205.629704,-0.000009,5.579432,5.700485,-1.040011
3508.000000,102.156793,203.680724,-0.000009,5.575001,5.697672,-1.045426
3510.000000,102.604791,201.731737,-0.000009,5.570901,5.694793,-1.051177
3512.000000,103.052754,199.782742,-0.000009,5.566986,5.691958,-1.057250
3514.000000,103.500680,197.833739,-0.000009,5.562876,5.689340,-1.063567
3516.000000,103.948570,195.884727,-0.000010,5.558439,5.686968,-1.069996
3518.000000,104.396424,193.935707,-0.000010,5.554008,5.684593,-1.076406
3520.000000,104.844238,191.986678,-0.000010,5.549907,5.681968,-1.082637
3522.000000,105.292014,190.037640,-0.000010,5.545992,5.679129,-1.088521
3524.000000,105.739751,188.088593,-0.000010,5.541883,5.676251,-1.093883
3526.000000,106.188405,186.135370,-0.000011,5.537437,5.673434,-1.098595
3528.000000,106.636060,184.186301,-0.000011,5.533006,5.670656,-1.102616
3530.000000,107.083674,182.237224,-0.000011,5.528905,5.667870,-1.106041
3532.000000,107.531244,180.288138,-0.000011,5.524990,5.665067,-1.109015
3534.000000,107.978771,178.339040,-0.000011,5.520880,5.662263,-1.111627
3536.000000,108.426254,176.389933,-0.000012,5.516444,5.659463,-1.113933
3538.000000,108.873692,174.440816,-0.000012,5.512012,5.656665,-1.116017
3540.000000,109.321083,172.491687,-0.000012,5.507912,5.653867,-1.117969
3542.000000,109.768428,170.542548,-0.000012,5.503996,5.651068,-1.119882
3544.000000,110.215726,168.593399,-0.000012,5.499887,5.648268,-1.121811
3546.000000,110.662975,166.644239,-0.000013,5.495450,5.645470,-1.123675
3548.000000,111.110192,164.694997,-0.000013,5.491019,5.642670,-1.125332
3550.000000,111.557341,162.745815,-0.000013,5.486918,5.639871,-1.126663
3552.000000,112.004441,160.796622,-0.000013,5.483002,5.637072,-1.127596
3554.000000,112.451489,158.847416,-0.000013,5.478894,5.634273,-1.128084
3556.000000,112.898485,156.898199,-0.000014,5.474458,5.631473,-1.128171
3558.000000,113.345428,154.948970,-0.000014,5.470026,5.628675,-1.127935
3560.000000,113.792317,152.999730,-0.000014,5.465924,5.625876,-1.127481
3562.000000,114.239152,151.050475,-0.000014,5.462008,5.623076,-1.126947
3564.000000,114.685931,149.101209,-0.000014,5.457900,5.620278,-1.126464
3566.000000,115.132655,147.151929,-0.000015,5.453465,5.617478,-1.126137
3568.000000,115.579321,145.202636,-0.000015,5.449032,5.614679,-1.126018
3570.000000,116.025930,143.253330,-0.000015,5.444930,5.611881,-1.126037
3572.000000,116.473440,141.299821,-0.000015,5.441006,5.609075,-1.126092
3574.000000,116.919931,139.350485,-0.000015,5.436898,5.606276,-1.126002
3576.000000,117.366362,137.401138,-0.000016,5.432463,5.603476,-1.125536
3578.000000,117.812732,135.451776,-0.000016,5.428030,5.600677,-1.124453
3580.000000,118.259041,133.502399,-0.000016,5.423928,5.597879,-1.122593
3582.000000,118.705287,131.553009,-0.000016,5.420013,5.595081,-1.119818
3584.000000,119.151470,129.603603,-0.000016,5.415905,5.592279,-1.115982
3586.000000,119.597590,127.654184,-0.000017,5.411470,5.589474,-1.111006
3588.000000,120.043645,125.704749,-0.000017,5.407037,5.586678,-1.105126
3590.000000,120.489634,123.755299,-0.000017,5.402934,5.583901,-1.098762
3592.000000,120.935556,121.805836,-0.000017,5.399019,5.581112,-1.092391
3594.000000,121.381411,119.856354,-0.000017,5.394912,5.578265,-1.086472
3596.000000,121.827210,117.906814,-0.000018,5.390477,5.575385,-1.081213
3598.000000,122.272928,115.957305,-0.000018,5.386044,5.572635,-1.076648
3600.000000,122.718577,114.007779,-0.000018,5.381940,5.570159,-1.072804
3602.000000,123.164156,112.058238,-0.000018,5.378025,5.567821,-1.069702
3604.000000,123.609663,110.108680,-0.000018,5.373918,5.565342,-1.067337
3606.000000,124.055099,108.159106,-0.000019,5.369484,5.562590,-1.065650
3608.000000,124.500463,106.209515,-0.000019,5.365050,5.559710,-1.064598
3610.000000,124.945753,104.259908,-0.000019,5.360946,5.556864,-1.064158
3612.000000,125.390969,102.310284,-0.000019,5.357031,5.554075,-1.064301
3614.000000,125.836110,100.360641,-0.000019,5.352926,5.551297,-1.064983
3616.000000,126.281175,98.410983,-0.000020,5.348491,5.548502,-1.066155
3618.000000,126.726162,96.461307,-0.000020,5.344057,5.545697,-1.067808
3620.000000,127.172035,94.507397,-0.000020,5.339944,5.542888,-1.069858
3622.000000,127.616869,92.557683,-0.000020,5.336029,5.540090,-1.072155
3624.000000,128.061623,90.607953,-0.000020,5.331923,5.537292,-1.074558
3626.000000,128.506298,88.658202,-0.000021,5.327489,5.534494,-1.076902
3628.000000,128.950893,86.708435,-0.000021,5.323055,5.531693,-1.079019
3630.000000,129.395405,84.758648,-0.000021,5.318949,5.528894,-1.080902
3632.000000,129.839836,82.808841,-0.000021,5.315033,5.526095,-1.082637
3634.000000,130.284185,80.859018,-0.000022,5.310931,5.523297,-1.084327
3636.000000,130.728448,78.909174,-0.000022,5.306501,5.520500,-1.086100
3638.000000,131.172629,76.959313,-0.000022,5.302064,5.517699,-1.088108
3640.000000,131.616723,75.009429,-0.000022,5.297942,5.514891,-1.090501
3642.000000,132.060737,73.059506,-0.000022,5.294017,5.512088,-1.093421
3644.000000,132.504659,71.109587,-0.000022,5.289953,5.509309,-1.097031
3646.000000,132.948494,69.159647,-0.000023,5.285588,5.506546,-1.101480
3648.000000,133.392239,67.209687,-0.000023,5.281113,5.503726,-1.106907
3650.000000,133.835896,65.259709,-0.000023,5.276755,5.500796,-1.113418
3652.000000,134.279462,63.309708,-0.000023,5.272715,5.497933,-1.121070
3654.000000,134.722939,61.359686,-0.000023,5.269179,5.495426,-1.129884
3656.000000,135.166324,59.409646,-0.000024,5.266328,5.493374,-1.139872
3658.000000,135.609616,57.459583,-0.000024,5.264344,5.491489,-1.151008
3660.000000,136.052815,55.509499,-0.000024,5.263353,5.489481,-1.163225
3662.000000,136.495921,53.559394,-0.000024,5.263064,5.487424,-1.176440
3664.000000,136.938931,51.609267,-0.000024,5.262967,5.485576,-1.190621
3666.000000,137.382810,49.654880,-0.000025,5.262694,5.484009,-1.205776
3668.000000,137.825628,47.704707,-0.000025,5.262174,5.482437,-1.221840
3670.000000,138.268350,45.754514,-0.000025,5.261390,5.480565,-1.238870
3672.000000,138.710975,43.804297,-0.000025,5.260527,5.478498,-1.256889
3674.000000,139.153501,41.854059,-0.000025,5.259872,5.476543,-1.275877
3676.000000,139.595928,39.903798,-0.000026,5.259515,5.474869,-1.295778
3678.000000,140.038255,37.953513,-0.000026,5.259140,5.473368,-1.316545
3680.000000,140.480480,36.003207,-0.000026,5.258441,5.471905,-1.338165
3682.000000,140.922604,34.052878,-0.000026,5.257559,5.470336,-1.360587
3684.000000,141.364625,32.102525,-0.000026,5.256867,5.468525,-1.383706
3686.000000,141.806544,30.152148,-0.000027,5.256502,5.466476,-1.407427
3688.000000,142.248358,28.201749,-0.000027,5.256139,5.464467,-1.431730
3690.000000,142.690066,26.251325,-0.000027,5.255446,5.462769,-1.456594
3692.000000,143.131671,24.300877,-0.000027,5.254562,5.461247,-1.481969
3694.000000,143.573167,22.350405,-0.000027,5.253867,5.459552,-1.507816
3696.000000,144.014557,20.399909,-0.000028,5.253502,5.457547,-1.534071
3698.000000,144.455840,18.449389,-0.000028,5.253139,5.455495,-1.560628
3700.000000,144.897013,16.498844,-0.000028,5.252448,5.453681,-1.587370
3702.000000,145.338076,14.548273,-0.000028,5.251564,5.452111,-1.614190
3704.000000,145.779029,12.597679,-0.000028,5.250868,5.450646,-1.641100
3706.000000,146.219870,10.647059,-0.000029,5.250503,5.449148,-1.668147
3708.000000,146.660600,8.696414,-0.000029,5.250140,5.447476,-1.695379
3710.000000,147.101218,6.745744,-0.000029,5.249449,5.445523,-1.722843
3712.000000,147.541721,4.795046,-0.000029,5.248565,5.443454,-1.750516
3714.000000,147.983067,2.840088,-0.000029,5.247867,5.441578,-1.778409
3716.000000,148.423341,0.889342,-0.000030,5.247501,5.440010,-1.806368
3718.000000,148.863499,-1.061431,-0.000030,5.247139,5.438445,-1.834394
3720.000000,149.303540,-3.012230,-0.000030,5.246450,5.436577,-1.862385
3722.000000,149.743463,-4.963055,-0.000030,5.245567,5.434510,-1.890229
3724.000000,150.183269,-6.913907,-0.000030,5.244866,5.432552,-1.917863
3726.000000,150.622954,-8.864787,-0.000031,5.244493,5.430877,-1.945250
3728.000000,151.062522,-10.815692,-0.000031,5.244135,5.429377,-1.972341
3730.000000,151.501967,-12.766625,-0.000031,5.243473,5.427912,-1.999115
3732.000000,151.941292,-14.717586,-0.000031,5.242604,5.426345,-2.025576
3734.000000,152.380494,-16.668573,-0.000032,5.241844,5.424536,-2.051728
3736.000000,152.819573,-18.619589,-0.000032,5.241366,5.422486,-2.077635
3738.000000,153.258534,-20.570659,-0.000032,5.241067,5.420477,-2.103431
3740.000000,153.697366,-22.521732,-0.000032,5.240803,5.418778,-2.129261
3742.000000,154.136072,-24.472833,-0.000032,5.240435,5.417254,-2.155276
3744.000000,154.574652,-26.423963,-0.000033,5.239825,5.415562,-2.181649
3746.000000,155.013106,-28.375122,-0.000033,5.238973,5.413557,-2.208586
3748.000000,155.451431,-30.326309,-0.000033,5.238165,5.411505,-2.236033
3750.000000,155.889628,-32.277524,-0.000033,5.237673,5.409691,-2.263120
3752.000000,156.327695,-34.228770,-0.000033,5.237352,5.408119,-2.289549
3754.000000,156.765633,-36.180043,-0.000034,5.236843,5.406654,-2.315359
3756.000000,157.203439,-38.131347,-0.000034,5.236008,5.405156,-2.340594
3758.000000,157.641114,-40.082680,-0.000034,5.235173,5.403485,-2.365290
3760.000000,158.079602,-42.038258,-0.000034,5.234662,5.401529,-2.389513
3762.000000,158.517010,-43.989648,-0.000034,5.234346,5.399460,-2.413207
3764.000000,158.954284,-45.941069,-0.000034,5.233844,5.397588,-2.436561
3766.000000,159.391424,-47.892521,-0.000035,5.233010,5.396018,-2.459744
3768.000000,159.828429,-49.844002,-0.000035,5.232173,5.394453,-2.482916
3770.000000,160.265297,-51.795513,-0.000035,5.231663,5.392588,-2.506179
3772.000000,160.702028,-53.747056,-0.000035,5.231346,5.390520,-2.529611
3774.000000,161.138620,-55.698629,-0.000036,5.230845,5.388562,-2.553284
3776.000000,161.575074,-57.650235,-0.000036,5.230012,5.386885,-2.577264
3778.000000,162.011388,-59.601871,-0.000036,5.229174,5.385384,-2.601624
3780.000000,162.447562,-61.553538,-0.000036,5.228663,5.383920,-2.626434
3782.000000,162.883595,-63.505236,-0.000036,5.228347,5.382353,-2.651721
3784.000000,163.319497,-65.457016,-0.000037,5.227845,5.380545,-2.677445
3786.000000,163.755247,-67.408780,-0.000037,5.227013,5.378496,-2.703539
3788.000000,164.190851,-69.360575,-0.000037,5.226175,5.376487,-2.729934
3790.000000,164.626312,-71.312403,-0.000037,5.225664,5.374786,-2.756554
3792.000000,165.061628,-73.264264,-0.000037,5.225347,5.373262,-2.783333
3794.000000,165.496799,-75.216157,-0.000038,5.224846,5.371571,-2.810225
3796.000000,165.931822,-77.168083,-0.000038,5.224014,5.369567,-2.837197
3798.000000,166.366698,-79.120041,-0.000038,5.223177,5.367516,-2.864214
3800.000000,166.801426,-81.072033,-0.000038,5.222664,5.365699,-2.891243
3802.000000,167.236005,-83.024058,-0.000038,5.222347,5.364127,-2.918274
3804.000000,167.670434,-84.976117,-0.000039,5.221848,5.362661,-2.945353
3806.000000,168.105645,-86.932403,-0.000039,5.221016,5.361160,-2.972619
3808.000000,168.539771,-88.884526,-0.000039,5.220177,5.359490,-3.000067
3810.000000,168.973746,-90.836684,-0.000039,5.219659,5.357539,-3.027874
3812.000000,169.407567,-92.788876,-0.000039,5.219338,5.355470,-3.056160
3814.000000,169.841235,-94.741101,-0.000040,5.218853,5.353595,-3.084985
3816.000000,170.274749,-96.693359,-0.000040,5.218048,5.352024,-3.114283
3818.000000,170.708106,-98.645655,-0.000040,5.217195,5.350459,-3.143943
3820.000000,171.141308,-100.597984,-0.000039,5.216586,5.348602,-3.173746
3822.000000,171.574356,-102.550346,-0.000038,5.216219,5.346539,-3.203426
3824.000000,172.007257,-104.502743,-0.000036,5.215932,5.344566,-3.232681
3826.000000,172.440017,-106.455170,-0.000035,5.215595,5.342863,-3.261346
3828.000000,172.872642,-108.407627,-0.000033,5.215146,5.341375,-3.289370
3830.000000,173.305138,-110.360113,-0.000031,5.214535,5.339996,-3.316717
3832.000000,173.737529,-112.312698,-0.000030,5.213739,5.338474,-3.343389
3834.000000,174.169787,-114.265237,-0.000028,5.212758,5.336482,-3.369419
3836.000000,174.601935,-116.217802,-0.000027,5.211844,5.334106,-3.394837
3838.000000,175.033980,-118.170390,-0.000025,5.211771,5.332272,-3.419622
3840.000000,175.465928,-120.122998,-0.000023,5.213402,5.331997,-3.443582
3842.000000,175.897785,-122.075626,-0.000022,5.217855,5.334161,-3.466395
3844.000000,176.329557,-124.028275,-0.000020,5.226379,5.339568,-3.487652
3846.000000,176.761250,-125.980939,-0.000018,5.239109,5.348181,-3.506742
3848.000000,177.192871,-127.933620,-0.000017,5.253916,5.358254,-3.522874
3850.000000,177.624427,-129.886316,-0.000015,5.268562,5.367987,-3.535095
3852.000000,178.055923,-131.839024,-0.000014,5.282486,5.377076,-3.542235
3854.000000,178.488285,-133.795916,-0.000011,5.296070,5.386053,-3.543017
3856.000000,178.919678,-135.748646,-0.000006,5.309567,5.395203,-3.536147
3858.000000,179.351046,-137.701381,0.000000,5.323206,5.404458,-3.520385
3860.000000,179.782415,-139.654116,0.000008,5.337135,5.413689,-3.494906
3862.000000,180.213812,-141.606845,0.000015,5.351197,5.422875,-3.458909
3864.000000,180.645269,-143.559560,0.000024,5.365063,5.432050,-3.411258
3866.000000,181.076817,-145.512255,0.000032,5.378616,5.441241,-3.349765
3868.000000,181.508491,-147.464922,0.000040,5.392179,5.450443,-3.271409
3870.000000,181.940326,-149.417555,0.000045,5.406082,5.459650,-3.173021
3872.000000,182.372340,-151.370147,0.000050,5.420175,5.468854,-3.051345
3874.000000,182.804539,-153.322697,0.000063,5.434047,5.478044,-2.902867
3876.000000,183.236969,-155.275196,0.000084,5.447567,5.487229,-2.723419
3878.000000,183.669756,-157.227719,0.000092,5.461178,5.496453,-2.508402
3880.000000,184.102941,-159.180062,0.000061,5.475308,5.505750,-2.252959
3882.000000,184.536392,-161.132342,0.000030,5.489540,5.515014,-1.953000
3884.000000,184.969837,-163.084598,0.000107,5.502994,5.524061,-1.607371
3886.000000,185.403478,-165.036795,0.000252,5.515754,5.532978,-1.211285
3888.000000,185.838400,-166.988766,-0.000320,5.529854,5.542393,-0.754380
3890.000000,186.274542,-168.940576,-0.002523,5.546895,5.552776,-0.223213
3892.000000,186.702003,-170.894222,-0.005846,5.562570,5.562578,0.385348
3894.000000,187.106103,-172.852649,-0.009027,5.569479,5.569201,1.067690
3896.000000,187.473961,-174.818246,-0.011791,5.564846,5.571279,1.820876
3898.000000,187.795961,-176.792415,-0.015893,5.554823,5.569851,2.639555
3900.000000,188.060350,-178.776286,-0.023414,5.544514,5.567285,3.493676
3902.000000,188.234184,-180.769514,-0.033786,5.518983,5.575799,4.305538
3904.000000,188.273560,-182.767143,-0.045531,5.452150,5.613082,5.000880
3906.000000,188.132864,-184.763801,-0.058546,5.350911,5.689035,5.527402
3908.000000,187.761173,-186.725337,-0.071075,5.312209,5.791517,5.856866
3910.000000,187.110288,-188.616559,-0.081643,5.434535,5.907005,6.002864
3912.000000,186.163380,-190.373690,-0.088928,5.651947,6.040933,5.992192
3914.000000,184.912748,-191.929447,-0.085002,5.789507,6.212077,5.830514
3916.000000,183.399627,-193.236471,-0.066745,5.792970,6.390945,5.423640
3918.000000,181.725572,-194.329669,-0.042065,5.811907,6.467539,4.696909
3920.000000,179.965690,-195.276675,-0.016218,5.964924,6.371147,3.671712
3922.000000,178.172740,-196.167152,0.006784,6.182548,6.196599,2.456115
3924.000000,176.401843,-197.092434,0.019756,6.350324,6.077082,1.248384
3926.000000,174.672973,-198.099309,0.022862,6.433523,6.054969,0.157423
3928.000000,172.994126,-199.182732,0.023610,6.468268,6.091147,-0.833863
3930.000000,171.363577,-200.343330,0.026375,6.489736,6.147694,-1.748525
3932.000000,169.796652,-201.586557,0.031204,6.503026,6.218864,-2.576575
3934.000000,168.309878,-202.922759,0.038777,6.501279,6.311958,-3.306093
3936.000000,166.928009,-204.365041,0.049783,6.485686,6.414518,-3.909233
3938.000000,165.692717,-205.940530,0.061282,6.476956,6.466818,-4.348120
3940.000000,164.666248,-207.655098,0.069775,6.496800,6.407887,-4.607856
3942.000000,163.890553,-209.494729,0.073934,6.535737,6.271132,-4.704275
3944.000000,163.400164,-211.431090,0.070422,6.562427,6.156012,-4.638156
3946.000000,163.200779,-213.419263,0.057854,6.564048,6.117642,-4.390736
3948.000000,163.232069,-215.418020,0.042721,6.559247,6.134801,-3.968496
3950.000000,163.429379,-217.406647,0.029997,6.564407,6.178521,-3.409721
3952.000000,163.744751,-219.381545,0.019456,6.573134,6.226653,-2.759221
3954.000000,164.134327,-221.343053,0.010984,6.573077,6.260005,-2.068533
3956.000000,164.564595,-223.296037,0.004635,6.562205,6.275963,-1.385780
3958.000000,165.011628,-225.245406,0.000654,6.547643,6.286441,-0.741955
3960.000000,165.456951,-227.195068,-0.000506,6.535591,6.300424,-0.158314
3962.000000,165.899913,-229.148889,-0.000105,6.527498,6.314718,0.370714
3964.000000,166.342149,-231.099158,0.000217,6.523559,6.323203,0.855898
3966.000000,166.785747,-233.049151,0.000155,6.522753,6.325190,1.305492
3968.000000,167.229942,-234.999020,0.000015,6.522985,6.325034,1.722755
3970.000000,167.674012,-236.948910,-0.000014,6.522578,6.326323,2.110021
3972.000000,168.117972,-238.898818,0.000023,6.521578,6.328747,2.469640
3974.000000,168.562056,-240.848699,0.000047,6.520505,6.330948,2.803846
3976.000000,169.006362,-242.798530,0.000043,6.519640,6.332505,3.114336
3978.000000,169.450835,-244.748325,0.000032,6.519020,6.333957,3.402160
3980.000000,169.895421,-246.698093,0.000030,6.518624,6.335768,3.668042
3982.000000,170.340119,-248.647836,0.000032,6.518262,6.337848,3.912672
3984.000000,170.784943,-250.597549,0.000034,6.517705,6.339943,4.136617
3986.000000,171.230068,-252.547962,0.000033,6.516913,6.341944,4.340496
3988.000000,171.675156,-254.497617,0.000032,6.516047,6.343896,4.524858
3990.000000,172.120366,-256.447245,0.000031,6.515240,6.345853,4.690573
3992.000000,172.565698,-258.396844,0.000031,6.514460,6.347849,4.838540
3994.000000,173.011152,-260.346417,0.000031,6.513620,6.349910,4.970040
3996.000000,173.456727,-262.295961,0.000031,6.512758,6.351972,5.086100
3998.000000,173.902422,-264.245477,0.000030,6.512046,6.353870,5.187465
4000.000000,174.348235,-266.194967,0.000030,6.511602,6.355502,5.274751
4002.000000,174.794163,-268.144430,0.000030,6.511255,6.357046,5.348433
4004.000000,175.240208,-270.093867,0.000029,6.510745,6.358769,5.408475
4006.000000,175.686367,-272.043277,0.000029,6.509982,6.360748,5.454372
4008.000000,176.133442,-273.996171,0.000029,6.509076,6.362830,5.485879
4010.000000,176.579824,-275.945529,0.000028,6.508160,6.364867,5.502636
4012.000000,177.026317,-277.894862,0.000028,6.507364,6.366849,5.504736
4014.000000,177.472918,-279.844169,0.000027,6.506812,6.368812,5.492652
4016.000000,177.919625,-281.793452,0.000027,6.506455,6.370789,5.466885
4018.000000,178.366440,-283.742710,0.000027,6.506043,6.372815,5.427874
4020.000000,178.813359,-285.691945,0.000027,6.505369,6.374898,5.376861
4022.000000,179.260381,-287.641156,0.000026,6.504516,6.376907,5.317962
4024.000000,179.707505,-289.590343,0.000026,6.503665,6.378679,5.255426
4026.000000,180.154730,-291.539509,0.000025,6.502879,6.380238,5.190334
4028.000000,180.602054,-293.488650,0.000025,6.502079,6.381841,5.122250
4030.000000,181.049476,-295.437769,0.000025,6.501206,6.383704,5.050455
4032.000000,181.497166,-297.387619,0.000024,6.500389,6.385757,4.974369
4034.000000,181.944780,-299.336695,0.000024,6.499809,6.387829,4.893559
4036.000000,182.392488,-301.285751,0.000024,6.499450,6.389838,4.807514
4038.000000,182.840287,-303.234785,0.000023,6.499046,6.391810,4.715963
4040.000000,183.288178,-305.183799,0.000023,6.498376,6.393778,4.619018
4042.000000,183.736158,-307.132791,0.000023,6.497522,6.395778,4.517285
4044.000000,184.184226,-309.081764,0.000022,6.496668,6.397842,4.411549
4046.000000,184.632382,-311.030717,0.000022,6.495881,6.399912,4.302593
4048.000000,185.080623,-312.979650,0.000022,6.495080,6.401825,4.191024
4050.000000,185.528947,-314.928564,0.000021,6.494207,6.403465,4.077269
4052.000000,185.977355,-316.877458,0.000021,6.493389,6.405012,3.961760
4054.000000,186.426645,-318.829819,0.000020,6.492808,6.406744,3.844770
4056.000000,186.875214,-320.778675,0.000020,6.492448,6.408732,3.727136
4058.000000,187.323860,-322.727513,0.000020,6.492044,6.410808,3.608974
4060.000000,187.772584,-324.676333,0.000019,6.491372,6.412822,3.490563
4062.000000,188.221384,-326.625135,0.000019,6.490517,6.414806,3.372200
4064.000000,188.670257,-328.573921,0.000019,6.489663,6.416847,3.254215
4066.000000,189.119203,-330.522690,0.000018,6.488876,6.418916,3.137025
4068.000000,189.568221,-332.471442,0.000018,6.488074,6.420835,3.021086
4070.000000,190.017309,-334.420178,0.000018,6.487203,6.422480,2.906853
4072.000000,190.466465,-336.368899,0.000017,6.486386,6.424028,2.794688
4074.000000,190.915689,-338.317603,0.000017,6.485802,6.425752,2.684596
4076.000000,191.364979,-340.266293,0.000016,6.485437,6.427735,2.576411
4078.000000,191.814511,-342.215742,0.000016,6.485039,6.429820,2.470162
4080.000000,192.263928,-344.164404,0.000016,6.484393,6.431863,2.366250
4082.000000,192.713407,-346.113052,0.000015,6.483541,6.433850,2.264946
4084.000000,193.162946,-348.061686,0.000015,6.482612,6.435818,2.166566
4086.000000,193.612543,-350.010306,0.000015,6.481738,6.437800,2.071464
4088.000000,194.062198,-351.958913,0.000014,6.481050,6.439831,1.980015
4090.000000,194.511908,-353.907507,0.000014,6.480621,6.441917,1.892588
4092.000000,194.961674,-355.856090,0.000014,6.480270,6.443928,1.809485
4094.000000,195.411493,-357.804659,0.000013,6.479732,6.445700,1.730843
4096.000000,195.861362,-359.753217,0.000013,6.478944,6.447260,1.656605
4098.000000,196.311281,-361.701763,0.000012,6.478070,6.448868,1.586317
4100.000000,196.761249,-363.650298,0.000012,6.477257,6.450736,1.519280
4102.000000,197.212061,-365.602282,0.000011,6.476472,6.452796,1.454657
4104.000000,197.662118,-367.550796,0.000011,6.475630,6.454869,1.391998
4106.000000,198.112219,-369.499297,0.000011,6.474763,6.456879,1.330644
4108.000000,198.562361,-371.447790,0.000010,6.474049,6.458852,1.270242
4110.000000,199.012542,-373.396274,0.000010,6.473609,6.460820,1.210600
4112.000000,199.462761,-375.344750,0.000009,6.473263,6.462823,1.151584
4114.000000,199.913015,-377.293216,0.000009,6.472730,6.464887,1.093211
4116.000000,200.363304,-379.241675,0.000008,6.471941,6.466956,1.035703
4118.000000,200.813625,-381.190127,0.000008,6.471065,6.468863,0.979205
4120.000000,201.263978,-383.138571,0.000007,6.470252,6.470501,0.923728
4122.000000,201.714359,-385.087008,0.000007,6.469470,6.472050,0.869234
4124.000000,202.164768,-387.035440,0.000007,6.468629,6.473779,0.815770
4126.000000,202.615387,-388.984663,0.000006,6.467763,6.475763,0.763535
4128.000000,203.065845,-390.933085,0.000006,6.467048,6.477846,0.712879
4130.000000,203.516327,-392.881501,0.000005,6.466602,6.479886,0.664087
4132.000000,203.966828,-394.829913,0.000005,6.466254,6.481873,0.617145
4134.000000,204.417349,-396.778320,0.000004,6.465742,6.483838,0.571914
4136.000000,204.867887,-398.726723,0.000004,6.464975,6.485819,0.528221
4138.000000,205.318440,-400.675124,0.000004,6.464069,6.487849,0.485781
4140.000000,205.769006,-402.623520,0.000003,6.463152,6.489933,0.444206
4142.000000,206.219585,-404.571913,0.000003,6.462357,6.491942,0.403203
4144.000000,206.670175,-406.520304,0.000002,6.461806,6.493711,0.362641
4146.000000,207.120772,-408.468695,0.000002,6.461450,6.495269,0.322404
4148.000000,207.572171,-410.420519,0.000001,6.461034,6.496880,0.282308
4150.000000,208.022781,-412.368905,0.000001,6.460355,6.498749,0.242381
4152.000000,208.473394,-414.317289,0.000001,6.459500,6.500804,0.202437
4154.000000,208.924008,-416.265672,0.000000,6.458649,6.502875,0.162376
4156.000000,209.374623,-418.214055,-0.000000,6.457864,6.504884,0.122189
4158.000000,209.825237,-420.162440,-0.000001,6.457061,6.506855,0.081798
4160.000000,210.275846,-422.110825,-0.000001,6.456188,6.508823,0.041019
4162.000000,210.726450,-424.059210,-0.000002,6.455374,6.510824,-0.000175
4164.000000,211.177048,-426.007598,-0.000002,6.454801,6.512888,-0.041625
4166.000000,211.627638,-427.955987,-0.000003,6.454443,6.514955,-0.083339
4168.000000,212.078217,-429.904379,-0.000003,6.454035,6.516861,-0.125347
4170.000000,212.528785,-431.852774,-0.000003,6.453359,6.518498,-0.167637
4172.000000,212.979528,-433.801992,-0.000004,6.452503,6.520047,-0.210218
4174.000000,213.430067,-435.750395,-0.000004,6.451651,6.521774,-0.253070
4176.000000,213.880589,-437.698802,-0.000005,6.450866,6.523756,-0.296295
4178.000000,214.331092,-439.647214,-0.000005,6.450063,6.525838,-0.340059
4180.000000,214.781574,-441.595629,-0.000006,6.449191,6.527877,-0.384532
4182.000000,215.232035,-443.544051,-0.000006,6.448377,6.529863,-0.429948
4184.000000,215.682472,-445.492478,-0.000007,6.447802,6.531827,-0.476564
4186.000000,216.132883,-447.440910,-0.000007,6.447444,6.533807,-0.524636
4188.000000,216.583267,-449.389349,-0.000007,6.447037,6.535836,-0.574359
4190.000000,217.033622,-451.337794,-0.000008,6.446363,6.537919,-0.625698
4192.000000,217.483946,-453.286247,-0.000008,6.445508,6.539928,-0.678514
4194.000000,217.934239,-455.234707,-0.000009,6.444655,6.541698,-0.732664
4196.000000,218.385286,-457.186589,-0.000009,6.443867,6.543259,-0.788076
4198.000000,218.835508,-459.135062,-0.000010,6.443066,6.544865,-0.844263
4200.000000,219.285692,-461.083545,-0.000010,6.442196,6.546732,-0.901067
4202.000000,219.735837,-463.032037,-0.000010,6.441382,6.548785,-0.958489
4204.000000,220.185941,-464.980540,-0.000011,6.440801,6.550856,-1.016377
4206.000000,220.636003,-466.929051,-0.000011,6.440436,6.552864,-1.074350
4208.000000,221.086021,-468.877572,-0.000012,6.440037,6.554835,-1.132061
4210.000000,221.535993,-470.826105,-0.000012,6.439393,6.556802,-1.189219
4212.000000,221.985916,-472.774648,-0.000013,6.438542,6.558801,-1.245368
4214.000000,222.435791,-474.723202,-0.000013,6.437614,6.560864,-1.299994
4216.000000,222.885614,-476.671769,-0.000014,6.436741,6.562931,-1.352568
4218.000000,223.335385,-478.620348,-0.000014,6.436054,6.564840,-1.402533
4220.000000,223.785296,-480.569784,-0.000015,6.435624,6.566480,-1.450013
4222.000000,224.234956,-482.518390,-0.000015,6.435272,6.568027,-1.498197
4224.000000,224.684558,-484.467009,-0.000015,6.434738,6.569751,-1.548147
4226.000000,225.134101,-486.415643,-0.000016,6.433952,6.571730,-1.599771
4228.000000,225.583582,-488.364290,-0.000016,6.433079,6.573811,-1.652962
4230.000000,226.033001,-490.312952,-0.000017,6.432266,6.575852,-1.707630
4232.000000,226.482355,-492.261628,-0.000017,6.431484,6.577837,-1.763708
4234.000000,226.931641,-494.210320,-0.000017,6.430644,6.579801,-1.821139
4236.000000,227.380860,-496.159028,-0.000018,6.429777,6.581780,-1.879880
4238.000000,227.830010,-498.107752,-0.000018,6.429060,6.583808,-1.939880
4240.000000,228.279087,-500.056493,-0.000019,6.428617,6.585891,-2.001094
4242.000000,228.728873,-502.008641,-0.000019,6.428270,6.587905,-2.063555
4244.000000,229.177802,-503.957413,-0.000020,6.427743,6.589677,-2.126913
4246.000000,229.626654,-505.906203,-0.000020,6.426958,6.591236,-2.191106
4248.000000,230.075428,-507.855012,-0.000021,6.426083,6.592841,-2.255964
4250.000000,230.524121,-509.803839,-0.000021,6.425269,6.594710,-2.321299
4252.000000,230.972733,-511.752685,-0.000021,6.424488,6.596763,-2.386855
4254.000000,231.421261,-513.701550,-0.000022,6.423650,6.598815,-2.452414
4256.000000,231.869704,-515.650435,-0.000022,6.422784,6.600801,-2.517790
4258.000000,232.318060,-517.599339,-0.000023,6.422063,6.602801,-2.582810
4260.000000,232.766328,-519.548264,-0.000023,6.421611,6.604871,-2.647361
4262.000000,233.214505,-521.497210,-0.000024,6.421264,6.606888,-2.711388
4264.000000,233.662590,-523.446177,-0.000024,6.420759,6.608669,-2.774890
4266.000000,234.110780,-525.396033,-0.000024,6.419998,6.610231,-2.837922
4268.000000,234.558677,-527.345045,-0.000025,6.419094,6.611832,-2.900479
4270.000000,235.006476,-529.294080,-0.000025,6.418177,6.613692,-2.962674
4272.000000,235.454177,-531.243137,-0.000026,6.417376,6.615743,-3.024608
4274.000000,235.901776,-533.192217,-0.000026,6.416819,6.617815,-3.086382
4276.000000,236.349274,-535.141322,-0.000027,6.416460,6.619825,-3.148052
4278.000000,236.796666,-537.090449,-0.000027,6.416050,6.621796,-3.209592
4280.000000,237.243954,-539.039601,-0.000028,6.415379,6.623763,-3.270943
4282.000000,237.691134,-540.988777,-0.000028,6.414527,6.625762,-3.332055
4284.000000,238.138204,-542.937980,-0.000028,6.413675,6.627823,-3.392877
4286.000000,238.585164,-544.887207,-0.000029,6.412889,6.629892,-3.453352
4288.000000,239.032784,-546.839830,-0.000029,6.412086,6.631809,-3.513518
4290.000000,239.479516,-548.789107,-0.000030,6.411215,6.633453,-3.573072
4292.000000,239.926132,-550.738410,-0.000030,6.410397,6.635000,-3.631980
4294.000000,240.372631,-552.687741,-0.000031,6.409814,6.636719,-3.690062
4296.000000,240.819009,-554.637100,-0.000031,6.409453,6.638695,-3.747118
4298.000000,241.265268,-556.586486,-0.000032,6.409051,6.640777,-3.802881
4300.000000,241.711403,-558.535901,-0.000032,6.408384,6.642819,-3.856975
4302.000000,242.157413,-560.485343,-0.000032,6.407531,6.644805,-3.909011
4304.000000,242.603298,-562.434815,-0.000033,6.406677,6.646770,-3.958675
4306.000000,243.049053,-564.384316,-0.000033,6.405890,6.648749,-4.005708
4308.000000,243.494680,-566.333846,-0.000034,6.405090,6.650776,-4.049935
4310.000000,243.940175,-568.283407,-0.000034,6.404219,6.652859,-4.091287
4312.000000,244.385536,-570.232998,-0.000035,6.403399,6.654873,-4.129744
4314.000000,244.830966,-572.183513,-0.000035,6.402815,6.656653,-4.165282
4316.000000,245.276057,-574.133168,-0.000035,6.402454,6.658215,-4.197817
4318.000000,245.721009,-576.082854,-0.000036,6.402052,6.659816,-4.227318
4320.000000,246.165821,-578.032572,-0.000036,6.401386,6.661676,-4.253697
4322.000000,246.610492,-579.982324,-0.000037,6.400533,6.663726,-4.276756
4324.000000,247.055018,-581.932107,-0.000037,6.399679,6.665800,-4.296216
4326.000000,247.499400,-583.881923,-0.000038,6.398892,6.667812,-4.311807
4328.000000,247.943634,-585.831773,-0.000038,6.398092,6.669782,-4.323347
4330.000000,248.387719,-587.781658,-0.000039,6.397219,6.671748,-4.330709
4332.000000,248.831654,-589.731576,-0.000039,6.396400,6.673747,-4.333791
4334.000000,249.275437,-591.681528,-0.000039,6.395817,6.675817,-4.332498
4336.000000,249.719827,-593.634863,-0.000040,6.395458,6.677901,-4.326701
4338.000000,250.163300,-595.584884,-0.000040,6.395052,6.679803,-4.316289
4340.000000,250.606616,-597.534941,-0.000041,6.394372,6.681407,-4.301170
4342.000000,251.049772,-599.485036,-0.000041,6.393517,6.682947,-4.281206
4344.000000,251.492768,-601.435166,-0.000042,6.392698,6.684778,-4.256223
4346.000000,251.935602,-603.385332,-0.000042,6.391955,6.686891,-4.226042
4348.000000,252.378271,-605.335537,-0.000043,6.391101,6.688810,-4.190418
4350.000000,252.820771,-607.285779,-0.000042,6.390092,6.690261,-4.149020
4352.000000,253.263105,-609.236059,-0.000042,6.389633,6.692138,-4.101436
4354.000000,253.705278,-611.186376,-0.000044,6.390623,6.695666,-4.047235
4356.000000,254.147280,-613.136732,-0.000036,6.391689,6.699550,-3.985977
4358.000000,254.589092,-615.087129,-0.000069,6.388588,6.699287,-3.917224
