s_m,x_m,y_m,kappa_radpm,w_tr_right_m,w_tr_left_m,d_m
0.000000,608.761552,-622.587871,-0.000739,6.927436,6.927436,2.670569
2.000000,606.767768,-622.397429,-0.000460,6.927690,6.927690,2.632127
4.000000,604.774186,-622.204884,-0.000473,6.927977,6.927977,2.592450
6.000000,602.780750,-622.010838,-0.000474,6.928429,6.928429,2.552073
8.000000,600.787554,-621.814343,-0.000433,6.928674,6.928674,2.510094
10.000000,598.794474,-621.616673,-0.000369,6.929494,6.929494,2.467897
12.000000,596.801605,-621.416884,-0.000237,6.930162,6.930162,2.424539
14.000000,594.808784,-621.216609,-0.000137,6.930483,6.930483,2.381790
16.000000,592.816034,-621.015640,-0.000101,6.930698,6.930698,2.339346
18.000000,590.823315,-620.814364,-0.000034,6.930603,6.930603,2.297515
20.000000,588.830627,-620.612777,0.000040,6.930186,6.930186,2.256512
22.000000,586.837901,-620.411570,0.000165,6.929107,6.929107,2.216940
24.000000,584.845154,-620.210560,0.000216,6.927563,6.927563,2.178437
26.000000,582.852221,-620.011410,0.000139,6.925807,6.925807,2.142239
28.000000,580.859335,-619.811792,0.000168,6.923668,6.923668,2.102314
30.000000,578.866320,-619.613469,0.000167,6.920262,6.920262,2.060150
32.000000,576.873249,-619.415710,0.000073,6.916794,6.916794,2.016437
34.000000,574.880153,-619.218192,0.000078,6.913969,6.913969,1.986683
36.000000,572.887046,-619.020789,0.000111,6.909973,6.909973,1.961754
38.000000,570.893863,-618.824159,0.000059,6.906744,6.906744,1.930699
40.000000,568.900669,-618.627646,-0.000020,6.903726,6.903726,1.899833
42.000000,566.907479,-618.431075,-0.000046,6.900148,6.900148,1.869227
44.000000,564.914322,-618.234184,-0.000031,6.897750,6.897750,1.838875
46.000000,562.921168,-618.037259,-0.000039,6.894879,6.894879,1.809198
48.000000,560.928025,-617.840220,-0.000031,6.892764,6.892764,1.780370
50.000000,558.934919,-617.642817,-0.000046,6.891637,6.891637,1.752239
52.000000,556.941777,-617.445763,-0.000054,6.890701,6.890701,1.725528
54.000000,554.948742,-617.247636,0.000012,6.890635,6.890635,1.698878
56.000000,552.955615,-617.050445,0.000031,6.890823,6.890823,1.674167
58.000000,550.962547,-616.852651,-0.000008,6.891422,6.891422,1.649762
60.000000,548.969403,-616.655620,-0.000041,6.892734,6.892734,1.626922
62.000000,546.976363,-616.457547,0.000016,6.894132,6.894132,1.603815
64.000000,544.983257,-616.260141,0.000000,6.895654,6.895654,1.581865
66.000000,542.990154,-616.062693,-0.000035,6.896664,6.896664,1.560089
68.000000,540.997110,-615.864662,0.000027,6.898380,6.898380,1.538239
70.000000,539.004001,-615.667277,0.000005,6.898976,6.898976,1.517356
72.000000,537.010920,-615.469620,-0.000045,6.899833,6.899833,1.495880
74.000000,535.017841,-615.271939,-0.000052,6.900861,6.900861,1.474667
76.000000,533.024801,-615.073862,-0.000027,6.900284,6.900284,1.453407
78.000000,531.031763,-614.875764,-0.000026,6.899800,6.899800,1.432026
80.000000,529.038724,-614.677674,-0.000017,6.899598,6.899598,1.410325
82.000000,527.045727,-614.479171,0.000021,6.898796,6.898796,1.387968
84.000000,525.052674,-614.281220,-0.000030,6.897989,6.897989,1.366080
86.000000,523.059657,-614.082914,-0.000049,6.897752,6.897752,1.343824
88.000000,521.066671,-613.884294,0.000002,6.896591,6.896591,1.321135
90.000000,519.073665,-613.685881,-0.000020,6.896115,6.896115,1.298407
92.000000,517.080665,-613.487401,-0.000029,6.895790,6.895790,1.275232
94.000000,515.087705,-613.288524,0.000024,6.895609,6.895609,1.251221
96.000000,513.094704,-613.090051,0.000050,6.895370,6.895370,1.227242
98.000000,511.101707,-612.891552,0.000084,6.894618,6.894618,1.202918
100.000000,509.108663,-612.693507,0.000091,6.894922,6.894922,1.178703
102.000000,507.115576,-612.495914,0.000060,6.894695,6.894695,1.154673
104.000000,505.122478,-612.298419,0.000083,6.894310,6.894310,1.130548
106.000000,503.129350,-612.101228,0.000132,6.893879,6.893879,1.106637
108.000000,501.136162,-611.904653,0.000130,6.893533,6.893533,1.083358
110.000000,499.142917,-611.708650,0.000084,6.892260,6.892260,1.060754
112.000000,497.149641,-611.512958,0.000100,6.890758,6.890758,1.038569
114.000000,495.156352,-611.317410,0.000193,6.889037,6.889037,1.016630
116.000000,493.162965,-611.122853,0.000207,6.886329,6.886329,0.995816
118.000000,491.169485,-610.929254,0.000107,6.884409,6.884409,0.976114
120.000000,489.175967,-610.736055,0.000059,6.881615,6.881615,0.957000
122.000000,487.182453,-610.542804,0.000057,6.879911,6.879911,0.938063
124.000000,485.188877,-610.350204,-0.000027,6.877753,6.877753,0.920106
126.000000,483.195333,-610.157266,-0.000130,6.876384,6.876384,0.902171
128.000000,481.201829,-609.963915,-0.000155,6.874954,6.874954,0.884169
130.000000,479.208413,-609.769657,-0.000177,6.874043,6.874043,0.865561
132.000000,477.215022,-609.575146,-0.000187,6.873661,6.873661,0.846950
134.000000,475.221770,-609.379220,-0.000158,6.873583,6.873583,0.827032
136.000000,473.228508,-609.183385,-0.000221,6.874165,6.874165,0.807203
138.000000,471.235374,-608.986257,-0.000233,6.875373,6.875373,0.785960
140.000000,469.242343,-608.788095,-0.000109,6.877308,6.877308,0.763402
142.000000,467.249347,-608.589578,-0.000063,6.879934,6.879934,0.740122
144.000000,465.256350,-608.391066,-0.000049,6.882958,6.882958,0.716447
146.000000,463.263420,-608.191891,0.000035,6.886484,6.886484,0.691709
148.000000,461.270436,-607.993248,0.000016,6.890120,6.890120,0.667049
150.000000,459.277437,-607.794766,-0.000068,6.894543,6.894543,0.642087
152.000000,457.284497,-607.595681,-0.000011,6.898844,6.898844,0.616034
154.000000,455.291562,-607.396551,0.000073,6.903120,6.903120,0.589417
156.000000,453.298575,-607.197943,0.000081,6.907249,6.907249,0.562734
158.000000,451.305572,-606.999498,0.000089,6.911173,6.911173,0.535660
160.000000,449.312525,-606.801493,0.000133,6.915123,6.915123,0.508531
162.000000,447.319440,-606.603866,0.000175,6.918776,6.918776,0.481312
164.000000,445.326265,-606.407161,0.000141,6.921410,6.921410,0.454573
166.000000,443.333032,-606.211028,0.000092,6.923243,6.923243,0.428111
168.000000,441.339782,-606.015077,0.000133,6.924596,6.924596,0.401698
170.000000,439.346480,-605.819657,0.000188,6.924607,6.924607,0.375767
172.000000,437.353092,-605.625118,0.000214,6.923777,6.923777,0.350710
174.000000,435.359635,-605.431281,0.000196,6.922730,6.922730,0.326397
176.000000,433.366068,-605.238582,0.000111,6.921032,6.921032,0.303349
178.000000,431.372487,-605.046031,0.000010,6.918395,6.918395,0.280688
180.000000,429.378873,-604.853818,-0.000058,6.915820,6.915820,0.258756
182.000000,427.385323,-604.660946,-0.000042,6.912696,6.912696,0.236593
184.000000,425.391766,-604.468135,-0.000052,6.909682,6.909682,0.214784
186.000000,423.398223,-604.275193,-0.000119,6.906955,6.906955,0.193049
188.000000,421.404740,-604.081628,-0.000169,6.904109,6.904109,0.170792
190.000000,419.411307,-603.887542,-0.000220,6.901131,6.901131,0.147960
192.000000,417.417975,-603.692427,-0.000228,6.898503,6.898503,0.123919
194.000000,415.424736,-603.496369,-0.000194,6.896157,6.896157,0.098648
196.000000,413.431567,-603.299592,-0.000175,6.893824,6.893824,0.072324
198.000000,411.438469,-603.102101,-0.000148,6.891483,6.891483,0.044976
200.000000,409.445435,-602.903962,-0.000120,6.889852,6.889852,0.016855
202.000000,407.452436,-602.705473,-0.000106,6.888172,6.888172,-0.011623
204.000000,405.459494,-602.506417,-0.000042,6.887170,6.887170,-0.040648
206.000000,403.466573,-602.307145,-0.000008,6.886336,6.886336,-0.069870
208.000000,401.473620,-602.108200,-0.000039,6.886435,6.886435,-0.098751
210.000000,399.480723,-601.908689,-0.000006,6.886906,6.886906,-0.128179
212.000000,397.487807,-601.709366,-0.000004,6.888221,6.888221,-0.157364
214.000000,395.494882,-601.510142,-0.000021,6.889749,6.889749,-0.186323
216.000000,393.502001,-601.310472,0.000051,6.891667,6.891667,-0.215533
218.000000,391.509074,-601.111258,0.000044,6.894206,6.894206,-0.244057
220.000000,389.516113,-600.912391,-0.000011,6.896669,6.896669,-0.271954
222.000000,387.523197,-600.713075,0.000069,6.899573,6.899573,-0.300000
224.000000,385.530243,-600.514132,0.000169,6.901995,6.901995,-0.327372
226.000000,383.537209,-600.315992,0.000124,6.905228,6.905228,-0.353761
228.000000,381.544104,-600.118575,0.000046,6.908701,6.908701,-0.379352
230.000000,379.551026,-599.920884,0.000079,6.911945,6.911945,-0.405240
232.000000,377.557892,-599.723756,0.000091,6.914178,6.914178,-0.430693
234.000000,375.564717,-599.527036,-0.000006,6.915785,6.915785,-0.455934
236.000000,373.571535,-599.330398,-0.000031,6.916810,6.916810,-0.481354
238.000000,371.578419,-599.133086,0.000031,6.917684,6.917684,-0.507773
240.000000,369.585227,-598.936548,-0.000008,6.918128,6.918128,-0.533774
242.000000,367.592072,-598.739632,-0.000036,6.917276,6.917276,-0.560409
244.000000,365.598932,-598.542568,-0.000005,6.915711,6.915711,-0.587290
246.000000,363.605782,-598.345598,-0.000005,6.914392,6.914392,-0.613976
248.000000,361.612645,-598.148501,0.000012,6.912372,6.912372,-0.640479
250.000000,359.619501,-597.951479,-0.000017,6.910089,6.910089,-0.666494
252.000000,357.626340,-597.754624,-0.000062,6.907599,6.907599,-0.691993
254.000000,355.633246,-597.557091,-0.000011,6.905386,6.905386,-0.717860
256.000000,353.640132,-597.359761,0.000034,6.902560,6.902560,-0.743238
258.000000,351.647009,-597.162520,0.000026,6.899328,6.899328,-0.768343
260.000000,349.653871,-596.965437,0.000028,6.897073,6.897073,-0.793158
262.000000,347.660731,-596.768368,0.000052,6.894665,6.894665,-0.817867
264.000000,345.667566,-596.571558,0.000054,6.892138,6.892138,-0.842267
266.000000,343.674371,-596.375042,0.000006,6.889825,6.889825,-0.866406
268.000000,341.681176,-596.178536,-0.000009,6.887866,6.887866,-0.890788
270.000000,339.688002,-595.981807,-0.000006,6.885905,6.885905,-0.915772
272.000000,337.694800,-595.785371,-0.000013,6.884414,6.884414,-0.940930
274.000000,335.701643,-595.588479,0.000027,6.882640,6.882640,-0.967134
276.000000,333.708445,-595.392001,0.000037,6.881217,6.881217,-0.993396
278.000000,331.715240,-595.195588,0.000004,6.880034,6.880034,-1.020042
280.000000,329.722030,-594.999228,0.000023,6.879198,6.879198,-1.047053
282.000000,327.728832,-594.802755,0.000039,6.878632,6.878632,-1.074321
284.000000,325.735579,-594.606828,0.000045,6.878931,6.878931,-1.100945
286.000000,323.742363,-594.410538,0.000081,6.879238,6.879238,-1.127594
288.000000,321.749058,-594.215143,0.000018,6.880566,6.880566,-1.152942
290.000000,319.755766,-594.019620,-0.000021,6.881317,6.881317,-1.177962
292.000000,317.762509,-593.823739,0.000027,6.883758,6.883758,-1.202750
294.000000,315.769203,-593.628363,0.000002,6.886427,6.886427,-1.226531
296.000000,313.775918,-593.432763,-0.000034,6.888884,6.888884,-1.250047
298.000000,311.782635,-593.237145,-0.000056,6.892090,6.892090,-1.273109
300.000000,309.789380,-593.041250,-0.000100,6.895383,6.895383,-1.296149
302.000000,307.796156,-592.845032,-0.000102,6.898140,6.898140,-1.319256
304.000000,305.802998,-592.648148,-0.000057,6.900484,6.900484,-1.342836
306.000000,303.809837,-592.451291,-0.000084,6.902262,6.902262,-1.366443
308.000000,301.816706,-592.254139,-0.000123,6.903324,6.903324,-1.390615
310.000000,299.823651,-592.056214,-0.000074,6.903179,6.903179,-1.416047
312.000000,297.830608,-591.858162,0.000015,6.902825,6.902825,-1.442048
314.000000,295.837581,-591.659962,0.000083,6.901776,6.901776,-1.468582
316.000000,293.844488,-591.462421,0.000117,6.900349,6.900349,-1.494876
318.000000,291.851380,-591.265027,0.000177,6.898958,6.898958,-1.521367
320.000000,289.858181,-591.068557,0.000170,6.898074,6.898074,-1.549155
322.000000,287.864900,-590.872918,0.000069,6.897735,6.897735,-1.578736
324.000000,285.871607,-590.677407,0.000026,6.897776,6.897776,-1.602086
326.000000,283.878313,-590.481909,0.000018,6.897711,6.897711,-1.630181
328.000000,281.884993,-590.286665,-0.000041,6.898994,6.898994,-1.648521
330.000000,279.891697,-590.091187,-0.000134,6.900144,6.900144,-1.671777
332.000000,277.898443,-589.895272,-0.000221,6.901970,6.901970,-1.698274
334.000000,275.905291,-589.698326,-0.000223,6.904412,6.904412,-1.723229
336.000000,273.912241,-589.500348,-0.000193,6.906510,6.906510,-1.747386
338.000000,271.919237,-589.301911,-0.000165,6.908615,6.908615,-1.772689
340.000000,269.926346,-589.102346,-0.000064,6.911064,6.911064,-1.802679
342.000000,267.933446,-588.902861,-0.000032,6.913173,6.913173,-1.835831
344.000000,265.940552,-588.703322,-0.000044,6.915677,6.915677,-1.867089
346.000000,263.947706,-588.503305,-0.000003,6.917656,6.917656,-1.896926
348.000000,261.954830,-588.303588,0.000026,6.920128,6.920128,-1.925935
350.000000,259.961971,-588.103701,0.000040,6.921270,6.921270,-1.955031
352.000000,257.969066,-587.904272,0.000010,6.922446,6.922446,-1.983873
354.000000,255.976171,-587.704738,-0.000043,6.922652,6.922652,-2.013255
356.000000,253.983285,-587.505121,-0.000073,6.922093,6.922093,-2.043363
358.000000,251.990440,-587.305090,-0.000004,6.920165,6.920165,-2.074476
360.000000,249.997621,-587.104805,0.000045,6.917420,6.917420,-2.106100
362.000000,248.004715,-586.905385,-0.000058,6.914985,6.914985,-2.136881
364.000000,246.011885,-586.705207,-0.000085,6.912415,6.912415,-2.168135
366.000000,244.019083,-586.504759,-0.000028,6.910203,6.910203,-2.199283
368.000000,242.026286,-586.304245,-0.000041,6.907529,6.907529,-2.230100
370.000000,240.033495,-586.103679,-0.000072,6.905605,6.905605,-2.260575
372.000000,238.040754,-585.902622,-0.000065,6.904636,6.904636,-2.291054
374.000000,236.048024,-585.701446,-0.000030,6.904699,6.904699,-2.321101
376.000000,234.055326,-585.499962,0.000003,6.905881,6.905881,-2.350826
378.000000,232.062603,-585.298726,-0.000019,6.907259,6.907259,-2.379786
380.000000,230.069894,-585.097343,-0.000002,6.909447,6.909447,-2.408531
382.000000,228.077211,-584.895708,0.000109,6.911912,6.911912,-2.437281
384.000000,226.084466,-584.694689,0.000161,6.914155,6.914155,-2.465234
386.000000,224.091643,-584.494436,0.000148,6.916365,6.916365,-2.492302
388.000000,222.098779,-584.294598,0.000184,6.918606,6.918606,-2.518883
390.000000,220.105839,-584.095518,0.000215,6.920329,6.920329,-2.544685
392.000000,218.112799,-583.897443,0.000187,6.920423,6.920423,-2.569539
394.000000,216.119692,-583.700040,0.000180,6.919782,6.919782,-2.593897
396.000000,214.126522,-583.503279,0.000166,6.918405,6.918405,-2.617850
398.000000,212.133261,-583.307440,0.000025,6.916533,6.916533,-2.641256
400.000000,210.139985,-583.111759,-0.000110,6.914458,6.914458,-2.665070
402.000000,208.146791,-582.915233,-0.000103,6.911717,6.911717,-2.690558
404.000000,206.153620,-582.718483,-0.000164,6.908665,6.908665,-2.717106
406.000000,204.160484,-582.521375,-0.000245,6.905993,6.905993,-2.744702
408.000000,202.167515,-582.322591,-0.000141,6.903027,6.903027,-2.774344
410.000000,200.174566,-582.123602,-0.000036,6.899948,6.899948,-2.804271
412.000000,198.181634,-581.924445,-0.000056,6.897019,6.897019,-2.834174
414.000000,196.188705,-581.725248,-0.000079,6.894501,6.894501,-2.863714
416.000000,194.195841,-581.525412,0.000027,6.892190,6.892190,-2.893243
418.000000,192.202971,-581.325631,0.000152,6.891511,6.891511,-2.922112
420.000000,190.210005,-581.126818,0.000223,6.891338,6.891338,-2.949819
422.000000,188.216995,-580.928441,0.000301,6.892005,6.892005,-2.977328
424.000000,186.223815,-580.731781,0.000317,6.893520,6.893520,-3.003806
426.000000,184.230543,-580.536054,0.000367,6.895787,6.895787,-3.030238
428.000000,182.237126,-580.341809,0.000403,6.898330,6.898330,-3.055833
430.000000,180.243519,-580.149525,0.000301,6.902766,6.902766,-3.079572
432.000000,178.249813,-579.958267,0.000304,6.906832,6.906832,-3.102004
434.000000,176.256032,-579.767796,0.000346,6.911554,6.911554,-3.123162
436.000000,174.262037,-579.579575,0.000223,6.916344,6.916344,-3.141537
438.000000,172.268019,-579.391603,0.000186,6.921264,6.921264,-3.159149
440.000000,170.273923,-579.204451,0.000194,6.926504,6.926504,-3.175306
442.000000,168.279726,-579.018386,0.000148,6.931140,6.931140,-3.189527
444.000000,166.285519,-578.832430,0.000167,6.935374,6.935374,-3.202763
446.000000,164.291212,-578.647540,0.000140,6.939990,6.939990,-3.214199
448.000000,162.296866,-578.463079,0.000086,6.944269,6.944269,-3.224846
450.000000,160.302491,-578.278936,0.000081,6.947574,6.947574,-3.235243
452.000000,158.308086,-578.095103,0.000078,6.950020,6.950020,-3.245760
454.000000,156.313649,-577.911625,0.000043,6.951289,6.951289,-3.256666
456.000000,154.319192,-577.728373,0.000012,6.951263,6.951263,-3.268280
458.000000,152.324745,-577.545005,0.000009,6.950751,6.950751,-3.280742
460.000000,150.330280,-577.361828,0.000051,6.949740,6.949740,-3.293596
462.000000,148.335827,-577.178529,0.000082,6.947972,6.947972,-3.307020
464.000000,146.341294,-576.996104,0.000021,6.945673,6.945673,-3.319978
466.000000,144.346789,-576.813360,0.000004,6.942829,6.942829,-3.333596
468.000000,142.352276,-576.630717,0.000053,6.939854,6.939854,-3.347398
470.000000,140.357746,-576.448254,0.000074,6.937821,6.937821,-3.361080
472.000000,138.363181,-576.266178,0.000098,6.935778,6.935778,-3.374199
474.000000,136.368594,-576.084336,0.000088,6.933880,6.933880,-3.386888
476.000000,134.373943,-575.903205,0.000075,6.932650,6.932650,-3.398702
478.000000,132.379314,-575.721820,0.000109,6.932067,6.932067,-3.410544
480.000000,130.384596,-575.541427,0.000144,6.931912,6.931912,-3.420823
482.000000,128.389877,-575.361048,0.000146,6.932260,6.932260,-3.430387
484.000000,126.395042,-575.181950,0.000138,6.933619,6.933619,-3.438068
486.000000,124.400228,-575.002614,0.000175,6.935676,6.935676,-3.445476
488.000000,122.405290,-574.824672,0.000129,6.937444,6.937444,-3.451102
490.000000,120.410329,-574.646982,0.000091,6.939782,6.939782,-3.456357
492.000000,118.415354,-574.469450,0.000143,6.942290,6.942290,-3.461440
494.000000,116.420300,-574.292811,0.000201,6.944092,6.944092,-3.465675
496.000000,114.425216,-574.116509,0.000272,6.945760,6.945760,-3.469688
498.000000,112.429988,-573.941849,0.000275,6.947326,6.947326,-3.472239
500.000000,110.434696,-573.767912,0.000286,6.949094,6.949094,-3.474317
502.000000,108.439291,-573.595282,0.000359,6.949944,6.949944,-3.475380
504.000000,106.443780,-573.423886,0.000323,6.950872,6.950872,-3.475593
506.000000,104.448101,-573.254448,0.000090,6.950828,6.950828,-3.474208
508.000000,102.452422,-573.085023,0.000055,6.949774,6.949774,-3.473123
510.000000,100.456788,-572.915061,0.000170,6.947537,6.947537,-3.472792
512.000000,98.460990,-572.747034,0.000074,6.944543,6.944543,-3.470622
514.000000,96.465243,-572.578394,0.000034,6.940277,6.940277,-3.469019
516.000000,94.469457,-572.410235,0.000116,6.935049,6.935049,-3.466713
518.000000,92.473653,-572.242271,0.000171,6.929189,6.929189,-3.463811
520.000000,90.477768,-572.075283,0.000120,6.923006,6.923006,-3.459584
522.000000,88.481834,-571.908887,0.000014,6.915995,6.915995,-3.454729
524.000000,86.485919,-571.742254,0.000049,6.907939,6.907939,-3.450321
526.000000,84.489996,-571.575721,0.000101,6.899461,6.899461,-3.446148
528.000000,82.494005,-571.410001,0.000020,6.890327,6.890327,-3.441305
530.000000,80.498023,-571.244173,-0.000000,6.880790,6.880790,-3.436490
532.000000,78.502065,-571.078060,0.000091,6.871061,6.871061,-3.431711
534.000000,76.506051,-570.912617,0.000067,6.860038,6.860038,-3.425844
536.000000,74.510004,-570.747576,0.000069,6.849863,6.849863,-3.419305
538.000000,72.513990,-570.582136,0.000191,6.839615,6.839615,-3.413060
540.000000,70.517853,-570.418187,0.000188,6.829731,6.829731,-3.405300
542.000000,68.521677,-570.254714,0.000158,6.820045,6.820045,-3.397085
544.000000,66.525454,-570.091809,0.000135,6.811094,6.811094,-3.388374
546.000000,64.529157,-569.929819,0.000035,6.801926,6.801926,-3.378917
548.000000,62.532880,-569.767589,0.000019,6.793291,6.793291,-3.370194
550.000000,60.536592,-569.605482,0.000006,6.785609,6.785609,-3.361974
552.000000,58.540281,-569.443675,-0.000074,6.777757,6.777757,-3.354041
554.000000,56.544020,-569.281237,-0.000050,6.770593,6.770593,-3.347179
556.000000,54.547777,-569.118581,0.000006,6.762950,6.762950,-3.340798
558.000000,52.551513,-568.956189,-0.000014,6.755654,6.755654,-3.334368
560.000000,50.555265,-568.793588,-0.000045,6.748092,6.748092,-3.328418
562.000000,48.559024,-568.630916,-0.000061,6.740961,6.740961,-3.322833
564.000000,46.562812,-568.467877,-0.000088,6.733701,6.733701,-3.317776
566.000000,44.566614,-568.304675,-0.000121,6.726974,6.726974,-3.312909
568.000000,42.570474,-568.140758,-0.000088,6.719618,6.719618,-3.308604
570.000000,40.574362,-567.976505,0.000015,6.713184,6.713184,-3.304346
572.000000,38.578252,-567.812231,0.000129,6.704685,6.704685,-3.299688
574.000000,36.582091,-567.648578,0.000245,6.695690,6.695690,-3.293791
576.000000,34.585860,-567.485765,0.000382,6.686633,6.686633,-3.286267
578.000000,32.589499,-567.324572,0.000408,6.676545,6.676545,-3.276376
580.000000,30.592975,-567.165407,0.000278,6.665238,6.665238,-3.263699
582.000000,28.596384,-567.007086,0.000208,6.653082,6.653082,-3.249392
584.000000,26.599735,-566.849493,0.000193,6.640481,6.640481,-3.233744
586.000000,24.603005,-566.692928,0.000150,6.626781,6.626781,-3.216849
588.000000,22.606251,-566.536672,0.000133,6.613164,6.613164,-3.199771
590.000000,20.609439,-566.381162,0.000029,6.598619,6.598619,-3.182534
592.000000,18.612601,-566.225982,-0.000097,6.583998,6.583998,-3.165777
594.000000,16.615836,-566.069866,-0.000115,6.569928,6.569928,-3.150555
596.000000,14.619072,-565.913735,-0.000179,6.555829,6.555829,-3.135613
598.000000,12.622377,-565.756729,-0.000254,6.542224,6.542224,-3.121633
600.000000,10.625769,-565.598623,-0.000240,6.529144,6.529144,-3.108730
602.000000,8.629239,-565.439536,-0.000174,6.516457,6.516457,-3.096685
604.000000,6.632770,-565.279675,-0.000035,6.503200,6.503200,-3.085067
606.000000,4.636322,-565.119554,0.000074,6.490387,6.490387,-3.073273
608.000000,2.639816,-564.960163,0.000110,6.477261,6.477261,-3.060198
610.000000,0.643311,-564.800757,0.000211,6.464082,6.464082,-3.046610
612.000000,-1.353279,-564.642415,0.000272,6.449852,6.449852,-3.031657
614.000000,-3.349968,-564.485333,0.000261,6.433836,6.433836,-3.015414
616.000000,-5.346717,-564.329016,0.000247,6.416851,6.416851,-2.998595
618.000000,-7.343574,-564.174078,0.000243,6.397216,6.397216,-2.980875
620.000000,-9.340464,-564.019570,0.000263,6.376626,6.376626,-2.963378
622.000000,-11.337481,-563.866713,0.000263,6.355124,6.355124,-2.944887
624.000000,-13.334534,-563.714336,0.000263,6.333425,6.333425,-2.926557
626.000000,-15.331709,-563.563552,0.000208,6.311551,6.311551,-2.907175
628.000000,-17.328924,-563.413308,0.000127,6.289954,6.289954,-2.887690
630.000000,-19.326188,-563.263713,0.000014,6.269063,6.269063,-2.867956
632.000000,-21.323467,-563.114317,-0.000165,6.248234,6.248234,-2.848420
634.000000,-23.320685,-562.964103,-0.000271,6.227009,6.227009,-2.829971
636.000000,-25.317812,-562.812686,-0.000281,6.206299,6.206299,-2.812913
638.000000,-27.314853,-562.660152,-0.000275,6.185278,6.185278,-2.797045
640.000000,-29.311814,-562.506557,-0.000276,6.162926,6.162926,-2.782132
642.000000,-31.308684,-562.351793,-0.000243,6.141021,6.141021,-2.768113
644.000000,-33.305475,-562.196015,-0.000169,6.119611,6.119611,-2.754630
646.000000,-35.302213,-562.039547,-0.000133,6.098398,6.098398,-2.741205
648.000000,-37.298926,-561.882777,-0.000150,6.078378,6.078378,-2.727526
650.000000,-39.295575,-561.725180,-0.000130,6.059299,6.059299,-2.714108
652.000000,-41.292188,-561.567133,-0.000098,6.040319,6.040319,-2.700531
654.000000,-43.288774,-561.408738,-0.000136,6.022814,6.022814,-2.686893
656.000000,-45.285326,-561.249922,-0.000173,6.006086,6.006086,-2.673471
658.000000,-47.281799,-561.090126,-0.000171,5.990352,5.990352,-2.661040
660.000000,-49.278243,-560.929949,-0.000187,5.975975,5.975975,-2.649223
662.000000,-51.274606,-560.768785,-0.000176,5.962328,5.962328,-2.638776
664.000000,-53.270918,-560.606980,-0.000166,5.950114,5.950114,-2.629476
666.000000,-55.267187,-560.444635,-0.000209,5.938640,5.938640,-2.621385
668.000000,-57.263379,-560.281355,-0.000279,5.929008,5.929008,-2.614838
670.000000,-59.259494,-560.117148,-0.000309,5.919701,5.919701,-2.609702
672.000000,-61.255472,-559.951269,-0.000278,5.912610,5.912610,-2.606594
674.000000,-63.251394,-559.784720,-0.000312,5.906321,5.906321,-2.604334
676.000000,-65.247195,-559.616740,-0.000390,5.900929,5.900929,-2.603457
678.000000,-67.242875,-559.447312,-0.000321,5.896953,5.896953,-2.603817
680.000000,-69.238391,-559.275969,-0.000185,5.894410,5.894410,-2.605684
682.000000,-71.233920,-559.104779,-0.000160,5.892877,5.892877,-2.606873
684.000000,-73.229332,-558.932237,-0.000154,5.893032,5.893032,-2.608827
686.000000,-75.224745,-558.759694,-0.000179,5.893410,5.893410,-2.610096
688.000000,-77.220061,-558.586035,-0.000129,5.895387,5.895387,-2.611886
690.000000,-79.215322,-558.411750,-0.000124,5.896975,5.896975,-2.613943
692.000000,-81.210609,-558.237765,-0.000182,5.899486,5.899486,-2.615519
694.000000,-83.205724,-558.061817,-0.000056,5.901434,5.901434,-2.619114
696.000000,-85.200903,-557.886590,-0.000027,5.903706,5.903706,-2.622275
698.000000,-87.196049,-557.710993,-0.000053,5.905582,5.905582,-2.626288
700.000000,-89.191159,-557.534978,-0.000002,5.906783,5.906783,-2.631391
702.000000,-91.186299,-557.359316,-0.000022,5.907464,5.907464,-2.636840
704.000000,-93.181411,-557.183330,0.000003,5.907820,5.907820,-2.643247
706.000000,-95.176518,-557.007293,0.000039,5.907546,5.907546,-2.650360
708.000000,-97.171667,-556.831726,-0.000008,5.906901,5.906901,-2.657608
710.000000,-99.166792,-556.655889,0.000006,5.906054,5.906054,-2.665520
712.000000,-101.161913,-556.480003,0.000099,5.904570,5.904570,-2.673761
714.000000,-103.157075,-556.304585,0.000105,5.903953,5.903953,-2.681768
716.000000,-105.152298,-556.129866,0.000058,5.902907,5.902907,-2.689225
718.000000,-107.147505,-555.954966,0.000064,5.901865,5.901865,-2.696981
720.000000,-109.142764,-555.780651,0.000067,5.900969,5.900969,-2.704253
722.000000,-111.138025,-555.606368,0.000070,5.900728,5.900728,-2.711577
724.000000,-113.133323,-555.432502,0.000056,5.899946,5.899946,-2.718539
726.000000,-115.128642,-555.258884,0.000014,5.899358,5.899358,-2.725301
728.000000,-117.123961,-555.085256,-0.000002,5.898613,5.898613,-2.732100
730.000000,-119.119280,-554.911631,0.000067,5.897900,5.897900,-2.738893
732.000000,-121.114595,-554.737971,0.000088,5.897273,5.897273,-2.745690
734.000000,-123.110010,-554.565453,-0.000004,5.896626,5.896626,-2.751277
736.000000,-125.105352,-554.392099,0.000040,5.896213,5.896213,-2.757608
738.000000,-127.100736,-554.219217,0.000076,5.895290,5.895290,-2.763271
740.000000,-129.096164,-554.046860,-0.000010,5.894976,5.894976,-2.768156
742.000000,-131.091566,-553.874195,-0.000032,5.894375,5.894375,-2.773072
744.000000,-133.086963,-553.701469,-0.000017,5.893762,5.893762,-2.777873
746.000000,-135.082353,-553.528664,-0.000023,5.893096,5.893096,-2.782767
748.000000,-137.077739,-553.355810,-0.000032,5.892467,5.892467,-2.787962
750.000000,-139.073107,-553.182761,-0.000042,5.891631,5.891631,-2.793855
752.000000,-141.068470,-553.009638,-0.000083,5.890710,5.890710,-2.800356
754.000000,-143.063804,-552.836192,-0.000144,5.889705,5.889705,-2.807725
756.000000,-145.059086,-552.662143,-0.000188,5.888851,5.888851,-2.816318
758.000000,-147.054300,-552.487314,-0.000170,5.887756,5.887756,-2.826090
760.000000,-149.049439,-552.311645,-0.000071,5.886959,5.886959,-2.836860
762.000000,-151.044556,-552.135719,-0.000011,5.885820,5.885820,-2.847885
764.000000,-153.039693,-551.960016,-0.000037,5.885312,5.885312,-2.858536
766.000000,-155.034798,-551.783954,0.000021,5.884711,5.884711,-2.869212
768.000000,-157.029895,-551.607792,0.000130,5.883761,5.883761,-2.879608
770.000000,-159.025071,-551.432531,0.000113,5.883163,5.883163,-2.888843
772.000000,-161.020279,-551.257649,0.000101,5.883114,5.883114,-2.897506
774.000000,-163.015501,-551.082910,0.000179,5.883154,5.883154,-2.905823
776.000000,-165.010805,-550.909119,0.000180,5.883049,5.883049,-2.912974
778.000000,-167.006180,-550.736142,0.000129,5.882818,5.882818,-2.919109
780.000000,-169.001582,-550.563468,0.000111,5.883937,5.883937,-2.924710
782.000000,-170.997039,-550.391444,0.000079,5.883894,5.883894,-2.929421
784.000000,-172.992511,-550.219589,0.000052,5.884941,5.884941,-2.933836
786.000000,-174.988007,-550.048013,0.000072,5.885346,5.885346,-2.937925
788.000000,-176.983511,-549.876537,0.000055,5.886428,5.886428,-2.941942
790.000000,-178.979074,-549.705739,-0.000033,5.887483,5.887483,-2.945380
792.000000,-180.974587,-549.534367,-0.000069,5.888750,5.888750,-2.949554
794.000000,-182.970096,-549.362941,-0.000074,5.889908,5.889908,-2.954036
796.000000,-184.965568,-549.191088,-0.000047,5.891166,5.891166,-2.959292
798.000000,-186.961017,-549.018966,-0.000051,5.892461,5.892461,-2.965118
800.000000,-188.956485,-548.847063,-0.000104,5.893923,5.893923,-2.971043
802.000000,-190.951867,-548.674170,-0.000031,5.895857,5.895857,-2.978363
804.000000,-192.947258,-548.501374,-0.000022,5.897371,5.897371,-2.985841
806.000000,-194.942675,-548.328886,-0.000095,5.898718,5.898718,-2.993096
808.000000,-196.938001,-548.155338,-0.000034,5.899858,5.899858,-3.001294
810.000000,-198.933352,-547.982091,-0.000026,5.900947,5.900947,-3.008911
812.000000,-200.928697,-547.808766,-0.000067,5.901917,5.901917,-3.016203
814.000000,-202.923994,-547.634885,-0.000053,5.902416,5.902416,-3.023470
816.000000,-204.919300,-547.461120,-0.000009,5.902799,5.902799,-3.029948
818.000000,-206.914561,-547.286832,0.000002,5.902617,5.902617,-3.036285
820.000000,-208.909890,-547.113324,-0.000077,5.903013,5.903013,-3.041213
822.000000,-210.905131,-546.938804,-0.000052,5.902917,5.902917,-3.046695
824.000000,-212.900373,-546.764304,0.000011,5.902715,5.902715,-3.052003
826.000000,-214.895627,-546.589942,-0.000010,5.902206,5.902206,-3.057298
828.000000,-216.890872,-546.415463,-0.000015,5.901294,5.901294,-3.063401
830.000000,-218.886111,-546.240925,0.000014,5.900496,5.900496,-3.070646
832.000000,-220.881349,-546.066381,-0.000002,5.899817,5.899817,-3.079281
834.000000,-222.876614,-545.892139,-0.000051,5.899654,5.899654,-3.089350
836.000000,-224.871823,-545.717261,-0.000006,5.899494,5.899494,-3.101538
838.000000,-226.867047,-545.542544,0.000031,5.900192,5.900192,-3.114545
840.000000,-228.862290,-545.368050,-0.000018,5.901150,5.901150,-3.127842
842.000000,-230.857523,-545.193440,0.000002,5.902497,5.902497,-3.141400
844.000000,-232.852730,-545.018546,0.000014,5.903794,5.903794,-3.155314
846.000000,-234.848001,-544.844367,-0.000076,5.905506,5.905506,-3.168409
848.000000,-236.843191,-544.669264,-0.000071,5.907647,5.907647,-3.182071
850.000000,-238.838373,-544.494078,0.000105,5.911600,5.911600,-3.195547
852.000000,-240.833551,-544.318851,0.000297,5.915167,5.915167,-3.208976
854.000000,-242.828891,-544.145460,0.000278,5.917944,5.917944,-3.220485
856.000000,-244.824326,-543.973183,0.000248,5.920472,5.920472,-3.230666
858.000000,-246.819794,-543.801286,0.000270,5.921973,5.921973,-3.240175
860.000000,-248.815442,-543.631482,0.000156,5.921320,5.921320,-3.246919
862.000000,-250.811068,-543.461432,0.000089,5.920437,5.920437,-3.252876
864.000000,-252.806771,-543.292281,0.000068,5.919515,5.919515,-3.256529
866.000000,-254.802463,-543.122998,-0.000031,5.918213,5.918213,-3.258247
868.000000,-256.798194,-542.954173,-0.000166,5.917105,5.917105,-3.257287
870.000000,-258.793816,-542.784073,-0.000173,5.916338,5.916338,-3.255372
872.000000,-260.789391,-542.613418,-0.000139,5.915421,5.915421,-3.251665
874.000000,-262.784933,-542.442384,-0.000210,5.914464,5.914464,-3.246238
876.000000,-264.780397,-542.270433,-0.000204,5.914031,5.914031,-3.240015
878.000000,-266.775762,-542.097337,-0.000111,5.913097,5.913097,-3.233144
880.000000,-268.771121,-541.924184,-0.000011,5.912164,5.912164,-3.224198
882.000000,-270.766436,-541.750516,0.000149,5.911976,5.911976,-3.213255
884.000000,-272.761831,-541.577764,0.000295,5.910983,5.910983,-3.197825
886.000000,-274.757317,-541.406078,0.000293,5.909481,5.909481,-3.175857
888.000000,-276.752946,-541.236060,0.000258,5.908391,5.908391,-3.146546
890.000000,-278.748600,-541.066322,0.000294,5.906476,5.906476,-3.109286
892.000000,-280.744413,-540.898485,0.000219,5.905757,5.905757,-3.059149
894.000000,-282.740280,-540.731271,0.000141,5.905152,5.905152,-2.995359
896.000000,-284.736176,-540.564415,0.000208,5.905227,5.905227,-2.916426
898.000000,-286.732148,-540.398468,0.000222,5.905124,5.905124,-2.817126
900.000000,-288.728215,-540.233666,0.000083,5.905441,5.905441,-2.693553
902.000000,-290.724311,-540.069218,-0.000037,5.905076,5.905076,-2.546156
904.000000,-292.720363,-539.904241,0.000133,5.904578,5.904578,-2.370209
906.000000,-294.716424,-539.739372,0.000467,5.905566,5.905566,-2.155804
908.000000,-296.712685,-539.576936,0.000598,5.906610,5.906610,-1.898118
910.000000,-298.709146,-539.416993,0.000357,5.908015,5.908015,-1.583641
912.000000,-300.705780,-539.259202,-0.000240,5.911049,5.911049,-1.203223
914.000000,-302.702327,-539.100332,-0.001188,5.915808,5.915808,-0.761501
916.000000,-304.698565,-538.937637,-0.002742,5.920913,5.920913,-0.242559
918.000000,-306.693935,-538.764681,-0.004705,5.928212,5.928212,0.367148
920.000000,-308.687509,-538.572243,-0.007897,5.943283,5.943283,1.059400
922.000000,-310.678366,-538.353881,-0.013773,5.944965,5.944965,1.805002
924.000000,-312.662352,-538.080940,-0.021287,5.952847,5.952847,2.553293
926.000000,-314.632622,-537.724248,-0.028475,5.999609,5.999609,3.271798
928.000000,-316.578588,-537.253451,-0.035298,6.057620,6.057620,3.947311
930.000000,-318.487245,-536.649437,-0.049004,6.090447,6.090447,4.575278
932.000000,-320.336505,-535.883536,-0.074142,6.133906,6.133906,5.057282
934.000000,-322.047621,-534.849298,-0.095321,6.158195,6.158195,5.295483
936.000000,-323.511658,-533.488707,-0.099280,6.227423,6.227423,5.330315
938.000000,-324.676523,-531.861447,-0.099088,6.281657,6.281657,5.224423
940.000000,-325.517412,-530.045569,-0.095883,6.240696,6.240696,4.995163
942.000000,-325.946864,-528.091250,-0.071603,6.174825,6.174825,4.487345
944.000000,-326.089393,-526.094028,-0.041044,6.110387,6.110387,3.637162
946.000000,-326.100318,-524.091714,-0.024821,6.079390,6.079390,2.688690
948.000000,-326.006868,-522.091376,-0.015544,6.052368,6.052368,1.786403
950.000000,-325.855951,-520.094249,-0.009146,6.016383,6.016383,0.985911
952.000000,-325.675301,-518.099583,-0.004350,5.991068,5.991068,0.298828
954.000000,-325.465260,-516.107775,0.003189,5.971897,5.971897,-0.308870
956.000000,-325.274228,-514.114115,0.010371,5.957687,5.957687,-0.854447
958.000000,-325.125542,-512.116859,0.016886,5.960660,5.960660,-1.363510
960.000000,-325.039043,-510.115998,0.023736,5.966412,5.966412,-1.859941
962.000000,-325.056360,-508.113467,0.030810,5.960552,5.960552,-2.353574
964.000000,-325.184375,-506.115666,0.043085,5.984994,5.984994,-2.843516
966.000000,-325.479886,-504.136637,0.060036,6.033786,6.033786,-3.275442
968.000000,-326.011686,-502.210794,0.073165,6.078871,6.078871,-3.605945
970.000000,-326.831822,-500.388563,0.076169,6.120649,6.120649,-3.840569
972.000000,-327.925936,-498.716447,0.071836,6.098494,6.098494,-3.995354
974.000000,-329.247423,-497.214886,0.066554,6.060043,6.060043,-4.078444
976.000000,-330.757556,-495.901783,0.064101,6.022399,6.022399,-4.106021
978.000000,-332.418652,-494.784554,0.068904,6.003024,6.003024,-4.072600
980.000000,-334.211639,-493.897445,0.077419,5.996387,5.996387,-3.964061
982.000000,-336.123271,-493.312950,0.077917,6.007384,6.007384,-3.724091
984.000000,-338.103677,-493.042783,0.064953,6.016312,6.016312,-3.336658
986.000000,-340.103475,-493.047368,0.040637,6.006224,6.006224,-2.791761
988.000000,-342.098798,-493.216909,0.016828,6.080260,6.080260,-2.145799
990.000000,-344.090130,-493.431324,0.008018,6.220956,6.220956,-1.532606
992.000000,-346.079833,-493.660470,0.013849,6.393698,6.393698,-1.005046
994.000000,-348.062346,-493.943103,0.019989,6.536498,6.536498,-0.518594
996.000000,-350.028372,-494.323765,0.016593,6.608611,6.608611,0.004365
998.000000,-351.980606,-494.770847,0.010001,6.638082,6.638082,0.517954
1000.000000,-353.925723,-495.248202,0.006242,6.659327,6.659327,0.977041
1002.000000,-355.863377,-495.755059,0.002551,6.666371,6.666371,1.390543
1004.000000,-357.798948,-496.269846,-0.000513,6.679030,6.679030,1.747524
1006.000000,-359.736027,-496.778926,-0.000870,6.710689,6.710689,2.040134
1008.000000,-361.674276,-497.283538,0.000198,6.740838,6.740838,2.280518
1010.000000,-363.612228,-497.789285,0.000995,6.746558,6.746558,2.472292
1012.000000,-365.548798,-498.300298,0.000794,6.731840,6.731840,2.613989
1014.000000,-367.484371,-498.815079,0.000383,6.718487,6.718487,2.724797
1016.000000,-369.420074,-499.329374,0.000823,6.710749,6.710749,2.811789
1018.000000,-371.354936,-499.846816,0.001369,6.707766,6.707766,2.872497
1020.000000,-373.287926,-500.371205,0.000887,6.710769,6.710769,2.916927
1022.000000,-375.219781,-500.899766,-0.000051,6.717464,6.717464,2.952148
1024.000000,-377.152063,-501.426767,-0.000365,6.722378,6.722378,2.974964
1026.000000,-379.084844,-501.951931,-0.000234,6.724360,6.724360,2.988592
1028.000000,-381.017737,-502.476686,-0.000286,6.724850,6.724850,2.996829
1030.000000,-382.950893,-503.000472,-0.000447,6.724687,6.724687,2.998689
1032.000000,-384.884610,-503.522182,-0.000491,6.724292,6.724292,2.995756
1034.000000,-386.818814,-504.042083,-0.000452,6.723142,6.723142,2.990948
1036.000000,-388.753533,-504.560064,-0.000276,6.720644,6.720644,2.985406
1038.000000,-390.688614,-505.076691,-0.000004,6.717398,6.717398,2.981412
1040.000000,-392.623601,-505.593671,0.000142,6.713481,6.713481,2.981057
1042.000000,-394.558433,-506.111229,0.000170,6.708340,6.708340,2.984952
1044.000000,-396.493078,-506.629486,0.000177,6.702607,6.702607,2.994493
1046.000000,-398.427546,-507.148407,0.000156,6.696820,6.696820,3.008958
1048.000000,-400.361822,-507.668038,0.000084,6.690469,6.690469,3.027078
1050.000000,-402.296009,-508.188004,-0.000007,6.684731,6.684731,3.045765
1052.000000,-404.230218,-508.707886,-0.000086,6.679924,6.679924,3.063828
1054.000000,-406.164500,-509.227497,-0.000113,6.676140,6.676140,3.082568
1056.000000,-408.098973,-509.746397,-0.000149,6.673101,6.673101,3.102554
1058.000000,-410.033460,-510.265242,-0.000304,6.671092,6.671092,3.125593
1060.000000,-411.968345,-510.782603,-0.000434,6.669340,6.669340,3.150070
1062.000000,-413.903681,-511.298274,-0.000512,6.667557,6.667557,3.176243
1064.000000,-415.839512,-511.812083,-0.000560,6.665473,6.665473,3.204708
1066.000000,-417.776014,-512.323359,-0.000567,6.662646,6.662646,3.234123
1068.000000,-419.712980,-512.832872,-0.001120,6.658721,6.658721,3.264820
1070.000000,-421.650665,-513.339642,-0.002436,6.652398,6.652398,3.295128
1072.000000,-423.590966,-513.836267,-0.003410,6.649530,6.649530,3.317758
1074.000000,-425.535006,-514.318053,-0.003236,6.656364,6.656364,3.328929
1076.000000,-427.482284,-514.786598,-0.002307,6.668697,6.668697,3.331811
1078.000000,-429.431734,-515.246037,-0.001744,6.678240,6.678240,3.331909
1080.000000,-431.382248,-515.700931,-0.002244,6.682853,6.682853,3.332808
1082.000000,-433.334848,-516.146777,-0.002964,6.684065,6.684065,3.329044
1084.000000,-435.290251,-516.580163,-0.003254,6.686025,6.686025,3.316815
1086.000000,-437.248366,-517.001116,-0.003807,6.685623,6.685623,3.295416
1088.000000,-439.209372,-517.408380,-0.004851,6.685834,6.685834,3.263352
1090.000000,-441.174410,-517.795676,-0.003262,6.693858,6.693858,3.216032
1092.000000,-443.143802,-518.160282,0.001767,6.709934,6.709934,3.153611
1094.000000,-445.110514,-518.538876,0.005195,6.697279,6.697279,3.115722
1096.000000,-447.072782,-518.940003,0.007472,6.647153,6.647153,3.115161
1098.000000,-449.030256,-519.363807,0.011571,6.556485,6.556485,3.154708
1100.000000,-450.976182,-519.836841,0.009050,6.400736,6.400736,3.260898
1102.000000,-452.906903,-520.369286,-0.007835,6.171346,6.171346,3.434620
1104.000000,-454.844695,-520.874602,-0.024954,5.954715,5.954715,3.577000
1106.000000,-456.811007,-521.252134,-0.024329,5.852655,5.852655,3.602334
1108.000000,-458.795471,-521.520896,-0.010880,5.847881,5.847881,3.534322
1110.000000,-460.785022,-521.751325,-0.001452,5.869202,5.869202,3.435856
1112.000000,-462.773029,-521.994748,-0.001232,5.864153,5.864153,3.362398
1114.000000,-464.762319,-522.227454,-0.002850,5.859371,5.859371,3.289163
1116.000000,-466.752885,-522.448972,-0.002884,5.855316,5.855316,3.214541
1118.000000,-468.744789,-522.658141,-0.002785,5.852783,5.852783,3.139418
1120.000000,-470.737727,-522.857186,-0.002878,5.850323,5.850323,3.066317
1122.000000,-472.731814,-523.044370,-0.002960,5.848506,5.848506,2.994862
1124.000000,-474.727005,-523.219426,-0.002868,5.848222,5.848222,2.927333
1126.000000,-476.723142,-523.383300,-0.002838,5.850630,5.850630,2.863319
1128.000000,-478.720181,-523.535814,-0.003024,5.853691,5.853691,2.801703
1130.000000,-480.718064,-523.676836,-0.003177,5.857436,5.857436,2.741618
1132.000000,-482.716891,-523.803800,-0.003142,5.862650,5.862650,2.680843
1134.000000,-484.716399,-523.919513,-0.003301,5.868177,5.868177,2.620687
1136.000000,-486.716651,-524.021464,-0.003520,5.875148,5.875148,2.559884
1138.000000,-488.717577,-524.109298,-0.003512,5.883860,5.883860,2.498609
1140.000000,-490.719085,-524.182705,-0.003496,5.892302,5.892302,2.435846
1142.000000,-492.721032,-524.242779,-0.003667,5.901576,5.901576,2.370210
1144.000000,-494.723376,-524.287877,-0.003749,5.912551,5.912551,2.298456
1146.000000,-496.726010,-524.317438,-0.003627,5.923940,5.923940,2.219625
1148.000000,-498.728802,-524.332912,-0.003655,5.935334,5.935334,2.132684
1150.000000,-500.731651,-524.333911,-0.003818,5.947201,5.947201,2.036835
1152.000000,-502.734449,-524.319305,-0.003747,5.957994,5.957994,1.931325
1154.000000,-504.737074,-524.289121,-0.003533,5.967290,5.967290,1.816611
1156.000000,-506.739452,-524.245572,-0.003774,5.975686,5.975686,1.694706
1158.000000,-508.741466,-524.187652,-0.004265,5.985254,5.985254,1.565424
1160.000000,-510.742859,-524.111306,-0.004176,5.990979,5.990979,1.427307
1162.000000,-512.743523,-524.017790,-0.003660,5.991668,5.991668,1.281308
1164.000000,-514.743478,-523.910095,-0.003312,5.988520,5.988520,1.130295
1166.000000,-516.742683,-523.789277,-0.002875,5.984587,5.984587,0.974982
1168.000000,-518.741089,-523.655835,-0.002337,5.978803,5.978803,0.813374
1170.000000,-520.738969,-523.514724,-0.002014,5.972747,5.972747,0.648500
1172.000000,-522.736157,-523.364158,-0.001379,5.966017,5.966017,0.477723
1174.000000,-524.732913,-523.207938,-0.000638,5.957447,5.957447,0.304473
1176.000000,-526.729568,-523.050424,-0.000289,5.948911,5.948911,0.133140
1178.000000,-528.726068,-522.890945,0.000009,5.940664,5.940664,-0.036280
1180.000000,-530.722614,-522.732065,0.000194,5.932407,5.932407,-0.200145
1182.000000,-532.719234,-522.574102,0.000191,5.924197,5.924197,-0.358548
1184.000000,-534.715907,-522.416810,0.000196,5.916289,5.916289,-0.511740
1186.000000,-536.712642,-522.260319,0.000199,5.908817,5.908817,-0.658815
1188.000000,-538.709446,-522.104697,0.000187,5.901660,5.901660,-0.798971
1190.000000,-540.706300,-521.949726,0.000168,5.895060,5.895060,-0.931865
1192.000000,-542.703218,-521.795580,0.000109,5.888981,5.888981,-1.056664
1194.000000,-544.700166,-521.641826,0.000038,5.883230,5.883230,-1.173696
1196.000000,-546.697124,-521.488201,0.000064,5.877745,5.877745,-1.285050
1198.000000,-548.694080,-521.334538,0.000085,5.872379,5.872379,-1.391698
1200.000000,-550.691110,-521.181848,0.000008,5.868228,5.868228,-1.492767
1202.000000,-552.688098,-521.028612,-0.000003,5.863816,5.863816,-1.590962
1204.000000,-554.685105,-520.875630,-0.000005,5.859956,5.859956,-1.685483
1206.000000,-556.682112,-520.722640,-0.000056,5.856820,5.856820,-1.775757
1208.000000,-558.679094,-520.569330,-0.000072,5.854291,5.854291,-1.861733
1210.000000,-560.676058,-520.415772,-0.000084,5.852343,5.852343,-1.943022
1212.000000,-562.672995,-520.261878,-0.000100,5.850967,5.850967,-2.018596
1214.000000,-564.669900,-520.107562,-0.000072,5.850430,5.850430,-2.087692
1216.000000,-566.666772,-519.952821,-0.000013,5.849763,5.849763,-2.150657
1218.000000,-568.663653,-519.798194,0.000017,5.849635,5.849635,-2.207069
1220.000000,-570.660533,-519.643555,0.000057,5.849454,5.849454,-2.257140
1222.000000,-572.657426,-519.489091,0.000078,5.848575,5.848575,-2.301871
1224.000000,-574.654364,-519.335197,0.000073,5.847117,5.847117,-2.341320
1226.000000,-576.651295,-519.181229,0.000132,5.844687,5.844687,-2.376038
1228.000000,-578.648284,-519.028000,0.000129,5.841758,5.841758,-2.406015
1230.000000,-580.645326,-518.875472,0.000073,5.838125,5.838125,-2.431104
1232.000000,-582.642362,-518.722864,0.000057,5.833573,5.833573,-2.450657
1234.000000,-584.639446,-518.570876,0.000013,5.828558,5.828558,-2.464180
1236.000000,-586.636510,-518.418640,-0.000057,5.823295,5.823295,-2.472142
1238.000000,-588.633581,-518.266483,-0.000136,5.818456,5.818456,-2.472458
1240.000000,-590.630588,-518.113498,-0.000182,5.813253,5.813253,-2.466617
1242.000000,-592.627549,-517.959916,-0.000227,5.809525,5.809525,-2.455044
1244.000000,-594.624443,-517.805452,-0.000323,5.807251,5.807251,-2.437868
1246.000000,-596.621237,-517.649711,-0.000368,5.806237,5.806237,-2.416488
1248.000000,-598.617895,-517.492241,-0.000312,5.806400,5.806400,-2.392521
1250.000000,-600.614462,-517.333614,-0.000239,5.808337,5.808337,-2.365910
1252.000000,-602.610954,-517.174038,-0.000213,5.811359,5.811359,-2.336675
1254.000000,-604.607383,-517.013690,-0.000164,5.815172,5.815172,-2.304420
1256.000000,-606.603740,-516.852432,-0.000118,5.819429,5.819429,-2.267930
1258.000000,-608.600093,-516.691144,-0.000106,5.824254,5.824254,-2.224525
1260.000000,-610.596373,-516.528940,-0.000032,5.828760,5.828760,-2.175086
1262.000000,-612.592666,-516.366900,0.000030,5.832977,5.832977,-2.119194
1264.000000,-614.588965,-516.204937,-0.000026,5.836061,5.836061,-2.058321
1266.000000,-616.585277,-516.043135,-0.000136,5.838584,5.838584,-1.993200
1268.000000,-618.581523,-515.880512,-0.000223,5.840305,5.840305,-1.922839
1270.000000,-620.577712,-515.717203,-0.000332,5.841510,5.841510,-1.844971
1272.000000,-622.573788,-515.552513,-0.000516,5.842373,5.842373,-1.760646
1274.000000,-624.569710,-515.385968,-0.000749,5.843943,5.843943,-1.669494
1276.000000,-626.565366,-515.216258,-0.000957,5.845588,5.845588,-1.571053
1278.000000,-628.560694,-515.042754,-0.001148,5.848642,5.848642,-1.467257
1280.000000,-630.555622,-514.864700,-0.001333,5.854023,5.854023,-1.358789
1282.000000,-632.550054,-514.681183,-0.001462,5.862099,5.862099,-1.245914
1284.000000,-634.543941,-514.491845,-0.001552,5.872190,5.872190,-1.131312
1286.000000,-636.537225,-514.296250,-0.001632,5.884377,5.884377,-1.015611
1288.000000,-638.529866,-514.094209,-0.001652,5.899512,5.899512,-0.897785
1290.000000,-640.521793,-513.885261,-0.001741,5.915440,5.915440,-0.779588
1292.000000,-642.513072,-513.670209,-0.001984,5.931489,5.931489,-0.660296
1294.000000,-644.503395,-513.446497,-0.002127,5.946328,5.946328,-0.541427
1296.000000,-646.492777,-513.214568,-0.002253,5.959015,5.959015,-0.423974
1298.000000,-648.481112,-512.973826,-0.002341,5.969769,5.969769,-0.307864
1300.000000,-650.468204,-512.723034,-0.002286,5.977292,5.977292,-0.192040
1302.000000,-652.454222,-512.463873,-0.002527,5.981883,5.981883,-0.075382
1304.000000,-654.438964,-512.195118,-0.002875,5.984015,5.984015,0.041733
1306.000000,-656.421954,-511.913732,-0.002917,5.982635,5.982635,0.159471
1308.000000,-658.403374,-511.621504,-0.003120,5.978625,5.978625,0.279345
1310.000000,-660.382986,-511.317269,-0.003429,5.971750,5.971750,0.400753
1312.000000,-662.360291,-510.998384,-0.003545,5.961004,5.961004,0.521675
1314.000000,-664.335444,-510.666455,-0.003937,5.947043,5.947043,0.640012
1316.000000,-666.307952,-510.319145,-0.004329,5.929344,5.929344,0.752557
1318.000000,-668.277125,-509.953398,-0.004275,5.906733,5.906733,0.856866
1320.000000,-670.243236,-509.571562,-0.004440,5.882427,5.882427,0.953242
1322.000000,-672.206019,-509.172948,-0.004685,5.857339,5.857339,1.041008
1324.000000,-674.164586,-508.754112,-0.004332,5.832168,5.832168,1.117706
1326.000000,-676.119578,-508.318908,-0.004051,5.808506,5.808506,1.185063
1328.000000,-678.071182,-507.868733,-0.004185,5.785489,5.785489,1.244670
1330.000000,-680.018764,-507.401470,-0.004130,5.764133,5.764133,1.298986
1332.000000,-681.962382,-506.917992,-0.004107,5.747377,5.747377,1.351543
1334.000000,-683.902244,-506.419648,-0.004400,5.735427,5.735427,1.405603
1336.000000,-685.837408,-505.903368,-0.004551,5.728732,5.728732,1.456623
1338.000000,-687.767802,-505.369548,-0.004429,5.727144,5.727144,1.500497
1340.000000,-689.693288,-504.818274,-0.004073,5.731070,5.731070,1.537474
1342.000000,-691.614137,-504.251038,-0.003631,5.738461,5.738461,1.571746
1344.000000,-693.530979,-503.670411,-0.003431,5.747504,5.747504,1.605002
1346.000000,-695.443811,-503.076701,-0.003398,5.759278,5.759278,1.636732
1348.000000,-697.352537,-502.469919,-0.003320,5.773391,5.773391,1.669103
1350.000000,-699.257147,-501.850342,-0.003231,5.789429,5.789429,1.701722
1352.000000,-701.157798,-501.218718,-0.003287,5.806520,5.806520,1.733102
1354.000000,-703.054297,-500.574740,-0.003248,5.823741,5.823741,1.762417
1356.000000,-704.946249,-499.917522,-0.002844,5.841297,5.841297,1.787734
1358.000000,-706.834540,-499.249848,-0.002467,5.857296,5.857296,1.810753
1360.000000,-708.719647,-498.573239,-0.002342,5.869190,5.869190,1.833785
1362.000000,-710.601510,-497.887656,-0.002265,5.877324,5.877324,1.857432
1364.000000,-712.480270,-497.193615,-0.002354,5.882172,5.882172,1.881597
1366.000000,-714.355968,-496.491342,-0.002661,5.881943,5.881943,1.907370
1368.000000,-716.227709,-495.778593,-0.002825,5.878124,5.878124,1.933322
1370.000000,-718.095321,-495.055099,-0.002943,5.872804,5.872804,1.957905
1372.000000,-719.958892,-494.321251,-0.003198,5.864856,5.864856,1.982885
1374.000000,-721.817478,-493.574876,-0.003277,5.856368,5.856368,2.009107
1376.000000,-723.671089,-492.816231,-0.003501,5.849774,5.849774,2.036592
1378.000000,-725.519886,-492.045924,-0.004006,5.844924,5.844924,2.067295
1380.000000,-727.361798,-491.259304,-0.004087,5.843853,5.843853,2.098045
1382.000000,-729.197266,-490.457769,-0.003966,5.847181,5.847181,2.126880
1384.000000,-731.026530,-489.642167,-0.003924,5.854226,5.854226,2.154297
1386.000000,-732.848957,-488.811399,-0.003681,5.862890,5.862890,2.180772
1388.000000,-734.665394,-487.967618,-0.003491,5.871978,5.871978,2.206295
1390.000000,-736.475986,-487.111362,-0.003421,5.881637,5.881637,2.229586
1392.000000,-738.280489,-486.242346,-0.003245,5.889255,5.889255,2.249774
1394.000000,-740.079382,-485.361776,-0.003208,5.894136,5.894136,2.265783
1396.000000,-741.872858,-484.470225,-0.003447,5.897996,5.897996,2.276168
1398.000000,-743.659992,-483.566030,-0.003567,5.900276,5.900276,2.278553
1400.000000,-745.440409,-482.648683,-0.003468,5.899678,5.899678,2.272820
1402.000000,-747.214582,-481.719314,-0.003468,5.897665,5.897665,2.260818
1404.000000,-748.982314,-480.777749,-0.003645,5.895862,5.895862,2.243861
1406.000000,-750.743170,-479.823395,-0.003899,5.893091,5.893091,2.222564
1408.000000,-752.496512,-478.855306,-0.003986,5.890445,5.890445,2.196127
1410.000000,-754.241710,-477.872610,-0.003703,5.889696,5.889696,2.166004
1412.000000,-755.979578,-476.877002,-0.003436,5.890810,5.890810,2.136854
1414.000000,-757.710948,-475.870141,-0.003462,5.893692,5.893692,2.108700
1416.000000,-759.435090,-474.850952,-0.003420,5.898905,5.898905,2.080382
1418.000000,-761.152083,-473.819759,-0.003191,5.905279,5.905279,2.054343
1420.000000,-762.862533,-472.777752,-0.002919,5.911509,5.911509,2.031248
1422.000000,-764.566738,-471.725561,-0.002690,5.917158,5.917158,2.010505
1424.000000,-766.265504,-470.664607,-0.002683,5.921760,5.921760,1.993656
1426.000000,-767.958634,-469.594683,-0.002751,5.924803,5.924803,1.983415
1428.000000,-769.645565,-468.515013,-0.002618,5.926077,5.926077,1.979017
1430.000000,-771.326845,-467.426563,-0.002579,5.925376,5.925376,1.983043
1432.000000,-773.002909,-466.330094,-0.002821,5.922838,5.922838,1.995471
1434.000000,-774.672482,-465.223770,-0.003010,5.917988,5.917988,2.011214
1436.000000,-776.335340,-464.107387,-0.003120,5.912756,5.912756,2.024148
1438.000000,-777.991308,-462.980801,-0.003417,5.906358,5.906358,2.031745
1440.000000,-779.639734,-461.843213,-0.003689,5.899698,5.899698,2.032377
1442.000000,-781.279114,-460.692627,-0.003731,5.893988,5.893988,2.024721
1444.000000,-782.910304,-459.530464,-0.004056,5.887714,5.887714,2.012391
1446.000000,-784.532354,-458.355575,-0.004481,5.882576,5.882576,1.996290
1448.000000,-786.142845,-457.164893,-0.004406,5.878437,5.878437,1.976043
1450.000000,-787.743111,-455.960507,-0.004290,5.875854,5.875854,1.953532
1452.000000,-789.333136,-454.742635,-0.004388,5.873978,5.873978,1.926904
1454.000000,-790.912236,-453.510625,-0.004175,5.873161,5.873161,1.893848
1456.000000,-792.480363,-452.264672,-0.003758,5.873477,5.873477,1.854445
1458.000000,-794.039967,-451.008070,-0.003790,5.873859,5.873859,1.811985
1460.000000,-795.589941,-449.739614,-0.004010,5.875132,5.875132,1.767199
1462.000000,-797.129330,-448.458329,-0.003806,5.876467,5.876467,1.722143
1464.000000,-798.658561,-447.164934,-0.003292,5.877675,5.877675,1.680264
1466.000000,-800.179483,-445.861779,-0.003088,5.878653,5.878653,1.643644
1468.000000,-801.692982,-444.550006,-0.003279,5.878876,5.878876,1.612068
1470.000000,-803.197285,-443.227699,-0.003294,5.878528,5.878528,1.581852
1472.000000,-804.692794,-441.895458,-0.003366,5.877275,5.877275,1.550379
1474.000000,-806.180067,-440.554026,-0.003366,5.875292,5.875292,1.518031
1476.000000,-807.656534,-439.200713,-0.003191,5.869958,5.869958,1.482363
1478.000000,-809.126528,-437.840377,-0.003432,5.870435,5.870435,1.453052
1480.000000,-810.585587,-436.468312,-0.003530,5.868188,5.868188,1.422810
1482.000000,-812.035402,-435.086481,-0.003544,5.866130,5.866130,1.394582
1484.000000,-813.475720,-433.694758,-0.003944,5.861653,5.861653,1.371029
1486.000000,-814.904885,-432.291583,-0.003910,5.860042,5.860042,1.348241
1488.000000,-816.321656,-430.875911,-0.003629,5.860247,5.860247,1.324376
1490.000000,-817.730243,-429.452078,-0.003482,5.858838,5.858838,1.306509
1492.000000,-819.126326,-428.015975,-0.003230,5.862304,5.862304,1.289983
1494.000000,-820.515723,-426.573434,-0.003325,5.865150,5.865150,1.280177
1496.000000,-821.893745,-425.119996,-0.003388,5.872454,5.872454,1.268899
1498.000000,-823.262620,-423.657940,-0.003211,5.871674,5.871674,1.258496
1500.000000,-824.621625,-422.186711,-0.002826,5.877105,5.877105,1.244318
1502.000000,-825.971791,-420.707360,-0.002811,5.880705,5.880705,1.226476
1504.000000,-827.316134,-419.222721,-0.003302,5.885010,5.885010,1.210342
1506.000000,-828.647556,-417.726476,-0.002926,5.891414,5.891414,1.187307
1508.000000,-829.971197,-416.223350,-0.002628,5.895469,5.895469,1.164216
1510.000000,-831.288221,-414.714415,-0.003301,5.900566,5.900566,1.143360
1512.000000,-832.594533,-413.196207,-0.003550,5.900967,5.900967,1.122032
1514.000000,-833.888808,-411.667723,-0.003239,5.908132,5.908132,1.097718
1516.000000,-835.174564,-410.132060,-0.003134,5.911645,5.911645,1.075370
1518.000000,-836.449658,-408.587537,-0.002931,5.916887,5.916887,1.053256
1520.000000,-837.715924,-407.035759,-0.002925,5.920104,5.920104,1.033019
1522.000000,-838.974164,-405.477493,-0.003108,5.922795,5.922795,1.014299
1524.000000,-840.220819,-403.909922,-0.002967,5.927655,5.927655,0.992822
1526.000000,-841.459766,-402.336256,-0.002560,5.933724,5.933724,0.975450
1528.000000,-842.688405,-400.754521,-0.002273,5.934850,5.934850,0.957968
1530.000000,-843.913038,-399.169684,-0.002717,5.938690,5.938690,0.948436
1532.000000,-845.127152,-397.576781,-0.002749,5.936841,5.936841,0.939723
1534.000000,-846.331685,-395.976612,-0.002093,5.937086,5.937086,0.933677
1536.000000,-847.530771,-394.372368,-0.002349,5.940210,5.940210,0.932782
1538.000000,-848.723475,-392.763364,-0.002989,5.938739,5.938739,0.935187
1540.000000,-849.904122,-391.145492,-0.002631,5.935011,5.935011,0.934270
1542.000000,-851.076617,-389.521712,-0.002139,5.932786,5.932786,0.931941
1544.000000,-852.243338,-387.893767,-0.002416,5.930189,5.930189,0.930518
1546.000000,-853.401903,-386.260010,-0.003077,5.923309,5.923309,0.927852
1548.000000,-854.550963,-384.619568,-0.003231,5.922492,5.922492,0.920635
1550.000000,-855.686789,-382.969928,-0.002683,5.916377,5.916377,0.904041
1552.000000,-856.816028,-381.315767,-0.002827,5.913564,5.913564,0.887193
1554.000000,-857.936198,-379.655450,-0.003353,5.910250,5.910250,0.866839
1556.000000,-859.043516,-377.986554,-0.003069,5.907796,5.907796,0.838850
1558.000000,-860.140880,-376.311075,-0.002928,5.906884,5.906884,0.808760
1560.000000,-861.229913,-374.630189,-0.003047,5.904639,5.904639,0.780056
1562.000000,-862.306182,-372.941084,-0.002939,5.904343,5.904343,0.748236
1564.000000,-863.375196,-371.247381,-0.002975,5.900803,5.900803,0.722402
1566.000000,-864.431672,-369.545823,-0.002539,5.896317,5.896317,0.698397
1568.000000,-865.480008,-367.839250,-0.002463,5.896031,5.896031,0.680165
1570.000000,-866.522527,-366.129108,-0.002701,5.893183,5.893183,0.671213
1572.000000,-867.551081,-364.410530,-0.002135,5.893869,5.893869,0.664207
1574.000000,-868.576298,-362.689980,-0.002027,5.891126,5.891126,0.667765
1576.000000,-869.592756,-360.964218,-0.002242,5.886267,5.886267,0.674048
1578.000000,-870.602085,-359.234280,-0.002219,5.882632,5.882632,0.684932
1580.000000,-871.603410,-357.499696,-0.002170,5.878305,5.878305,0.696119
1582.000000,-872.597074,-355.760714,-0.002385,5.875040,5.875040,0.707015
1584.000000,-873.583868,-354.017833,-0.002499,5.865632,5.865632,0.719419
1586.000000,-874.558782,-352.268268,-0.001973,5.861825,5.861825,0.727436
1588.000000,-875.529383,-350.516313,-0.002070,5.853128,5.853128,0.739781
1590.000000,-876.492842,-348.760415,-0.002706,5.846723,5.846723,0.755402
1592.000000,-877.445785,-346.998792,-0.002515,5.843505,5.843505,0.771146
1594.000000,-878.388765,-345.231813,-0.001901,5.837913,5.837913,0.786358
1596.000000,-879.326669,-343.462130,-0.001938,5.836676,5.836676,0.806835
1598.000000,-880.257767,-341.688880,-0.002258,5.835275,5.835275,0.830503
1600.000000,-881.180030,-339.910997,-0.002857,5.837386,5.837386,0.853583
1602.000000,-882.094654,-338.129180,-0.003000,5.835578,5.835578,0.877364
1604.000000,-882.992624,-336.338903,-0.002107,5.838133,5.838133,0.891759
1606.000000,-883.888633,-334.547644,-0.002326,5.840700,5.840700,0.911083
1608.000000,-884.775023,-332.751617,-0.003011,5.843631,5.843631,0.926380
1610.000000,-885.649146,-330.949580,-0.002844,5.848662,5.848662,0.935024
1612.000000,-886.514030,-329.143098,-0.002746,5.851246,5.851246,0.940411
1614.000000,-887.368564,-327.331687,-0.002977,5.850237,5.850237,0.940886
1616.000000,-888.213244,-325.515667,-0.003481,5.855490,5.855490,0.938479
1618.000000,-889.044711,-323.693563,-0.003614,5.857611,5.857611,0.932406
1620.000000,-889.861700,-321.864911,-0.003134,5.857379,5.857379,0.920700
1622.000000,-890.668019,-320.031543,-0.002970,5.857997,5.857997,0.906940
1624.000000,-891.464203,-318.193738,-0.003146,5.859325,5.859325,0.892197
1626.000000,-892.247645,-316.350473,-0.002818,5.860311,5.860311,0.876283
1628.000000,-893.020312,-314.502656,-0.002424,5.852105,5.852105,0.860868
1630.000000,-893.785626,-312.651789,-0.002823,5.848594,5.848594,0.850764
1632.000000,-894.540509,-310.796641,-0.003091,5.842781,5.842781,0.842602
1634.000000,-895.281684,-308.935971,-0.002527,5.834426,5.834426,0.830173
1636.000000,-896.014709,-307.072077,-0.001951,5.824985,5.824985,0.817319
1638.000000,-896.740058,-305.205180,-0.001748,5.814149,5.814149,0.805987
1640.000000,-897.459756,-303.336096,-0.001748,5.809845,5.809845,0.802895
1642.000000,-898.172267,-301.464270,-0.001883,5.803538,5.803538,0.807726
1644.000000,-898.878604,-299.590095,-0.002026,5.797654,5.797654,0.822113
1646.000000,-899.576223,-297.712663,-0.001870,5.789279,5.789279,0.842889
1648.000000,-900.267000,-295.832698,-0.001647,5.787726,5.787726,0.871777
1650.000000,-900.952044,-293.950647,-0.001692,5.786116,5.786116,0.907260
1652.000000,-901.630576,-292.066227,-0.001967,5.784363,5.784363,0.947984
1654.000000,-902.302335,-290.179387,-0.002210,5.778199,5.778199,0.994000
1656.000000,-902.964426,-288.289129,-0.002608,5.780186,5.780186,1.040814
1658.000000,-903.619190,-286.396332,-0.002802,5.782543,5.782543,1.088975
1660.000000,-904.258739,-284.498335,-0.002395,5.784834,5.784834,1.129368
1662.000000,-904.893501,-282.598736,-0.002589,5.789384,5.789384,1.174378
1664.000000,-905.516636,-280.695280,-0.002837,5.790579,5.790579,1.215631
1666.000000,-906.128358,-278.788151,-0.002975,5.793956,5.793956,1.253090
1668.000000,-906.731239,-276.878186,-0.003606,5.799382,5.799382,1.289706
1670.000000,-907.317721,-274.963131,-0.003277,5.804334,5.804334,1.318343
1672.000000,-907.890585,-273.043949,-0.002805,5.806524,5.806524,1.341240
1674.000000,-908.456786,-271.122790,-0.003080,5.807159,5.807159,1.365455
1676.000000,-909.006769,-269.196929,-0.002891,5.809037,5.809037,1.382452
1678.000000,-909.548382,-267.268699,-0.002689,5.808448,5.808448,1.400584
1680.000000,-910.078338,-265.337231,-0.002514,5.805433,5.805433,1.416466
1682.000000,-910.598398,-263.403073,-0.002306,5.804333,5.804333,1.432691
1684.000000,-911.110989,-261.466927,-0.002467,5.808395,5.808395,1.454544
1686.000000,-911.612663,-259.527915,-0.002692,5.807455,5.807455,1.477610
1688.000000,-912.105340,-257.586612,-0.002396,5.805338,5.805338,1.503398
1690.000000,-912.585080,-255.642061,-0.001849,5.808486,5.808486,1.527428
1692.000000,-913.062415,-253.696923,-0.002473,5.806218,5.806218,1.560220
1694.000000,-913.528687,-251.749096,-0.002402,5.804882,5.804882,1.591133
1696.000000,-913.980910,-249.797972,-0.001522,5.803061,5.803061,1.615801
1698.000000,-914.434790,-247.847240,-0.002572,5.800235,5.800235,1.649076
1700.000000,-914.875614,-245.893497,-0.002835,5.799092,5.799092,1.674298
1702.000000,-915.300634,-243.936285,-0.002211,5.801338,5.801338,1.689812
1704.000000,-915.725920,-241.979129,-0.002730,5.804282,5.804282,1.714268
1706.000000,-916.131802,-240.017828,-0.002593,5.802422,5.802422,1.726783
1708.000000,-916.533380,-238.055643,-0.002694,5.804713,5.804713,1.742354
1710.000000,-916.922234,-236.090900,-0.002876,5.799124,5.799124,1.752833
1712.000000,-917.298454,-234.123701,-0.002647,5.792637,5.792637,1.756211
1714.000000,-917.667379,-232.155113,-0.002779,5.789926,5.789926,1.756323
1716.000000,-918.021796,-230.183866,-0.002589,5.786152,5.786152,1.745569
1718.000000,-918.368668,-228.211278,-0.002625,5.781245,5.781245,1.732046
1720.000000,-918.704235,-226.236736,-0.002826,5.771293,5.771293,1.712617
1722.000000,-919.028448,-224.260295,-0.002594,5.765793,5.765793,1.687836
1724.000000,-919.341943,-222.282132,-0.002372,5.764301,5.764301,1.657792
1726.000000,-919.647146,-220.302664,-0.002477,5.764801,5.764801,1.624399
1728.000000,-919.942056,-218.321641,-0.002559,5.759437,5.759437,1.586330
1730.000000,-920.226539,-216.339092,-0.002621,5.759617,5.759617,1.543377
1732.000000,-920.501540,-214.355207,-0.002464,5.762793,5.762793,1.496025
1734.000000,-920.764290,-212.369662,-0.001709,5.756535,5.756535,1.441687
1736.000000,-921.021849,-210.383435,-0.001457,5.757413,5.757413,1.387548
1738.000000,-921.274864,-208.396622,-0.001519,5.754045,5.754045,1.333522
1740.000000,-921.518974,-206.408699,-0.001445,5.749010,5.749010,1.275095
1742.000000,-921.761251,-204.420552,-0.001391,5.750886,5.750886,1.219572
1744.000000,-921.993080,-202.431160,-0.001431,5.752550,5.752550,1.157273
1746.000000,-922.225480,-200.441832,-0.001960,5.752533,5.752533,1.099065
1748.000000,-922.444373,-198.450971,-0.001846,5.761530,5.761530,1.031458
1750.000000,-922.658455,-196.459600,-0.000972,5.763493,5.763493,0.962580
1752.000000,-922.866222,-194.467547,-0.000908,5.770957,5.770957,0.890925
1754.000000,-923.075926,-192.475711,-0.001187,5.776626,5.776626,0.825786
1756.000000,-923.273575,-190.482633,-0.000675,5.782138,5.782138,0.752314
1758.000000,-923.474452,-188.489874,-0.000694,5.792743,5.792743,0.685561
1760.000000,-923.670150,-186.496599,-0.000894,5.799103,5.799103,0.617336
1762.000000,-923.861900,-184.502944,-0.000756,5.807761,5.807761,0.548793
1764.000000,-924.052442,-182.509171,-0.000668,5.816726,5.816726,0.482533
1766.000000,-924.237269,-180.514864,-0.000632,5.825075,5.825075,0.414328
1768.000000,-924.424059,-178.520752,-0.001122,5.828149,5.828149,0.352229
1770.000000,-924.602538,-176.525865,-0.000239,5.839285,5.839285,0.285393
1772.000000,-924.777755,-174.530689,0.000563,5.844110,5.844110,0.218912
1774.000000,-924.963987,-172.536517,-0.000702,5.853252,5.853252,0.167868
1776.000000,-925.140443,-170.541446,-0.000436,5.858059,5.858059,0.110968
1778.000000,-925.314222,-168.546142,0.000289,5.863051,5.863051,0.055623
1780.000000,-925.496163,-166.551579,-0.000093,5.867601,5.867601,0.013500
1782.000000,-925.669068,-164.556209,-0.000366,5.869336,5.869336,-0.033480
1784.000000,-925.850394,-162.561575,-0.000492,5.874200,5.874200,-0.068510
1786.000000,-926.018058,-160.565759,0.000093,5.875106,5.875106,-0.113668
1788.000000,-926.196767,-158.570890,0.000158,5.877402,5.877402,-0.144086
1790.000000,-926.368534,-156.575416,0.000006,5.877790,5.877790,-0.177975
1792.000000,-926.545667,-154.580412,-0.000310,5.883051,5.883051,-0.202722
1794.000000,-926.719100,-152.585077,-0.000623,5.878720,5.878720,-0.227099
1796.000000,-926.889607,-150.589489,0.000067,5.877593,5.877593,-0.251045
1798.000000,-927.059703,-148.593867,0.000532,5.880785,5.880785,-0.272215
1800.000000,-927.234612,-146.598660,0.000135,5.878102,5.878102,-0.285122
1802.000000,-927.408815,-144.603392,-0.000294,5.880390,5.880390,-0.295870
1804.000000,-927.581777,-142.608016,-0.000156,5.881840,5.881840,-0.305201
1806.000000,-927.753231,-140.612509,-0.000008,5.878582,5.878582,-0.313152
1808.000000,-927.926453,-138.617157,0.000308,5.876638,5.876638,-0.316099
1810.000000,-928.097525,-136.621624,0.000251,5.876542,5.876542,-0.318071
1812.000000,-928.276054,-134.626748,-0.000794,5.873686,5.873686,-0.309611
1814.000000,-928.445831,-132.631103,-0.000396,5.874691,5.874691,-0.307019
1816.000000,-928.612957,-130.635238,0.000806,5.872936,5.872936,-0.305002
1818.000000,-928.787813,-128.640027,0.000169,5.874069,5.874069,-0.293504
1820.000000,-928.962750,-126.644826,-0.000236,5.871076,5.871076,-0.280560
1822.000000,-929.132501,-124.649180,0.000135,5.870274,5.870274,-0.272004
1824.000000,-929.308773,-122.654094,-0.000228,5.867930,5.867930,-0.256466
1826.000000,-929.479349,-120.658514,-0.000250,5.870867,5.870867,-0.246500
1828.000000,-929.651146,-118.663037,0.000090,5.869935,5.869935,-0.235552
1830.000000,-929.822192,-116.667496,0.000415,5.870008,5.870008,-0.225909
1832.000000,-929.994962,-114.672103,0.000274,5.867675,5.867675,-0.215449
1834.000000,-930.171673,-112.677057,-0.000110,5.869368,5.869368,-0.202395
1836.000000,-930.343164,-110.681557,0.000299,5.868120,5.868120,-0.196035
1838.000000,-930.519402,-108.686467,0.000017,5.869513,5.869513,-0.186155
1840.000000,-930.696138,-106.691422,-0.000429,5.868091,5.868091,-0.177030
1842.000000,-930.867401,-104.695901,0.000114,5.870198,5.870198,-0.174856
1844.000000,-931.042250,-102.700689,0.000175,5.866081,5.866081,-0.170287
1846.000000,-931.217229,-100.705489,0.000079,5.872100,5.872100,-0.166581
1848.000000,-931.391161,-98.710197,0.000154,5.867863,5.867863,-0.164817
1850.000000,-931.568325,-96.715193,0.000221,5.867159,5.867159,-0.160467
1852.000000,-931.742539,-94.719930,0.000230,5.864031,5.864031,-0.159656
1854.000000,-931.922958,-92.725215,-0.000289,5.867683,5.867683,-0.153184
1856.000000,-932.097597,-90.729990,-0.000129,5.866017,5.866017,-0.152875
1858.000000,-932.272964,-88.734828,0.000145,5.865955,5.865955,-0.152071
1860.000000,-932.450596,-86.739862,0.000217,5.868574,5.868574,-0.149020
1862.000000,-932.625292,-84.744639,0.000277,5.868371,5.868371,-0.148700
1864.000000,-932.807070,-82.750064,-0.000317,5.866912,5.866912,-0.140924
1866.000000,-932.982037,-80.754868,-0.000025,5.865927,5.865927,-0.139488
1868.000000,-933.158474,-78.759796,0.000350,5.868419,5.868419,-0.135893
1870.000000,-933.338387,-76.765037,-0.000195,5.867195,5.867195,-0.128019
1872.000000,-933.515474,-74.770024,-0.000104,5.868571,5.868571,-0.121988
1874.000000,-933.691628,-72.774927,0.000579,5.870919,5.870919,-0.115628
1876.000000,-933.870815,-70.780103,0.000308,5.870019,5.870019,-0.105012
1878.000000,-934.054128,-68.785651,-0.000468,5.876469,5.876469,-0.088972
1880.000000,-934.231072,-66.790624,-0.000374,5.879059,5.879059,-0.077763
1882.000000,-934.409146,-64.795697,-0.000166,5.877684,5.877684,-0.064007
1884.000000,-934.585355,-62.800605,0.000219,5.878235,5.878235,-0.050693
1886.000000,-934.761514,-60.805509,0.000528,5.881472,5.881472,-0.035785
1888.000000,-934.943140,-58.810904,-0.000169,5.884881,5.884881,-0.013823
1890.000000,-935.122314,-56.816080,-0.000534,5.885505,5.885505,0.007095
1892.000000,-935.298228,-54.820962,-0.000141,5.887891,5.887891,0.026288
1894.000000,-935.474584,-52.825883,0.000070,5.890343,5.890343,0.047642
1896.000000,-935.651056,-50.830814,0.000100,5.892934,5.892934,0.070750
1898.000000,-935.827978,-48.835785,0.000041,5.895445,5.895445,0.096073
1900.000000,-936.005482,-46.840808,-0.000141,5.897736,5.897736,0.123938
1902.000000,-936.182029,-44.845746,-0.000042,5.901872,5.901872,0.152542
1904.000000,-936.357658,-42.850602,0.000070,5.907732,5.907732,0.181994
1906.000000,-936.535409,-40.855648,-0.000085,5.910568,5.910568,0.215727
1908.000000,-936.710958,-38.860499,-0.000358,5.915558,5.915558,0.249177
1910.000000,-936.887426,-36.865429,-0.000540,5.915837,5.915837,0.285443
1912.000000,-937.058542,-34.869895,-0.000279,5.920478,5.920478,0.318323
1914.000000,-937.230804,-32.874460,-0.000193,5.925271,5.925271,0.353738
1916.000000,-937.401663,-30.878902,-0.000179,5.927430,5.927430,0.388970
1918.000000,-937.571098,-28.883224,0.000157,5.930488,5.930488,0.423987
1920.000000,-937.741924,-26.887664,-0.000082,5.937127,5.937127,0.461256
1922.000000,-937.913908,-24.892203,-0.000590,5.936041,5.936041,0.500447
1924.000000,-938.080874,-22.896316,-0.000600,5.937672,5.937672,0.535429
1926.000000,-938.247287,-20.900383,-0.000074,5.944284,5.944284,0.570692
1928.000000,-938.410233,-18.904168,0.000075,5.946895,5.946895,0.603273
1930.000000,-938.579480,-16.908481,-0.000331,5.948211,5.948211,0.643047
1932.000000,-938.740797,-14.912133,-0.000517,5.952261,5.952261,0.676046
1934.000000,-938.906387,-12.916133,-0.000349,5.954012,5.954012,0.714523
1936.000000,-939.063086,-10.919418,-0.000047,5.957810,5.957810,0.745385
1938.000000,-939.227716,-8.923344,-0.000529,5.959689,5.959689,0.785801
1940.000000,-939.384619,-6.926643,-0.000349,5.960352,5.960352,0.820324
1942.000000,-939.540590,-4.929871,0.000234,5.962815,5.962815,0.855821
1944.000000,-939.700570,-2.933412,-0.000129,5.962184,5.962184,0.897212
1946.000000,-939.857208,-0.936688,-0.000088,5.965190,5.965190,0.937347
1948.000000,-940.014451,1.059988,-0.000261,5.967485,5.967485,0.980001
1950.000000,-940.172415,3.056608,-0.000500,5.969928,5.969928,1.025168
1952.000000,-940.324152,5.053706,0.000065,5.967640,5.967640,1.065988
1954.000000,-940.479627,7.050514,-0.000084,5.968339,5.968339,1.112410
1956.000000,-940.634888,9.047335,-0.000719,5.967308,5.967308,1.160173
1958.000000,-940.785494,11.044517,-0.000359,5.967199,5.967199,1.204633
1960.000000,-940.934128,13.041848,0.000392,5.966081,5.966081,1.248763
1962.000000,-941.085623,15.038962,0.000429,5.961944,5.961944,1.296873
1964.000000,-941.239636,17.035884,-0.000465,5.964194,5.964194,1.348573
1966.000000,-941.392623,19.032889,-0.001006,5.959184,5.959184,1.400021
1968.000000,-941.537709,21.030483,-0.000222,5.955568,5.955568,1.444259
1970.000000,-941.683528,23.028024,0.000219,5.952508,5.952508,1.490029
1972.000000,-941.832222,25.025355,-0.000487,5.952265,5.952265,1.539474
1974.000000,-941.977945,27.022903,-0.000752,5.948681,5.948681,1.586817
1976.000000,-942.118943,29.020793,-0.000308,5.948453,5.948453,1.630354
1978.000000,-942.260332,31.018654,-0.000407,5.943353,5.943353,1.675190
1980.000000,-942.400733,33.016583,-0.000933,5.938345,5.938345,1.719884
1982.000000,-942.536207,35.014854,-0.000614,5.938210,5.938210,1.760577
1984.000000,-942.667590,37.013397,0.000158,5.933821,5.933821,1.798165
1986.000000,-942.802259,39.011723,-0.000074,5.932272,5.932272,1.840189
1988.000000,-942.936982,41.010044,-0.000876,5.930821,5.930821,1.882913
1990.000000,-943.067128,43.008669,-0.000729,5.924517,5.924517,1.921679
1992.000000,-943.192350,45.007608,-0.000190,5.924878,5.924878,1.957225
1994.000000,-943.320331,47.006372,-0.000597,5.926897,5.926897,1.998063
1996.000000,-943.444682,49.005367,-0.000839,5.923157,5.923157,2.037528
1998.000000,-943.563977,51.004668,-0.000059,5.921687,5.921687,2.073774
2000.000000,-943.683582,53.003950,0.000355,5.922293,5.922293,2.111938
2002.000000,-943.806684,55.003021,-0.000431,5.922188,5.922188,2.154643
2004.000000,-943.928163,57.002193,-0.001060,5.917895,5.917895,2.196613
2006.000000,-944.042492,59.001784,-0.000263,5.917726,5.917726,2.232368
2008.000000,-944.155761,61.001434,0.000139,5.916998,5.916998,2.267960
2010.000000,-944.274088,63.000794,-0.000078,5.918862,5.918862,2.309003
2012.000000,-944.385584,65.000538,-0.000050,5.916043,5.916043,2.343515
2014.000000,-944.504429,66.999861,-0.000397,5.915628,5.915628,2.385121
2016.000000,-944.614607,68.999686,0.000301,5.914615,5.914615,2.417643
2018.000000,-944.728403,70.999306,0.000570,5.915113,5.915113,2.453454
2020.000000,-944.848457,72.998561,-0.000500,5.914371,5.914371,2.494527
2022.000000,-944.961509,74.998225,-0.000345,5.915295,5.915295,2.527539
2024.000000,-945.074296,76.997905,0.000192,5.909082,5.909082,2.559112
2026.000000,-945.189090,78.997468,0.000087,5.912744,5.912744,2.591286
2028.000000,-945.303207,80.997065,0.000105,5.909644,5.909644,2.621538
2030.000000,-945.418058,82.996624,0.000156,5.907784,5.907784,2.651709
2032.000000,-945.533796,84.996135,0.000158,5.908340,5.908340,2.682068
2034.000000,-945.649524,86.995643,0.000076,5.910844,5.910844,2.712578
2036.000000,-945.766915,88.995058,-0.000159,5.904376,5.904376,2.745399
2038.000000,-945.882205,90.994594,-0.000280,5.904447,5.904447,2.777734
2040.000000,-945.997493,92.994122,0.000047,5.904674,5.904674,2.812159
2042.000000,-946.110405,94.993783,0.000448,5.904726,5.904726,2.846085
2044.000000,-946.228827,96.993135,0.000022,5.899522,5.899522,2.887877
2046.000000,-946.345775,98.992576,-0.000378,5.901206,5.901206,2.930006
2048.000000,-946.460508,100.992145,0.000107,5.898078,5.898078,2.971510
2050.000000,-946.575084,102.991723,0.000394,5.899151,5.899151,3.014247
2052.000000,-946.693898,104.991054,0.000165,5.896981,5.896981,3.062065
2054.000000,-946.810706,106.990504,-0.000138,5.897339,5.897339,3.108486
2056.000000,-946.929937,108.989810,-0.000280,5.895178,5.895178,3.157909
2058.000000,-947.044120,110.989411,0.000137,5.889022,5.889022,3.203037
2060.000000,-947.161496,112.988822,0.000174,5.889238,5.889238,3.252158
2062.000000,-947.279727,114.988187,0.000129,5.888709,5.888709,3.301846
2064.000000,-947.395848,116.987675,0.000395,5.890400,5.890400,3.348978
2066.000000,-947.517407,118.986841,-0.000077,5.886782,5.886782,3.401279
2068.000000,-947.636525,120.986152,-0.000346,5.885354,5.885354,3.451157
2070.000000,-947.753855,122.985571,0.000091,5.885888,5.885888,3.499584
2072.000000,-947.871656,124.984962,0.000313,5.885579,5.885579,3.548276
2074.000000,-947.991759,126.984216,0.000085,5.882728,5.882728,3.598294
2076.000000,-948.111805,128.983473,-0.000185,5.879766,5.879766,3.646790
2078.000000,-948.231020,130.982772,0.000058,5.877637,5.877637,3.693075
2080.000000,-948.348982,132.982148,0.000170,5.877989,5.877989,3.738402
2082.000000,-948.471205,134.981272,0.000121,5.874879,5.874879,3.788476
2084.000000,-948.588888,136.980669,0.000332,5.873570,5.873570,3.834598
2086.000000,-948.713323,138.979656,-0.000198,5.868955,5.868955,3.887023
2088.000000,-948.834117,140.978867,-0.000302,5.868819,5.868819,3.933437
2090.000000,-948.952269,142.978238,0.000273,5.863567,5.863567,3.974894
2092.000000,-949.074517,144.977358,0.000168,5.867270,5.867270,4.017675
2094.000000,-949.195588,146.976553,0.000021,5.861786,5.861786,4.052613
2096.000000,-949.317602,148.975685,0.000066,5.862111,5.862111,4.077459
2098.000000,-949.439238,150.974830,0.000078,5.859892,5.859892,4.091406
2100.000000,-949.561745,152.973933,-0.000176,5.854526,5.854526,4.095457
2102.000000,-949.684136,154.973049,-0.000297,5.854532,5.854532,4.084666
2104.000000,-949.803066,156.972371,0.000035,5.849031,5.849031,4.055225
2106.000000,-949.924282,158.971556,-0.000133,5.849766,5.849766,4.009999
2108.000000,-950.044947,160.970774,-0.000468,5.839444,5.839444,3.940914
2110.000000,-950.162295,162.970190,-0.000187,5.837854,5.837854,3.850561
2112.000000,-950.279339,164.969625,-0.000031,5.834624,5.834624,3.738770
2114.000000,-950.397318,166.969005,-0.000656,5.823808,5.823808,3.581255
2116.000000,-950.513239,168.968496,-0.000820,5.817571,5.817571,3.395768
2118.000000,-950.621829,170.968409,-0.000278,5.811701,5.811701,3.189698
2120.000000,-950.734008,172.968123,-0.000113,5.810580,5.810580,2.947454
2122.000000,-950.841888,174.968073,-0.000159,5.802303,5.802303,2.642945
2124.000000,-950.952968,176.967848,-0.000169,5.798617,5.798617,2.276456
2126.000000,-951.059407,178.967876,0.000382,5.790321,5.790321,1.842131
2128.000000,-951.169213,180.967721,0.001162,5.781863,5.781863,1.372063
2130.000000,-951.283046,182.967342,0.001865,5.772870,5.772870,0.879380
2132.000000,-951.404080,184.966535,0.002839,5.764862,5.764862,0.352469
2134.000000,-951.536551,186.965004,0.004011,5.761011,5.761011,-0.205083
2136.000000,-951.684398,188.962384,0.005203,5.761863,5.761863,-0.787857
2138.000000,-951.854249,190.958018,0.009580,5.753629,5.753629,-1.394814
2140.000000,-952.047916,192.951398,0.021390,5.722552,5.722552,-2.017202
2142.000000,-952.324693,194.934153,0.032574,5.738854,5.738854,-2.579258
2144.000000,-952.750534,196.889919,0.037432,5.803419,5.803419,-3.037835
2146.000000,-953.307655,198.813185,0.053263,5.892216,5.892216,-3.432761
2148.000000,-954.033208,200.678950,0.086544,5.976101,5.976101,-3.712623
2150.000000,-955.081223,202.379847,0.103604,5.976858,5.976858,-3.768739
2152.000000,-956.504172,203.781460,0.082856,5.909143,5.909143,-3.548886
2154.000000,-958.140628,204.932922,0.052261,5.848236,5.848236,-3.098206
2156.000000,-959.876965,205.928819,0.039972,5.819204,5.819204,-2.532601
2158.000000,-961.678387,206.802885,0.037633,5.786313,5.786313,-1.922357
2160.000000,-963.550588,207.511981,0.024170,5.765612,5.765612,-1.244000
2162.000000,-965.458552,208.121172,0.006129,5.766656,5.766656,-0.599297
2164.000000,-967.365226,208.734358,0.000426,5.778639,5.778639,-0.112963
2166.000000,-969.272088,209.346948,0.001201,5.798964,5.798964,0.253868
2168.000000,-971.181932,209.950217,0.000378,5.828719,5.828719,0.556063
2170.000000,-973.091497,210.554371,-0.000507,5.862823,5.862823,0.817536
2172.000000,-975.000499,211.160303,-0.000749,5.901903,5.901903,1.063700
2174.000000,-976.908443,211.769555,-0.001386,5.937474,5.937474,1.310694
2176.000000,-978.815414,212.381845,-0.003020,5.965352,5.965352,1.594400
2178.000000,-980.718544,213.005903,-0.003623,5.987722,5.987722,1.933227
2180.000000,-982.615195,213.649415,-0.005819,6.004868,6.004868,2.341521
2182.000000,-984.510327,214.297423,-0.016644,6.007090,6.007090,2.852944
2184.000000,-986.383650,215.004925,-0.031680,5.984107,5.984107,3.421348
2186.000000,-988.204344,215.837285,-0.044043,5.963000,5.963000,3.954169
2188.000000,-989.945223,216.823716,-0.055841,5.964447,5.964447,4.377133
2190.000000,-991.564905,217.997227,-0.071084,5.946330,5.946330,4.641189
2192.000000,-993.008684,219.380929,-0.087901,5.906381,5.906381,4.731069
2194.000000,-994.175790,221.002926,-0.085970,5.883069,5.883069,4.627581
2196.000000,-994.999141,222.826946,-0.062084,5.843928,5.843928,4.228743
2198.000000,-995.626290,224.727381,-0.040057,5.845549,5.845549,3.612575
2200.000000,-996.086275,226.675523,-0.021127,5.891367,5.891367,2.795428
2202.000000,-996.464935,228.642208,-0.003284,5.916123,5.916123,1.868794
2204.000000,-996.845526,230.608563,0.004780,5.971109,5.971109,1.004070
2206.000000,-997.252397,232.569643,0.004515,6.080240,6.080240,0.283123
2208.000000,-997.679943,234.526317,0.001078,6.185347,6.185347,-0.319087
2210.000000,-998.110771,236.482286,-0.000783,6.273501,6.273501,-0.851349
2212.000000,-998.531289,238.440498,-0.000373,6.357502,6.357502,-1.351034
2214.000000,-998.956866,240.397620,0.000043,6.434883,6.434883,-1.807678
2216.000000,-999.376785,242.355961,-0.000348,6.505985,6.505985,-2.219791
2218.000000,-999.803632,244.312796,-0.002420,6.566896,6.566896,-2.554635
2220.000000,-1000.216817,246.272571,-0.003253,6.600086,6.600086,-2.834565
2222.000000,-1000.612396,248.235933,-0.000650,6.602434,6.602434,-3.087064
2224.000000,-1001.005746,250.199782,0.001536,6.585896,6.585896,-3.300165
2226.000000,-1001.410948,252.161218,0.001145,6.574552,6.574552,-3.468043
2228.000000,-1001.818826,254.122104,0.000918,6.568691,6.568691,-3.608626
2230.000000,-1002.227503,256.082821,0.001582,6.568993,6.568993,-3.722590
2232.000000,-1002.646316,258.041399,0.001728,6.568643,6.568643,-3.805757
2234.000000,-1003.068899,259.999170,0.002400,6.571864,6.571864,-3.866479
2236.000000,-1003.500919,261.954870,0.002715,6.580555,6.580555,-3.894342
2238.000000,-1003.947898,263.907212,0.002082,6.584790,6.584790,-3.888345
2240.000000,-1004.398040,265.858830,0.001946,6.593857,6.593857,-3.860407
2242.000000,-1004.859471,267.807808,0.001959,6.596188,6.596188,-3.803439
2244.000000,-1005.325572,269.755673,0.002003,6.605521,6.605521,-3.731386
2246.000000,-1005.801625,271.701129,0.001646,6.608099,6.608099,-3.640644
2248.000000,-1006.284339,273.644947,0.001409,6.612693,6.612693,-3.532686
2250.000000,-1006.769425,275.588166,0.001806,6.609306,6.609306,-3.414034
2252.000000,-1007.265040,277.528733,0.001788,6.601100,6.601100,-3.276498
2254.000000,-1007.765314,279.468102,0.001456,6.590926,6.590926,-3.126461
2256.000000,-1008.273529,281.405408,0.001536,6.581791,6.581791,-2.960601
2258.000000,-1008.783811,283.342167,0.002052,6.565147,6.565147,-2.787596
2260.000000,-1009.305847,285.275792,0.001796,6.551835,6.551835,-2.599846
2262.000000,-1009.834109,287.207730,0.001689,6.536467,6.536467,-2.407696
2264.000000,-1010.365994,289.138670,0.002743,6.524968,6.524968,-2.216352
2266.000000,-1010.910527,291.066076,0.001753,6.517344,6.517344,-2.019155
2268.000000,-1011.468505,292.989639,-0.002394,6.510826,6.510826,-1.819688
2270.000000,-1012.014014,294.916762,-0.005039,6.493111,6.493111,-1.647052
2272.000000,-1012.534002,296.850907,-0.002716,6.439512,6.439512,-1.517563
2274.000000,-1013.039553,298.788905,0.000928,6.358609,6.358609,-1.422853
2276.000000,-1013.557449,300.723643,0.001807,6.283219,6.283219,-1.331979
2278.000000,-1014.079497,302.657269,0.001889,6.202960,6.202960,-1.251805
2280.000000,-1014.608910,304.588888,0.002659,6.125403,6.125403,-1.179450
2282.000000,-1015.148672,306.517636,0.004182,6.046677,6.046677,-1.111503
2284.000000,-1015.701469,308.442690,0.006986,5.972474,5.972474,-1.043598
2286.000000,-1016.282328,310.359423,0.008175,5.920242,5.920242,-0.960640
2288.000000,-1016.901357,312.264191,0.005227,5.909225,5.909225,-0.853202
2290.000000,-1017.541174,314.162098,0.001763,5.910964,5.910964,-0.736125
2292.000000,-1018.181079,316.059981,0.001310,5.912071,5.912071,-0.630269
2294.000000,-1018.826872,317.955864,0.000952,5.917695,5.917695,-0.529880
2296.000000,-1019.480702,319.848996,-0.000719,5.922906,5.922906,-0.429469
2298.000000,-1020.127024,321.744697,-0.000784,5.927997,5.927997,-0.345023
2300.000000,-1020.769415,323.641741,0.000055,5.932698,5.932698,-0.273526
2302.000000,-1021.415277,325.537604,-0.000176,5.941397,5.941397,-0.206842
2304.000000,-1022.058961,327.434206,-0.000554,5.940005,5.940005,-0.149106
2306.000000,-1022.700856,329.331417,-0.000174,5.943976,5.943976,-0.097115
2308.000000,-1023.340085,331.229526,0.000058,5.946041,5.946041,-0.048798
2310.000000,-1023.983794,333.126123,0.000051,5.947313,5.947313,0.004969
2312.000000,-1024.622087,335.024546,0.000239,5.946806,5.946806,0.054283
2314.000000,-1025.267497,336.920561,-0.000112,5.942199,5.942199,0.113592
2316.000000,-1025.907726,338.818336,-0.000137,5.937682,5.937682,0.170119
2318.000000,-1026.549500,340.715589,0.000068,5.933864,5.933864,0.230893
2320.000000,-1027.191282,342.612832,-0.000113,5.935765,5.935765,0.293615
2322.000000,-1027.832531,344.510237,0.000709,5.936573,5.936573,0.356531
2324.000000,-1028.473117,346.407878,0.001066,5.937240,5.937240,0.418745
2326.000000,-1029.126326,348.301214,-0.000470,5.937131,5.937131,0.492325
2328.000000,-1029.771146,350.197434,-0.000959,5.930937,5.930937,0.553287
2330.000000,-1030.412992,352.094662,0.000005,5.934119,5.934119,0.606574
2332.000000,-1031.054607,353.991967,0.000403,5.934633,5.934633,0.654385
2334.000000,-1031.699737,355.888080,-0.000178,5.934604,5.934604,0.700692
2336.000000,-1032.344196,357.784423,-0.000661,5.935637,5.935637,0.740842
2338.000000,-1032.983778,359.682415,-0.000028,5.931597,5.931597,0.769092
2340.000000,-1033.623737,361.580280,0.000242,5.931940,5.931940,0.790062
2342.000000,-1034.267397,363.476893,0.000057,5.927624,5.927624,0.807243
2344.000000,-1034.906953,365.374893,0.000671,5.922078,5.922078,0.811646
2346.000000,-1035.551875,367.271077,0.000571,5.921641,5.921641,0.812097
2348.000000,-1036.200366,369.166044,-0.000448,5.918369,5.918369,0.806113
2350.000000,-1036.845023,371.062317,-0.000451,5.917461,5.917461,0.783921
2352.000000,-1037.486966,372.959507,-0.000091,5.913906,5.913906,0.744126
2354.000000,-1038.131307,374.855875,-0.000023,5.915869,5.915869,0.698455
2356.000000,-1038.772173,376.753432,-0.000040,5.917383,5.917383,0.642895
2358.000000,-1039.417242,378.649565,-0.000436,5.923552,5.923552,0.585608
2360.000000,-1040.056769,380.547576,0.004073,5.925099,5.925099,0.516362
2362.000000,-1040.696558,382.445500,0.014022,5.930453,5.930453,0.440989
2364.000000,-1041.400109,384.311890,-0.009266,5.859878,5.859878,0.429956
2366.000000,-1042.159728,386.096926,-0.028722,5.714098,5.714098,0.494247
2368.000000,-1042.578794,388.038682,0.004071,5.940053,5.940053,0.178712
2370.000000,-1043.215819,389.937534,0.013494,5.947413,5.947413,0.078601
2372.000000,-1043.848578,391.837811,0.000289,5.949517,5.949517,-0.029572
2374.000000,-1044.485008,393.736863,0.000102,5.954597,5.954597,-0.137925
2376.000000,-1045.122761,395.635471,-0.000388,5.963762,5.963762,-0.248049
2378.000000,-1045.755756,397.535670,0.000222,5.960910,5.960910,-0.363812
2380.000000,-1046.391041,399.435106,0.000328,5.962058,5.962058,-0.474917
2382.000000,-1047.029880,401.333348,-0.000009,5.967293,5.967293,-0.578306
2384.000000,-1047.664305,403.233071,-0.000289,5.967728,5.967728,-0.682516
2386.000000,-1048.303867,405.131064,-0.000440,5.968994,5.968994,-0.778671
2388.000000,-1048.933155,407.032473,0.000635,5.974476,5.974476,-0.881756
2390.000000,-1049.571150,408.930993,0.000734,5.982152,5.982152,-0.969389
2392.000000,-1050.211676,410.828654,0.000129,5.987176,5.987176,-1.049635
2394.000000,-1050.849601,412.727202,-0.000065,5.996796,5.996796,-1.127708
2396.000000,-1051.492163,414.624174,-0.000053,5.996995,5.996995,-1.196374
2398.000000,-1052.127065,416.523721,0.000207,5.994975,5.994975,-1.269299
2400.000000,-1052.771843,418.419955,-0.000240,5.998011,5.998011,-1.328485
2402.000000,-1053.407688,420.319198,-0.000406,6.001885,6.001885,-1.392586
2404.000000,-1054.047879,422.216986,-0.000015,6.002608,6.002608,-1.446405
2406.000000,-1054.682144,424.116758,0.000273,6.008611,6.008611,-1.501133
2408.000000,-1055.323678,426.014085,0.000065,6.011264,6.011264,-1.543070
2410.000000,-1055.960752,427.912921,0.000219,6.016738,6.016738,-1.585280
2412.000000,-1056.600468,429.810866,0.000218,6.017056,6.017056,-1.621255
2414.000000,-1057.242697,431.707965,-0.000306,6.019950,6.019950,-1.651111
2416.000000,-1057.880565,433.606533,-0.000004,6.027365,6.027365,-1.680701
2418.000000,-1058.519989,435.504576,0.000029,6.026797,6.026797,-1.704296
2420.000000,-1059.160609,437.402217,-0.000376,6.027712,6.027712,-1.722353
2422.000000,-1059.797716,439.301040,-0.000160,6.025553,6.025553,-1.739274
2424.000000,-1060.434926,441.199822,0.000366,6.027734,6.027734,-1.752622
2426.000000,-1061.073011,443.098311,0.000576,6.029870,6.029870,-1.762083
2428.000000,-1061.714807,444.995556,0.000332,6.031790,6.031790,-1.764766
2430.000000,-1062.357065,446.892645,-0.000114,6.033361,6.033361,-1.764788
2432.000000,-1062.999731,448.789597,-0.000149,6.035003,6.035003,-1.762903
2434.000000,-1063.639382,450.687566,0.000290,6.031861,6.031861,-1.762943
2436.000000,-1064.282386,452.584401,-0.000052,6.037554,6.037554,-1.758234
2438.000000,-1064.926104,454.480995,-0.000215,6.034957,6.034957,-1.752083
2440.000000,-1065.564254,456.379467,0.000370,6.034541,6.034541,-1.751751
2442.000000,-1066.209553,458.275519,0.000008,6.034633,6.034633,-1.744549
2444.000000,-1066.851746,460.172624,-0.000086,6.030921,6.030921,-1.741441
2446.000000,-1067.493119,462.070010,0.000181,6.028264,6.028264,-1.739623
2448.000000,-1068.137927,463.966232,-0.000165,6.025824,6.025824,-1.733835
2450.000000,-1068.779439,465.863573,-0.000068,6.020708,6.020708,-1.730563
2452.000000,-1069.421597,467.760696,-0.000015,6.018471,6.018471,-1.725183
2454.000000,-1070.064720,469.657492,-0.000338,6.013512,6.013512,-1.716531
2456.000000,-1070.705036,471.555236,-0.000173,6.010833,6.010833,-1.707788
2458.000000,-1071.344865,473.453144,-0.000220,6.007153,6.007153,-1.696316
2460.000000,-1071.985850,475.350663,-0.000451,6.001871,6.001871,-1.681422
2462.000000,-1072.621664,477.249916,-0.000471,6.002028,6.002028,-1.670118
2464.000000,-1073.259809,479.148389,-0.000953,5.999151,5.999151,-1.654731
2466.000000,-1073.891299,481.049089,-0.000746,5.993704,5.993704,-1.644687
2468.000000,-1074.519262,482.950957,0.000094,5.992452,5.992452,-1.632288
2470.000000,-1075.149581,484.852046,0.000473,5.992364,5.992364,-1.605470
2472.000000,-1075.780142,486.753055,0.000718,5.990389,5.990389,-1.559571
2474.000000,-1076.415059,488.652613,0.000768,5.990851,5.990851,-1.481071
2476.000000,-1077.051947,490.551511,0.000608,5.993007,5.993007,-1.378678
2478.000000,-1077.692225,492.449267,0.000646,5.998139,5.998139,-1.252338
2480.000000,-1078.332996,494.346855,0.000290,6.000004,6.000004,-1.103082
2482.000000,-1078.979213,496.242599,-0.000696,5.999598,5.999598,-0.928147
2484.000000,-1079.618451,498.140704,-0.001240,5.999361,5.999361,-0.743766
2486.000000,-1080.255618,500.039506,-0.001626,5.996541,5.996541,-0.546107
2488.000000,-1080.885050,501.940888,-0.002763,5.998787,5.998787,-0.338330
2490.000000,-1081.507262,503.844643,-0.003569,5.998434,5.998434,-0.109523
2492.000000,-1082.109501,505.754811,-0.003552,5.993239,5.993239,0.143468
2494.000000,-1082.704378,507.667276,-0.005110,5.985791,5.985791,0.427292
2496.000000,-1083.279557,509.585745,-0.006966,5.982131,5.982131,0.707473
2498.000000,-1083.822951,511.513455,-0.007406,5.984479,5.984479,0.967877
2500.000000,-1084.342259,513.447771,-0.007968,5.995078,5.995078,1.229217
2502.000000,-1084.826929,515.391046,-0.009937,6.001156,6.001156,1.495112
2504.000000,-1085.281165,517.341679,-0.013026,6.009699,6.009699,1.786191
2506.000000,-1085.675732,519.305160,-0.013843,6.009972,6.009972,2.084146
2508.000000,-1086.015651,521.278883,-0.014139,6.012922,6.012922,2.384946
2510.000000,-1086.306326,523.260428,-0.016664,6.014352,6.014352,2.692581
2512.000000,-1086.526060,525.251026,-0.017548,6.012009,6.012009,2.991983
2514.000000,-1086.671661,527.248390,-0.015963,6.001082,6.001082,3.270317
2516.000000,-1086.756269,529.249360,-0.015335,5.996611,5.996611,3.522392
2518.000000,-1086.781457,531.251937,-0.015576,5.993092,5.993092,3.736259
2520.000000,-1086.740600,533.254295,-0.014671,5.992816,5.992816,3.907457
2522.000000,-1086.641414,535.254503,-0.013410,5.991938,5.991938,4.044947
2524.000000,-1086.489744,537.251551,-0.013486,5.997526,5.997526,4.161916
2526.000000,-1086.286667,539.243977,-0.013759,5.993063,5.993063,4.264782
2528.000000,-1086.023445,541.229387,-0.012799,5.996017,5.996017,4.347426
2530.000000,-1085.712698,543.207881,-0.012577,5.991558,5.991558,4.418607
2532.000000,-1085.353889,545.178270,-0.012783,5.989391,5.989391,4.473626
2534.000000,-1084.939852,547.137804,-0.011753,5.985233,5.985233,4.503441
2536.000000,-1084.483081,549.087807,-0.011393,5.982971,5.982971,4.516722
2538.000000,-1083.982885,551.027112,-0.012102,5.976120,5.976120,4.523994
2540.000000,-1083.434859,552.953461,-0.012062,5.967967,5.967967,4.545765
2542.000000,-1082.838611,554.865398,-0.011388,5.962756,5.962756,4.605683
2544.000000,-1082.201134,556.764065,-0.011880,5.959247,5.959247,4.702424
2546.000000,-1081.520476,558.647603,-0.013278,5.950885,5.950885,4.820527
2548.000000,-1080.787625,560.511454,-0.013602,5.953929,5.953929,4.941612
2550.000000,-1080.003211,562.354242,-0.013742,5.955747,5.955747,5.053058
2552.000000,-1079.172120,564.176360,-0.014780,5.957109,5.957109,5.151757
2554.000000,-1078.284411,565.971620,-0.014894,5.962165,5.962165,5.222296
2556.000000,-1077.342661,567.739165,-0.014163,5.966372,5.966372,5.266136
2558.000000,-1076.352913,569.480212,-0.013923,5.972315,5.972315,5.281741
2560.000000,-1075.314134,571.192500,-0.014279,5.980714,5.980714,5.271701
2562.000000,-1074.228844,572.875702,-0.014514,5.987961,5.987961,5.249798
2564.000000,-1073.091531,574.524214,-0.013515,5.989572,5.989572,5.218276
2566.000000,-1071.911059,576.142050,-0.013042,5.994302,5.994302,5.184752
2568.000000,-1070.691792,577.730941,-0.013565,5.995793,5.995793,5.154493
2570.000000,-1069.425887,579.282906,-0.013173,5.994072,5.994072,5.122262
2572.000000,-1068.121467,580.802590,-0.012670,5.991145,5.991145,5.092265
2574.000000,-1066.778491,582.288358,-0.013116,5.981827,5.981827,5.058933
2576.000000,-1065.398609,583.739920,-0.013690,5.970652,5.970652,5.020947
2578.000000,-1063.976972,585.150603,-0.013420,5.959526,5.959526,4.976111
2580.000000,-1062.518876,586.523583,-0.012692,5.946482,5.946482,4.922731
2582.000000,-1061.025687,587.858223,-0.012689,5.931708,5.931708,4.859969
2584.000000,-1059.501385,589.157341,-0.012859,5.923616,5.923616,4.793208
2586.000000,-1057.940645,590.412415,-0.012265,5.917367,5.917367,4.718368
2588.000000,-1056.352223,591.632307,-0.012413,5.917498,5.917498,4.641123
2590.000000,-1054.733861,592.812050,-0.013628,5.919725,5.919725,4.552720
2592.000000,-1053.084116,593.947576,-0.014099,5.919616,5.919616,4.439361
2594.000000,-1051.401069,595.033053,-0.013175,5.916800,5.916800,4.251825
2596.000000,-1049.690485,596.074717,-0.013347,5.917219,5.917219,4.015950
2598.000000,-1047.955557,597.075280,-0.014155,5.912689,5.912689,3.874117
2600.000000,-1046.188198,598.017388,-0.013308,5.908044,5.908044,3.796786
2602.000000,-1044.399824,598.918997,-0.014981,5.906489,5.906489,3.740881
2604.000000,-1042.587307,599.770731,-0.018311,5.897698,5.897698,3.676004
2606.000000,-1040.740738,600.545804,-0.016522,5.870209,5.870209,3.564586
2608.000000,-1038.867854,601.255403,-0.012017,5.821084,5.821084,3.409513
2610.000000,-1036.981172,601.927418,-0.010348,5.790981,5.790981,3.231750
2612.000000,-1035.080759,602.559572,-0.009764,5.781656,5.781656,3.025074
2614.000000,-1033.167577,603.152059,-0.008729,5.789298,5.789298,2.791983
2616.000000,-1031.245410,603.714709,-0.008748,5.823962,5.823962,2.547344
2618.000000,-1029.313454,604.242647,-0.008811,5.881920,5.881920,2.294812
2620.000000,-1027.372031,604.734750,-0.007894,5.962912,5.962912,2.043750
2622.000000,-1025.423155,605.196583,-0.007886,6.055313,6.055313,1.806053
2624.000000,-1023.468232,605.631841,-0.009041,6.162779,6.162779,1.575414
2626.000000,-1021.504816,606.027136,-0.010737,6.268228,6.268228,1.330238
2628.000000,-1019.534653,606.386965,-0.013522,6.367772,6.367772,1.084143
2630.000000,-1017.554768,606.688390,-0.012824,6.430019,6.430019,0.817944
2632.000000,-1015.566402,606.927975,-0.006850,6.456948,6.456948,0.535032
2634.000000,-1013.575449,607.146021,-0.003324,6.472283,6.472283,0.293040
2636.000000,-1011.584065,607.359996,-0.002681,6.490067,6.490067,0.083630
2638.000000,-1009.590322,607.550628,-0.001031,6.502761,6.502761,-0.144677
2640.000000,-1007.597337,607.749219,-0.000945,6.514205,6.514205,-0.367044
2642.000000,-1005.603471,607.938777,-0.000736,6.522068,6.522068,-0.590855
2644.000000,-1003.609136,608.123357,0.000015,6.526043,6.526043,-0.802486
2646.000000,-1001.615503,608.315175,-0.000405,6.528569,6.528569,-0.980012
2648.000000,-999.620990,608.497737,-0.000070,6.528743,6.528743,-1.146504
2650.000000,-997.626915,608.685108,-0.000236,6.526423,6.526423,-1.292754
2652.000000,-995.632706,608.871007,-0.000349,6.524371,6.524371,-1.426432
2654.000000,-993.637975,609.051267,0.000654,6.522399,6.522399,-1.552961
2656.000000,-991.643910,609.238704,0.000564,6.520786,6.520786,-1.657653
2658.000000,-989.650006,609.427877,-0.000106,6.516746,6.516746,-1.744227
2660.000000,-987.655953,609.615416,0.000304,6.514442,6.514442,-1.819856
2662.000000,-985.661880,609.802789,0.000575,6.512359,6.512359,-1.884531
2664.000000,-983.668458,609.996985,-0.000303,6.507003,6.507003,-1.932369
2666.000000,-981.674628,610.186885,-0.000553,6.508028,6.508028,-1.978400
2668.000000,-979.680502,610.373710,-0.000047,6.505609,6.505609,-2.022318
2670.000000,-977.686529,610.562151,0.000456,6.502161,6.502161,-2.058629
2672.000000,-975.692469,610.749676,0.000224,6.500162,6.500162,-2.088996
2674.000000,-973.699131,610.944694,-0.000690,6.502268,6.502268,-2.104512
2676.000000,-971.704791,611.129215,0.000020,6.501939,6.501939,-2.123011
2678.000000,-969.710682,611.316215,0.000522,6.498329,6.498329,-2.133465
2680.000000,-967.717133,611.509068,-0.000118,6.501878,6.501878,-2.133101
2682.000000,-965.723033,611.696073,0.000355,6.496854,6.496854,-2.134078
2684.000000,-963.729305,611.887038,0.000243,6.496952,6.496952,-2.127665
2686.000000,-961.735924,612.081605,-0.001584,6.499113,6.499113,-2.113767
2688.000000,-959.741840,612.268886,-0.002873,6.501179,6.501179,-2.102658
2690.000000,-957.746499,612.441825,-0.002476,6.487749,6.487749,-2.102362
2692.000000,-955.750284,612.604824,-0.001522,6.459409,6.459409,-2.108640
2694.000000,-953.753646,612.762466,-0.001208,6.427438,6.427438,-2.115382
2696.000000,-951.756716,612.916423,-0.001339,6.390921,6.390921,-2.119868
2698.000000,-949.759292,613.063776,-0.001173,6.349773,6.349773,-2.125088
2700.000000,-947.761533,613.206596,-0.000529,6.308466,6.308466,-2.130728
2702.000000,-945.763554,613.346311,0.000141,6.262739,6.262739,-2.137362
2704.000000,-943.765735,613.488304,-0.000159,6.207988,6.207988,-2.139874
2706.000000,-941.767980,613.631101,-0.000303,6.164990,6.164990,-2.139257
2708.000000,-939.769771,613.767460,0.001022,6.117403,6.117403,-2.142789
2710.000000,-937.772067,613.911046,0.001742,6.069027,6.069027,-2.136712
2712.000000,-935.774980,614.062970,0.001542,6.036354,6.036354,-2.119627
2714.000000,-933.778204,614.218869,0.000900,6.001861,6.001861,-2.096313
2716.000000,-931.782095,614.383154,0.000263,5.972243,5.972243,-2.062799
2718.000000,-929.785478,614.541096,0.001443,5.946175,5.946175,-2.034738
2720.000000,-927.789551,614.707545,0.003164,5.921655,5.921655,-1.998376
2722.000000,-925.794705,614.886398,0.002940,5.915476,5.915476,-1.950464
2724.000000,-923.801478,615.082513,0.000609,5.922284,5.922284,-1.886650
2726.000000,-921.808254,615.278681,-0.001442,5.926806,5.926806,-1.823378
2728.000000,-919.814289,615.467216,-0.000982,5.927381,5.927381,-1.767364
2730.000000,-917.819603,615.647928,0.000504,5.922467,5.922467,-1.718444
2732.000000,-915.825620,615.836231,0.000202,5.923324,5.923324,-1.660604
2734.000000,-913.831710,616.025225,-0.000281,5.921657,5.921657,-1.600019
2736.000000,-911.837252,616.208476,0.000448,5.920756,5.920756,-1.543558
2738.000000,-909.843385,616.398038,0.000244,5.920443,5.920443,-1.479993
2740.000000,-907.849544,616.587882,-0.000210,5.920649,5.920649,-1.416872
2742.000000,-905.855422,616.774745,-0.000155,5.918874,5.918874,-1.358828
2744.000000,-903.861520,616.963935,-0.000353,5.918991,5.918991,-1.302047
2746.000000,-901.867228,617.148982,0.000257,5.916621,5.916621,-1.254501
2748.000000,-899.872965,617.334340,0.000448,5.920114,5.920114,-1.212803
2750.000000,-897.879436,617.527322,-0.000336,5.917898,5.917898,-1.169798
2752.000000,-895.885113,617.711907,0.000098,5.916252,5.916252,-1.140539
2754.000000,-893.891137,617.900290,0.000220,5.919004,5.919004,-1.111492
2756.000000,-891.897386,618.091046,-0.000298,5.916455,5.916455,-1.083515
2758.000000,-889.903158,618.276774,0.000019,5.913029,5.913029,-1.063148
2760.000000,-887.909204,618.465419,0.000020,5.915288,5.915288,-1.041451
2762.000000,-885.915201,618.653559,0.000013,5.918148,5.918148,-1.021694
2764.000000,-883.921050,618.840106,0.000347,5.920304,5.920304,-1.005081
2766.000000,-881.927275,619.030549,0.000113,5.915813,5.915813,-0.986091
2768.000000,-879.933430,619.220328,-0.000314,5.916903,5.916903,-0.969853
2770.000000,-877.939511,619.409348,-0.000217,5.918852,5.918852,-0.957358
2772.000000,-875.945326,619.595538,0.000077,5.917812,5.917812,-0.950609
2774.000000,-873.951420,619.784682,-0.000027,5.919071,5.919071,-0.943709
2776.000000,-871.957339,619.971982,-0.000038,5.919950,5.919950,-0.941830
2778.000000,-869.963285,620.159579,-0.000172,5.922150,5.922150,-0.942470
2780.000000,-867.969293,620.347823,-0.000164,5.919549,5.919549,-0.944587
2782.000000,-865.974896,620.531721,0.000428,5.921496,5.921496,-0.952534
2784.000000,-863.981006,620.721039,0.000156,5.919565,5.919565,-0.956136
2786.000000,-861.987148,620.910705,-0.000306,5.925436,5.925436,-0.960587
2788.000000,-859.992948,621.096740,0.000247,5.923402,5.923402,-0.969917
2790.000000,-857.998939,621.284800,0.000307,5.923322,5.923322,-0.977966
2792.000000,-856.005265,621.476379,-0.000207,5.923242,5.923242,-0.982915
2794.000000,-854.011202,621.663806,-0.000313,5.931116,5.931116,-0.992340
2796.000000,-852.017281,621.852707,-0.000003,5.932201,5.932201,-1.000773
2798.000000,-850.022994,622.037808,0.000373,5.931333,5.931333,-1.013433
2800.000000,-848.029281,622.228989,0.000110,5.935498,5.935498,-1.020125
2802.000000,-846.035340,622.417765,0.000025,5.938214,5.938214,-1.028993
2804.000000,-844.041445,622.607030,-0.000021,5.940156,5.940156,-1.036896
2806.000000,-842.047724,622.798122,-0.000027,5.941761,5.941761,-1.041789
2808.000000,-840.053578,622.984728,-0.000074,5.942845,5.942845,-1.049087
2810.000000,-838.060074,623.178040,-0.000227,5.947239,5.947239,-1.047095
2812.000000,-836.065624,623.361236,0.000367,5.947786,5.947786,-1.051980
2814.000000,-834.072095,623.554333,0.000247,5.950528,5.950528,-1.041946
2816.000000,-832.078202,623.743604,-0.000411,5.956797,5.956797,-1.030670
2818.000000,-830.084471,623.934575,-0.000018,5.963671,5.963671,-1.012267
2820.000000,-828.090164,624.119406,0.000767,5.962041,5.962041,-0.993578
2822.000000,-826.096836,624.314533,0.000531,5.965877,5.965877,-0.957352
2824.000000,-824.103297,624.507454,-0.000273,5.971878,5.971878,-0.915588
2826.000000,-822.110010,624.702975,-0.000456,5.971061,5.971061,-0.862752
2828.000000,-820.116011,624.891138,-0.000085,5.972454,5.972454,-0.808212
2830.000000,-818.122474,625.084142,0.000162,5.980780,5.980780,-0.740883
2832.000000,-816.128584,625.273463,0.000400,5.975513,5.975513,-0.669127
2834.000000,-814.135187,625.467903,0.000328,5.980777,5.980777,-0.582812
2836.000000,-812.141773,625.662173,0.000034,5.981018,5.981018,-0.487802
2838.000000,-810.148405,625.856907,0.000286,5.986389,5.986389,-0.381551
2840.000000,-808.155029,626.051433,0.000681,5.983476,5.983476,-0.259393
2842.000000,-806.162098,626.250481,0.000385,5.981549,5.981549,-0.114994
2844.000000,-804.169366,626.451573,-0.000079,5.983020,5.983020,0.053407
2846.000000,-802.176383,626.650205,0.000047,5.981474,5.981474,0.244794
2848.000000,-800.183562,626.850460,0.000152,5.974588,5.974588,0.459594
2850.000000,-798.190737,627.050682,0.000228,5.975067,5.975067,0.702068
2852.000000,-796.198004,627.251779,0.000582,5.972429,5.972429,0.981237
2854.000000,-794.205470,627.454801,-0.000041,5.972518,5.972518,1.302052
2856.000000,-792.213399,627.662384,-0.002293,5.959640,5.959640,1.670504
2858.000000,-790.220154,627.858259,-0.004466,5.951729,5.951729,2.066769
2860.000000,-788.225243,628.036371,-0.006813,5.948508,5.948508,2.483463
2862.000000,-786.228344,628.190357,-0.010452,5.939462,5.939462,2.917787
2864.000000,-784.228657,628.301382,-0.013150,5.935908,5.935908,3.349361
2866.000000,-782.226699,628.355066,-0.015227,5.937662,5.937662,3.759579
2868.000000,-780.223905,628.355608,-0.018457,5.930535,5.930535,4.155214
2870.000000,-778.222849,628.275567,-0.019917,5.926970,5.926970,4.506357
2872.000000,-776.226783,628.113926,-0.020274,5.930677,5.930677,4.812626
2874.000000,-774.238166,627.877269,-0.023656,5.937651,5.937651,5.077121
2876.000000,-772.262754,627.548859,-0.028288,5.941593,5.941593,5.281504
2878.000000,-770.310319,627.104031,-0.030579,5.960471,5.960471,5.418856
2880.000000,-768.389390,626.539639,-0.030261,5.976467,5.976467,5.491920
2882.000000,-766.507026,625.857022,-0.030492,5.987508,5.987508,5.507410
2884.000000,-764.665991,625.069426,-0.032044,5.985364,5.985364,5.477921
2886.000000,-762.884034,624.156067,-0.032208,5.977429,5.977429,5.385421
2888.000000,-761.161767,623.135007,-0.031944,5.958625,5.958625,5.244712
2890.000000,-759.510130,622.003373,-0.032634,5.937139,5.937139,5.040202
2892.000000,-757.933159,620.769544,-0.033019,5.910979,5.910979,4.772937
2894.000000,-756.445457,619.429351,-0.031194,5.869833,5.869833,4.434762
2896.000000,-755.044341,617.998807,-0.027442,5.826740,5.826740,4.024044
2898.000000,-753.724712,616.492807,-0.023045,5.790553,5.790553,3.534413
2900.000000,-752.476133,614.927101,-0.020356,5.762331,5.762331,2.974209
2902.000000,-751.285331,613.316904,-0.017366,5.745274,5.745274,2.381057
2904.000000,-750.166259,611.655937,-0.008630,5.761621,5.761621,1.746310
2906.000000,-749.072076,609.978377,-0.000661,5.809195,5.809195,1.127249
2908.000000,-747.970172,608.305891,-0.001288,5.889552,5.889552,0.584112
2910.000000,-746.867579,606.633859,-0.006685,5.992693,5.992693,0.118923
2912.000000,-745.791516,604.944733,-0.009278,6.088961,6.088961,-0.311880
2914.000000,-744.753629,603.231842,-0.006692,6.138389,6.138389,-0.735156
2916.000000,-743.739209,601.504894,-0.003675,6.162537,6.162537,-1.132977
2918.000000,-742.731423,599.774063,-0.003091,6.179342,6.179342,-1.481510
2920.000000,-741.737708,598.035120,-0.002352,6.188153,6.188153,-1.801288
2922.000000,-740.752188,596.291505,-0.001189,6.194791,6.194791,-2.085314
2924.000000,-739.768961,594.546596,-0.000665,6.193946,6.193946,-2.324309
2926.000000,-738.789547,592.799547,-0.000018,6.187426,6.187426,-2.531579
2928.000000,-737.809513,591.052844,0.000265,6.184304,6.184304,-2.705297
2930.000000,-736.827156,589.307448,-0.000458,6.181191,6.181191,-2.849609
2932.000000,-735.846360,587.561174,-0.000597,6.173809,6.173809,-2.977478
2934.000000,-734.871174,585.811764,0.000160,6.170234,6.170234,-3.095093
2936.000000,-733.891559,584.064824,0.000246,6.165225,6.165225,-3.190998
2938.000000,-732.912948,582.317322,0.000093,6.159795,6.159795,-3.270499
2940.000000,-731.933310,580.570396,0.000080,6.156530,6.156530,-3.323996
2942.000000,-730.953423,578.823610,0.000119,6.154272,6.154272,-3.352116
2944.000000,-729.973941,577.076596,0.000453,6.151222,6.151222,-3.360773
2946.000000,-728.992233,575.330833,0.000493,6.146163,6.146163,-3.349095
2948.000000,-728.008239,573.586356,0.000182,6.139672,6.139672,-3.320965
2950.000000,-727.024154,571.841931,0.000037,6.132984,6.132984,-3.281676
2952.000000,-726.039990,570.097550,0.000074,6.126068,6.126068,-3.229818
2954.000000,-725.055565,568.353317,0.000110,6.119728,6.119728,-3.166418
2956.000000,-724.070705,566.609329,0.000016,6.112224,6.112224,-3.092943
2958.000000,-723.085436,564.865572,-0.000144,6.103401,6.103401,-3.009826
2960.000000,-722.101201,563.121232,-0.000164,6.095970,6.095970,-2.921813
2962.000000,-721.117317,561.376694,-0.000177,6.088427,6.088427,-2.830272
2964.000000,-720.133995,559.631838,-0.000228,6.080304,6.080304,-2.737440
2966.000000,-719.151676,557.886418,-0.000203,6.073072,6.073072,-2.645206
2968.000000,-718.169982,556.140646,-0.000210,6.067042,6.067042,-2.553431
2970.000000,-717.188872,554.394546,-0.000224,6.061026,6.061026,-2.461667
2972.000000,-716.208905,552.647804,-0.000100,6.056434,6.056434,-2.369863
2974.000000,-715.229199,550.900916,0.000202,6.052927,6.052927,-2.276345
2976.000000,-714.249232,549.154174,0.000437,6.048766,6.048766,-2.179804
2978.000000,-713.266702,547.408873,0.000201,6.045765,6.045765,-2.077486
2980.000000,-712.283445,545.663981,-0.000369,6.043835,6.043835,-1.972088
2982.000000,-711.301391,543.918412,-0.000637,6.041789,6.041789,-1.866784
2984.000000,-710.322825,542.170885,-0.000170,6.034648,6.034648,-1.766005
2986.000000,-709.344997,540.422945,0.000518,6.027657,6.027657,-1.668268
2988.000000,-708.364590,538.676450,0.000472,6.024985,6.024985,-1.570680
2990.000000,-707.381357,536.931545,-0.000290,6.026474,6.026474,-1.473476
2992.000000,-706.399747,535.185726,-0.000827,6.026896,6.026896,-1.381609
2994.000000,-705.421779,533.437865,-0.000816,6.023179,6.023179,-1.297883
2996.000000,-704.446479,531.688513,-0.000963,6.015232,6.015232,-1.222437
2998.000000,-703.473632,529.937797,-0.001424,5.999652,5.999652,-1.154989
3000.000000,-702.506715,528.183800,-0.001002,5.975098,5.975098,-1.099597
3002.000000,-701.545484,526.426679,0.000710,5.946989,5.946989,-1.056728
3004.000000,-700.581036,524.671325,0.001409,5.928060,5.928060,-1.015874
3006.000000,-699.607363,522.921072,-0.000850,5.920269,5.920269,-0.969552
3008.000000,-698.635562,521.169783,-0.003254,5.908626,5.908626,-0.930076
3010.000000,-697.681208,519.408928,-0.002231,5.876796,5.876796,-0.914449
3012.000000,-696.735905,517.643187,0.000572,5.833640,5.833640,-0.911944
3014.000000,-695.786488,515.879657,0.001642,5.796511,5.796511,-0.907436
3016.000000,-694.828170,514.120946,0.000567,5.768845,5.768845,-0.896160
3018.000000,-693.868593,512.362921,-0.000455,5.744232,5.744232,-0.886446
3020.000000,-692.912437,510.603032,-0.000394,5.717020,5.717020,-0.883148
3022.000000,-691.957110,508.842693,-0.000126,5.689244,5.689244,-0.882901
3024.000000,-691.002262,507.082095,-0.000115,5.662341,5.662341,-0.884321
3026.000000,-690.047401,505.321503,-0.000402,5.636940,5.636940,-0.886377
3028.000000,-689.093716,503.560275,-0.000781,5.612154,5.612154,-0.890270
3030.000000,-688.143360,501.797248,-0.000609,5.585342,5.585342,-0.898219
3032.000000,-687.196201,500.032501,0.000085,5.556377,5.556377,-0.909725
3034.000000,-686.247920,498.268357,0.000490,5.528281,5.528281,-0.919411
3036.000000,-685.297487,496.505371,0.000505,5.502573,5.502573,-0.926036
3038.000000,-684.345559,494.743192,0.000417,5.478375,5.478375,-0.930535
3040.000000,-683.391643,492.982088,0.000564,5.455740,5.455740,-0.932396
3042.000000,-682.437315,491.221208,0.001519,5.432876,5.432876,-0.932521
3044.000000,-681.477845,489.463128,0.002585,5.415664,5.415664,-0.924067
3046.000000,-680.507688,487.710926,0.002075,5.410421,5.410421,-0.900547
3048.000000,-679.527715,485.964187,0.000280,5.414926,5.414926,-0.862933
3050.000000,-678.548934,484.216782,-0.000637,5.419552,5.419552,-0.824625
3052.000000,-677.573647,482.467423,-0.000369,5.421163,5.421163,-0.788841
3054.000000,-676.599095,480.717654,-0.000027,5.421402,5.421402,-0.753064
3056.000000,-675.624748,478.967771,0.000113,5.421821,5.421821,-0.717476
3058.000000,-674.649636,477.218314,0.000082,5.422490,5.422490,-0.681440
3060.000000,-673.674266,475.469001,0.000046,5.422859,5.422859,-0.645759
3062.000000,-672.699030,473.719614,0.000115,5.423553,5.423553,-0.610993
3064.000000,-671.723140,471.970591,0.000090,5.423582,5.423582,-0.576021
3066.000000,-670.746806,470.221816,0.000048,5.424373,5.424373,-0.540978
3068.000000,-669.770755,468.472883,0.000128,5.425029,5.425029,-0.506767
3070.000000,-668.793907,466.724395,0.000085,5.425775,5.425775,-0.472043
3072.000000,-667.816579,464.976175,-0.000037,5.426689,5.426689,-0.437108
3074.000000,-666.839816,463.227639,0.000014,5.427017,5.427017,-0.403225
3076.000000,-665.862919,461.479179,0.000121,5.427585,5.427585,-0.369760
3078.000000,-664.885530,459.730993,0.000067,5.427589,5.427589,-0.336733
3080.000000,-663.907569,457.983127,-0.000041,5.428636,5.428636,-0.304941
3082.000000,-662.930301,456.234874,-0.000046,5.429017,5.429017,-0.276392
3084.000000,-661.952800,454.486751,0.000001,5.429112,5.429112,-0.250503
3086.000000,-660.975723,452.738391,0.000055,5.429453,5.429453,-0.229273
3088.000000,-659.998012,450.990385,0.000029,5.429751,5.429751,-0.212686
3090.000000,-659.020381,449.242334,-0.000029,5.429719,5.429719,-0.202816
3092.000000,-658.042825,447.494242,-0.000030,5.429651,5.429651,-0.201099
3094.000000,-657.065444,445.746052,-0.000016,5.429058,5.429058,-0.207092
3096.000000,-656.088054,443.997867,-0.000033,5.428908,5.428908,-0.218351
3098.000000,-655.110738,442.249641,-0.000068,5.428603,5.428603,-0.233693
3100.000000,-654.133740,440.501236,-0.000065,5.427877,5.427877,-0.252666
3102.000000,-653.156979,438.752700,-0.000085,5.427654,5.427654,-0.273920
3104.000000,-652.180338,437.004096,-0.000091,5.426843,5.426843,-0.296763
3106.000000,-651.204414,435.255092,-0.000045,5.427056,5.427056,-0.321571
3108.000000,-650.228211,433.506244,-0.000041,5.426707,5.426707,-0.346930
3110.000000,-649.252484,431.757130,-0.000072,5.426299,5.426299,-0.373793
3112.000000,-648.276664,430.008068,-0.000090,5.426834,5.426834,-0.401427
3114.000000,-647.301564,428.258604,-0.000130,5.426437,5.426437,-0.430407
3116.000000,-646.326381,426.509187,-0.000140,5.426890,5.426890,-0.459510
3118.000000,-645.352471,424.759061,-0.000061,5.426925,5.426925,-0.490312
3120.000000,-644.378064,423.009212,-0.000044,5.427298,5.427298,-0.520925
3122.000000,-643.404239,421.259038,-0.000053,5.427858,5.427858,-0.552567
3124.000000,-642.430361,419.508894,-0.000041,5.428095,5.428095,-0.584450
3126.000000,-641.456755,417.758599,-0.000031,5.428884,5.428884,-0.616765
3128.000000,-640.483234,416.008256,0.000042,5.429440,5.429440,-0.649080
3130.000000,-639.509707,414.257917,0.000092,5.430723,5.430723,-0.681170
3132.000000,-638.535523,412.507943,0.000024,5.430690,5.430690,-0.711902
3134.000000,-637.561372,410.757951,-0.000036,5.431160,5.431160,-0.741611
3136.000000,-636.587471,409.007820,0.000063,5.431489,5.431489,-0.770113
3138.000000,-635.613546,407.257702,0.000159,5.431645,5.431645,-0.796395
3140.000000,-634.638538,405.508187,0.000104,5.431590,5.431590,-0.819195
3142.000000,-633.663488,403.758696,0.000056,5.431464,5.431464,-0.839630
3144.000000,-632.688141,402.009370,0.000053,5.431847,5.431847,-0.856902
3146.000000,-631.712652,400.260124,0.000059,5.432062,5.432062,-0.870880
3148.000000,-630.737007,398.510964,0.000016,5.432542,5.432542,-0.881550
3150.000000,-629.760983,396.762016,-0.000094,5.433922,5.433922,-0.888753
3152.000000,-628.785644,395.012686,-0.000068,5.434856,5.434856,-0.895194
3154.000000,-627.810633,393.263172,0.000036,5.436513,5.436513,-0.902094
3156.000000,-626.835227,391.513880,0.000022,5.438923,5.438923,-0.908781
3158.000000,-625.859774,389.764613,-0.000021,5.442444,5.442444,-0.915312
3160.000000,-624.884498,388.015247,-0.000014,5.447065,5.447065,-0.921641
3162.000000,-623.909216,386.265886,-0.000026,5.451516,5.451516,-0.927332
3164.000000,-622.933970,384.516503,-0.000062,5.457234,5.457234,-0.932222
3166.000000,-621.959018,382.766957,-0.000011,5.462216,5.462216,-0.936520
3168.000000,-620.984314,381.017273,0.000034,5.467137,5.467137,-0.940104
3170.000000,-620.008980,379.267940,0.000000,5.471780,5.471780,-0.941723
3172.000000,-619.034176,377.518312,0.000052,5.475399,5.475399,-0.942559
3174.000000,-618.058935,375.768927,0.000097,5.478546,5.478546,-0.941944
3176.000000,-617.083304,374.019760,0.000049,5.480491,5.480491,-0.940191
3178.000000,-616.107529,372.270673,0.000028,5.480628,5.480628,-0.937857
3180.000000,-615.131742,370.521593,0.000054,5.479562,5.479562,-0.935502
3182.000000,-614.155729,368.772638,0.000056,5.476698,5.476698,-0.933290
3184.000000,-613.179426,367.023846,0.000005,5.471778,5.471778,-0.931825
3186.000000,-612.203140,365.275044,0.000036,5.466610,5.466610,-0.932092
3188.000000,-611.227044,363.526136,0.000079,5.460341,5.460341,-0.934664
3190.000000,-610.250053,361.777728,-0.000018,5.453772,5.453772,-0.938673
3192.000000,-609.273550,360.029047,-0.000035,5.447123,5.447123,-0.945433
3194.000000,-608.297219,358.280270,0.000014,5.440231,5.440231,-0.954169
3196.000000,-607.320543,356.531686,-0.000029,5.433751,5.433751,-0.964184
3198.000000,-606.344194,354.782919,-0.000034,5.427470,5.427470,-0.975943
3200.000000,-605.367948,353.034095,0.000065,5.421509,5.421509,-0.988903
3202.000000,-604.391652,351.285299,0.000101,5.416220,5.416220,-1.002798
3204.000000,-603.414436,349.537017,0.000113,5.411842,5.411842,-1.016412
3206.000000,-602.437697,347.788468,0.000210,5.408645,5.408645,-1.031277
3208.000000,-601.459338,346.040825,0.000221,5.406316,5.406316,-1.045411
3210.000000,-600.480806,344.293279,0.000235,5.405345,5.405345,-1.060980
3212.000000,-599.501142,342.546367,0.000301,5.404465,5.404465,-1.076649
3214.000000,-598.520618,340.799938,0.000336,5.403892,5.403892,-1.092307
3216.000000,-597.538733,339.054274,0.000352,5.404782,5.404782,-1.107069
3218.000000,-596.555735,337.309236,0.000448,5.405378,5.405378,-1.121160
3220.000000,-595.571402,335.564951,0.000570,5.407237,5.407237,-1.134494
3222.000000,-594.584590,333.822067,0.000570,5.409582,5.409582,-1.146159
3224.000000,-593.596102,332.080133,0.000607,5.412292,5.412292,-1.157040
3226.000000,-592.605483,330.339410,0.000752,5.415475,5.415475,-1.166638
3228.000000,-591.612339,328.600128,0.000842,5.418590,5.418590,-1.174630
3230.000000,-590.615893,326.862733,0.000869,5.422133,5.422133,-1.179889
3232.000000,-589.616849,325.126833,0.000987,5.426723,5.426723,-1.183170
3234.000000,-588.614221,323.393000,0.001092,5.430975,5.430975,-1.183308
3236.000000,-587.607644,321.661457,0.001106,5.435483,5.435483,-1.179838
3238.000000,-586.597391,319.932055,0.001235,5.440189,5.440189,-1.173549
3240.000000,-585.583110,318.205013,0.001478,5.444902,5.444902,-1.164583
3242.000000,-584.563466,316.481133,0.001515,5.449858,5.449858,-1.151590
3244.000000,-583.538150,314.760621,0.001488,5.453933,5.453933,-1.134327
3246.000000,-582.508637,313.042616,0.001660,5.457155,5.457155,-1.115813
3248.000000,-581.472701,311.328476,0.001721,5.459973,5.459973,-1.096111
3250.000000,-580.430992,309.617841,0.001740,5.462357,5.462357,-1.076415
3252.000000,-579.383646,307.910649,0.001773,5.463600,5.463600,-1.057146
3254.000000,-578.329529,306.207629,0.001704,5.462996,5.462996,-1.038420
3256.000000,-577.270368,304.507743,0.001764,5.461012,5.461012,-1.021019
3258.000000,-576.204843,302.811839,0.001879,5.458616,5.458616,-1.003334
3260.000000,-575.133105,301.119854,0.001918,5.454263,5.454263,-0.986342
3262.000000,-574.054656,299.432139,0.001909,5.446791,5.446791,-0.968396
3264.000000,-572.969878,297.748486,0.001923,5.436306,5.436306,-0.949435
3266.000000,-571.878689,296.068979,0.001869,5.424142,5.424142,-0.929873
3268.000000,-570.780751,294.393877,0.001693,5.411158,5.411158,-0.909014
3270.000000,-569.677603,292.722200,0.001578,5.397524,5.397524,-0.887939
3272.000000,-568.568927,291.054185,0.001431,5.382749,5.382749,-0.866518
3274.000000,-567.455404,289.389401,0.001315,5.368423,5.368423,-0.846285
3276.000000,-566.337995,287.727223,0.001407,5.356400,5.356400,-0.827846
3278.000000,-565.215685,286.068351,0.001427,5.345861,5.345861,-0.809965
3280.000000,-564.088347,284.412890,0.001297,5.338849,5.338849,-0.793059
3282.000000,-562.957017,282.760156,0.001408,5.334779,5.334779,-0.776856
3284.000000,-561.821503,281.110293,0.001662,5.333565,5.333565,-0.760990
3286.000000,-560.679730,279.464756,0.001704,5.333770,5.333770,-0.743819
3288.000000,-559.532722,277.822865,0.001783,5.336181,5.336181,-0.726118
3290.000000,-558.380001,276.184979,0.001997,5.338823,5.338823,-0.707200
3292.000000,-557.220521,274.551872,0.002057,5.341608,5.341608,-0.686315
3294.000000,-556.054107,272.923710,0.002056,5.341979,5.341979,-0.663172
3296.000000,-554.881441,271.300045,0.002233,5.341673,5.341673,-0.638196
3298.000000,-553.701432,269.681709,0.002242,5.340002,5.340002,-0.610501
3300.000000,-552.513367,268.069277,0.001911,5.336332,5.336332,-0.580437
3302.000000,-551.319729,266.460967,0.001746,5.332553,5.332553,-0.550787
3304.000000,-550.120621,264.856729,0.001616,5.327747,5.327747,-0.522349
3306.000000,-548.915553,263.256963,0.001398,5.324630,5.324630,-0.497232
3308.000000,-547.707127,261.659735,0.001285,5.322710,5.322710,-0.480442
3310.000000,-546.493478,260.066470,0.001104,5.322783,5.322783,-0.471973
3312.000000,-545.277207,258.475204,0.001010,5.325461,5.325461,-0.476542
3314.000000,-544.057308,256.886718,0.001089,5.331090,5.331090,-0.491660
3316.000000,-542.834422,255.300531,0.001322,5.338651,5.338651,-0.514561
3318.000000,-541.607296,253.717623,0.001657,5.348594,5.348594,-0.541538
3320.000000,-540.374866,252.138841,0.001888,5.359958,5.359958,-0.570772
3322.000000,-539.136310,250.564861,0.002078,5.370327,5.370327,-0.598103
3324.000000,-537.891477,248.995842,0.002311,5.378279,5.378279,-0.621460
3326.000000,-536.639173,247.432779,0.002404,5.383647,5.383647,-0.637786
3328.000000,-535.379101,245.875971,0.002337,5.385178,5.385178,-0.645544
3330.000000,-534.111986,244.324891,0.002302,5.383171,5.383171,-0.645018
3332.000000,-532.837623,242.779760,0.002136,5.377453,5.377453,-0.635698
3334.000000,-531.556250,241.240436,0.001852,5.368653,5.368653,-0.617737
3336.000000,-530.269744,239.705399,0.001710,5.358834,5.358834,-0.593394
3338.000000,-528.977703,238.175018,0.001582,5.349102,5.349102,-0.562062
3340.000000,-527.680860,236.648704,0.001408,5.338478,5.338478,-0.524465
3342.000000,-526.379775,235.126004,0.001278,5.328890,5.328890,-0.480971
3344.000000,-525.074777,233.606655,0.001105,5.320340,5.320340,-0.431583
3346.000000,-523.766269,232.090328,0.000877,5.312519,5.312519,-0.376369
3348.000000,-522.455256,230.576167,0.000810,5.307110,5.307110,-0.316308
3350.000000,-521.142111,229.063853,0.000734,5.303408,5.303408,-0.250656
3352.000000,-519.825910,227.554198,0.000502,5.301027,5.301027,-0.177410
3354.000000,-518.509064,226.045106,0.000406,5.299689,5.299689,-0.101548
3356.000000,-517.190496,224.537519,0.000390,5.298954,5.298954,-0.023013
3358.000000,-515.871116,223.030642,0.000288,5.299151,5.299151,0.055103
3360.000000,-514.550373,221.524959,0.000167,5.299702,5.299702,0.132190
3362.000000,-513.229692,220.019222,0.000127,5.300476,5.300476,0.205324
3364.000000,-511.908241,218.514161,0.000077,5.302141,5.302141,0.274643
3366.000000,-510.586731,217.009151,0.000045,5.304037,5.304037,0.339475
3368.000000,-509.265185,215.504173,0.000059,5.305671,5.305671,0.399874
3370.000000,-507.943226,213.999558,-0.000035,5.307948,5.307948,0.455758
3372.000000,-506.621420,212.494808,-0.000043,5.309974,5.309974,0.506306
3374.000000,-505.300138,210.989598,0.000058,5.311738,5.311738,0.551174
3376.000000,-503.978173,209.484989,0.000062,5.313455,5.313455,0.590669
3378.000000,-502.656357,207.980248,0.000000,5.314320,5.314320,0.622405
3380.000000,-501.334179,206.475825,0.000017,5.314779,5.314779,0.648613
3382.000000,-500.012572,204.970900,0.000116,5.315815,5.315815,0.668822
3384.000000,-498.689978,203.466843,0.000070,5.315394,5.315394,0.685057
3386.000000,-497.367392,201.962779,0.000025,5.314645,5.314645,0.697387
3388.000000,-496.044931,200.458606,0.000070,5.313159,5.313159,0.706736
3390.000000,-494.721908,198.954926,0.000008,5.311855,5.311855,0.714969
3392.000000,-493.399039,197.451111,-0.000049,5.309801,5.309801,0.722193
3394.000000,-492.076328,195.947156,-0.000010,5.307688,5.307688,0.728721
3396.000000,-490.753732,194.443102,-0.000048,5.305326,5.305326,0.734395
3398.000000,-489.430866,192.939284,-0.000073,5.303675,5.303675,0.739773
3400.000000,-488.109008,191.434579,-0.000038,5.301243,5.301243,0.743490
3402.000000,-486.786289,189.930633,-0.000117,5.299057,5.299057,0.748196
3404.000000,-485.464748,188.425651,-0.000151,5.297838,5.297838,0.751342
3406.000000,-484.143126,186.920739,-0.000148,5.297226,5.297226,0.754726
3408.000000,-482.822307,185.415124,-0.000095,5.296105,5.296105,0.757257
3410.000000,-481.501750,183.909277,0.000017,5.296598,5.296598,0.759809
3412.000000,-480.181016,182.403587,-0.000016,5.297138,5.297138,0.763016
3414.000000,-478.860165,180.897999,-0.000082,5.298216,5.298216,0.766918
3416.000000,-477.539915,179.391884,-0.000062,5.299050,5.299050,0.770799
3418.000000,-476.219576,177.885848,0.000002,5.300479,5.300479,0.775521
3420.000000,-474.899559,176.379528,0.000069,5.301342,5.301342,0.780375
3422.000000,-473.578962,174.873718,0.000052,5.302810,5.302810,0.786589
3424.000000,-472.258367,173.367906,0.000051,5.303952,5.303952,0.793487
3426.000000,-470.937715,171.862143,0.000090,5.304420,5.304420,0.801056
3428.000000,-469.616561,170.356821,0.000042,5.305617,5.305617,0.809715
3430.000000,-468.295381,168.851522,-0.000029,5.306475,5.306475,0.818614
3432.000000,-466.974251,167.346179,0.000015,5.306441,5.306441,0.827470
3434.000000,-465.653399,165.840592,0.000144,5.307517,5.307517,0.835852
3436.000000,-464.331759,164.335696,0.000110,5.307299,5.307299,0.845019
3438.000000,-463.009679,162.831187,0.000041,5.306701,5.306701,0.854397
3440.000000,-461.687936,161.326382,0.000073,5.306385,5.306385,0.862870
3442.000000,-460.365470,159.822213,0.000025,5.305625,5.305625,0.871724
3444.000000,-459.043227,158.317847,-0.000012,5.304889,5.304889,0.879763
3446.000000,-457.720963,156.813500,0.000029,5.304095,5.304095,0.887456
3448.000000,-456.398663,155.309184,0.000050,5.303713,5.303713,0.895008
3450.000000,-455.076107,153.805094,0.000052,5.302761,5.302761,0.902947
3452.000000,-453.753491,152.301056,0.000025,5.301693,5.301693,0.911209
3454.000000,-452.430627,150.797237,0.000002,5.300564,5.300564,0.920233
3456.000000,-451.108020,149.293191,0.000041,5.299778,5.299778,0.929583
3458.000000,-449.785125,147.789399,0.000039,5.298940,5.298940,0.939938
3460.000000,-448.462050,146.285765,-0.000011,5.298764,5.298764,0.951136
3462.000000,-447.139159,144.781969,-0.000061,5.298876,5.298876,0.962646
3464.000000,-445.816218,143.278217,-0.000044,5.300312,5.300312,0.974541
3466.000000,-444.493932,141.773889,0.000052,5.302192,5.302192,0.985773
3468.000000,-443.170920,140.270200,0.000044,5.303968,5.303968,0.998147
3470.000000,-441.848082,138.766358,0.000034,5.307099,5.307099,1.010388
3472.000000,-440.525092,137.262649,0.000056,5.309769,5.309769,1.022862
3474.000000,-439.201827,135.759182,0.000011,5.313024,5.313024,1.035640
3476.000000,-437.878592,134.255689,-0.000024,5.315895,5.315895,1.048231
3478.000000,-436.555445,132.752119,0.000021,5.318288,5.318288,1.060539
3480.000000,-435.232377,131.248479,0.000082,5.320962,5.320962,1.072568
3482.000000,-433.908804,129.745283,0.000009,5.322481,5.322481,1.085110
3484.000000,-432.585177,128.242135,-0.000044,5.323638,5.323638,1.097570
3486.000000,-431.262057,126.738540,0.000054,5.323490,5.323490,1.109183
3488.000000,-429.938510,125.235322,0.000071,5.322954,5.322954,1.121265
3490.000000,-428.614664,123.732367,-0.000016,5.321594,5.321594,1.133717
3492.000000,-427.290988,122.229262,-0.000009,5.320205,5.320205,1.145912
3494.000000,-425.967468,120.726019,0.000045,5.319009,5.319009,1.157837
3496.000000,-424.643578,119.223104,0.000019,5.317635,5.317635,1.170196
3498.000000,-423.319730,117.720150,-0.000019,5.316142,5.316142,1.182432
3500.000000,-421.995942,116.217144,-0.000022,5.315442,5.315442,1.194495
3502.000000,-420.672222,114.714078,0.000000,5.315199,5.315199,1.206388
3504.000000,-419.348575,113.210948,-0.000018,5.315906,5.315906,1.218083
3506.000000,-418.024711,111.708008,-0.000030,5.316674,5.316674,1.229890
3508.000000,-416.701419,110.204566,-0.000000,5.318872,5.318872,1.240621
3510.000000,-415.377564,108.701618,-0.000057,5.320880,5.320880,1.251690
3512.000000,-414.054263,107.198183,-0.000077,5.323679,5.323679,1.261556
3514.000000,-412.731101,105.694626,-0.000076,5.326469,5.326469,1.270716
3516.000000,-411.408033,104.190985,-0.000084,5.329534,5.329534,1.279168
3518.000000,-410.085554,102.686827,-0.000056,5.333510,5.333510,1.286099
3520.000000,-408.762817,101.182896,-0.000064,5.336517,5.336517,1.292426
3522.000000,-407.440680,99.678438,-0.000048,5.340461,5.340461,1.297373
3524.000000,-406.118369,98.174132,-0.000019,5.344203,5.344203,1.302769
3526.000000,-404.796383,96.669540,-0.000010,5.347872,5.347872,1.308814
3528.000000,-403.474145,95.165170,0.000020,5.351772,5.351772,1.316591
3530.000000,-402.152209,93.660535,0.000133,5.355560,5.355560,1.325134
3532.000000,-400.829686,92.156416,0.000168,5.359102,5.359102,1.335555
3534.000000,-399.506435,90.652936,0.000115,5.362630,5.362630,1.347970
3536.000000,-398.183199,89.149444,0.000157,5.366407,5.366407,1.361104
3538.000000,-396.859282,87.646552,0.000190,5.369565,5.369565,1.375682
3540.000000,-395.534821,86.144138,0.000128,5.372319,5.372319,1.391257
3542.000000,-394.209843,84.642182,0.000117,5.375177,5.375177,1.407490
3544.000000,-392.884897,83.140196,0.000102,5.377851,5.377851,1.423481
3546.000000,-391.558993,81.639056,-0.000023,5.379948,5.379948,1.440357
3548.000000,-390.233741,80.137341,-0.000054,5.382633,5.382633,1.455940
3550.000000,-388.908417,78.635688,-0.000028,5.384573,5.384573,1.471207
3552.000000,-387.583233,77.133913,-0.000099,5.386661,5.386661,1.485849
3554.000000,-386.258176,75.632026,-0.000138,5.387835,5.387835,1.499974
3556.000000,-384.933915,74.129436,-0.000104,5.389580,5.389580,1.512765
3558.000000,-383.609594,72.626900,-0.000137,5.390915,5.390915,1.525523
3560.000000,-382.285844,71.123859,-0.000174,5.391626,5.391626,1.537689
3562.000000,-380.962656,69.620325,-0.000151,5.392202,5.392202,1.549342
3564.000000,-379.639873,68.116435,-0.000105,5.393636,5.393636,1.560619
3566.000000,-378.317533,66.612154,-0.000000,5.394548,5.394548,1.571255
3568.000000,-376.995165,65.107899,0.000080,5.395424,5.395424,1.581575
3570.000000,-375.672414,63.603980,0.000069,5.395952,5.395952,1.591797
3572.000000,-374.349498,62.100206,0.000088,5.396558,5.396558,1.601312
3574.000000,-373.026465,60.596535,0.000179,5.397595,5.397595,1.610360
3576.000000,-371.702771,59.093446,0.000212,5.399379,5.399379,1.619995
3578.000000,-370.378364,57.590985,0.000226,5.399976,5.399976,1.630619
3580.000000,-369.053491,56.088935,0.000231,5.401160,5.401160,1.642235
3582.000000,-367.727541,54.587836,0.000174,5.402369,5.402369,1.655956
3584.000000,-366.401430,53.086879,0.000174,5.404112,5.404112,1.670948
3586.000000,-365.074620,51.586540,0.000186,5.405969,5.405969,1.688055
3588.000000,-363.747284,50.086666,0.000158,5.408223,5.408223,1.706941
3590.000000,-362.419461,48.587223,0.000150,5.410221,5.410221,1.727468
3592.000000,-361.091240,47.088133,0.000082,5.412706,5.412706,1.749408
3594.000000,-359.762503,45.589500,0.000042,5.415291,5.415291,1.772453
3596.000000,-358.434211,44.090473,0.000067,5.417958,5.417958,1.794680
3598.000000,-357.105039,42.592226,-0.000029,5.420888,5.420888,1.816955
3600.000000,-355.776376,41.093528,-0.000044,5.423590,5.423590,1.837090
3602.000000,-354.447923,39.594643,-0.000007,5.426162,5.426162,1.855727
3604.000000,-353.119069,38.096114,-0.000076,5.428508,5.428508,1.873909
3606.000000,-351.790887,36.596989,-0.000055,5.430637,5.430637,1.890500
3608.000000,-350.462680,35.097887,-0.000050,5.433144,5.433144,1.906740
3610.000000,-349.134517,33.598745,-0.000099,5.435340,5.435340,1.922660
3612.000000,-347.806887,32.099131,-0.000053,5.437736,5.437736,1.937738
3614.000000,-346.479342,30.599443,-0.000042,5.440112,5.440112,1.952675
3616.000000,-345.151727,29.099815,-0.000082,5.441716,5.441716,1.967713
3618.000000,-343.824670,27.599695,-0.000075,5.443308,5.443308,1.982111
3620.000000,-342.497548,26.099631,-0.000089,5.444690,5.444690,1.996826
3622.000000,-341.170899,24.599150,-0.000066,5.445756,5.445756,2.011320
3624.000000,-339.844433,23.098507,-0.000069,5.447035,5.447035,2.026114
3626.000000,-338.517925,21.597901,-0.000116,5.447563,5.447563,2.041344
3628.000000,-337.192145,20.096651,-0.000093,5.448335,5.448335,2.055820
3630.000000,-335.866347,18.595418,-0.000063,5.448624,5.448624,2.070296
3632.000000,-334.540980,17.093803,-0.000124,5.449047,5.449047,2.083931
3634.000000,-333.215521,15.592271,-0.000172,5.448943,5.448943,2.097307
3636.000000,-331.891304,14.089643,-0.000092,5.448937,5.448937,2.108536
3638.000000,-330.566764,12.587299,-0.000056,5.448440,5.448440,2.119836
3640.000000,-329.242739,11.084502,-0.000052,5.448351,5.448351,2.130283
3642.000000,-327.918683,9.581732,-0.000012,5.447739,5.447739,2.140930
3644.000000,-326.594796,8.078813,-0.000006,5.447586,5.447586,2.151750
3646.000000,-325.270746,6.576038,0.000020,5.447604,5.447604,2.163327
3648.000000,-323.946922,5.073063,0.000047,5.447408,5.447408,2.175178
3650.000000,-322.622571,3.570553,0.000003,5.447621,5.447621,2.187914
3652.000000,-321.298483,2.067811,0.000030,5.448643,5.448643,2.200268
3654.000000,-319.974354,0.565105,0.000075,5.450225,5.450225,2.212433
3656.000000,-318.649682,-0.937123,0.000051,5.451975,5.451975,2.225169
3658.000000,-317.325234,-2.439547,0.000059,5.454798,5.454798,2.237513
3660.000000,-316.000268,-3.941515,0.000083,5.458197,5.458197,2.250394
3662.000000,-314.675408,-5.443576,0.000139,5.462605,5.462605,2.263005
3664.000000,-313.349857,-6.945028,0.000125,5.467663,5.467663,2.276478
3666.000000,-312.023913,-8.446132,0.000046,5.472991,5.472991,2.290471
3668.000000,-310.697938,-9.947210,0.000048,5.478452,5.478452,2.304572
3670.000000,-309.371867,-11.448202,0.000004,5.484355,5.484355,2.318907
3672.000000,-308.045436,-12.948876,-0.000065,5.490921,5.490921,2.333862
3674.000000,-306.719772,-14.450228,0.000008,5.497280,5.497280,2.348008
3676.000000,-305.393714,-15.951232,-0.000048,5.503310,5.503310,2.362911
3678.000000,-304.067581,-17.452170,-0.000136,5.509004,5.509004,2.378114
3680.000000,-302.742571,-18.954099,-0.000066,5.515157,5.515157,2.392022
3682.000000,-301.417032,-20.455560,-0.000088,5.520223,5.520223,2.406830
3684.000000,-300.092220,-21.957664,-0.000110,5.525427,5.525427,2.420828
3686.000000,-298.767540,-23.459885,-0.000086,5.529671,5.529671,2.434815
3688.000000,-297.443196,-24.962401,-0.000123,5.533551,5.533551,2.448547
3690.000000,-296.119079,-26.465118,-0.000098,5.536953,5.536953,2.462145
3692.000000,-294.795650,-27.968440,0.000004,5.539598,5.539598,2.475016
3694.000000,-293.471799,-29.471390,-0.000035,5.542861,5.542861,2.488684
3696.000000,-292.148059,-30.974439,-0.000107,5.545092,5.545092,2.502397
3698.000000,-290.824941,-32.478035,-0.000017,5.547759,5.547759,2.515425
3700.000000,-289.501762,-33.981577,0.000078,5.550517,5.550517,2.528624
3702.000000,-288.178288,-35.484860,0.000070,5.553498,5.553498,2.542222
3704.000000,-286.854521,-36.987885,0.000064,5.556369,5.556369,2.556143
3706.000000,-285.530787,-38.490939,0.000083,5.559841,5.559841,2.569902
3708.000000,-284.206506,-39.993510,0.000076,5.563681,5.563681,2.584171
3710.000000,-282.882285,-41.496136,0.000104,5.568245,5.568245,2.598116
3712.000000,-281.557573,-42.998327,0.000064,5.573102,5.573102,2.612457
3714.000000,-280.232529,-44.500226,0.000055,5.577999,5.577999,2.626913
3716.000000,-278.907874,-46.002468,0.000148,5.584134,5.584134,2.640587
3718.000000,-277.582107,-47.503729,0.000092,5.589858,5.589858,2.655515
3720.000000,-276.256389,-49.005033,0.000079,5.595651,5.595651,2.670147
3722.000000,-274.930579,-50.506256,0.000142,5.601329,5.601329,2.684719
3724.000000,-273.603954,-52.006759,0.000102,5.606057,5.606057,2.700214
3726.000000,-272.277345,-53.507275,0.000059,5.612159,5.612159,2.715544
3728.000000,-270.950298,-55.007405,0.000068,5.617544,5.617544,2.731309
3730.000000,-269.623396,-56.507663,0.000073,5.622179,5.622179,2.746768
3732.000000,-268.295828,-58.007331,0.000027,5.627549,5.627549,2.762946
3734.000000,-266.968569,-59.507274,0.000087,5.631517,5.631517,2.778341
3736.000000,-265.641031,-61.006969,0.000149,5.634688,5.634688,2.793729
3738.000000,-264.312698,-62.505960,0.000055,5.637267,5.637267,2.810009
3740.000000,-262.984441,-64.005017,0.000011,5.639440,5.639440,2.826351
3742.000000,-261.656166,-65.504060,0.000039,5.641576,5.641576,2.843146
3744.000000,-260.327716,-67.002948,-0.000008,5.643404,5.643404,2.860673
3746.000000,-258.999168,-68.501748,-0.000011,5.644309,5.644309,2.878599
3748.000000,-257.671084,-70.000959,0.000077,5.645442,5.645442,2.895907
3750.000000,-256.342302,-71.499552,0.000050,5.646960,5.646960,2.914156
3752.000000,-255.013530,-72.998154,-0.000057,5.648191,5.648191,2.932378
3754.000000,-253.684835,-74.496824,-0.000077,5.649151,5.649151,2.950413
3756.000000,-252.356662,-75.995957,-0.000048,5.651124,5.651124,2.967625
3758.000000,-251.028289,-77.494913,-0.000059,5.652774,5.652774,2.984930
3760.000000,-249.700374,-78.994274,-0.000072,5.654867,5.654867,3.001458
3762.000000,-248.372456,-80.493632,-0.000080,5.657239,5.657239,3.017964
3764.000000,-247.044951,-81.993356,-0.000073,5.660381,5.660381,3.033949
3766.000000,-245.717578,-83.493197,-0.000014,5.663962,5.663962,3.049907
3768.000000,-244.390409,-84.993219,0.000012,5.667383,5.667383,3.065843
3770.000000,-243.062864,-86.492907,-0.000083,5.671696,5.671696,3.082594
3772.000000,-241.735727,-87.992957,-0.000098,5.675703,5.675703,3.099158
3774.000000,-240.409145,-89.493499,0.000021,5.680734,5.680734,3.115266
3776.000000,-239.082227,-90.993742,0.000007,5.685431,5.685431,3.132054
3778.000000,-237.755176,-92.493868,-0.000089,5.690939,5.690939,3.149204
3780.000000,-236.428649,-93.994457,-0.000030,5.697169,5.697169,3.165769
3782.000000,-235.102271,-95.495179,0.000021,5.703572,5.703572,3.182130
3784.000000,-233.775430,-96.995490,-0.000070,5.710840,5.710840,3.198985
3786.000000,-232.449108,-98.496261,-0.000080,5.718693,5.718693,3.214887
3788.000000,-231.123056,-99.997270,-0.000032,5.726937,5.726937,3.230223
3790.000000,-229.796913,-101.498199,-0.000035,5.735093,5.735093,3.245503
3792.000000,-228.471071,-102.999393,-0.000005,5.743775,5.743775,3.260301
3794.000000,-227.145144,-104.500513,-0.000034,5.752588,5.752588,3.275349
3796.000000,-225.819147,-106.001571,-0.000060,5.761219,5.761219,3.290741
3798.000000,-224.493784,-107.503189,0.000007,5.769743,5.769743,3.305547
3800.000000,-223.167947,-109.004387,0.000013,5.778179,5.778179,3.321149
3802.000000,-221.842335,-110.505785,-0.000010,5.786443,5.786443,3.336524
3804.000000,-220.516591,-112.007066,-0.000027,5.794706,5.794706,3.352121
3806.000000,-219.191005,-113.508487,-0.000036,5.802218,5.802218,3.367461
3808.000000,-217.865560,-115.010032,-0.000008,5.809208,5.809208,3.382557
3810.000000,-216.540103,-116.511567,-0.000015,5.815809,5.815809,3.397632
3812.000000,-215.214627,-118.013085,-0.000017,5.821675,5.821675,3.412753
3814.000000,-213.889378,-119.514803,0.000012,5.827077,5.827077,3.427639
3816.000000,-212.563895,-121.016314,0.000003,5.832370,5.832370,3.442947
3818.000000,-211.238515,-122.517917,-0.000042,5.837054,5.837054,3.458228
3820.000000,-209.913126,-124.019512,-0.000036,5.840855,5.840855,3.473588
3822.000000,-208.588154,-125.521474,-0.000003,5.844846,5.844846,3.488489
3824.000000,-207.262785,-127.023087,-0.000040,5.848550,5.848550,3.504014
3826.000000,-205.937834,-128.525068,-0.000058,5.852262,5.852262,3.518931
3828.000000,-204.612920,-130.027081,-0.000079,5.856160,5.856160,3.533617
3830.000000,-203.288215,-131.529279,-0.000081,5.859066,5.859066,3.547687
3832.000000,-201.964007,-133.031916,-0.000042,5.862010,5.862010,3.560721
3834.000000,-200.639567,-134.534348,-0.000070,5.865502,5.865502,3.573703
3836.000000,-199.315597,-136.037193,-0.000065,5.868930,5.868930,3.585605
3838.000000,-197.991757,-137.540154,-0.000027,5.872540,5.872540,3.596721
3840.000000,-196.667965,-139.043156,-0.000061,5.876537,5.876537,3.607147
3842.000000,-195.344271,-140.546246,-0.000109,5.880361,5.880361,3.616831
3844.000000,-194.021066,-142.049766,-0.000118,5.884130,5.884130,3.625369
3846.000000,-192.698099,-143.553494,-0.000090,5.888146,5.888146,3.633336
3848.000000,-191.375589,-145.057625,-0.000016,5.892492,5.892492,3.640602
3850.000000,-190.053011,-146.561696,0.000006,5.896629,5.896629,3.648096
3852.000000,-188.730305,-148.065655,-0.000028,5.900985,5.900985,3.656088
3854.000000,-187.407846,-149.569830,-0.000007,5.905328,5.905328,3.664252
3856.000000,-186.085358,-151.073981,0.000001,5.910173,5.910173,3.673104
3858.000000,-184.762762,-152.578035,-0.000026,5.914893,5.914893,3.682360
3860.000000,-183.440400,-154.082296,-0.000008,5.919704,5.919704,3.691225
3862.000000,-182.117987,-155.586513,0.000026,5.924452,5.924452,3.699933
3864.000000,-180.795539,-157.090698,0.000036,5.929719,5.929719,3.708691
3866.000000,-179.472903,-158.594718,-0.000022,5.934978,5.934978,3.718058
3868.000000,-178.150240,-160.098714,-0.000048,5.940279,5.940279,3.728079
3870.000000,-176.828079,-161.603153,0.000050,5.945446,5.945446,3.738070
3872.000000,-175.505517,-163.107237,0.000091,5.949727,5.949727,3.748907
3874.000000,-174.182659,-164.611063,0.000028,5.954951,5.954951,3.760191
3876.000000,-172.859697,-166.114796,0.000012,5.957824,5.957824,3.771378
3878.000000,-171.536898,-167.618673,0.000073,5.961055,5.961055,3.781821
3880.000000,-170.213733,-169.122227,0.000146,5.963090,5.963090,3.791801
3882.000000,-168.890258,-170.625509,0.000142,5.965015,5.965015,3.800324
3884.000000,-167.566017,-172.128116,0.000103,5.964920,5.964920,3.807702
3886.000000,-166.241912,-173.630843,0.000121,5.964007,5.964007,3.812343
3888.000000,-164.917058,-175.132910,0.000081,5.961713,5.961713,3.814500
3890.000000,-163.592105,-176.634889,0.000022,5.959158,5.959158,3.813410
3892.000000,-162.267122,-178.136842,0.000015,5.955667,5.955667,3.808683
3894.000000,-160.942037,-179.638705,-0.000033,5.951660,5.951660,3.799675
3896.000000,-159.617004,-181.140614,-0.000038,5.947530,5.947530,3.786244
3898.000000,-158.292365,-182.642870,-0.000010,5.943936,5.943936,3.768123
3900.000000,-156.967341,-184.144786,-0.000100,5.940809,5.940809,3.746095
3902.000000,-155.642819,-185.647146,-0.000139,5.938326,5.938326,3.719020
3904.000000,-154.318877,-187.150017,-0.000058,5.937138,5.937138,3.687261
3906.000000,-152.994946,-188.652897,-0.000058,5.936746,5.936746,3.651364
3908.000000,-151.671110,-190.155861,-0.000111,5.936672,5.936672,3.610083
3910.000000,-150.347775,-191.659266,-0.000083,5.937367,5.937367,3.561580
3912.000000,-149.024678,-193.162880,-0.000044,5.937984,5.937984,3.503750
3914.000000,-147.701599,-194.666511,-0.000070,5.938268,5.938268,3.433443
3916.000000,-146.378780,-196.170370,-0.000143,5.937821,5.937821,3.351524
3918.000000,-145.056262,-197.674494,-0.000215,5.935893,5.935893,3.259229
3920.000000,-143.734608,-199.179377,-0.000165,5.933167,5.933167,3.153715
3922.000000,-142.413521,-200.684757,-0.000105,5.929280,5.929280,3.032287
3924.000000,-141.092424,-202.190130,-0.000230,5.924954,5.924954,2.888920
3926.000000,-139.772047,-203.696133,-0.000764,5.921290,5.921290,2.718636
3928.000000,-138.453018,-205.203318,-0.000940,5.915683,5.915683,2.524397
3930.000000,-137.139805,-206.715568,0.000690,5.902157,5.902157,2.297584
3932.000000,-135.824984,-208.226418,0.002743,5.888297,5.888297,2.037315
3934.000000,-134.499244,-209.727687,0.004255,5.887979,5.887979,1.753646
3936.000000,-133.163909,-211.220439,0.006408,5.898011,5.898011,1.435335
3938.000000,-131.807791,-212.694302,0.008481,5.929069,5.929069,1.079712
3940.000000,-130.427003,-214.145036,0.009378,5.993276,5.993276,0.702322
3942.000000,-129.017274,-215.567647,0.007534,6.088856,6.088856,0.316980
3944.000000,-127.582213,-216.964768,0.004493,6.186979,6.186979,-0.084307
3946.000000,-126.141108,-218.355686,0.009381,6.265397,6.265397,-0.542578
3948.000000,-124.687108,-219.732871,0.023431,6.307097,6.307097,-1.045078
3950.000000,-123.163964,-221.032159,0.031484,6.316868,6.316868,-1.508883
3952.000000,-121.548488,-222.215072,0.025227,6.349262,6.349262,-1.908542
3954.000000,-119.873625,-223.313263,0.017463,6.461663,6.461663,-2.321680
3956.000000,-118.172384,-224.370045,0.025496,6.661866,6.661866,-2.770177
3958.000000,-116.431404,-225.359121,0.045790,6.917485,6.917485,-3.180253
3960.000000,-114.600947,-226.166248,0.060041,7.112561,7.112561,-3.425523
3962.000000,-112.684163,-226.739550,0.057314,7.205384,7.205384,-3.506241
3964.000000,-110.708012,-227.060342,0.041951,7.159707,7.159707,-3.412985
3966.000000,-108.713550,-227.232618,0.026297,7.079447,7.079447,-3.227269
3968.000000,-106.711836,-227.291526,0.015377,6.977981,6.977981,-2.963535
3970.000000,-104.709062,-227.305676,0.012697,6.885002,6.885002,-2.687679
3972.000000,-102.706549,-227.276282,0.017761,6.803880,6.803880,-2.412891
3974.000000,-100.706580,-227.175086,0.022485,6.714053,6.714053,-2.110185
3976.000000,-98.713976,-226.976497,0.020187,6.603068,6.603068,-1.745695
3978.000000,-96.732561,-226.685139,0.011679,6.502474,6.502474,-1.320394
3980.000000,-94.757108,-226.354993,0.005236,6.415223,6.415223,-0.893669
3982.000000,-92.784262,-226.009626,0.002603,6.315497,6.315497,-0.483776
3984.000000,-90.813851,-225.650597,0.000705,6.211069,6.211069,-0.086768
3986.000000,-88.843178,-225.292980,-0.000693,6.116111,6.116111,0.284052
3988.000000,-86.872560,-224.935063,-0.003597,6.020195,6.020195,0.639365
3990.000000,-84.900140,-224.587282,-0.008299,5.936813,5.936813,0.961627
3992.000000,-82.921623,-224.276441,-0.009548,5.890662,5.890662,1.237577
3994.000000,-80.936189,-224.013076,-0.005155,5.891702,5.891702,1.472922
3996.000000,-78.948217,-223.769350,-0.000717,5.910215,5.910215,1.693056
3998.000000,-76.960844,-223.520794,-0.000763,5.918522,5.918522,1.922341
4000.000000,-74.973294,-223.273669,-0.002793,5.921207,5.921207,2.153597
4002.000000,-72.984048,-223.040666,-0.004290,5.925151,5.925151,2.374581
4004.000000,-70.993115,-222.822497,-0.005904,5.931567,5.931567,2.587007
4006.000000,-68.999659,-222.628955,-0.007157,5.935614,5.935614,2.784026
4008.000000,-67.003516,-222.465581,-0.008101,5.937288,5.937288,2.963697
4010.000000,-65.005167,-222.331634,-0.009139,5.936413,5.936413,3.129298
4012.000000,-63.004526,-222.238297,-0.009214,5.930877,5.930877,3.271099
4014.000000,-61.002544,-222.180710,-0.009108,5.923460,5.923460,3.390485
4016.000000,-58.999857,-222.158734,-0.009646,5.914697,5.914697,3.488134
4018.000000,-56.997120,-222.175881,-0.009724,5.905524,5.905524,3.563530
4020.000000,-54.995146,-222.233922,-0.009092,5.899323,5.899323,3.618046
4022.000000,-52.994503,-222.327027,-0.008897,5.895441,5.895441,3.657583
4024.000000,-50.995768,-222.454883,-0.008974,5.892633,5.892633,3.683773
4026.000000,-48.999819,-222.620695,-0.008363,5.893880,5.893880,3.697455
4028.000000,-47.006888,-222.819443,-0.007687,5.899070,5.899070,3.702480
4030.000000,-45.017144,-223.047995,-0.007760,5.906202,5.906202,3.703586
4032.000000,-43.031086,-223.306645,-0.007999,5.915454,5.915454,3.702872
4034.000000,-41.049688,-223.598860,-0.007803,5.927130,5.927130,3.702437
4036.000000,-39.072939,-223.920964,-0.007817,5.940329,5.940329,3.703869
4038.000000,-37.101376,-224.273441,-0.008405,5.955437,5.955437,3.709179
4040.000000,-35.135994,-224.658889,-0.008807,5.970788,5.970788,3.719731
4042.000000,-33.178063,-225.080540,-0.008877,5.986673,5.986673,3.731811
4044.000000,-31.227544,-225.535214,-0.009460,6.003498,6.003498,3.741512
4046.000000,-29.285958,-226.026604,-0.010189,6.017788,6.017788,3.750150
4048.000000,-27.355198,-226.558957,-0.010199,6.029045,6.029045,3.772200
4050.000000,-25.435737,-227.130671,-0.009976,6.037746,6.037746,3.804618
4052.000000,-23.527880,-227.739999,-0.010125,6.041556,6.041556,3.833158
4054.000000,-21.632685,-228.387677,-0.010247,6.043078,6.043078,3.845575
4056.000000,-19.751598,-229.075247,-0.009868,6.042575,6.042575,3.839145
4058.000000,-17.884413,-229.799684,-0.009498,6.037382,6.037382,3.813546
4060.000000,-16.030998,-230.558693,-0.009656,6.030346,6.030346,3.772978
4062.000000,-14.192533,-231.353241,-0.009626,6.021416,6.021416,3.719916
4064.000000,-12.370553,-232.184905,-0.009127,6.012553,6.012553,3.655488
4066.000000,-10.563255,-233.047983,-0.009012,6.004081,6.004081,3.585670
4068.000000,-8.771971,-233.943837,-0.009038,5.995432,5.995432,3.511149
4070.000000,-6.997518,-234.872603,-0.008713,5.988342,5.988342,3.436359
4072.000000,-5.239377,-235.831885,-0.008619,5.984963,5.984963,3.359033
4074.000000,-3.497600,-236.820543,-0.009187,5.983380,5.983380,3.274815
4076.000000,-1.774082,-237.840724,-0.009625,5.983351,5.983351,3.180545
4078.000000,-0.071766,-238.895906,-0.009315,5.984494,5.984494,3.073787
4080.000000,1.611213,-239.981639,-0.009056,5.985622,5.985622,2.951005
4082.000000,3.274278,-241.097631,-0.009084,5.985801,5.985801,2.820029
4084.000000,4.916625,-242.243921,-0.008812,5.986098,5.986098,2.708018
4086.000000,6.538032,-243.419648,-0.008267,5.987198,5.987198,2.618601
4088.000000,8.140179,-244.621473,-0.008412,5.988510,5.988510,2.528627
4090.000000,9.723148,-245.848470,-0.009112,5.990736,5.990736,2.431915
4092.000000,11.281767,-247.106239,-0.009226,5.996580,5.996580,2.325677
4094.000000,12.817476,-248.391867,-0.009362,6.002208,6.002208,2.213235
4096.000000,14.329393,-249.705381,-0.010296,6.008905,6.008905,2.098914
4098.000000,15.814216,-251.049446,-0.011024,6.017681,6.017681,1.982379
4100.000000,17.267181,-252.427884,-0.010803,6.024786,6.024786,1.852331
4102.000000,18.690692,-253.836699,-0.010985,6.034380,6.034380,1.701517
4104.000000,20.084484,-255.274952,-0.011504,6.046285,6.046285,1.530575
4106.000000,21.441730,-256.747741,-0.011107,6.059677,6.059677,1.336183
4108.000000,22.767641,-258.248771,-0.010698,6.081382,6.081382,1.123033
4110.000000,24.060603,-259.778288,-0.009925,6.116396,6.116396,0.887774
4112.000000,25.320958,-261.334820,-0.008308,6.159016,6.159016,0.629989
4114.000000,26.557066,-262.910675,-0.006419,6.201296,6.201296,0.356199
4116.000000,27.770278,-264.504240,-0.003726,6.248060,6.248060,0.063646
4118.000000,28.972259,-266.106326,-0.001032,6.300790,6.300790,-0.234599
4120.000000,30.172119,-267.710003,0.000720,6.345716,6.345716,-0.527004
4122.000000,31.374247,-269.311977,0.001742,6.390946,6.390946,-0.812790
4124.000000,32.583183,-270.908819,0.001814,6.444222,6.444222,-1.093069
4126.000000,33.798540,-272.500782,0.001946,6.504398,6.504398,-1.377435
4128.000000,35.017435,-274.090033,0.003328,6.572569,6.572569,-1.675846
4130.000000,36.247590,-275.670571,0.005535,6.634736,6.634736,-1.981505
4132.000000,37.493830,-277.238457,0.008848,6.691527,6.691527,-2.291178
4134.000000,38.766211,-278.785152,0.013328,6.752719,6.752719,-2.592345
4136.000000,40.079920,-280.296773,0.018722,6.783250,6.783250,-2.859928
4138.000000,41.446852,-281.760253,0.025521,6.789140,6.789140,-3.073369
4140.000000,42.886807,-283.151677,0.030408,6.782495,6.782495,-3.205540
4142.000000,44.415562,-284.444951,0.031231,6.748338,6.748338,-3.244322
4144.000000,46.019188,-285.644042,0.031227,6.701940,6.701940,-3.208825
4146.000000,47.695827,-286.738220,0.030177,6.664462,6.664462,-3.090146
4148.000000,49.437616,-287.726057,0.026644,6.646894,6.646894,-2.889039
4150.000000,51.229691,-288.619895,0.023808,6.642825,6.642825,-2.631118
4152.000000,53.059804,-289.432823,0.022981,6.643229,6.643229,-2.339431
4154.000000,54.926809,-290.156624,0.019618,6.660643,6.660643,-2.008735
4156.000000,56.823540,-290.799460,0.014237,6.690340,6.690340,-1.641872
4158.000000,58.734520,-291.398872,0.012004,6.716407,6.716407,-1.283997
4160.000000,60.660049,-291.949660,0.011732,6.742264,6.742264,-0.915241
4162.000000,62.597598,-292.456683,0.012445,6.781323,6.781323,-0.533652
4164.000000,64.546438,-292.918390,0.011642,6.858497,6.858497,-0.137708
4166.000000,66.508450,-293.320656,0.005779,6.980841,6.980841,0.281369
4168.000000,68.474091,-293.704964,0.000828,7.108203,7.108203,0.683531
4170.000000,70.438806,-294.093984,0.000758,7.218242,7.218242,1.047067
4172.000000,72.404403,-294.478520,0.002328,7.321213,7.321213,1.382631
4174.000000,74.371472,-294.855376,0.001946,7.417116,7.417116,1.695845
4176.000000,76.341701,-295.215390,-0.004456,7.496377,7.496377,1.996548
4178.000000,78.309932,-295.586089,-0.013419,7.587560,7.587560,2.253423
4180.000000,80.264552,-296.022280,-0.015621,7.747235,7.747235,2.412898
4182.000000,82.202555,-296.527119,-0.008543,7.978267,7.978267,2.483212
4184.000000,84.129580,-297.072964,0.000550,8.250855,8.250855,2.492505
4186.000000,86.061562,-297.601009,0.011503,8.501877,8.501877,2.492031
4188.000000,87.997205,-298.115206,0.027908,8.737890,8.737890,2.472845
4190.000000,89.961415,-298.494979,0.028515,8.837145,8.837145,2.570722
4192.000000,91.951400,-298.718900,0.009289,8.779074,8.779074,2.800215
4194.000000,93.942050,-298.939424,-0.001642,8.720403,8.720403,2.995687
4196.000000,95.930918,-299.175740,-0.000680,8.679343,8.679343,3.154757
4198.000000,97.920020,-299.410083,0.000317,8.638153,8.638153,3.297493
4200.000000,99.909239,-299.643431,0.000204,8.596245,8.596245,3.422794
4202.000000,101.898585,-299.875693,0.000088,8.553774,8.553774,3.537258
4204.000000,103.887940,-300.107872,-0.000028,8.510430,8.510430,3.642364
4206.000000,105.877313,-300.339904,-0.000146,8.467285,8.467285,3.736002
4208.000000,107.866590,-300.572755,-0.000187,8.423331,8.423331,3.814480
4210.000000,109.855769,-300.806442,-0.000140,8.378621,8.378621,3.875536
4212.000000,111.844890,-301.040620,-0.000163,8.333121,8.333121,3.918685
4214.000000,113.833962,-301.275213,-0.000241,8.286594,8.286594,3.948861
4216.000000,115.822884,-301.511078,-0.000238,8.239673,8.239673,3.967167
4218.000000,117.811701,-301.747823,-0.000171,8.192271,8.192271,3.972466
4220.000000,119.800427,-301.985332,-0.000173,8.144784,8.144784,3.963626
4222.000000,121.789117,-302.223151,-0.000342,8.097266,8.097266,3.940380
4224.000000,123.777642,-302.462337,-0.000619,8.050626,8.050626,3.901458
4226.000000,125.765876,-302.703922,-0.000601,8.007452,8.007452,3.847210
4228.000000,127.753659,-302.949201,-0.000013,7.968448,7.968448,3.784639
4230.000000,129.741468,-303.194265,0.000541,7.928730,7.928730,3.721224
4232.000000,131.729652,-303.436270,0.000851,7.886167,7.886167,3.659895
4234.000000,133.718113,-303.675986,0.001504,7.842088,7.842088,3.599329
4236.000000,135.707277,-303.909780,0.001961,7.791878,7.791878,3.542692
4238.000000,137.697573,-304.133738,0.001415,7.732954,7.732954,3.493365
4240.000000,139.688501,-304.352024,0.000466,7.668651,7.668651,3.447825
4242.000000,141.679580,-304.568924,0.000260,7.603677,7.603677,3.402504
4244.000000,143.670549,-304.786835,0.001182,7.541157,7.541157,3.355685
4246.000000,145.662033,-304.999961,0.002156,7.475764,7.475764,3.313880
4248.000000,147.654590,-305.202779,0.001264,7.400194,7.400194,3.283241
4250.000000,149.648048,-305.396588,-0.001196,7.317826,7.317826,3.263242
4252.000000,151.640691,-305.598545,-0.002641,7.243791,7.243791,3.236784
4254.000000,153.632106,-305.812312,-0.002696,7.183141,7.183141,3.199990
4256.000000,155.622378,-306.036464,-0.002663,7.134649,7.134649,3.154431
4258.000000,157.611448,-306.271040,-0.002262,7.097293,7.097293,3.100198
4260.000000,159.599162,-306.516831,-0.000793,7.072098,7.072098,3.036433
4262.000000,161.586485,-306.765811,0.000534,7.051215,7.051215,2.971356
4264.000000,163.574422,-307.009835,0.000593,7.025680,7.025680,2.914074
4266.000000,165.562576,-307.252083,0.000226,6.999073,6.999073,2.861360
4268.000000,167.550844,-307.493402,0.000120,6.972543,6.972543,2.812293
4270.000000,169.539108,-307.734750,0.000207,6.947600,6.947600,2.766002
4272.000000,171.527498,-307.975058,0.000263,6.923061,6.923061,2.722879
4274.000000,173.516037,-308.214124,0.000236,6.898656,6.898656,2.682709
4276.000000,175.504656,-308.452526,0.000254,6.875692,6.875692,2.644718
4278.000000,177.493417,-308.689742,0.000276,6.853193,6.853193,2.608938
4280.000000,179.482300,-308.925940,0.000324,6.831398,6.831398,2.574629
4282.000000,181.471321,-309.160967,0.000381,6.810950,6.810950,2.541558
4284.000000,183.460554,-309.394193,0.000367,6.791631,6.791631,2.509971
4286.000000,185.449939,-309.626116,0.000413,6.774827,6.774827,2.479018
4288.000000,187.439492,-309.856593,0.000446,6.759049,6.759049,2.448475
4290.000000,189.429321,-310.084678,0.000296,6.745796,6.745796,2.418829
4292.000000,191.419251,-310.311880,-0.000141,6.733231,6.733231,2.388754
4294.000000,193.409246,-310.538518,-0.000458,6.723266,6.723266,2.357808
4296.000000,195.398750,-310.769417,0.000568,6.719057,6.719057,2.320396
4298.000000,197.388329,-310.999660,0.002663,6.717049,6.717049,2.281096
4300.000000,199.379250,-311.217898,0.003568,6.705369,6.705369,2.251424
4302.000000,201.372047,-311.418325,0.002409,6.679266,6.679266,2.237583
4304.000000,203.365766,-311.609447,0.001017,6.645643,6.645643,2.231390
4306.000000,205.359679,-311.798528,0.000497,6.612585,6.612585,2.225995
4308.000000,207.353862,-311.984750,0.000154,6.578448,6.578448,2.222414
4310.000000,209.348061,-312.170785,-0.000125,6.545797,6.545797,2.217948
4312.000000,211.342190,-312.357586,-0.000112,6.515140,6.515140,2.211899
4314.000000,213.336256,-312.545045,0.000022,6.486215,6.486215,2.204416
4316.000000,215.330350,-312.732212,0.000052,6.458680,6.458680,2.196359
4318.000000,217.324485,-312.918947,0.000003,6.431068,6.431068,2.187840
4320.000000,219.318589,-313.106011,0.000007,6.403502,6.403502,2.178087
4322.000000,221.312717,-313.292807,0.000019,6.375608,6.375608,2.167730
4324.000000,223.306837,-313.479700,0.000060,6.348106,6.348106,2.156744
4326.000000,225.300979,-313.666357,0.000185,6.320711,6.320711,2.145965
4328.000000,227.295176,-313.852429,0.000276,6.292970,6.292970,2.135995
4330.000000,229.289517,-314.036946,0.000228,6.265272,6.265272,2.127725
4332.000000,231.283924,-314.220747,0.000193,6.237514,6.237514,2.120225
4334.000000,233.278391,-314.403890,0.000226,6.209820,6.209820,2.113404
4336.000000,235.272955,-314.585981,0.000197,6.182581,6.182581,2.107655
4338.000000,237.267597,-314.767217,0.000148,6.155880,6.155880,2.102763
4340.000000,239.262273,-314.948075,0.000170,6.129295,6.129295,2.098306
4342.000000,241.257018,-315.128175,0.000167,6.103056,6.103056,2.094938
4344.000000,243.251837,-315.307445,0.000084,6.077454,6.077454,2.093029
4346.000000,245.246679,-315.486471,0.000059,6.051821,6.051821,2.092185
4348.000000,247.241522,-315.665471,0.000109,6.026171,6.026171,2.092290
4350.000000,249.236424,-315.843829,0.000102,6.001573,6.001573,2.093886
4352.000000,251.231364,-316.021751,0.000007,5.977499,5.977499,2.096685
4354.000000,253.226314,-316.199557,-0.000042,5.954116,5.954116,2.100509
4356.000000,255.221216,-316.377914,0.000079,5.932365,5.932365,2.105030
4358.000000,257.216146,-316.555948,0.000279,5.910838,5.910838,2.111044
4360.000000,259.211180,-316.732814,0.000379,5.888050,5.888050,2.119308
4362.000000,261.206372,-316.907885,0.000627,5.863934,5.863934,2.130397
4364.000000,263.201678,-317.081657,0.001034,5.837826,5.837826,2.143395
4366.000000,265.197463,-317.249802,-0.000075,5.805742,5.805742,2.162257
4368.000000,267.193580,-317.413966,-0.003105,5.768926,5.768926,2.184820
4370.000000,269.188407,-317.592912,-0.004808,5.747302,5.747302,2.192181
4372.000000,271.180930,-317.795888,-0.002997,5.749516,5.749516,2.175117
4374.000000,273.172004,-318.012818,-0.000081,5.766622,5.766622,2.143151
4376.000000,275.163519,-318.225664,0.000890,5.780628,5.780628,2.114117
4378.000000,277.155511,-318.434021,0.000411,5.789682,5.789682,2.088728
4380.000000,279.147621,-318.641239,0.000029,5.797961,5.797961,2.063642
4382.000000,281.139709,-318.848667,-0.000031,5.805666,5.805666,2.037303
4384.000000,283.131771,-319.056351,0.000029,5.812498,5.812498,2.009610
4386.000000,285.123856,-319.263811,0.000066,5.818740,5.818740,1.981182
4388.000000,287.115969,-319.471001,0.000104,5.824254,5.824254,1.952413
4390.000000,289.108113,-319.677901,0.000164,5.829431,5.829431,1.923856
4392.000000,291.100340,-319.883991,0.000210,5.834336,5.834336,1.896511
4394.000000,293.092641,-320.089365,0.000212,5.839147,5.839147,1.870727
4396.000000,295.085056,-320.293628,0.000169,5.843960,5.843960,1.847437
4398.000000,297.077517,-320.497452,0.000121,5.848847,5.848847,1.825714
4400.000000,299.070049,-320.700570,0.000126,5.853782,5.853782,1.805505
4402.000000,301.062590,-320.903609,0.000144,5.858488,5.858488,1.785959
4404.000000,303.055247,-321.105496,0.000098,5.863589,5.863589,1.767985
4406.000000,305.047895,-321.307474,0.000087,5.868474,5.868474,1.750178
4408.000000,307.040604,-321.508852,0.000083,5.873562,5.873562,1.733163
4410.000000,309.033342,-321.709949,0.000051,5.878600,5.878600,1.716460
4412.000000,311.026096,-321.910880,0.000027,5.883303,5.883303,1.699856
4414.000000,313.018870,-322.111614,0.000002,5.888118,5.888118,1.683335
4416.000000,315.011631,-322.312475,-0.000023,5.892524,5.892524,1.666484
4418.000000,317.004402,-322.513246,-0.000061,5.896529,5.896529,1.649516
4420.000000,318.997130,-322.714439,-0.000047,5.899966,5.899966,1.631909
4422.000000,320.989835,-322.915852,-0.000005,5.903050,5.903050,1.613845
4424.000000,322.982552,-323.117150,-0.000019,5.906180,5.906180,1.595709
4426.000000,324.975260,-323.318538,-0.000044,5.909088,5.909088,1.577280
4428.000000,326.967945,-323.520156,-0.000033,5.911854,5.911854,1.558362
4430.000000,328.960614,-323.721929,-0.000001,5.914398,5.914398,1.539071
4432.000000,330.953285,-323.923683,0.000007,5.916992,5.916992,1.519638
4434.000000,332.945966,-324.125338,-0.000008,5.919408,5.919408,1.500195
4436.000000,334.938637,-324.327094,-0.000008,5.921820,5.921820,1.480415
4438.000000,336.931305,-324.528875,-0.000026,5.924108,5.924108,1.460339
4440.000000,338.923977,-324.730625,-0.000057,5.926246,5.926246,1.440009
4442.000000,340.916603,-324.932825,-0.000053,5.927814,5.927814,1.418922
4444.000000,342.909225,-325.135064,-0.000040,5.929225,5.929225,1.397599
4446.000000,344.901814,-325.337620,-0.000030,5.930545,5.930545,1.375798
4448.000000,346.894408,-325.540134,-0.000038,5.931628,5.931628,1.353910
4450.000000,348.886977,-325.742899,-0.000032,5.932829,5.932829,1.331743
4452.000000,350.879530,-325.945807,-0.000028,5.934043,5.934043,1.309526
4454.000000,352.872087,-326.148688,-0.000055,5.935300,5.935300,1.287487
4456.000000,354.864607,-326.351932,-0.000062,5.936713,5.936713,1.265044
4458.000000,356.857108,-326.555360,-0.000045,5.938127,5.938127,1.242238
4460.000000,358.849582,-326.759048,-0.000031,5.939487,5.939487,1.218950
4462.000000,360.842054,-326.962751,-0.000048,5.940615,5.940615,1.195458
4464.000000,362.834506,-327.166666,-0.000075,5.941777,5.941777,1.171727
4466.000000,364.826922,-327.370914,-0.000080,5.943132,5.943132,1.147796
4468.000000,366.819306,-327.575488,-0.000075,5.944617,5.944617,1.123931
4470.000000,368.811660,-327.780352,-0.000073,5.946230,5.946230,1.100449
4472.000000,370.803984,-327.985503,-0.000074,5.947828,5.947828,1.077480
4474.000000,372.796277,-328.190957,-0.000078,5.949470,5.949470,1.055159
4476.000000,374.788539,-328.396708,-0.000076,5.951164,5.951164,1.033801
4478.000000,376.780766,-328.602805,-0.000066,5.952909,5.952909,1.013178
4480.000000,378.772970,-328.809117,-0.000061,5.954770,5.954770,0.992628
4482.000000,380.765146,-329.015705,-0.000051,5.956737,5.956737,0.971000
4484.000000,382.757299,-329.222508,-0.000030,5.958883,5.958883,0.947939
4486.000000,384.749442,-329.429415,-0.000016,5.961217,5.961217,0.923809
4488.000000,386.741579,-329.636372,-0.000010,5.963621,5.963621,0.898883
4490.000000,388.733712,-329.843372,-0.000012,5.966167,5.966167,0.873451
4492.000000,390.725843,-330.050388,-0.000013,5.968682,5.968682,0.847927
4494.000000,392.717962,-330.257519,0.000011,5.971266,5.971266,0.822483
4496.000000,394.710086,-330.464611,0.000029,5.973921,5.973921,0.797376
4498.000000,396.702232,-330.671483,0.000025,5.976848,5.976848,0.772774
4500.000000,398.694376,-330.878372,0.000038,5.979692,5.979692,0.748240
4502.000000,400.686543,-331.085045,0.000059,5.982559,5.982559,0.723824
4504.000000,402.678731,-331.291519,0.000068,5.985685,5.985685,0.699338
4506.000000,404.670952,-331.497672,0.000060,5.988671,5.988671,0.674897
4508.000000,406.663197,-331.703587,0.000062,5.991748,5.991748,0.650478
4510.000000,408.655458,-331.909349,0.000101,5.994738,5.994738,0.625988
4512.000000,410.647766,-332.114661,0.000136,5.997531,5.997531,0.601743
4514.000000,412.640130,-332.319419,0.000143,6.000475,6.000475,0.577983
4516.000000,414.632558,-332.523561,0.000116,6.003547,6.003547,0.554955
4518.000000,416.625037,-332.727200,0.000070,6.006637,6.006637,0.532757
4520.000000,418.617541,-332.930605,0.000050,6.009904,6.009904,0.511316
4522.000000,420.610058,-333.133869,0.000071,6.013080,6.013080,0.490503
4524.000000,422.602605,-333.336846,0.000099,6.016091,6.016091,0.470491
4526.000000,424.595193,-333.539413,0.000097,6.018909,6.018909,0.451468
4528.000000,426.587830,-333.741508,0.000067,6.021523,6.021523,0.433448
4530.000000,428.580486,-333.943407,0.000048,6.024192,6.024192,0.415838
4532.000000,430.573164,-334.145099,0.000046,6.026794,6.026794,0.398371
4534.000000,432.565857,-334.346634,0.000043,6.029517,6.029517,0.380709
4536.000000,434.558571,-334.547962,0.000038,6.032134,6.032134,0.362816
4538.000000,436.551297,-334.749173,0.000041,6.034708,6.034708,0.344696
4540.000000,438.544040,-334.950218,0.000042,6.037144,6.037144,0.326427
4542.000000,440.536804,-335.151052,0.000030,6.039084,6.039084,0.308009
4544.000000,442.529575,-335.351808,0.000017,6.040756,6.040756,0.289379
4546.000000,444.522359,-335.552451,0.000005,6.042210,6.042210,0.270627
4548.000000,446.515138,-335.753134,0.000006,6.043688,6.043688,0.251752
4550.000000,448.507921,-335.953777,-0.000003,6.044789,6.044789,0.233008
4552.000000,450.500710,-336.154366,-0.000011,6.045641,6.045641,0.214530
4554.000000,452.493479,-336.355143,0.000007,6.046071,6.046071,0.196177
4556.000000,454.486264,-336.555767,0.000005,6.046396,6.046396,0.178205
4558.000000,456.479049,-336.756393,-0.000020,6.046361,6.046361,0.160371
4560.000000,458.471827,-336.957090,-0.000025,6.046028,6.046028,0.142409
4562.000000,460.464587,-337.157962,-0.000019,6.045423,6.045423,0.124027
4564.000000,462.457349,-337.358817,-0.000023,6.044740,6.044740,0.105306
4566.000000,464.450095,-337.559831,-0.000020,6.044137,6.044137,0.085875
4568.000000,466.442834,-337.760916,-0.000006,6.043673,6.043673,0.065756
4570.000000,468.435571,-337.962019,-0.000013,6.043230,6.043230,0.045040
4572.000000,470.428308,-338.163115,-0.000020,6.043183,6.043183,0.023823
4574.000000,472.421025,-338.364418,-0.000009,6.043344,6.043344,0.002213
4576.000000,474.413750,-338.565637,-0.000014,6.043758,6.043758,-0.019111
4578.000000,476.406465,-338.766957,-0.000030,6.044535,6.044535,-0.039999
4580.000000,478.399169,-338.968387,-0.000025,6.045481,6.045481,-0.060072
4582.000000,480.391856,-339.169975,-0.000012,6.046648,6.046648,-0.079330
4584.000000,482.384548,-339.371531,-0.000004,6.047952,6.047952,-0.097678
4586.000000,484.377229,-339.573183,0.000012,6.049677,6.049677,-0.115390
4588.000000,486.369920,-339.774739,0.000032,6.051543,6.051543,-0.132629
4590.000000,488.362621,-339.976195,0.000028,6.053603,6.053603,-0.149581
4592.000000,490.355344,-340.177441,0.000017,6.055890,6.055890,-0.166317
4594.000000,492.348059,-340.378755,0.000034,6.058364,6.058364,-0.183252
4596.000000,494.340795,-340.579865,0.000047,6.061089,6.061089,-0.200152
4598.000000,496.333551,-340.780776,0.000035,6.064055,6.064055,-0.217105
4600.000000,498.326323,-340.981539,0.000018,6.067252,6.067252,-0.234368
4602.000000,500.319101,-341.182233,0.000013,6.070678,6.070678,-0.252072
4604.000000,502.311879,-341.382923,0.000010,6.074128,6.074128,-0.270342
4606.000000,504.304671,-341.583479,-0.000003,6.077414,6.077414,-0.289144
4608.000000,506.297451,-341.784152,-0.000004,6.080701,6.080701,-0.308616
4610.000000,508.290236,-341.984779,-0.000015,6.083923,6.083923,-0.328393
4612.000000,510.283018,-342.185438,-0.000045,6.086974,6.086974,-0.348330
4614.000000,512.275777,-342.386320,-0.000051,6.089610,6.089610,-0.368365
4616.000000,514.268512,-342.587439,-0.000044,6.092074,6.092074,-0.388334
4618.000000,516.261236,-342.788673,-0.000053,6.094244,6.094244,-0.408012
4620.000000,518.253935,-342.990148,-0.000049,6.096204,6.096204,-0.427516
4622.000000,520.246610,-343.191865,-0.000038,6.097733,6.097733,-0.447082
4624.000000,522.239279,-343.393634,-0.000043,6.098995,6.098995,-0.466674
4626.000000,524.231922,-343.595667,-0.000041,6.099997,6.099997,-0.486464
4628.000000,526.224555,-343.797801,-0.000041,6.100452,6.100452,-0.506266
4630.000000,528.217168,-344.000122,-0.000029,6.100597,6.100597,-0.526367
4632.000000,530.209764,-344.202615,-0.000001,6.100384,6.100384,-0.546874
4634.000000,532.202368,-344.405033,-0.000006,6.099969,6.099969,-0.567501
4636.000000,534.194973,-344.607441,-0.000023,6.099659,6.099659,-0.588254
4638.000000,536.187558,-344.810037,-0.000003,6.099133,6.099133,-0.609266
4640.000000,538.180143,-345.012636,0.000025,6.098564,6.098564,-0.630325
4642.000000,540.172744,-345.215083,0.000029,6.098154,6.098154,-0.651248
4644.000000,542.165354,-345.417437,0.000034,6.097625,6.097625,-0.672017
4646.000000,544.157977,-345.619671,0.000048,6.097054,6.097054,-0.692510
4648.000000,546.150621,-345.821694,0.000042,6.096315,6.096315,-0.712536
4650.000000,548.143287,-346.023493,0.000019,6.095683,6.095683,-0.732034
4652.000000,550.135954,-346.225286,0.000016,6.095060,6.095060,-0.751260
4654.000000,552.128628,-346.427011,0.000017,6.094458,6.094458,-0.770211
4656.000000,554.121314,-346.628617,-0.000001,6.093723,6.093723,-0.788988
4658.000000,556.113997,-346.830252,-0.000015,6.092864,6.092864,-0.807902
4660.000000,558.106672,-347.031968,-0.000010,6.091734,6.091734,-0.827176
4662.000000,560.099342,-347.233736,-0.000005,6.090600,6.090600,-0.846978
4664.000000,562.092013,-347.435485,-0.000012,6.089417,6.089417,-0.867281
4666.000000,564.084679,-347.637293,-0.000015,6.088190,6.088190,-0.888145
4668.000000,566.077335,-347.839191,-0.000004,6.087044,6.087044,-0.909548
4670.000000,568.069991,-348.041093,-0.000011,6.085996,6.085996,-0.931278
4672.000000,570.062651,-348.242964,-0.000017,6.084833,6.084833,-0.953240
4674.000000,572.055287,-348.445062,-0.000009,6.083923,6.083923,-0.975639
4676.000000,574.047938,-348.647016,-0.000012,6.082980,6.082980,-0.997918
4678.000000,576.040567,-348.849177,-0.000014,6.082137,6.082137,-1.020266
4680.000000,578.033204,-349.051266,-0.000027,6.081166,6.081166,-1.042153
4682.000000,580.025826,-349.253510,-0.000054,6.080329,6.080329,-1.063652
4684.000000,582.018427,-349.455951,-0.000065,6.079685,6.079685,-1.084678
4686.000000,584.010997,-349.658700,-0.000059,6.079067,6.079067,-1.105170
4688.000000,586.003544,-349.861681,-0.000058,6.078481,6.078481,-1.125024
4690.000000,587.996073,-350.064829,-0.000056,6.077699,6.077699,-1.144317
4692.000000,589.988566,-350.268337,-0.000013,6.076735,6.076735,-1.163376
4694.000000,591.981058,-350.471845,0.000020,6.076030,6.076030,-1.182043
4696.000000,593.973567,-350.675192,0.000014,6.075648,6.075648,-1.200458
4698.000000,595.966076,-350.878540,0.000011,6.075429,6.075429,-1.218990
4700.000000,597.958592,-351.081824,0.000014,6.075244,6.075244,-1.237803
4702.000000,599.951112,-351.285065,0.000007,6.075176,6.075176,-1.256981
4704.000000,601.943640,-351.488226,0.000004,6.075256,6.075256,-1.276531
4706.000000,603.936160,-351.691472,0.000018,6.075301,6.075301,-1.296697
4708.000000,605.928694,-351.894567,0.000020,6.075429,6.075429,-1.317184
4710.000000,607.921236,-352.097594,0.000013,6.075690,6.075690,-1.337924
4712.000000,609.913781,-352.300587,0.000030,6.075936,6.075936,-1.358786
4714.000000,611.906334,-352.503507,0.000049,6.076061,6.076061,-1.379513
4716.000000,613.898917,-352.706126,0.000047,6.076597,6.076597,-1.399804
4718.000000,615.891511,-352.908639,0.000049,6.077323,6.077323,-1.419854
4720.000000,617.884129,-353.110915,0.000051,6.078084,6.078084,-1.439502
4722.000000,619.876768,-353.312989,0.000046,6.078908,6.078908,-1.458766
4724.000000,621.869424,-353.514886,0.000045,6.079807,6.079807,-1.477752
4726.000000,623.862099,-353.716604,0.000033,6.080777,6.080777,-1.496564
4728.000000,625.854793,-353.918130,0.000020,6.081714,6.081714,-1.515272
4730.000000,627.847484,-354.119686,0.000023,6.082622,6.082622,-1.534094
4732.000000,629.840194,-354.321058,0.000024,6.083576,6.083576,-1.552820
4734.000000,631.832906,-354.522403,0.000032,6.084406,6.084406,-1.571634
4736.000000,633.825634,-354.723599,0.000025,6.085212,6.085212,-1.590435
4738.000000,635.818380,-354.924614,0.000018,6.086052,6.086052,-1.609296
4740.000000,637.811114,-355.125738,0.000037,6.086648,6.086648,-1.628752
4742.000000,639.803882,-355.326537,0.000029,6.087468,6.087468,-1.648766
4744.000000,641.796654,-355.527285,0.000025,6.088274,6.088274,-1.669771
4746.000000,643.789431,-355.727993,0.000040,6.089114,6.089114,-1.691673
4748.000000,645.782235,-355.928430,0.000032,6.089728,6.089728,-1.713713
4750.000000,647.775045,-356.128812,0.000022,6.090332,6.090332,-1.735412
4752.000000,649.767867,-356.329066,0.000025,6.090952,6.090952,-1.756446
4754.000000,651.760693,-356.529286,0.000026,6.091580,6.091580,-1.776813
4756.000000,653.753539,-356.729304,0.000019,6.092066,6.092066,-1.796388
4758.000000,655.746383,-356.929343,0.000015,6.092454,6.092454,-1.815561
4760.000000,657.739241,-357.129236,0.000006,6.092471,6.092471,-1.834289
4762.000000,659.732096,-357.329164,0.000002,6.092449,6.092449,-1.852877
4764.000000,661.724954,-357.529067,0.000002,6.092344,6.092344,-1.871235
4766.000000,663.717813,-357.728959,0.000005,6.092197,6.092197,-1.889147
4768.000000,665.710669,-357.928871,0.000013,6.091987,6.091987,-1.906459
4770.000000,667.703537,-358.128669,0.000006,6.091510,6.091510,-1.923222
4772.000000,669.696405,-358.328471,0.000007,6.091100,6.091100,-1.939645
4774.000000,671.689272,-358.528278,0.000018,6.090671,6.090671,-1.955802
4776.000000,673.682151,-358.727967,0.000028,6.090308,6.090308,-1.971684
4778.000000,675.675036,-358.927598,0.000028,6.090023,6.090023,-1.987408
4780.000000,677.667942,-359.127023,0.000022,6.089888,6.089888,-2.002880
4782.000000,679.660844,-359.326477,0.000009,6.089801,6.089801,-2.018384
4784.000000,681.653767,-359.525723,-0.000002,6.089825,6.089825,-2.033710
4786.000000,683.646667,-359.725205,0.000009,6.089709,6.089709,-2.049310
4788.000000,685.639590,-359.924454,0.000012,6.089822,6.089822,-2.064717
4790.000000,687.632505,-360.123789,0.000011,6.089875,6.089875,-2.080260
4792.000000,689.625432,-360.322997,0.000008,6.089963,6.089963,-2.095705
4794.000000,691.618360,-360.522201,0.000002,6.090102,6.090102,-2.111136
4796.000000,693.611286,-360.721419,0.000008,6.090446,6.090446,-2.126537
4798.000000,695.604218,-360.920579,0.000011,6.090950,6.090950,-2.141804
4800.000000,697.597152,-361.119720,0.000007,6.091683,6.091683,-2.156955
4802.000000,699.590093,-361.318786,0.000014,6.092547,6.092547,-2.171956
4804.000000,701.583028,-361.517914,0.000014,6.093672,6.093672,-2.186981
4806.000000,703.575991,-361.716765,-0.000017,6.094926,6.094926,-2.201746
4808.000000,705.568926,-361.915891,-0.000010,6.096066,6.096066,-2.216844
4810.000000,707.561861,-362.115020,0.000010,6.097335,6.097335,-2.232045
4812.000000,709.554808,-362.314029,-0.000005,6.098592,6.098592,-2.247358
4814.000000,711.547747,-362.513122,-0.000012,6.099884,6.099884,-2.263070
4816.000000,713.540682,-362.712251,-0.000007,6.101189,6.101189,-2.279228
4818.000000,715.533613,-362.911419,-0.000009,6.102402,6.102402,-2.295951
4820.000000,717.526545,-363.110580,-0.000017,6.103681,6.103681,-2.313072
4822.000000,719.519465,-363.309859,-0.000021,6.105002,6.105002,-2.330664
4824.000000,721.512381,-363.509182,-0.000021,6.106081,6.106081,-2.348617
4826.000000,723.505284,-363.708628,-0.000036,6.107134,6.107134,-2.366831
4828.000000,725.498183,-363.908123,-0.000059,6.107895,6.107895,-2.385061
4830.000000,727.491046,-364.107973,-0.000039,6.108366,6.108366,-2.403495
4832.000000,729.483890,-364.308005,0.000005,6.108601,6.108601,-2.422014
4834.000000,731.476745,-364.507937,0.000004,6.108844,6.108844,-2.440403
4836.000000,733.469606,-364.707806,-0.000028,6.108940,6.108940,-2.458742
4838.000000,735.462450,-364.907842,-0.000036,6.108791,6.108791,-2.477295
4840.000000,737.455277,-365.108056,-0.000054,6.108316,6.108316,-2.496104
4842.000000,739.448097,-365.308330,-0.000104,6.107629,6.107629,-2.515133
4844.000000,741.440861,-365.509166,-0.000126,6.106555,6.106555,-2.534947
4846.000000,743.433576,-365.710485,-0.000083,6.104950,6.104950,-2.555480
4848.000000,745.426241,-365.912296,-0.000018,6.102982,6.102982,-2.576692
4850.000000,747.418920,-366.113970,-0.000010,6.101294,6.101294,-2.597767
4852.000000,749.411593,-366.315708,-0.000037,6.099632,6.099632,-2.618698
4854.000000,751.404249,-366.517609,-0.000046,6.097912,6.097912,-2.639403
4856.000000,753.396885,-366.719711,-0.000061,6.096134,6.096134,-2.659979
4858.000000,755.389503,-366.921986,-0.000069,6.094443,6.094443,-2.680423
4860.000000,757.382077,-367.124695,-0.000054,6.092849,6.092849,-2.700849
4862.000000,759.374644,-367.327470,-0.000053,6.091606,6.091606,-2.720809
4864.000000,761.367182,-367.530535,-0.000047,6.090735,6.090735,-2.740683
4866.000000,763.359699,-367.733804,-0.000010,6.090363,6.090363,-2.760460
4868.000000,765.352211,-367.937129,0.000009,6.090216,6.090216,-2.780076
4870.000000,767.344738,-368.140303,-0.000008,6.090386,6.090386,-2.799431
4872.000000,769.337254,-368.343575,-0.000018,6.090817,6.090817,-2.818869
4874.000000,771.329762,-368.546934,0.000002,6.091204,6.091204,-2.838488
4876.000000,773.322268,-368.750308,0.000028,6.091589,6.091589,-2.858287
4878.000000,775.314791,-368.953528,0.000040,6.092240,6.092240,-2.878189
4880.000000,777.307328,-369.156594,0.000044,6.092794,6.092794,-2.898285
4882.000000,779.299884,-369.359487,0.000070,6.093470,6.093470,-2.918496
4884.000000,781.292460,-369.562173,0.000107,6.094216,6.094216,-2.938738
4886.000000,783.285090,-369.764331,0.000111,6.094738,6.094738,-2.958620
4888.000000,785.277766,-369.966042,0.000108,6.095262,6.095262,-2.978137
4890.000000,787.270476,-370.167409,0.000136,6.095346,6.095346,-2.997354
4892.000000,789.263245,-370.368190,0.000146,6.095189,6.095189,-3.016053
4894.000000,791.256080,-370.568317,0.000117,6.094810,6.094810,-3.034251
4896.000000,793.248959,-370.768009,0.000096,6.094146,6.094146,-3.052197
4898.000000,795.241872,-370.967356,0.000087,6.093333,6.093333,-3.069965
4900.000000,797.234827,-371.166292,0.000079,6.092081,6.092081,-3.087392
4902.000000,799.227802,-371.365014,0.000077,6.090666,6.090666,-3.104544
4904.000000,801.220821,-371.563306,0.000071,6.089010,6.089010,-3.121069
4906.000000,803.213855,-371.761444,0.000083,6.087284,6.087284,-3.137214
4908.000000,805.206928,-371.959184,0.000095,6.085151,6.085151,-3.152867
4910.000000,807.200039,-372.156542,0.000091,6.083251,6.083251,-3.168306
4912.000000,809.193186,-372.353542,0.000083,6.081420,6.081420,-3.183838
4914.000000,811.186367,-372.550193,0.000063,6.079604,6.079604,-3.199716
4916.000000,813.179574,-372.746580,0.000031,6.077855,6.077855,-3.216225
4918.000000,815.172794,-372.942835,0.000022,6.076118,6.076118,-3.233263
4920.000000,817.166011,-373.139126,0.000038,6.074349,6.074349,-3.250835
4922.000000,819.159256,-373.335123,0.000036,6.072760,6.072760,-3.268404
4924.000000,821.152508,-373.531062,0.000027,6.071380,6.071380,-3.285879
4926.000000,823.145775,-373.726835,0.000015,6.070144,6.070144,-3.302878
4928.000000,825.139046,-373.922569,0.000006,6.069045,6.069045,-3.319330
4930.000000,827.132317,-374.118315,0.000004,6.068239,6.068239,-3.335064
4932.000000,829.125594,-374.313988,-0.000010,6.067287,6.067287,-3.350010
4934.000000,831.118865,-374.509725,-0.000020,6.066308,6.066308,-3.364264
4936.000000,833.112125,-374.705574,-0.000018,6.065515,6.065515,-3.377774
4938.000000,835.105383,-374.901446,-0.000033,6.064795,6.064795,-3.390589
4940.000000,837.098628,-375.097447,-0.000057,6.064171,6.064171,-3.402983
4942.000000,839.091850,-375.293688,-0.000054,6.063449,6.063449,-3.415187
4944.000000,841.085042,-375.490228,-0.000037,6.062909,6.062909,-3.427421
4946.000000,843.078231,-375.686795,-0.000035,6.062522,6.062522,-3.439588
4948.000000,845.071397,-375.883599,-0.000037,6.062034,6.062034,-3.452045
4950.000000,847.064557,-376.080461,-0.000041,6.061741,6.061741,-3.464692
4952.000000,849.057694,-376.277560,-0.000044,6.061377,6.061377,-3.477658
4954.000000,851.050819,-376.474781,-0.000044,6.061148,6.061148,-3.490781
4956.000000,853.043922,-376.672220,-0.000041,6.060647,6.060647,-3.504106
4958.000000,855.037010,-376.869810,-0.000044,6.060261,6.060261,-3.517515
4960.000000,857.030084,-377.067543,-0.000051,6.060023,6.060023,-3.530928
4962.000000,859.023133,-377.265538,-0.000058,6.059590,6.059590,-3.544292
4964.000000,861.016167,-377.463674,-0.000055,6.059099,6.059099,-3.557368
4966.000000,863.009162,-377.662195,-0.000025,6.058557,6.058557,-3.570299
4968.000000,865.002162,-377.860681,-0.000006,6.057932,6.057932,-3.582514
4970.000000,866.995153,-378.059248,-0.000000,6.057215,6.057215,-3.594155
4972.000000,868.988147,-378.257780,0.000003,6.056535,6.056535,-3.605118
4974.000000,870.981142,-378.456308,0.000001,6.055732,6.055732,-3.615380
4976.000000,872.974138,-378.654833,-0.000001,6.054923,6.054923,-3.625022
4978.000000,874.967133,-378.853353,-0.000010,6.054112,6.054112,-3.634052
4980.000000,876.960127,-379.051897,-0.000019,6.053354,6.053354,-3.642460
4982.000000,878.953108,-379.250561,-0.000016,6.052239,6.052239,-3.650223
4984.000000,880.946086,-379.449264,0.000001,6.051107,6.051107,-3.657337
4986.000000,882.939057,-379.648029,0.000006,6.049969,6.049969,-3.663740
4988.000000,884.932046,-379.846621,-0.000033,6.049107,6.049107,-3.668992
4990.000000,886.925016,-380.045397,-0.000069,6.048346,6.048346,-3.673544
4992.000000,888.917953,-380.244508,-0.000058,6.047577,6.047577,-3.677958
4994.000000,890.910865,-380.443869,-0.000021,6.046916,6.046916,-3.682318
4996.000000,892.903767,-380.643326,-0.000006,6.046407,6.046407,-3.686467
4998.000000,894.896681,-380.842673,-0.000032,6.046109,6.046109,-3.690284
5000.000000,896.889572,-381.042235,-0.000045,6.046021,6.046021,-3.694051
5002.000000,898.882446,-381.241981,-0.000046,6.046330,6.046330,-3.697683
5004.000000,900.875305,-381.441867,-0.000053,6.047079,6.047079,-3.701120
5006.000000,902.868138,-381.642018,-0.000063,6.048188,6.048188,-3.704488
5008.000000,904.860953,-381.842340,-0.000062,6.049987,6.049987,-3.707634
5010.000000,906.853729,-382.043055,-0.000040,6.051995,6.051995,-3.710696
5012.000000,908.846502,-382.243796,-0.000021,6.054467,6.054467,-3.713237
5014.000000,910.839255,-382.444738,0.000001,6.057155,6.057155,-3.715284
5016.000000,912.832017,-382.645593,0.000017,6.060075,6.060075,-3.716326
5018.000000,914.824783,-382.846413,0.000037,6.063143,6.063143,-3.716504
5020.000000,916.817559,-383.047126,0.000069,6.066290,6.066290,-3.715695
5022.000000,918.810370,-383.247492,0.000086,6.069153,6.069153,-3.713517
5024.000000,920.803211,-383.447558,0.000095,6.071844,6.071844,-3.709973
5026.000000,922.796095,-383.647200,0.000095,6.074314,6.074314,-3.704870
5028.000000,924.789015,-383.846477,0.000085,6.076302,6.076302,-3.698096
5030.000000,926.781971,-384.045399,0.000073,6.077900,6.077900,-3.689382
5032.000000,928.774955,-384.244039,0.000061,6.079351,6.079351,-3.678882
5034.000000,930.767963,-384.442433,0.000031,6.080712,6.080712,-3.666541
5036.000000,932.760992,-384.640620,-0.000012,6.082180,6.082180,-3.651963
5038.000000,934.754005,-384.838969,-0.000014,6.083320,6.083320,-3.635513
5040.000000,936.747010,-385.037394,-0.000019,6.084478,6.084478,-3.616933
5042.000000,938.740024,-385.235734,-0.000064,6.085930,6.085930,-3.595351
5044.000000,940.732998,-385.434469,-0.000070,6.087452,6.087452,-3.570748
5046.000000,942.725942,-385.633516,-0.000053,6.089036,6.089036,-3.543011
5048.000000,944.718875,-385.832659,-0.000060,6.091074,6.091074,-3.511564
5050.000000,946.711775,-386.032140,-0.000052,6.093627,6.093627,-3.476036
5052.000000,948.704657,-386.231802,-0.000024,6.096081,6.096081,-3.436825
5054.000000,950.697525,-386.431603,-0.000011,6.098649,6.098649,-3.393899
5056.000000,952.690401,-386.631324,-0.000032,6.101586,6.101586,-3.346065
5058.000000,954.683257,-386.831235,-0.000055,6.104577,6.104577,-3.294114
5060.000000,956.676093,-387.031352,-0.000058,6.107607,6.107607,-3.237997
5062.000000,958.668901,-387.231753,-0.000064,6.110507,6.110507,-3.177211
5064.000000,960.661693,-387.432313,-0.000072,6.113179,6.113179,-3.111734
5066.000000,962.654442,-387.633294,-0.000061,6.115722,6.115722,-3.042115
5068.000000,964.647175,-387.834432,-0.000048,6.117720,6.117720,-2.967555
5070.000000,966.639884,-388.035815,-0.000043,6.119665,6.119665,-2.887974
5072.000000,968.632580,-388.237321,-0.000033,6.121353,6.121353,-2.803468
5074.000000,970.625256,-388.439024,-0.000024,6.122958,6.122958,-2.713489
5076.000000,972.617932,-388.640733,-0.000027,6.124493,6.124493,-2.616010
5078.000000,974.610589,-388.842622,-0.000025,6.125810,6.125810,-2.510999
5080.000000,976.603240,-389.044570,-0.000006,6.127247,6.127247,-2.397984
5082.000000,978.595881,-389.246619,0.000035,6.128518,6.128518,-2.275752
5084.000000,980.588540,-389.448497,0.000083,6.129797,6.129797,-2.146002
5086.000000,982.581230,-389.650058,0.000132,6.131157,6.131157,-2.008979
5088.000000,984.573974,-389.851095,0.000194,6.131374,6.131374,-1.863124
5090.000000,986.566793,-390.051385,0.000276,6.131091,6.131091,-1.708674
5092.000000,988.559720,-390.250588,0.000349,6.130228,6.130228,-1.544814
5094.000000,990.552796,-390.448302,0.000357,6.128413,6.128413,-1.369232
5096.000000,992.546021,-390.644509,0.000379,6.125445,6.125445,-1.181939
5098.000000,994.539363,-390.839519,0.000364,6.121461,6.121461,-0.983272
5100.000000,996.532915,-391.032373,0.000127,6.116044,6.116044,-0.770469
5102.000000,998.526496,-391.224926,-0.000123,6.110572,6.110572,-0.544055
5104.000000,1000.520006,-391.418216,-0.000402,6.106252,6.106252,-0.302553
5106.000000,1002.513439,-391.612292,-0.000837,6.103376,6.103376,-0.039464
5108.000000,1004.506467,-391.810484,-0.001053,6.105627,6.105627,0.241432
5110.000000,1006.499058,-392.013019,-0.001200,6.112726,6.112726,0.533608
5112.000000,1008.491237,-392.219569,-0.001592,6.125341,6.125341,0.836856
5114.000000,1010.482700,-392.432896,-0.001973,6.145380,6.145380,1.148024
5116.000000,1012.473309,-392.654048,-0.002887,6.169034,6.169034,1.461701
5118.000000,1014.462893,-392.884236,-0.004597,6.200018,6.200018,1.773951
5120.000000,1016.450032,-393.134542,-0.006020,6.237804,6.237804,2.077988
5122.000000,1018.434002,-393.408781,-0.007768,6.271840,6.271840,2.375259
5124.000000,1020.413928,-393.710768,-0.010218,6.308433,6.308433,2.665496
5126.000000,1022.386637,-394.056573,-0.011563,6.340900,6.340900,2.938395
5128.000000,1024.350671,-394.448658,-0.012153,6.361355,6.361355,3.193861
5130.000000,1026.304943,-394.886659,-0.013409,6.376970,6.376970,3.426758
5132.000000,1028.246708,-395.377206,-0.014125,6.388237,6.388237,3.628032
5134.000000,1030.172866,-395.925850,-0.013572,6.391673,6.391673,3.792564
5136.000000,1032.084025,-396.524582,-0.013247,6.394564,6.394564,3.924728
5138.000000,1033.978667,-397.173686,-0.013320,6.402001,6.402001,4.024909
5140.000000,1035.855066,-397.873848,-0.012931,6.415399,6.415399,4.096775
5142.000000,1037.712557,-398.622730,-0.012438,6.433979,6.433979,4.144971
5144.000000,1039.551269,-399.416566,-0.012841,6.457124,6.457124,4.173558
5146.000000,1041.369674,-400.255933,-0.013609,6.486506,6.486506,4.182784
5148.000000,1043.163188,-401.147239,-0.013497,6.521843,6.521843,4.168615
5150.000000,1044.932315,-402.085936,-0.012957,6.560401,6.560401,4.135009
5152.000000,1046.676314,-403.070559,-0.013268,6.599854,6.599854,4.088842
5154.000000,1048.395286,-404.098319,-0.014074,6.637588,6.637588,4.035366
5156.000000,1050.082264,-405.177763,-0.013891,6.671759,6.671759,3.973894
5158.000000,1051.739304,-406.302582,-0.013394,6.700995,6.700995,3.905236
5160.000000,1053.365782,-407.471124,-0.013863,6.725411,6.725411,3.825729
5162.000000,1054.960309,-408.682985,-0.014236,6.746947,6.746947,3.734601
5164.000000,1056.516931,-409.943164,-0.013382,6.764458,6.764458,3.643233
5166.000000,1058.040458,-411.243120,-0.012356,6.779640,6.779640,3.557876
5168.000000,1059.531199,-412.580551,-0.012327,6.792435,6.792435,3.476199
5170.000000,1060.990236,-413.952558,-0.012558,6.803458,6.803458,3.394308
5172.000000,1062.411643,-415.363512,-0.011906,6.812522,6.812522,3.306970
5174.000000,1063.800065,-416.806908,-0.011084,6.822326,6.822326,3.216164
5176.000000,1065.156197,-418.280693,-0.011251,6.832789,6.832789,3.127146
5178.000000,1066.480474,-419.783202,-0.011678,6.840178,6.840178,3.043296
5180.000000,1067.766530,-421.318548,-0.011171,6.847734,6.847734,2.966934
5182.000000,1069.018778,-422.881569,-0.010503,6.851993,6.851993,2.897593
5184.000000,1070.238404,-424.470176,-0.010995,6.856263,6.856263,2.832375
5186.000000,1071.424538,-426.083970,-0.011675,6.859710,6.859710,2.766702
5188.000000,1072.569080,-427.727519,-0.011364,6.863454,6.863454,2.696840
5190.000000,1073.677954,-429.395318,-0.011219,6.866610,6.866610,2.621431
5192.000000,1074.749123,-431.087551,-0.012078,6.867945,6.867945,2.541479
5194.000000,1075.780295,-432.804486,-0.012832,6.868602,6.868602,2.456774
5196.000000,1076.764072,-434.549005,-0.012658,6.866701,6.866701,2.369277
5198.000000,1077.704695,-436.317132,-0.012269,6.863419,6.863419,2.284971
5200.000000,1078.600997,-438.108131,-0.012645,6.859083,6.859083,2.208560
5202.000000,1079.454219,-439.920084,-0.013161,6.856289,6.856289,2.143183
5204.000000,1080.255354,-441.755656,-0.012613,6.852384,6.852384,2.084279
5206.000000,1081.011464,-443.610216,-0.011830,6.849034,6.849034,2.039755
5208.000000,1081.723434,-445.482146,-0.011760,6.847742,6.847742,2.012727
5210.000000,1082.392181,-447.369984,-0.011819,6.848224,6.848224,1.999748
5212.000000,1083.014420,-449.273665,-0.011525,6.848912,6.848912,1.993529
5214.000000,1083.593431,-451.190929,-0.011321,6.849085,6.849085,1.985629
5216.000000,1084.129063,-453.120733,-0.011425,6.847628,6.847628,1.968832
5218.000000,1084.620226,-455.062360,-0.011805,6.845886,6.845886,1.940052
5220.000000,1085.066547,-457.014788,-0.012233,6.844025,6.844025,1.899807
5222.000000,1085.462875,-458.977958,-0.012404,6.842141,6.842141,1.846192
5224.000000,1085.812158,-460.950035,-0.012969,6.840567,6.840567,1.789415
5226.000000,1086.109999,-462.930502,-0.013778,6.838254,6.838254,1.729874
5228.000000,1086.352416,-464.918546,-0.013907,6.834050,6.834050,1.664221
5230.000000,1086.538119,-466.912674,-0.013443,6.828996,6.828996,1.586638
5232.000000,1086.670890,-468.911007,-0.012983,6.825038,6.825038,1.495027
5234.000000,1086.751294,-470.912141,-0.013047,6.820158,6.820158,1.399101
5236.000000,1086.781406,-472.914703,-0.013082,6.819408,6.819408,1.321952
5238.000000,1086.755260,-474.917324,-0.012243,6.822435,6.822435,1.267910
5240.000000,1086.682071,-476.918762,-0.011637,6.829730,6.829730,1.225479
5242.000000,1086.562880,-478.917983,-0.011849,6.840510,6.840510,1.179896
5244.000000,1086.396268,-480.913833,-0.011904,6.852712,6.852712,1.118791
5246.000000,1086.180903,-482.905011,-0.011405,6.866616,6.866616,1.035736
5248.000000,1085.920372,-484.890758,-0.010947,6.880099,6.880099,0.935927
5250.000000,1085.617239,-486.870482,-0.010971,6.893532,6.893532,0.831148
5252.000000,1085.270594,-488.843054,-0.010725,6.907266,6.907266,0.726432
5254.000000,1084.879906,-490.807387,-0.009753,6.917931,6.917931,0.617477
5256.000000,1084.451669,-492.763864,-0.009073,6.927977,6.927977,0.501593
5258.000000,1083.989347,-494.712591,-0.009050,6.934288,6.934288,0.380704
5260.000000,1083.490812,-496.652367,-0.008592,6.939136,6.939136,0.257658
5262.000000,1082.957834,-498.582975,-0.007767,6.942072,6.942072,0.136677
5264.000000,1082.396693,-500.505583,-0.007700,6.941778,6.941778,0.024638
5266.000000,1081.806410,-502.419452,-0.007537,6.938873,6.938873,-0.076734
5268.000000,1081.184277,-504.323218,-0.006580,6.932391,6.932391,-0.165226
5270.000000,1080.539685,-506.219492,-0.006193,6.923984,6.923984,-0.240285
5272.000000,1079.871645,-508.107629,-0.006244,6.913286,6.913286,-0.303942
5274.000000,1079.179092,-509.986922,-0.005918,6.901717,6.901717,-0.356678
5276.000000,1078.464774,-511.858051,-0.005644,6.888464,6.888464,-0.398323
5278.000000,1077.729570,-513.721065,-0.005750,6.873489,6.873489,-0.430161
5280.000000,1076.973485,-515.575712,-0.005981,6.857868,6.857868,-0.450720
5282.000000,1076.194440,-517.420830,-0.005870,6.841788,6.841788,-0.457572
5284.000000,1075.393569,-519.256580,-0.005701,6.826485,6.826485,-0.451567
5286.000000,1074.572740,-521.083492,-0.006037,6.810778,6.810778,-0.433945
5288.000000,1073.730014,-522.900405,-0.006378,6.794624,6.794624,-0.409849
5290.000000,1072.862959,-524.705833,-0.006302,6.779350,6.779350,-0.381527
5292.000000,1071.973918,-526.500536,-0.006538,6.764687,6.764687,-0.351260
5294.000000,1071.062291,-528.283875,-0.006977,6.750016,6.750016,-0.321192
5296.000000,1070.124171,-530.053418,-0.006794,6.736091,6.736091,-0.291590
5298.000000,1069.162346,-531.810183,-0.006880,6.725132,6.725132,-0.263888
5300.000000,1068.178423,-533.554675,-0.007588,6.713784,6.713784,-0.236133
5302.000000,1067.165979,-535.282757,-0.007708,6.705888,6.705888,-0.212871
5304.000000,1066.127198,-536.995137,-0.007497,6.699456,6.699456,-0.192475
5306.000000,1065.063355,-538.692057,-0.007809,6.693925,6.693925,-0.175450
5308.000000,1063.973591,-540.372457,-0.008099,6.690961,6.690961,-0.162066
5310.000000,1062.855147,-542.033906,-0.007793,6.689337,6.689337,-0.149122
5312.000000,1061.711571,-543.678147,-0.007670,6.688940,6.688940,-0.136733
5314.000000,1060.543703,-545.305227,-0.007996,6.688198,6.688198,-0.124197
5316.000000,1059.349090,-546.912775,-0.007791,6.691238,6.691238,-0.114857
5318.000000,1058.128691,-548.500850,-0.007117,6.695471,6.695471,-0.108260
5320.000000,1056.886803,-550.072159,-0.006913,6.700463,6.700463,-0.102494
5322.000000,1055.623552,-551.626364,-0.006799,6.706642,6.706642,-0.094324
5324.000000,1054.337984,-553.162163,-0.006243,6.712698,6.712698,-0.082430
5326.000000,1053.034207,-554.682533,-0.005921,6.718936,6.718936,-0.068060
5328.000000,1051.712675,-556.187500,-0.005830,6.725539,6.725539,-0.051669
5330.000000,1050.373105,-557.676437,-0.005451,6.731368,6.731368,-0.031445
5332.000000,1049.017428,-559.150720,-0.005219,6.737497,6.737497,-0.011024
5334.000000,1047.647258,-560.611551,-0.005325,6.742252,6.742252,0.009578
5336.000000,1046.260830,-562.056957,-0.005185,6.747319,6.747319,0.028332
5338.000000,1044.859437,-563.487862,-0.004950,6.751002,6.751002,0.048800
5340.000000,1043.444460,-564.905331,-0.005275,6.754037,6.754037,0.075289
5342.000000,1042.015136,-566.308335,-0.005631,6.755699,6.755699,0.107860
5344.000000,1040.568559,-567.693543,-0.005485,6.756328,6.756328,0.139579
5346.000000,1039.107942,-569.063936,-0.005591,6.755452,6.755452,0.166840
5348.000000,1037.632092,-570.417902,-0.005980,6.754170,6.754170,0.187610
5350.000000,1036.139791,-571.753718,-0.005986,6.751355,6.751355,0.207206
5352.000000,1034.631223,-573.071138,-0.005855,6.747265,6.747265,0.230734
5354.000000,1033.107990,-574.371566,-0.006287,6.742049,6.742049,0.261029
5356.000000,1031.568968,-575.653271,-0.006667,6.735981,6.735981,0.295823
5358.000000,1030.011270,-576.912216,-0.006343,6.730534,6.730534,0.327923
5360.000000,1028.438849,-578.152718,-0.006158,6.726123,6.726123,0.356007
5362.000000,1026.850978,-579.373386,-0.006083,6.722421,6.722421,0.376975
5364.000000,1025.248039,-580.574204,-0.005707,6.719879,6.719879,0.393747
5366.000000,1023.631646,-581.756839,-0.005567,6.718438,6.718438,0.407137
5368.000000,1022.002697,-582.922137,-0.005634,6.718045,6.718045,0.419098
5370.000000,1020.359969,-584.067925,-0.005361,6.719900,6.719900,0.431732
5372.000000,1018.705198,-585.196245,-0.005045,6.723397,6.723397,0.444663
5374.000000,1017.039401,-586.308232,-0.004996,6.728620,6.728620,0.460361
5376.000000,1015.362411,-587.403266,-0.004865,6.734013,6.734013,0.480894
5378.000000,1013.674662,-588.481638,-0.004844,6.739613,6.739613,0.500570
5380.000000,1011.977241,-589.544728,-0.005053,6.744437,6.744437,0.516566
5382.000000,1010.268398,-590.589352,-0.004861,6.750962,6.750962,0.524650
5384.000000,1008.549430,-591.617237,-0.004527,6.756384,6.756384,0.527882
5386.000000,1006.821721,-592.630359,-0.004688,6.761368,6.761368,0.529154
5388.000000,1005.084599,-593.627256,-0.004901,6.765832,6.765832,0.529541
5390.000000,1003.337342,-594.606283,-0.004874,6.769818,6.769818,0.533590
5392.000000,1001.580981,-595.568871,-0.004945,6.773636,6.773636,0.542158
5394.000000,999.815057,-596.513803,-0.004995,6.776542,6.776542,0.554385
5396.000000,998.039604,-597.440712,-0.004793,6.777981,6.777981,0.566608
5398.000000,996.255306,-598.350476,-0.004648,6.779059,6.779059,0.572822
5400.000000,994.462934,-599.244231,-0.004956,6.779786,6.779786,0.573086
5402.000000,992.661981,-600.120559,-0.005138,6.779911,6.779911,0.568523
5404.000000,990.851190,-600.976385,-0.004798,6.780493,6.780493,0.557922
5406.000000,989.032978,-601.816324,-0.004762,6.781707,6.781707,0.543754
5408.000000,987.206805,-602.638812,-0.004876,6.780934,6.780934,0.524769
5410.000000,985.372302,-603.442550,-0.004766,6.779960,6.779960,0.501649
5412.000000,983.530640,-604.229744,-0.004937,6.778400,6.778400,0.475068
5414.000000,981.681245,-604.998591,-0.005045,6.775785,6.775785,0.443931
5416.000000,979.823749,-605.747661,-0.004848,6.772371,6.772371,0.409561
5418.000000,977.959492,-606.479739,-0.004903,6.767230,6.767230,0.373319
5420.000000,976.088078,-607.193320,-0.004867,6.760881,6.760881,0.334813
5422.000000,974.209381,-607.887514,-0.004448,6.754231,6.754231,0.296389
5424.000000,972.324917,-608.565888,-0.004280,6.746235,6.746235,0.258560
5426.000000,970.434766,-609.228261,-0.004273,6.736826,6.736826,0.220749
5428.000000,968.538777,-609.873735,-0.004056,6.727516,6.727516,0.184615
5430.000000,966.637750,-610.504209,-0.003821,6.717074,6.717074,0.148721
5432.000000,964.731883,-611.119905,-0.003514,6.707411,6.707411,0.112567
5434.000000,962.821638,-611.721890,-0.003033,6.699296,6.699296,0.076664
5436.000000,960.907806,-612.312375,-0.002859,6.690006,6.690006,0.038984
5438.000000,958.990995,-612.893121,-0.003183,6.680705,6.680705,0.000605
5440.000000,957.070327,-613.460970,-0.003480,6.674226,6.674226,-0.040506
5442.000000,955.145749,-614.015412,-0.003579,6.669894,6.669894,-0.085416
5444.000000,953.217221,-614.555962,-0.003619,6.665751,6.665751,-0.135521
5446.000000,951.284811,-615.082468,-0.003530,6.661257,6.661257,-0.191665
5448.000000,949.348644,-615.594989,-0.003367,6.657259,6.657259,-0.254403
5450.000000,947.409168,-616.094833,-0.003505,6.653831,6.653831,-0.322572
5452.000000,945.466405,-616.581754,-0.003791,6.650579,6.650579,-0.395647
5454.000000,943.519707,-617.052687,-0.003737,6.648545,6.648545,-0.473396
5456.000000,941.569633,-617.509445,-0.003615,6.648300,6.648300,-0.552116
5458.000000,939.616338,-617.952216,-0.003637,6.648187,6.648187,-0.628119
5460.000000,937.659838,-618.380615,-0.003583,6.647195,6.647195,-0.697062
5462.000000,935.700275,-618.794776,-0.003520,6.646161,6.646161,-0.758281
5464.000000,933.737940,-619.195585,-0.003643,6.646669,6.646669,-0.811121
5466.000000,931.772725,-619.582041,-0.003631,6.650142,6.650142,-0.856228
5468.000000,929.804571,-619.953245,-0.003381,6.653718,6.653718,-0.895402
5470.000000,927.834130,-620.312101,-0.003418,6.659068,6.659068,-0.932533
5472.000000,925.861298,-620.657565,-0.003679,6.665687,6.665687,-0.972255
5474.000000,923.885921,-620.988173,-0.003796,6.672097,6.672097,-1.017620
5476.000000,921.908080,-621.303690,-0.003694,6.679472,6.679472,-1.069809
5478.000000,919.927893,-621.604135,-0.003663,6.687022,6.687022,-1.130107
5480.000000,917.945727,-621.891256,-0.003790,6.694032,6.694032,-1.197322
5482.000000,915.961250,-622.161954,-0.003705,6.698414,6.698414,-1.273423
5484.000000,913.974914,-622.418600,-0.003465,6.698760,6.698760,-1.356991
5486.000000,911.986765,-622.660847,-0.003158,6.696317,6.696317,-1.447519
5488.000000,909.997151,-622.890776,-0.002851,6.693208,6.693208,-1.539823
5490.000000,908.006270,-623.109422,-0.002560,6.688894,6.688894,-1.633005
5492.000000,906.014252,-623.317501,-0.002099,6.683852,6.683852,-1.724103
5494.000000,904.021370,-623.517154,-0.001700,6.680471,6.680471,-1.805446
5496.000000,902.027889,-623.710723,-0.001445,6.677330,6.677330,-1.876692
5498.000000,900.033783,-623.897744,-0.001161,6.676140,6.676140,-1.939546
5500.000000,898.039314,-624.080871,-0.001074,6.677721,6.677721,-1.991284
5502.000000,896.044463,-624.259787,-0.001356,6.680851,6.680851,-2.035977
5504.000000,894.049184,-624.433849,-0.001658,6.684985,6.684985,-2.075310
5506.000000,892.053243,-624.600162,-0.001753,6.690668,6.690668,-2.112010
5508.000000,890.056802,-624.760327,-0.001920,6.696777,6.696777,-2.146821
5510.000000,888.059735,-624.912504,-0.002165,6.703571,6.703571,-2.182740
5512.000000,886.062033,-625.056096,-0.002411,6.708169,6.708169,-2.220042
5514.000000,884.063673,-625.190196,-0.002617,6.711745,6.711745,-2.259531
5516.000000,882.064605,-625.313275,-0.002783,6.714852,6.714852,-2.302742
5518.000000,880.064924,-625.425985,-0.002919,6.715619,6.715619,-2.348465
5520.000000,878.064562,-625.525871,-0.002709,6.712915,6.712915,-2.398834
5522.000000,876.063691,-625.614996,-0.002352,6.706682,6.706682,-2.452712
5524.000000,874.062435,-625.695052,-0.002177,6.699120,6.699120,-2.507818
5526.000000,872.060847,-625.766300,-0.001857,6.689759,6.689759,-2.561631
5528.000000,870.058982,-625.829323,-0.001407,6.679391,6.679391,-2.613847
5530.000000,868.056978,-625.887822,-0.001179,6.669251,6.669251,-2.660104
5532.000000,866.054827,-625.941022,-0.000948,6.659924,6.659924,-2.700241
5534.000000,864.052578,-625.990438,-0.000714,6.650857,6.650857,-2.733618
5536.000000,862.050273,-626.037520,-0.000588,6.643129,6.643129,-2.760875
5538.000000,860.047900,-626.081594,-0.000389,6.636582,6.636582,-2.784020
5540.000000,858.045503,-626.124583,-0.000209,6.631991,6.631991,-2.801894
5542.000000,856.043083,-626.166510,-0.000181,6.629818,6.629818,-2.816867
5544.000000,854.040661,-626.208291,-0.000184,6.629623,6.629623,-2.828785
5546.000000,852.038206,-626.248519,-0.000115,6.630699,6.630699,-2.839264
5548.000000,850.035758,-626.289041,-0.000115,6.633344,6.633344,-2.846569
5550.000000,848.033291,-626.328690,-0.000128,6.637230,6.637230,-2.851964
5552.000000,846.030818,-626.367952,-0.000146,6.642186,6.642186,-2.854704
5554.000000,844.028336,-626.406804,-0.000208,6.647942,6.647942,-2.854193
5556.000000,842.025833,-626.444516,-0.000167,6.653754,6.653754,-2.851426
5558.000000,840.023317,-626.481574,-0.000061,6.659075,6.659075,-2.845951
5560.000000,838.020797,-626.518404,-0.000006,6.664767,6.664767,-2.837218
5562.000000,836.018280,-626.555366,0.000001,6.669830,6.669830,-2.824485
5564.000000,834.015760,-626.592201,0.000007,6.675348,6.675348,-2.808766
5566.000000,832.013243,-626.629170,0.000023,6.681198,6.681198,-2.790119
5568.000000,830.010725,-626.666110,0.000038,6.686758,6.686758,-2.768863
5570.000000,828.008213,-626.703348,0.000000,6.692879,6.692879,-2.744934
5572.000000,826.005701,-626.740636,-0.000048,6.699412,6.699412,-2.719090
5574.000000,824.003182,-626.777532,-0.000081,6.706033,6.706033,-2.691843
5576.000000,822.000663,-626.814397,-0.000117,6.712267,6.712267,-2.662687
5578.000000,819.998129,-626.850425,-0.000028,6.717820,6.717820,-2.632281
5580.000000,817.995591,-626.886274,0.000082,6.723770,6.723770,-2.599278
5582.000000,815.993067,-626.922865,0.000081,6.729768,6.729768,-2.562060
5584.000000,813.990543,-626.959465,0.000049,6.736322,6.736322,-2.521546
5586.000000,811.988029,-626.996610,0.000034,6.742646,6.742646,-2.477190
5588.000000,809.985509,-627.033447,0.000083,6.750306,6.750306,-2.430015
5590.000000,807.983001,-627.070898,0.000075,6.758321,6.758321,-2.379756
5592.000000,805.980500,-627.108758,0.000004,6.766882,6.766882,-2.326740
5594.000000,803.977995,-627.146384,-0.000026,6.775745,6.775745,-2.271588
5596.000000,801.975492,-627.184132,-0.000023,6.785404,6.785404,-2.214529
5598.000000,799.972981,-627.221460,-0.000016,6.795449,6.795449,-2.156312
5600.000000,797.970477,-627.259142,-0.000087,6.806055,6.806055,-2.096143
5602.000000,795.967963,-627.296280,-0.000157,6.817300,6.817300,-2.035105
5604.000000,793.965437,-627.332764,-0.000245,6.828925,6.828925,-1.973150
5606.000000,791.962899,-627.368575,-0.000358,6.840847,6.840847,-1.909777
5608.000000,789.960327,-627.402454,-0.000321,6.852614,6.852614,-1.846294
5610.000000,787.957735,-627.435130,-0.000179,6.863294,6.863294,-1.781857
5612.000000,785.955130,-627.466996,-0.000065,6.874325,6.874325,-1.715584
5614.000000,783.952524,-627.498813,-0.000037,6.885015,6.885015,-1.646900
5616.000000,781.949916,-627.530488,-0.000055,6.896415,6.896415,-1.576461
5618.000000,779.947304,-627.561902,0.000011,6.907223,6.907223,-1.504537
5620.000000,777.944688,-627.593101,0.000066,6.918183,6.918183,-1.430973
5622.000000,775.942086,-627.625175,0.000068,6.929003,6.929003,-1.354940
5624.000000,773.939477,-627.656779,0.000141,6.939068,6.939068,-1.277584
5626.000000,771.936886,-627.689538,0.000167,6.949354,6.949354,-1.196677
5628.000000,769.934303,-627.722716,0.000129,6.958860,6.958860,-1.113012
5630.000000,767.931730,-627.756580,0.000159,6.967473,6.967473,-1.026691
5632.000000,765.929163,-627.790729,0.000182,6.976339,6.976339,-0.938378
5634.000000,763.926618,-627.826166,0.000109,6.984471,6.984471,-0.847268
5636.000000,761.924074,-627.861664,-0.000002,6.992503,6.992503,-0.755096
5638.000000,759.921536,-627.897500,-0.000046,7.000001,7.000001,-0.661707
5640.000000,757.918985,-627.932567,-0.000086,7.006372,7.006372,-0.568110
5642.000000,755.916441,-627.968103,-0.000240,7.012283,7.012283,-0.472930
5644.000000,753.913871,-628.002097,-0.000299,7.017551,7.017551,-0.377912
5646.000000,751.911281,-628.034863,-0.000322,7.021608,7.021608,-0.282589
5648.000000,749.908678,-628.066833,-0.000440,7.024314,7.024314,-0.186143
5650.000000,747.906038,-628.096454,-0.000409,7.025793,7.025793,-0.090160
5652.000000,745.903376,-628.124507,-0.000384,7.026256,7.026256,0.006367
5654.000000,743.900699,-628.151479,-0.000454,7.025964,7.025964,0.104359
5656.000000,741.897991,-628.176022,-0.000411,7.024055,7.024055,0.202446
5658.000000,739.895267,-628.199220,-0.000383,7.021505,7.021505,0.301503
5660.000000,737.892526,-628.220943,-0.000381,7.018125,7.018125,0.401368
5662.000000,735.889766,-628.240816,-0.000282,7.012833,7.012833,0.501834
5664.000000,733.886997,-628.259746,-0.000183,7.007740,7.007740,0.603279
5666.000000,731.884221,-628.277889,-0.000236,7.001403,7.001403,0.705612
5668.000000,729.881441,-628.295609,-0.000346,6.995405,6.995405,0.808912
5670.000000,727.878643,-628.311173,-0.000360,6.988510,6.988510,0.911331
5672.000000,725.875839,-628.325928,-0.000457,6.980828,6.980828,1.013975
5674.000000,723.873021,-628.338683,-0.000574,6.973397,6.973397,1.115620
5676.000000,721.870189,-628.348919,-0.000660,6.965680,6.965680,1.215870
5678.000000,719.867347,-628.356982,-0.000832,6.958368,6.958368,1.315025
5680.000000,717.864493,-628.361318,-0.000994,6.951140,6.951140,1.411477
5682.000000,715.861636,-628.361936,-0.001155,6.944034,6.944034,1.505281
5684.000000,713.858782,-628.357766,-0.001256,6.937524,6.937524,1.595616
5686.000000,711.855947,-628.348357,-0.001293,6.932797,6.932797,1.682099
5688.000000,709.853140,-628.334060,-0.001356,6.927822,6.927822,1.765145
5690.000000,707.850383,-628.314039,-0.001371,6.923617,6.923617,1.844045
5692.000000,705.847687,-628.288593,-0.001274,6.920525,6.920525,1.919517
5694.000000,703.845067,-628.257717,-0.001136,6.917331,6.917331,1.991432
5696.000000,701.842515,-628.222681,-0.001077,6.915014,6.915014,2.060917
5698.000000,699.840047,-628.183176,-0.000969,6.913548,6.913548,2.127520
5700.000000,697.837665,-628.139495,-0.000699,6.912325,6.912325,2.191759
5702.000000,695.835344,-628.093090,-0.000599,6.910682,6.910682,2.254861
5704.000000,693.833061,-628.045089,-0.000844,6.909187,6.909187,2.317885
5706.000000,691.830871,-627.993395,-0.001019,6.908542,6.908542,2.378928
5708.000000,689.828802,-627.937150,-0.001116,6.907765,6.907765,2.437128
5710.000000,687.826837,-627.877359,-0.001378,6.907029,6.907029,2.493510
5712.000000,685.825069,-627.811312,-0.001496,6.905921,6.905921,2.545754
5714.000000,683.823509,-627.739224,-0.001438,6.905927,6.905927,2.593808
5716.000000,681.822161,-627.661478,-0.001440,6.906190,6.906190,2.637704
5718.000000,679.821043,-627.578035,-0.001389,6.906321,6.906321,2.677273
5720.000000,677.820185,-627.488562,-0.001227,6.906646,6.906646,2.711746
5722.000000,675.819533,-627.394580,-0.001169,6.907605,6.907605,2.742451
5724.000000,673.819104,-627.295973,-0.001053,6.908111,6.908111,2.769429
5726.000000,671.818926,-627.192396,-0.000810,6.909147,6.909147,2.792409
5728.000000,669.818869,-627.086503,-0.000685,6.910053,6.910053,2.814004
5730.000000,667.818993,-626.977235,-0.000593,6.910257,6.910257,2.833265
5732.000000,665.819223,-626.866060,-0.000488,6.910554,6.910554,2.851668
5734.000000,663.819582,-626.752574,-0.000428,6.910171,6.910171,2.868771
5736.000000,661.820015,-626.637800,-0.000459,6.909069,6.909069,2.885690
5738.000000,659.820562,-626.521056,-0.000544,6.908043,6.908043,2.901609
5740.000000,657.821234,-626.402182,-0.000645,6.906977,6.906977,2.916205
5742.000000,655.822056,-626.280818,-0.000739,6.905819,6.905819,2.929121
5744.000000,653.823077,-626.156226,-0.000702,6.904237,6.904237,2.939644
5746.000000,651.824280,-626.028748,-0.000712,6.902509,6.902509,2.948134
5748.000000,649.825626,-625.899036,-0.000851,6.901185,6.901185,2.955363
5750.000000,647.827239,-625.765284,-0.000748,6.899748,6.899748,2.959512
5752.000000,645.829076,-625.628229,-0.000562,6.898924,6.898924,2.961167
5754.000000,643.831004,-625.489844,-0.000668,6.899513,6.899513,2.962304
5756.000000,641.833144,-625.348424,-0.000754,6.900688,6.900688,2.961265
5758.000000,639.835521,-625.203709,-0.000650,6.902517,6.902517,2.957738
5760.000000,637.838077,-625.056547,-0.000649,6.905555,6.905555,2.952797
5762.000000,635.840797,-624.907163,-0.000794,6.908384,6.908384,2.946784
5764.000000,633.843782,-624.754286,-0.000823,6.910743,6.910743,2.938479
5766.000000,631.847038,-624.597906,-0.000745,6.913685,6.913685,2.928325
5768.000000,629.850505,-624.438851,-0.000712,6.916047,6.916047,2.917032
5770.000000,627.854219,-624.276739,-0.000689,6.918464,6.918464,2.904408
5772.000000,625.858144,-624.112033,-0.000683,6.920839,6.920839,2.890848
5774.000000,623.862301,-623.944550,-0.000714,6.922019,6.922019,2.875551
5776.000000,621.866692,-623.774297,-0.000729,6.923235,6.923235,2.858163
5778.000000,619.871350,-623.600941,-0.000714,6.924051,6.924051,2.837760
5780.000000,617.876242,-623.424910,-0.000665,6.924879,6.924879,2.814413
5782.000000,615.881398,-623.245922,-0.000605,6.925834,6.925834,2.787790
5784.000000,613.886737,-623.064889,-0.000609,6.926343,6.926343,2.758624
5786.000000,611.892317,-622.881238,-0.000565,6.926249,6.926249,2.726414
5788.000000,609.898124,-622.695131,-0.000756,6.926642,6.926642,2.691554
