s_m,x_m,y_m,kappa_radpm,w_tr_right_m,w_tr_left_m,d_m
0.000000,-390.086045,-134.836482,0.000007,6.989000,7.117000,-1.024402
2.000000,-389.994968,-132.838716,0.000005,6.992199,7.119000,-1.015722
4.000000,-389.903914,-130.840948,0.000006,6.995398,7.120999,-1.007404
6.000000,-389.812883,-128.843181,0.000006,6.998597,7.122998,-0.999410
8.000000,-389.721873,-126.845410,0.000005,7.001795,7.124997,-0.991774
10.000000,-389.630886,-124.847640,0.000005,7.004995,7.126997,-0.984623
12.000000,-389.539920,-122.849868,0.000005,7.008194,7.128996,-0.978110
14.000000,-389.448976,-120.852096,0.000005,7.011392,7.130995,-0.972391
16.000000,-389.358053,-118.854323,0.000005,7.014591,7.132995,-0.967604
18.000000,-389.267150,-116.856549,0.000005,7.017791,7.134994,-0.963891
20.000000,-389.176269,-114.858773,0.000005,7.020989,7.136994,-0.961193
22.000000,-389.085407,-112.860998,0.000005,7.024188,7.138992,-0.959148
24.000000,-388.994565,-110.863219,0.000005,7.027387,7.140992,-0.955403
26.000000,-388.903741,-108.865442,0.000005,7.030586,7.142991,-0.951208
28.000000,-388.812938,-106.867663,0.000005,7.033785,7.144991,-0.947127
30.000000,-388.722153,-104.869884,0.000005,7.036984,7.146989,-0.942437
32.000000,-388.631386,-102.872103,0.000005,7.040183,7.148989,-0.942938
34.000000,-388.540637,-100.874322,0.000004,7.043381,7.150989,-0.937123
36.000000,-388.449662,-98.871139,0.000004,7.046589,7.152994,-0.932374
38.000000,-388.358947,-96.873356,0.000004,7.049788,7.154992,-0.927905
40.000000,-388.268252,-94.875572,0.000004,7.052987,7.156992,-0.924256
42.000000,-388.177573,-92.877788,0.000004,7.056186,7.158991,-0.921442
44.000000,-388.086911,-90.880003,0.000004,7.059384,7.160991,-0.918968
46.000000,-387.996263,-88.882216,0.000004,7.062584,7.162989,-0.916879
48.000000,-387.905633,-86.884429,0.000004,7.065783,7.164989,-0.915142
50.000000,-387.815019,-84.886643,0.000004,7.068981,7.166989,-0.913699
52.000000,-387.724418,-82.888854,0.000004,7.072180,7.168988,-0.911660
54.000000,-387.633834,-80.891066,0.000004,7.075379,7.170987,-0.909814
56.000000,-387.543265,-78.893276,0.000004,7.078579,7.172986,-0.908110
58.000000,-387.452709,-76.895487,0.000004,7.081779,7.174986,-0.906400
60.000000,-387.362167,-74.897696,0.000003,7.084976,7.176985,-0.904469
62.000000,-387.271639,-72.899904,0.000003,7.088169,7.178984,-0.902221
64.000000,-387.181124,-70.902113,0.000003,7.091367,7.180983,-0.899615
66.000000,-387.090622,-68.904320,0.000003,7.094584,7.182983,-0.896768
68.000000,-387.000133,-66.906527,0.000003,7.097801,7.184983,-0.893949
70.000000,-386.909657,-64.908733,0.000003,7.100971,7.186981,-0.891420
72.000000,-386.819191,-62.910940,0.000003,7.104085,7.188981,-0.889408
74.000000,-386.728739,-60.913144,0.000003,7.107281,7.190980,-0.888094
76.000000,-386.638297,-58.915349,0.000003,7.110728,7.192980,-0.887605
78.000000,-386.547866,-56.917553,0.000003,7.114379,7.194978,-0.888056
80.000000,-386.457447,-54.919757,0.000003,7.117962,7.196978,-0.889529
82.000000,-386.367037,-52.921960,0.000003,7.121272,7.198978,-0.892081
84.000000,-386.276638,-50.924163,0.000003,7.124406,7.200977,-0.895750
86.000000,-386.186250,-48.926365,0.000002,7.127539,7.202976,-0.900518
88.000000,-386.095870,-46.928568,0.000002,7.130738,7.204975,-0.906365
90.000000,-386.005500,-44.930769,0.000002,7.133959,7.206975,-0.913244
92.000000,-385.915139,-42.932970,0.000002,7.137167,7.208974,-0.921099
94.000000,-385.824785,-40.935170,0.000002,7.140361,7.210973,-0.929847
96.000000,-385.734440,-38.937371,0.000002,7.143555,7.212972,-0.939364
98.000000,-385.644103,-36.939571,0.000002,7.146753,7.214972,-0.949509
100.000000,-385.553775,-34.941771,0.000002,7.149954,7.216972,-0.960147
102.000000,-385.463454,-32.943970,0.000002,7.153154,7.218971,-0.971144
104.000000,-385.372896,-30.940769,0.000002,7.156361,7.220975,-0.982423
106.000000,-385.282590,-28.942967,0.000002,7.159559,7.222975,-0.993850
108.000000,-385.192290,-26.945166,0.000002,7.162759,7.224974,-1.005438
110.000000,-385.101998,-24.947365,0.000002,7.165957,7.226974,-1.017161
112.000000,-385.011712,-22.949561,0.000002,7.169156,7.228972,-1.028974
114.000000,-384.921432,-20.951759,0.000002,7.172356,7.230972,-1.040804
116.000000,-384.831159,-18.953956,0.000002,7.175554,7.232972,-1.052560
118.000000,-384.740892,-16.956153,0.000002,7.178753,7.234971,-1.064218
120.000000,-384.650630,-14.958349,0.000001,7.181952,7.236970,-1.075761
122.000000,-384.560375,-12.960546,0.000001,7.185151,7.238969,-1.087145
124.000000,-384.470124,-10.962742,0.000001,7.188350,7.240969,-1.098375
126.000000,-384.379878,-8.964939,0.000001,7.191548,7.242968,-1.109477
128.000000,-384.289637,-6.967133,0.000001,7.194748,7.244967,-1.120478
130.000000,-384.199400,-4.969329,0.000001,7.197947,7.246966,-1.131370
132.000000,-384.109169,-2.971524,0.000001,7.201145,7.248966,-1.142055
134.000000,-384.018942,-0.973720,0.000001,7.204345,7.250966,-1.152420
136.000000,-383.928719,1.024086,0.000001,7.207543,7.252964,-1.162396
138.000000,-383.838500,3.021891,0.000001,7.210742,7.254964,-1.171919
140.000000,-383.748284,5.019696,0.000001,7.213941,7.256963,-1.180925
142.000000,-383.658071,7.017501,0.000001,7.217140,7.258963,-1.189345
144.000000,-383.567862,9.015309,0.000001,7.220339,7.260961,-1.196835
146.000000,-383.477655,11.013114,0.000001,7.223537,7.262961,-1.202933
148.000000,-383.387451,13.010920,0.000001,7.226737,7.264961,-1.207623
150.000000,-383.297251,15.008726,0.000001,7.229936,7.266960,-1.211008
152.000000,-383.207051,17.006531,0.000001,7.233134,7.268959,-1.213181
154.000000,-383.116855,19.004338,0.000001,7.236334,7.270958,-1.214248
156.000000,-383.026661,21.002144,0.000000,7.239533,7.272958,-1.214318
158.000000,-382.936468,22.999952,0.000000,7.242731,7.274957,-1.213496
160.000000,-382.846277,24.997758,0.000000,7.245931,7.276957,-1.211888
162.000000,-382.756086,26.995565,0.000000,7.249129,7.278956,-1.209583
164.000000,-382.665897,28.993371,0.000000,7.252328,7.280955,-1.206643
166.000000,-382.575709,30.991178,0.000000,7.255527,7.282955,-1.203122
168.000000,-382.485521,32.988984,0.000000,7.258726,7.284954,-1.199073
170.000000,-382.395334,34.986791,0.000000,7.261925,7.286953,-1.194520
172.000000,-382.304903,36.989998,0.000000,7.265133,7.288958,-1.189451
174.000000,-382.214716,38.987805,0.000000,7.268331,7.290957,-1.183911
176.000000,-382.124529,40.985611,-0.000000,7.271531,7.292957,-1.177906
178.000000,-382.034342,42.983418,-0.000000,7.274729,7.294955,-1.171434
180.000000,-381.944154,44.981226,-0.000000,7.277928,7.296955,-1.164547
182.000000,-381.853964,46.979033,-0.000000,7.281127,7.298955,-1.157355
184.000000,-381.763773,48.976839,-0.000000,7.284326,7.300954,-1.149922
186.000000,-381.673582,50.974645,-0.000000,7.287525,7.302953,-1.142278
188.000000,-381.583389,52.972451,-0.000000,7.290724,7.304952,-1.134471
190.000000,-381.493195,54.970258,-0.000001,7.293923,7.306952,-1.126572
192.000000,-381.402998,56.968064,-0.000001,7.297122,7.308951,-1.118690
194.000000,-381.312798,58.965870,-0.000001,7.300320,7.310950,-1.110951
196.000000,-381.222597,60.963677,-0.000001,7.303520,7.312950,-1.103490
198.000000,-381.132394,62.961483,-0.000001,7.306719,7.314949,-1.096445
200.000000,-381.042187,64.959289,-0.000001,7.309917,7.316949,-1.090074
202.000000,-380.951978,66.957094,-0.000001,7.313117,7.318948,-1.084934
204.000000,-380.861765,68.954900,-0.000001,7.316315,7.320947,-1.081610
206.000000,-380.771549,70.952704,-0.000001,7.319514,7.322946,-1.080288
208.000000,-380.681329,72.950510,-0.000001,7.322713,7.324946,-1.080697
210.000000,-380.591105,74.948316,-0.000001,7.325912,7.326945,-1.082528
212.000000,-380.500878,76.946121,-0.000001,7.329111,7.328944,-1.085466
214.000000,-380.410645,78.943925,-0.000001,7.332310,7.330944,-1.089210
216.000000,-380.320409,80.941730,-0.000001,7.335509,7.332943,-1.093472
218.000000,-380.230168,82.939533,-0.000001,7.338708,7.334943,-1.098035
220.000000,-380.139922,84.937338,-0.000001,7.341907,7.336941,-1.102923
222.000000,-380.049670,86.935141,-0.000001,7.345106,7.338941,-1.108209
224.000000,-379.959414,88.932945,-0.000001,7.348305,7.340940,-1.113935
226.000000,-379.869152,90.930749,-0.000001,7.351503,7.342940,-1.120102
228.000000,-379.778885,92.928552,-0.000002,7.354702,7.344940,-1.126715
230.000000,-379.688610,94.926355,-0.000002,7.357902,7.346938,-1.133791
232.000000,-379.598330,96.924158,-0.000002,7.361100,7.348938,-1.141343
234.000000,-379.508044,98.921959,-0.000002,7.364299,7.350937,-1.149382
236.000000,-379.417751,100.919761,-0.000002,7.367499,7.352937,-1.157920
238.000000,-379.327451,102.917563,-0.000002,7.370697,7.354935,-1.166966
240.000000,-379.236900,104.920765,-0.000002,7.373905,7.356940,-1.176509
242.000000,-379.146585,106.918566,-0.000002,7.377103,7.358940,-1.186441
244.000000,-379.056264,108.916367,-0.000002,7.380303,7.360939,-1.196773
246.000000,-378.965934,110.914166,-0.000002,7.383502,7.362938,-1.207513
248.000000,-378.875596,112.911968,-0.000002,7.386700,7.364938,-1.218665
250.000000,-378.785251,114.909767,-0.000002,7.389899,7.366937,-1.230234
252.000000,-378.694898,116.907566,-0.000002,7.393099,7.368937,-1.242213
254.000000,-378.604535,118.905364,-0.000002,7.396297,7.370935,-1.254622
256.000000,-378.514164,120.903163,-0.000002,7.399496,7.372935,-1.267497
258.000000,-378.423784,122.900961,-0.000002,7.402695,7.374934,-1.280887
260.000000,-378.333395,124.898759,-0.000002,7.405894,7.376934,-1.294856
262.000000,-378.242996,126.896555,-0.000002,7.409093,7.378934,-1.309478
264.000000,-378.152588,128.894353,-0.000002,7.412292,7.380932,-1.324821
266.000000,-378.062170,130.892149,-0.000002,7.415491,7.382932,-1.340896
268.000000,-377.971742,132.889945,-0.000003,7.418690,7.384931,-1.357652
270.000000,-377.881304,134.887740,-0.000003,7.421888,7.386931,-1.374999
272.000000,-377.790855,136.885535,-0.000003,7.425088,7.388929,-1.392777
274.000000,-377.700396,138.883329,-0.000003,7.428287,7.390929,-1.410774
276.000000,-377.609926,140.881123,-0.000003,7.431485,7.392928,-1.428776
278.000000,-377.519445,142.878917,-0.000003,7.434685,7.394928,-1.446597
280.000000,-377.428952,144.876710,-0.000003,7.437883,7.396928,-1.464141
282.000000,-377.338447,146.874502,-0.000003,7.441082,7.398926,-1.481348
284.000000,-377.247930,148.872294,-0.000003,7.444282,7.400926,-1.498225
286.000000,-377.157402,150.870085,-0.000003,7.447480,7.402925,-1.514884
288.000000,-377.066863,152.867875,-0.000003,7.450679,7.404925,-1.531463
290.000000,-376.976311,154.865666,-0.000003,7.453878,7.406923,-1.548084
292.000000,-376.885745,156.863455,-0.000003,7.457077,7.408923,-1.564859
294.000000,-376.795167,158.861245,-0.000003,7.460276,7.410923,-1.581823
296.000000,-376.704576,160.859033,-0.000003,7.463474,7.412922,-1.598938
298.000000,-376.613972,162.856821,-0.000003,7.466674,7.414921,-1.616120
300.000000,-376.523355,164.854608,-0.000003,7.469873,7.416920,-1.633268
302.000000,-376.432725,166.852395,-0.000004,7.473071,7.418920,-1.650285
304.000000,-376.342080,168.850181,-0.000004,7.476271,7.420919,-1.667091
306.000000,-376.251420,170.847966,-0.000004,7.479470,7.422919,-1.683633
308.000000,-376.160502,172.851151,-0.000004,7.482677,7.424923,-1.699949
310.000000,-376.069813,174.848936,-0.000004,7.485876,7.426922,-1.716011
312.000000,-375.979110,176.846719,-0.000004,7.489075,7.428922,-1.731891
314.000000,-375.888393,178.844502,-0.000004,7.492274,7.430922,-1.747639
316.000000,-375.797659,180.842284,-0.000004,7.495473,7.432920,-1.763361
318.000000,-375.706911,182.840066,-0.000004,7.498671,7.434920,-1.779187
320.000000,-375.616147,184.837846,-0.000004,7.501871,7.436919,-1.795250
322.000000,-375.525368,186.835626,-0.000004,7.505070,7.438919,-1.811692
324.000000,-375.434573,188.833405,-0.000004,7.508269,7.440917,-1.828662
326.000000,-375.343762,190.831183,-0.000004,7.511468,7.442917,-1.846292
328.000000,-375.252933,192.828960,-0.000004,7.514666,7.444917,-1.864712
330.000000,-375.162088,194.826739,-0.000004,7.517865,7.446916,-1.884024
332.000000,-375.071226,196.824514,-0.000004,7.521066,7.448916,-1.904297
334.000000,-374.980348,198.822290,-0.000004,7.524265,7.450914,-1.925574
336.000000,-374.889452,200.820064,-0.000004,7.527459,7.452914,-1.947784
338.000000,-374.798539,202.817838,-0.000004,7.530654,7.454913,-1.970818
340.000000,-374.707607,204.815611,-0.000005,7.533859,7.456913,-1.994570
342.000000,-374.616658,206.813383,-0.000005,7.537081,7.458912,-2.018932
344.000000,-374.525690,208.811154,-0.000005,7.540282,7.460911,-2.043798
346.000000,-374.434705,210.808926,-0.000005,7.543419,7.462911,-2.068983
348.000000,-374.343700,212.806695,-0.000005,7.546550,7.464910,-2.094194
350.000000,-374.252677,214.804464,-0.000005,7.549846,7.466910,-2.119142
352.000000,-374.161635,216.802231,-0.000005,7.553416,7.468908,-2.143695
354.000000,-374.070574,218.799999,-0.000005,7.557069,7.470908,-2.167783
356.000000,-373.979493,220.797765,-0.000005,7.560532,7.472907,-2.191339
358.000000,-373.888394,222.795530,-0.000005,7.563739,7.474907,-2.214296
360.000000,-373.797273,224.793294,-0.000005,7.566853,7.476906,-2.236587
362.000000,-373.706132,226.791059,-0.000005,7.570020,7.478905,-2.258133
364.000000,-373.614972,228.788821,-0.000005,7.573235,7.480905,-2.278870
366.000000,-373.523791,230.786582,-0.000005,7.576452,7.482904,-2.298922
368.000000,-373.432590,232.784343,-0.000005,7.579652,7.484904,-2.318574
370.000000,-373.341367,234.782103,-0.000005,7.582844,7.486902,-2.338123
372.000000,-373.250124,236.779862,-0.000005,7.586042,7.488902,-2.357880
374.000000,-373.158859,238.777619,-0.000005,7.589242,7.490902,-2.378134
376.000000,-373.067326,240.780777,-0.000005,7.592450,7.492907,-2.399199
378.000000,-372.976017,242.778532,-0.000006,7.595649,7.494905,-2.421205
380.000000,-372.884687,244.776287,-0.000006,7.598847,7.496905,-2.444321
382.000000,-372.793334,246.774041,-0.000006,7.602047,7.498904,-2.468383
384.000000,-372.701959,248.771795,-0.000006,7.605246,7.500904,-2.493185
386.000000,-372.610562,250.769546,-0.000006,7.608444,7.502903,-2.518547
388.000000,-372.519142,252.767297,-0.000006,7.611644,7.504902,-2.544199
390.000000,-372.427698,254.765046,-0.000006,7.614842,7.506901,-2.569785
392.000000,-372.336232,256.762795,-0.000006,7.618041,7.508901,-2.595087
394.000000,-372.244741,258.760541,-0.000006,7.621241,7.510901,-2.620108
396.000000,-372.153228,260.758288,-0.000006,7.624439,7.512899,-2.644987
398.000000,-372.061690,262.756034,-0.000006,7.627638,7.514899,-2.669904
400.000000,-371.970128,264.753778,-0.000006,7.630837,7.516898,-2.694786
402.000000,-371.878542,266.751521,-0.000006,7.634036,7.518898,-2.719404
404.000000,-371.786931,268.749263,-0.000006,7.637235,7.520896,-2.743528
406.000000,-371.695296,270.747003,-0.000006,7.640434,7.522896,-2.767099
408.000000,-371.603636,272.744743,-0.000006,7.643633,7.524896,-2.790257
410.000000,-371.511950,274.742481,-0.000006,7.646832,7.526895,-2.813160
412.000000,-371.420239,276.740219,-0.000006,7.650031,7.528895,-2.835967
414.000000,-371.328503,278.737955,-0.000006,7.653230,7.530893,-2.858793
416.000000,-371.236740,280.735691,-0.000007,7.656429,7.532893,-2.881742
418.000000,-371.144952,282.733425,-0.000007,7.659627,7.534892,-2.904931
420.000000,-371.053137,284.731157,-0.000007,7.662826,7.536892,-2.928482
422.000000,-370.961296,286.728888,-0.000007,7.666026,7.538891,-2.952510
424.000000,-370.869429,288.726618,-0.000007,7.669224,7.540890,-2.977133
426.000000,-370.777534,290.724347,-0.000007,7.672423,7.542890,-3.002408
428.000000,-370.685613,292.722075,-0.000007,7.675623,7.544889,-3.028290
430.000000,-370.593664,294.719802,-0.000007,7.678821,7.546889,-3.054681
432.000000,-370.501687,296.717527,-0.000006,7.682020,7.548887,-3.081458
434.000000,-370.409687,298.715251,-0.000005,7.685220,7.550887,-3.108485
436.000000,-370.317667,300.712974,-0.000004,7.688418,7.552886,-3.135617
438.000000,-370.225634,302.710696,-0.000003,7.691617,7.554886,-3.162668
440.000000,-370.133589,304.708418,-0.000001,7.694816,7.556885,-3.189459
442.000000,-370.041540,306.706140,-0.000000,7.698015,7.558884,-3.215903
444.000000,-369.949242,308.709262,0.000001,7.701223,7.560889,-3.242036
446.000000,-369.857195,310.706984,0.000002,7.704421,7.562889,-3.267744
448.000000,-369.765155,312.704706,0.000003,7.707620,7.564887,-3.293136
450.000000,-369.673130,314.702430,0.000004,7.710820,7.566887,-3.318266
452.000000,-369.581122,316.700154,0.000005,7.714018,7.568888,-3.343258
454.000000,-369.489136,318.697878,0.000007,7.717217,7.570888,-3.368306
456.000000,-369.397177,320.695604,0.000008,7.720417,7.572883,-3.393632
458.000000,-369.305249,322.693331,0.000009,7.723615,7.574877,-3.419458
460.000000,-369.213358,324.691060,0.000010,7.726814,7.576883,-3.445937
462.000000,-369.121507,326.688791,0.000011,7.730013,7.578904,-3.473026
464.000000,-369.029701,328.686524,0.000012,7.733212,7.580907,-3.500304
466.000000,-368.937944,330.684260,0.000014,7.736411,7.582845,-3.527335
468.000000,-368.846243,332.681998,0.000015,7.739610,7.584775,-3.554025
470.000000,-368.754601,334.679738,0.000016,7.742809,7.586868,-3.580425
472.000000,-368.663022,336.677481,0.000017,7.746008,7.589236,-3.606596
474.000000,-368.571511,338.675228,0.000018,7.749206,7.591689,-3.632611
476.000000,-368.480073,340.672977,0.000019,7.752406,7.593956,-3.658557
478.000000,-368.388713,342.670730,0.000020,7.755605,7.595967,-3.684531
480.000000,-368.297434,344.668489,0.000022,7.758803,7.597882,-3.710593
482.000000,-368.206242,346.666250,0.000023,7.762003,7.599848,-3.736780
484.000000,-368.115142,348.664016,0.000024,7.765202,7.601864,-3.763119
486.000000,-368.024138,350.661785,0.000025,7.768400,7.603881,-3.789621
488.000000,-367.933235,352.659559,0.000026,7.771599,7.605881,-3.816319
490.000000,-367.842436,354.657338,0.000027,7.774799,7.607874,-3.843245
492.000000,-367.751747,356.655122,0.000029,7.777997,7.609872,-3.870422
494.000000,-367.661172,358.652910,0.000030,7.781196,7.611872,-3.897874
496.000000,-367.570716,360.650706,0.000031,7.784395,7.613873,-3.925636
498.000000,-367.480383,362.648506,0.000032,7.787594,7.615871,-3.953755
500.000000,-367.390178,364.646312,0.000033,7.790793,7.617871,-3.982250
502.000000,-367.300107,366.644124,0.000034,7.793992,7.619869,-4.011091
504.000000,-367.210174,368.641942,0.000035,7.797191,7.621869,-4.040246
506.000000,-367.120382,370.639766,0.000037,7.800390,7.623869,-4.069686
508.000000,-367.030736,372.637597,0.000038,7.803588,7.625868,-4.099365
510.000000,-366.941242,374.635435,0.000039,7.806788,7.627868,-4.129227
512.000000,-366.851679,376.638310,0.000040,7.809995,7.629871,-4.159290
514.000000,-366.762485,378.636533,0.000041,7.813194,7.631871,-4.189381
516.000000,-366.673472,380.634392,0.000042,7.816393,7.633871,-4.219559
518.000000,-366.584630,382.632260,0.000044,7.819592,7.635870,-4.249947
520.000000,-366.495961,384.630134,0.000045,7.822791,7.637869,-4.280760
522.000000,-366.407472,386.628017,0.000046,7.825990,7.639869,-4.312215
524.000000,-366.319166,388.625908,0.000047,7.829189,7.641868,-4.344522
526.000000,-366.231047,390.623807,0.000048,7.832388,7.643868,-4.377757
528.000000,-366.143121,392.621714,0.000049,7.835587,7.645866,-4.411878
530.000000,-366.055393,394.619630,0.000051,7.838785,7.647866,-4.446820
532.000000,-365.967867,396.617556,0.000052,7.841985,7.649865,-4.482487
534.000000,-365.880547,398.615490,0.000053,7.845183,7.651865,-4.518768
536.000000,-365.793439,400.613434,0.000054,7.848382,7.653864,-4.555544
538.000000,-365.706546,402.611386,0.000055,7.851582,7.655863,-4.592653
540.000000,-365.619873,404.609348,0.000056,7.854780,7.657863,-4.629914
542.000000,-365.533425,406.607320,0.000058,7.857978,7.659861,-4.667169
544.000000,-365.447207,408.605302,0.000059,7.861178,7.661861,-4.704257
546.000000,-365.361224,410.603294,0.000060,7.864378,7.663861,-4.741024
548.000000,-365.275478,412.601297,0.000061,7.867578,7.665863,-4.777317
550.000000,-365.189977,414.599310,0.000062,7.870775,7.667860,-4.812986
552.000000,-365.104723,416.597333,0.000063,7.873968,7.669849,-4.847931
554.000000,-365.019722,418.595367,0.000064,7.877166,7.671847,-4.882126
556.000000,-364.934978,420.593412,0.000066,7.880381,7.673873,-4.915610
558.000000,-364.850496,422.591468,0.000067,7.883597,7.675902,-4.948447
560.000000,-364.766281,424.589535,0.000068,7.886773,7.677862,-4.980688
562.000000,-364.682337,426.587614,0.000069,7.889894,7.679726,-5.012429
564.000000,-364.598668,428.585705,0.000070,7.893081,7.681707,-5.043789
566.000000,-364.515279,430.583807,0.000071,7.896491,7.684069,-5.074829
568.000000,-364.432175,432.581921,0.000072,7.899935,7.686489,-5.105597
570.000000,-364.349360,434.580047,0.000074,7.902816,7.687942,-5.136139
572.000000,-364.266840,436.578185,0.000075,7.904921,7.688064,-5.166501
574.000000,-364.184619,438.576335,0.000076,7.907962,7.689793,-5.196680
576.000000,-364.102701,440.574497,0.000077,7.914209,7.697023,-5.226617
578.000000,-364.021091,442.572673,0.000078,7.924132,7.710585,-5.256263
580.000000,-363.939592,444.575841,0.000079,7.936100,7.727702,-5.285642
582.000000,-363.858595,446.574464,0.000081,7.948478,7.745617,-5.314554
584.000000,-363.777937,448.572679,0.000082,7.960881,7.763641,-5.342910
586.000000,-363.697605,450.570906,0.000083,7.973282,7.781688,-5.370519
588.000000,-363.617605,452.569147,0.000084,7.985674,7.799702,-5.397249
590.000000,-363.537941,454.567401,0.000085,7.998072,7.817659,-5.422977
592.000000,-363.458616,456.565667,0.000086,8.010489,7.835567,-5.447589
594.000000,-363.379636,458.563949,0.000087,8.022889,7.853550,-5.470978
596.000000,-363.301005,460.562244,0.000089,8.035224,7.871771,-5.493041
598.000000,-363.222729,462.560553,0.000090,8.047550,7.890203,-5.513676
600.000000,-363.144812,464.558877,0.000089,8.060035,7.908597,-5.532794
602.000000,-363.067256,466.557213,0.000087,8.072794,7.926741,-5.550391
604.000000,-362.990049,468.555563,0.000083,8.085644,7.944681,-5.566513
606.000000,-362.913175,470.553927,0.000079,8.098311,7.962546,-5.581222
608.000000,-362.836617,472.552302,0.000075,8.110722,7.980465,-5.594595
610.000000,-362.760357,474.550689,0.000070,8.123033,7.998571,-5.606710
612.000000,-362.684378,476.549086,0.000066,8.135395,8.016937,-5.617640
614.000000,-362.608663,478.547494,0.000062,8.147805,8.035381,-5.627400
616.000000,-362.533196,480.545912,0.000057,8.160219,8.053639,-5.635914
618.000000,-362.457957,482.544337,0.000053,8.172615,8.071642,-5.643166
620.000000,-362.382932,484.542771,0.000049,8.185004,8.089560,-5.649151
622.000000,-362.308101,486.541211,0.000045,8.197398,8.107542,-5.653863
624.000000,-362.233449,488.539659,0.000040,8.209795,8.125554,-5.657381
626.000000,-362.158956,490.538112,0.000036,8.222191,8.143505,-5.659860
628.000000,-362.084609,492.536570,0.000032,8.234586,8.161430,-5.661456
630.000000,-362.010387,494.535035,0.000027,8.246983,8.179507,-5.662326
632.000000,-361.936275,496.533502,0.000023,8.259380,8.197862,-5.662595
634.000000,-361.862255,498.531973,0.000019,8.271776,8.216312,-5.662319
636.000000,-361.788310,500.530447,0.000014,8.284168,8.234578,-5.661319
638.000000,-361.714421,502.528923,0.000010,8.296559,8.252583,-5.659352
640.000000,-361.640574,504.527400,0.000006,8.308962,8.270499,-5.656154
642.000000,-361.566750,506.525878,0.000002,8.321380,8.288482,-5.651455
644.000000,-361.492932,508.524357,-0.000003,8.333780,8.306495,-5.645008
646.000000,-361.419103,510.522835,-0.000007,8.346118,8.324449,-5.636684
648.000000,-361.345065,512.526241,-0.000011,8.358475,8.342420,-5.626458
650.000000,-361.271144,514.525190,-0.000016,8.370963,8.360502,-5.614546
652.000000,-361.197178,516.523663,-0.000020,8.383722,8.378859,-5.601150
654.000000,-361.123133,518.522134,-0.000024,8.396574,8.397311,-5.586499
656.000000,-361.048990,520.520600,-0.000029,8.409245,8.415578,-5.570878
658.000000,-360.974733,522.519062,-0.000033,8.421658,8.433585,-5.554404
660.000000,-360.900344,524.517519,-0.000037,8.433972,8.451505,-5.537041
662.000000,-360.825805,526.515971,-0.000041,8.446335,8.469488,-5.518793
664.000000,-360.751102,528.514417,-0.000046,8.458749,8.487504,-5.499730
666.000000,-360.676216,530.512855,-0.000050,8.471166,8.505461,-5.479910
668.000000,-360.601130,532.511287,-0.000055,8.483565,8.523392,-5.459177
670.000000,-360.525824,534.509710,-0.000059,8.495957,8.541471,-5.436740
672.000000,-360.450281,536.508124,-0.000062,8.508354,8.559822,-5.411304
674.000000,-360.374489,538.506528,-0.000066,8.520754,8.578276,-5.381133
676.000000,-360.298437,540.504923,-0.000073,8.533155,8.596566,-5.344906
678.000000,-360.222098,542.503307,-0.000081,8.545555,8.614600,-5.302760
680.000000,-360.145432,544.501678,-0.000083,8.557954,8.632493,-5.254636
682.000000,-360.068416,546.500037,-0.000071,8.570353,8.650377,-5.199470
684.000000,-359.991106,548.498383,-0.000029,8.582753,8.668378,-5.136147
686.000000,-359.913595,550.496721,0.000081,8.595157,8.686621,-5.063762
688.000000,-359.836319,552.495069,0.000258,8.607562,8.705061,-4.981218
690.000000,-359.760069,554.493457,0.000462,8.619955,8.723456,-4.886790
692.000000,-359.685663,556.491913,0.000667,8.632333,8.741603,-4.777348
694.000000,-359.613923,558.490469,0.000864,8.644725,8.759545,-4.646740
696.000000,-359.545671,560.489147,0.001034,8.657173,8.777411,-4.487036
698.000000,-359.481588,562.487965,0.001189,8.669626,8.795324,-4.290711
700.000000,-359.422215,564.486926,0.001402,8.681932,8.813408,-4.050073
702.000000,-359.368259,566.486039,0.001724,8.694029,8.831683,-3.758645
704.000000,-359.321182,568.485331,0.001871,8.706355,8.849693,-3.412053
706.000000,-359.282498,570.484824,0.001320,8.719479,8.866868,-3.004016
708.000000,-359.250077,572.484437,0.000022,8.732923,8.884049,-2.525285
710.000000,-359.217854,574.483972,-0.001619,8.744912,8.903825,-1.962315
712.000000,-359.179329,576.483277,-0.003390,8.754615,8.927134,-1.296396
714.000000,-359.127322,578.482440,-0.005374,8.766390,8.946070,-0.513914
716.000000,-359.054352,580.481557,-0.007805,8.786032,8.950326,0.391129
718.000000,-358.950793,582.479407,-0.010526,8.807433,8.951559,1.426869
720.000000,-358.804636,584.473298,-0.012247,8.809281,8.989469,2.597130
722.000000,-358.606070,586.466802,-0.012112,8.780676,9.097409,3.893038
724.000000,-358.359226,588.451563,-0.014474,8.768820,9.263901,5.319880
726.000000,-358.068816,590.430360,-0.027447,8.839184,9.462251,6.874611
728.000000,-357.685271,592.392119,-0.050527,9.004656,9.662451,8.226157
730.000000,-357.102074,594.305434,-0.072220,9.215381,9.831336,9.014320
732.000000,-356.238962,596.105019,-0.085919,9.418915,9.948736,9.378806
734.000000,-355.080174,597.732003,-0.093905,9.578157,10.054799,9.530582
736.000000,-353.634373,599.107487,-0.096438,9.661368,10.202809,9.568500
738.000000,-351.949139,600.175839,-0.094136,9.671021,10.369732,9.585358
740.000000,-350.093413,600.912258,-0.089054,9.643083,10.456458,9.569328
742.000000,-348.135748,601.301237,-0.079974,9.605988,10.396434,9.477152
744.000000,-346.137296,601.372527,-0.069484,9.554294,10.253998,9.233006
746.000000,-344.147800,601.171273,-0.062207,9.473915,10.127627,8.812677
748.000000,-342.198766,600.728564,-0.057936,9.364091,10.054084,8.250497
750.000000,-340.315180,600.063779,-0.053613,9.236755,10.011548,7.561287
752.000000,-338.514257,599.198554,-0.047555,9.108485,9.978023,6.739649
754.000000,-336.803602,598.165820,-0.040462,9.007514,9.943194,5.801454
756.000000,-335.179884,596.996656,-0.033139,8.961236,9.900447,4.807625
758.000000,-333.637468,595.722128,-0.025777,8.960890,9.850465,3.834995
760.000000,-332.165488,594.372823,-0.018610,8.971977,9.799031,2.934166
762.000000,-330.742954,592.968996,-0.011876,8.971663,9.749804,2.123950
764.000000,-329.352968,591.530935,-0.005879,8.963868,9.702181,1.411867
766.000000,-327.978756,590.077757,-0.001080,8.956899,9.654841,0.806275
768.000000,-326.604229,588.619655,0.002421,8.952825,9.607112,0.314650
770.000000,-325.223679,587.170987,0.004368,8.949542,9.559099,-0.068154
772.000000,-323.829465,585.737315,0.004497,8.945479,9.510803,-0.353306
774.000000,-322.421918,584.316578,0.003742,8.940868,9.462385,-0.559244
776.000000,-321.004076,582.906126,0.003129,8.936293,9.414056,-0.701195
778.000000,-319.577714,581.504378,0.002777,8.931925,9.365856,-0.787297
780.000000,-318.143579,580.110612,0.002456,8.927610,9.317692,-0.818609
782.000000,-316.702509,578.724007,0.002043,8.923232,9.269453,-0.804096
784.000000,-315.255752,577.343317,0.001584,8.918815,9.221006,-0.750591
786.000000,-313.804646,575.967200,0.001133,8.914413,9.172231,-0.664356
788.000000,-312.350448,574.594366,0.000698,8.910018,9.123259,-0.555210
790.000000,-310.894335,573.223564,0.000265,8.905574,9.074408,-0.433970
792.000000,-309.437491,571.853540,-0.000172,8.901079,9.025843,-0.307846
794.000000,-307.981114,570.483018,-0.000615,8.896683,8.977304,-0.181895
796.000000,-306.526412,569.110711,-0.001070,8.892547,8.928466,-0.060553
798.000000,-305.074642,567.735302,-0.001527,8.888584,8.879402,0.050851
800.000000,-303.627106,566.355449,-0.001951,8.884517,8.830487,0.144436
802.000000,-302.185018,564.969898,-0.002330,8.880178,8.781925,0.209575
804.000000,-300.749391,563.577639,-0.002749,8.875698,8.733438,0.233151
806.000000,-299.321253,562.177656,-0.003332,8.871257,8.684688,0.201535
808.000000,-297.902355,560.768316,-0.003915,8.866874,8.635766,0.103481
810.000000,-296.494990,559.347532,-0.003874,8.862450,8.587072,-0.069737
812.000000,-295.099752,557.914845,-0.002830,8.857965,8.538800,-0.323169
814.000000,-293.712910,556.473957,-0.000990,8.853606,8.490605,-0.653653
816.000000,-292.329518,555.029727,0.001538,8.849546,8.442079,-1.055646
818.000000,-290.942186,553.589343,0.004594,8.845402,8.393362,-1.517908
820.000000,-289.541644,552.161773,0.007753,8.840376,8.344994,-2.025543
822.000000,-288.118921,550.756118,0.010812,8.834595,8.297093,-2.564354
824.000000,-286.666099,549.381562,0.013830,8.830574,8.248665,-3.117661
826.000000,-285.175601,548.047424,0.016898,8.830658,8.198714,-3.668627
828.000000,-283.640853,546.764300,0.019997,8.829546,8.149050,-4.200512
830.000000,-282.056082,545.543807,0.022934,8.816103,8.103616,-4.697586
832.000000,-280.416533,544.397487,0.025719,8.783257,8.064231,-5.147753
834.000000,-278.723334,543.338562,0.029327,8.735045,8.027213,-5.541620
836.000000,-276.969415,542.375908,0.035407,8.678852,7.988537,-5.870262
838.000000,-275.155304,541.538204,0.043552,8.634243,7.956310,-6.107950
840.000000,-273.271638,540.861063,0.051569,8.629611,7.947594,-6.235863
842.000000,-271.331049,540.384070,0.058486,8.679448,7.971198,-6.247586
844.000000,-269.349232,540.137041,0.061239,8.760496,8.012873,-6.140138
846.000000,-267.350795,540.147292,0.054495,8.841927,8.054012,-5.889035
848.000000,-265.365793,540.384953,0.039935,8.902115,8.083992,-5.452346
850.000000,-263.405513,540.777644,0.025328,8.926133,8.097806,-4.850778
852.000000,-261.464437,541.264880,0.014181,8.911107,8.095178,-4.155100
854.000000,-259.539989,541.804957,0.006365,8.877044,8.084522,-3.429740
856.000000,-257.620645,542.364181,0.002652,8.845877,8.074926,-2.731766
858.000000,-255.702470,542.930117,0.002231,8.822522,8.068508,-2.092192
860.000000,-253.786697,543.504797,0.002510,8.801212,8.063010,-1.506610
862.000000,-251.874241,544.089749,0.002341,8.777928,8.056840,-0.967265
864.000000,-249.964704,544.683749,0.001954,8.753367,8.050241,-0.469882
866.000000,-248.057441,545.285044,0.001651,8.729019,8.043759,-0.010503
868.000000,-246.152090,545.892525,0.001451,8.705144,8.037429,0.415174
870.000000,-244.248504,546.505551,0.001259,8.681185,8.030947,0.811180
872.000000,-242.346498,547.123420,0.001032,8.656816,8.024161,1.181631
874.000000,-240.445783,547.745223,0.000788,8.632318,8.017306,1.530595
876.000000,-238.546046,548.370009,0.000550,8.608051,8.010662,1.862206
878.000000,-236.646992,548.996875,0.000318,8.584038,8.004262,2.180285
880.000000,-234.748337,549.624952,0.000086,8.560070,7.997973,2.487898
882.000000,-232.849793,550.253360,-0.000151,8.536021,7.991657,2.786201
884.000000,-230.951060,550.881195,-0.000387,8.511956,7.985189,3.074805
886.000000,-229.051837,551.507549,-0.000616,8.487962,7.978468,3.352587
888.000000,-227.151842,552.131556,-0.000842,8.463962,7.971607,3.617177
890.000000,-225.250802,552.752378,-0.001084,8.439777,7.964855,3.865506
892.000000,-223.348430,553.369115,-0.001344,8.415350,7.958360,4.094836
894.000000,-221.444401,553.980711,-0.001513,8.390904,7.952037,4.302661
896.000000,-219.533277,554.587853,-0.001455,8.366623,7.945744,4.487724
898.000000,-217.625475,555.187576,-0.001190,8.342657,7.939385,4.649219
900.000000,-215.716237,555.782719,-0.000823,8.318812,7.932818,4.788500
902.000000,-213.806003,556.374643,-0.000405,8.294956,7.926025,4.907040
904.000000,-211.895287,556.965006,0.000028,8.270955,7.919214,5.006694
906.000000,-209.984615,557.555512,0.000439,8.246704,7.912611,5.088816
908.000000,-208.074470,558.147718,0.000837,8.222314,7.906235,5.154667
910.000000,-206.165303,558.743084,0.001271,8.198035,7.899973,5.205699
912.000000,-204.257624,559.343214,0.001758,8.174007,7.893695,5.243628
914.000000,-202.352075,559.950062,0.002177,8.150119,7.887249,5.270796
916.000000,-200.449288,560.565519,0.002364,8.126220,7.880512,5.290354
918.000000,-198.549502,561.190198,0.002285,8.102241,7.873642,5.305105
920.000000,-196.652673,561.823781,0.001886,8.078166,7.866981,5.317319
922.000000,-194.758428,562.465026,0.001129,8.054048,7.860647,5.329017
924.000000,-192.865666,563.110649,0.000203,8.030068,7.854250,5.340984
926.000000,-190.973135,563.756957,-0.000691,8.006347,7.847410,5.353745
928.000000,-189.079696,564.400587,-0.001532,7.982233,7.840698,5.368173
930.000000,-187.184291,565.038415,-0.002360,7.956580,7.835301,5.385500
932.000000,-185.285890,565.667304,-0.003194,7.930041,7.830743,5.407060
934.000000,-183.383513,566.284060,-0.004043,7.907181,7.822921,5.434104
936.000000,-181.476203,566.885455,-0.004918,7.891648,7.808558,5.467912
938.000000,-179.563071,567.468092,-0.005827,7.872825,7.797426,5.509550
940.000000,-177.643280,568.028447,-0.006794,7.830734,7.807876,5.559430
942.000000,-175.716044,568.562783,-0.007834,7.753599,7.851457,5.617105
944.000000,-173.780686,569.066886,-0.008918,7.648321,7.924158,5.681808
946.000000,-171.836588,569.536422,-0.010022,7.526224,8.017252,5.751926
948.000000,-169.883450,569.966917,-0.011145,7.404045,8.108635,5.823757
950.000000,-167.921200,570.353798,-0.012296,7.302132,8.167223,5.892709
952.000000,-165.949964,570.692375,-0.013482,7.236784,8.168502,5.953673
954.000000,-163.970299,570.977695,-0.014674,7.215074,8.103280,6.001087
956.000000,-161.982942,571.204768,-0.015840,7.240657,7.967215,6.028549
958.000000,-159.989370,571.368741,-0.016785,7.304720,7.770030,6.029233
960.000000,-157.991581,571.464908,-0.016900,7.390105,7.531072,5.996173
962.000000,-155.991636,571.491782,-0.015872,7.474167,7.288660,5.924717
964.000000,-153.991668,571.454825,-0.014259,7.523859,7.118806,5.816111
966.000000,-151.993710,571.360899,-0.012591,7.509592,7.092068,5.673812
968.000000,-149.998883,571.216725,-0.010949,7.441695,7.186071,5.501360
970.000000,-148.007718,571.028931,-0.009330,7.354335,7.322975,5.302294
972.000000,-146.020478,570.804058,-0.007736,7.273043,7.445761,5.080660
974.000000,-144.036938,570.548480,-0.006169,7.205090,7.541289,4.840916
976.000000,-142.056742,570.268510,-0.004643,7.154237,7.604355,4.587884
978.000000,-140.079260,569.970209,-0.003251,7.122227,7.630969,4.326643
980.000000,-138.103686,569.659455,-0.002282,7.109550,7.618010,4.062603
982.000000,-136.129428,569.340525,-0.001876,7.113978,7.570249,3.800755
984.000000,-134.156366,569.014354,-0.001760,7.128010,7.507978,3.542447
986.000000,-132.184466,568.681223,-0.001671,7.143439,7.451599,3.287911
988.000000,-130.213688,568.341490,-0.001572,7.154029,7.400291,3.037507
990.000000,-128.243987,567.995563,-0.001472,7.154961,7.340168,2.791703
992.000000,-126.275315,567.643843,-0.001375,7.151180,7.271466,2.551053
994.000000,-124.307617,567.286712,-0.001279,7.167496,7.224459,2.316161
996.000000,-122.340840,566.924548,-0.001182,7.227636,7.229967,2.087605
998.000000,-120.374926,566.557734,-0.001084,7.316491,7.277324,1.865856
1000.000000,-118.409811,566.186660,-0.000986,7.394270,7.329423,1.651152
1002.000000,-116.445432,565.811713,-0.000887,7.436691,7.361747,1.443715
1004.000000,-114.481721,565.433281,-0.000789,7.453925,7.378331,1.243753
1006.000000,-112.518611,565.051751,-0.000690,7.461805,7.388229,1.051433
1008.000000,-110.556028,564.667513,-0.000591,7.467599,7.396018,0.866880
1010.000000,-108.593901,564.280958,-0.000492,7.473023,7.403364,0.690295
1012.000000,-106.632155,563.892475,-0.000395,7.478957,7.411230,0.522006
1014.000000,-104.670716,563.502442,-0.000296,7.485077,7.419391,0.362385
1016.000000,-102.709511,563.111241,-0.000192,7.490890,7.427439,0.211894
1018.000000,-100.748457,562.719284,-0.000089,7.496425,7.435385,0.071045
1020.000000,-98.787467,562.326999,-0.000006,7.502049,7.443502,-0.059471
1022.000000,-96.826474,561.934735,0.000044,7.507973,7.451904,-0.179057
1024.000000,-94.865444,561.542657,0.000072,7.514059,7.460346,-0.287359
1026.000000,-92.904352,561.150883,0.000080,7.520120,7.468549,-0.384100
1028.000000,-90.943195,560.759439,0.000075,7.526113,7.476522,-0.469141
1030.000000,-88.981980,560.368289,0.000069,7.532093,7.484455,-0.542588
1032.000000,-87.020711,559.977405,0.000067,7.538095,7.492459,-0.604745
1034.000000,-85.059390,559.586782,0.000066,7.544099,7.500471,-0.655878
1036.000000,-83.094552,559.195731,0.000065,7.550095,7.508426,-0.696300
1038.000000,-81.131291,558.805260,0.000063,7.556089,7.516390,-0.726198
1040.000000,-79.169819,558.415399,0.000060,7.562131,7.524548,-0.746081
1042.000000,-77.208300,558.025775,0.000058,7.568208,7.532958,-0.756646
1044.000000,-75.246734,557.636379,0.000056,7.574170,7.541385,-0.758813
1046.000000,-73.285125,557.247205,0.000054,7.579869,7.549577,-0.753833
1048.000000,-71.323475,556.858244,0.000052,7.585416,7.557548,-0.743037
1050.000000,-69.361783,556.469488,0.000050,7.591082,7.565481,-0.727783
1052.000000,-67.400052,556.080930,0.000048,7.597012,7.573483,-0.709313
1054.000000,-65.438284,555.692562,0.000046,7.603085,7.581491,-0.688822
1056.000000,-63.476480,555.304376,0.000044,7.609140,7.589430,-0.667314
1058.000000,-61.514641,554.916363,0.000042,7.615136,7.597384,-0.645249
1060.000000,-59.552768,554.528517,0.000040,7.621102,7.605539,-0.622970
1062.000000,-57.590865,554.140831,0.000038,7.627075,7.613946,-0.600973
1064.000000,-55.628932,553.753294,0.000036,7.633089,7.622372,-0.579818
1066.000000,-53.666971,553.365900,0.000034,7.639164,7.630562,-0.560070
1068.000000,-51.704983,552.978642,0.000032,7.645204,7.638532,-0.542345
1070.000000,-49.742971,552.591510,0.000030,7.651039,7.646462,-0.527305
1072.000000,-47.780934,552.204498,0.000028,7.656629,7.654463,-0.515199
1074.000000,-45.818875,551.817597,0.000026,7.662200,7.662469,-0.505864
1076.000000,-43.856796,551.430800,0.000024,7.667999,7.670407,-0.499108
1078.000000,-41.894699,551.044099,0.000022,7.674021,7.678359,-0.494736
1080.000000,-39.932584,550.657486,0.000020,7.680098,7.686512,-0.492475
1082.000000,-37.970453,550.270953,0.000018,7.686120,7.694917,-0.491315
1084.000000,-36.008308,549.884493,0.000016,7.692095,7.703342,-0.489871
1086.000000,-34.046150,549.498097,0.000015,7.698059,7.711532,-0.487483
1088.000000,-32.083981,549.111758,0.000012,7.704047,7.719501,-0.483747
1090.000000,-30.121801,548.725469,0.000010,7.710092,7.727430,-0.478500
1092.000000,-28.159614,548.339220,0.000008,7.716169,7.735430,-0.471959
1094.000000,-26.197421,547.953004,0.000007,7.722127,7.743436,-0.464185
1096.000000,-24.235223,547.566814,0.000005,7.727825,7.751373,-0.455114
1098.000000,-22.273021,547.180642,0.000003,7.733370,7.759324,-0.444897
1100.000000,-20.310817,546.794481,0.000001,7.739032,7.767476,-0.433808
1102.000000,-18.348613,546.408322,-0.000002,7.744959,7.775879,-0.422080
1104.000000,-16.382993,546.021484,-0.000003,7.751040,7.784318,-0.409864
1106.000000,-14.418904,545.634933,-0.000004,7.757100,7.792517,-0.397308
1108.000000,-12.456707,545.248735,-0.000005,7.763093,7.800486,-0.384520
1110.000000,-10.494514,544.862519,-0.000005,7.769059,7.808416,-0.371589
1112.000000,-8.532324,544.476284,-0.000005,7.775030,7.816415,-0.358609
1114.000000,-6.570138,544.090030,-0.000005,7.781043,7.824421,-0.345625
1116.000000,-4.607956,543.703758,-0.000005,7.787117,7.832358,-0.332587
1118.000000,-2.645777,543.317468,-0.000005,7.793157,7.840310,-0.319297
1120.000000,-0.683602,542.931159,-0.000004,7.798993,7.848461,-0.305526
1122.000000,1.278570,542.544834,-0.000004,7.804584,7.856865,-0.291250
1124.000000,3.240738,542.158491,-0.000005,7.810154,7.865290,-0.276534
1126.000000,5.202903,541.772129,-0.000004,7.815950,7.873482,-0.261451
1128.000000,7.165064,541.385751,-0.000004,7.821970,7.881452,-0.246122
1130.000000,9.127222,540.999356,-0.000004,7.828048,7.889382,-0.230757
1132.000000,11.089377,540.612945,-0.000004,7.834070,7.897381,-0.215616
1134.000000,13.051529,540.226516,-0.000004,7.840045,7.905387,-0.200939
1136.000000,15.013677,539.840071,-0.000004,7.846010,7.913325,-0.186794
1138.000000,16.975821,539.453610,-0.000004,7.851997,7.921276,-0.173167
1140.000000,18.937963,539.067133,-0.000004,7.858042,7.929426,-0.160047
1142.000000,20.900103,538.680640,-0.000004,7.864120,7.937830,-0.147422
1144.000000,22.862239,538.294133,-0.000004,7.870080,7.946256,-0.135282
1146.000000,24.824372,537.907609,-0.000004,7.875780,7.954449,-0.123633
1148.000000,26.786501,537.521071,-0.000004,7.881326,7.962420,-0.112480
1150.000000,28.748628,537.134517,-0.000004,7.886986,7.970350,-0.101833
1152.000000,30.710752,536.747950,-0.000004,7.892911,7.978349,-0.091651
1154.000000,32.672873,536.361367,-0.000004,7.898982,7.986355,-0.081877
1156.000000,34.634991,535.974770,-0.000004,7.905037,7.994294,-0.072495
1158.000000,36.597107,535.588159,-0.000004,7.911032,8.002245,-0.063496
1160.000000,38.559220,535.201534,-0.000003,7.916998,8.010394,-0.054806
1162.000000,40.521330,534.814895,-0.000003,7.922969,8.018796,-0.046301
1164.000000,42.483438,534.428242,-0.000003,7.928981,8.027223,-0.037845
1166.000000,44.445542,534.041577,-0.000003,7.935055,8.035418,-0.029305
1168.000000,46.407644,533.654898,-0.000003,7.941097,8.043390,-0.020466
1170.000000,48.369744,533.268207,-0.000003,7.946936,8.051320,-0.011016
1172.000000,50.335206,532.880839,-0.000003,7.952539,8.059332,-0.000691
1174.000000,52.299240,532.493741,-0.000003,7.958114,8.067347,0.010457
1176.000000,54.261332,532.107012,-0.000003,7.963908,8.075285,0.022076
1178.000000,56.223422,531.720270,-0.000003,7.969927,8.083237,0.033775
1180.000000,58.185510,531.333516,-0.000003,7.976006,8.091385,0.045160
1182.000000,60.147595,530.946752,-0.000003,7.982029,8.099786,0.055856
1184.000000,62.109678,530.559976,-0.000003,7.988005,8.108214,0.065503
1186.000000,64.071759,530.173188,-0.000003,7.993969,8.116416,0.073932
1188.000000,66.033837,529.786390,-0.000003,7.999957,8.124392,0.081183
1190.000000,67.995913,529.399581,-0.000003,8.006001,8.132308,0.087295
1192.000000,69.957988,529.012761,-0.000003,8.012080,8.140280,0.092300
1194.000000,71.920060,528.625931,-0.000003,8.018042,8.148299,0.096265
1196.000000,73.882131,528.239090,-0.000003,8.023743,8.156330,0.099384
1198.000000,75.844199,527.852238,-0.000003,8.029289,8.164337,0.101910
1200.000000,77.806265,527.465378,-0.000002,8.034949,8.172287,0.104054
1202.000000,79.768329,527.078507,-0.000002,8.040876,8.180204,0.105941
1204.000000,81.730392,526.691627,-0.000002,8.046945,8.188237,0.107730
1206.000000,83.692452,526.304738,-0.000002,8.052994,8.196532,0.109595
1208.000000,85.654511,525.917840,-0.000002,8.058986,8.204982,0.111736
1210.000000,87.616569,525.530933,-0.000002,8.064966,8.213315,0.119752
1212.000000,89.578625,525.144017,-0.000002,8.070964,8.221379,0.124576
1214.000000,91.540679,524.757093,-0.000002,8.076965,8.229307,0.125939
1216.000000,93.502730,524.370161,-0.000002,8.082947,8.237271,0.127254
1218.000000,95.464781,523.983219,-0.000002,8.088933,8.245287,0.128713
1220.000000,97.426830,523.596271,-0.000002,8.094971,8.253263,0.130714
1222.000000,99.388877,523.209315,-0.000002,8.101047,8.261187,0.133607
1224.000000,101.350924,522.822352,-0.000002,8.107012,8.269213,0.137513
1226.000000,103.312969,522.435381,-0.000002,8.112716,8.277502,0.142440
1228.000000,105.275012,522.048404,-0.000002,8.118262,8.285953,0.148403
1230.000000,107.237054,521.661420,-0.000002,8.123921,8.294288,0.155419
1232.000000,109.199094,521.274429,-0.000002,8.129844,8.302354,0.163483
1234.000000,111.161133,520.887431,-0.000002,8.135914,8.310282,0.172248
1236.000000,113.123171,520.500427,-0.000002,8.141970,8.318246,0.181045
1238.000000,115.085208,520.113418,-0.000001,8.147966,8.326261,0.189391
1240.000000,117.050559,519.725748,-0.000001,8.153942,8.334252,0.197105
1242.000000,119.014583,519.338335,-0.000001,8.159920,8.342183,0.203917
1244.000000,120.976616,518.951309,-0.000001,8.165932,8.350209,0.209495
1246.000000,122.938650,518.564277,-0.000001,8.172006,8.358499,0.213646
1248.000000,124.900681,518.177240,-0.000001,8.178048,8.366948,0.216362
1250.000000,126.862712,517.790198,-0.000001,8.183891,8.375284,0.217668
1252.000000,128.824741,517.403152,-0.000001,8.189485,8.383350,0.217717
1254.000000,130.786770,517.016103,-0.000001,8.195054,8.391279,0.216719
1256.000000,132.748798,516.629048,-0.000001,8.200846,8.399242,0.214875
1258.000000,134.710825,516.241989,-0.000001,8.206864,8.407257,0.212394
1260.000000,136.672852,515.854926,-0.000001,8.212943,8.415235,0.209505
1262.000000,138.634878,515.467860,-0.000001,8.218966,8.423158,0.206420
1264.000000,140.596903,515.080791,-0.000001,8.224943,8.431184,0.203283
1266.000000,142.558928,514.693719,-0.000001,8.230908,8.439472,0.200210
1268.000000,144.520952,514.306643,-0.000001,8.236896,8.447923,0.197316
1270.000000,146.482975,513.919565,-0.000001,8.242940,8.456259,0.194676
1272.000000,148.444998,513.532484,-0.000001,8.249018,8.464326,0.192298
1274.000000,150.407020,513.145400,-0.000001,8.254982,8.472254,0.190153
1276.000000,152.369042,512.758315,-0.000001,8.260687,8.480218,0.188186
1278.000000,154.331064,512.371228,-0.000000,8.266234,8.488233,0.186294
1280.000000,156.293086,511.984138,-0.000000,8.271891,8.496211,0.184325
1282.000000,158.255106,511.597048,-0.000000,8.277813,8.504134,0.182088
1284.000000,160.217127,511.209956,-0.000000,8.283883,8.512159,0.179295
1286.000000,162.179147,510.822862,-0.000000,8.289940,8.520447,0.175610
1288.000000,164.141167,510.435769,-0.000000,8.295936,8.528897,0.170696
1290.000000,166.103187,510.048674,-0.000000,8.301903,8.537234,0.164339
1292.000000,168.065208,509.661579,-0.000000,8.307874,8.545302,0.156423
1294.000000,170.027228,509.274483,-0.000000,8.313886,8.553230,0.146873
1296.000000,171.989248,508.887387,-0.000000,8.319959,8.561193,0.135826
1298.000000,173.951268,508.500291,0.000000,8.326003,8.569208,0.123738
1300.000000,175.913288,508.113195,0.000000,8.331848,8.577187,0.111131
1302.000000,177.875308,507.726101,0.000000,8.337443,8.585110,0.098314
1304.000000,179.837328,507.339007,0.000000,8.343011,8.593134,0.085300
1306.000000,181.799349,506.951914,0.000000,8.348801,8.601421,0.072000
1308.000000,183.764635,506.564177,0.000000,8.354828,8.609886,0.058261
1310.000000,185.728694,506.176683,0.000000,8.360914,8.618231,0.043977
1312.000000,187.690715,505.789593,0.000001,8.366937,8.626299,0.029023
1314.000000,189.652737,505.402506,0.000000,8.372914,8.634227,0.013254
1316.000000,191.614759,505.015420,0.000000,8.378879,8.642190,-0.003359
1318.000000,193.576781,504.628336,0.000001,8.384866,8.650206,-0.020610
1320.000000,195.538804,504.241255,0.000001,8.390910,8.658184,-0.038193
1322.000000,197.500827,503.854175,0.000001,8.396989,8.666108,-0.055871
1324.000000,199.462851,503.467099,0.000001,8.402954,8.674132,-0.073566
1326.000000,201.424875,503.080026,0.000001,8.408660,8.682418,-0.091263
1328.000000,203.386900,502.692955,0.000001,8.414207,8.690869,-0.108967
1330.000000,205.348926,502.305888,0.000001,8.419863,8.699206,-0.126698
1332.000000,207.310952,501.918825,0.000001,8.425784,8.707274,-0.144477
1334.000000,209.272979,501.531765,0.000001,8.431853,8.715203,-0.162336
1336.000000,211.235007,501.144709,0.000001,8.437910,8.723166,-0.180376
1338.000000,213.197035,500.757657,0.000001,8.443907,8.731181,-0.198791
1340.000000,215.159065,500.370609,0.000001,8.449873,8.739160,-0.217805
1342.000000,217.121095,499.983567,0.000001,8.455845,8.747083,-0.237551
1344.000000,219.083127,499.596528,0.000001,8.461856,8.755107,-0.257966
1346.000000,221.045159,499.209495,0.000001,8.467929,8.763392,-0.279025
1348.000000,223.007193,498.822467,0.000001,8.473973,8.771842,-0.300725
1350.000000,224.969227,498.435444,0.000001,8.479819,8.780181,-0.323042
1352.000000,226.931262,498.048426,0.000002,8.485416,8.788250,-0.346030
1354.000000,228.893299,497.661415,0.000002,8.490983,8.796179,-0.369796
1356.000000,230.855336,497.274410,0.000002,8.496771,8.804141,-0.394456
1358.000000,232.817375,496.887411,0.000002,8.502787,8.812156,-0.420176
1360.000000,234.779417,496.500418,0.000002,8.508867,8.820134,-0.447334
1362.000000,236.741457,496.113431,0.000002,8.514891,8.828058,-0.476201
1364.000000,238.703500,495.726452,0.000002,8.520868,8.836081,-0.505754
1366.000000,240.665545,495.339479,0.000002,8.526832,8.844366,-0.534984
1368.000000,242.627590,494.952514,0.000002,8.532819,8.852816,-0.563921
1370.000000,244.589637,494.565555,0.000002,8.538863,8.861155,-0.592586
1372.000000,246.551686,494.178605,0.000002,8.544941,8.869224,-0.620828
1374.000000,248.513736,493.791661,0.000002,8.550907,8.877154,-0.648483
1376.000000,250.479003,493.404093,0.000002,8.556624,8.885128,-0.675394
1378.000000,252.443145,493.016754,0.000002,8.562178,8.893152,-0.701297
1380.000000,254.405200,492.629836,0.000002,8.567833,8.901130,-0.726106
1382.000000,256.367257,492.242926,0.000002,8.573755,8.909054,-0.749757
1384.000000,258.329315,491.856025,0.000002,8.579822,8.917077,-0.772010
1386.000000,260.291376,491.469133,0.000002,8.585873,8.925360,-0.792986
1388.000000,262.253437,491.082250,0.000002,8.591865,8.933808,-0.813776
1390.000000,264.215501,490.695377,0.000002,8.597845,8.942150,-0.834969
1392.000000,266.177566,490.308513,0.000002,8.603843,8.950228,-0.856654
1394.000000,268.139634,489.921659,0.000003,8.609844,8.958154,-0.879776
1396.000000,270.101705,489.534815,0.000003,8.615827,8.966091,-0.905083
1398.000000,272.063776,489.147981,0.000003,8.621812,8.974090,-0.932377
1400.000000,274.025850,488.761158,0.000003,8.627848,8.982119,-0.961281
1402.000000,275.987926,488.374346,0.000003,8.633925,8.990143,-0.991481
1404.000000,277.950003,487.987543,0.000003,8.639893,8.998127,-1.022837
1406.000000,279.912083,487.600753,0.000003,8.645603,9.006049,-1.055250
1408.000000,281.874165,487.213973,0.000003,8.651150,9.013999,-1.088513
1410.000000,283.836250,486.827205,0.000003,8.656803,9.022148,-1.122297
1412.000000,285.798337,486.440448,0.000003,8.662721,9.030547,-1.156359
1414.000000,287.760426,486.053704,0.000003,8.668790,9.038975,-1.190529
1416.000000,289.722518,485.666971,0.000003,8.674847,9.047178,-1.224540
1418.000000,291.684612,485.280249,0.000003,8.680843,9.055154,-1.258106
1420.000000,293.646708,484.893541,0.000003,8.686809,9.063083,-1.291012
1422.000000,295.608806,484.506846,0.000003,8.692780,9.071080,-1.323124
1424.000000,297.570908,484.120163,0.000003,8.698791,9.079088,-1.354360
1426.000000,299.533012,483.733493,0.000003,8.704863,9.087029,-1.384663
1428.000000,301.495119,483.346837,0.000003,8.710908,9.094976,-1.414077
1430.000000,303.457228,482.960194,0.000003,8.716756,9.103117,-1.442712
1432.000000,305.419340,482.573565,0.000003,8.722354,9.111513,-1.470785
1434.000000,307.381455,482.186950,0.000004,8.727920,9.119944,-1.498610
1436.000000,309.343572,481.800349,0.000004,8.733705,9.128148,-1.526488
1438.000000,311.305692,481.413761,0.000004,8.739719,9.136124,-1.554613
1440.000000,313.267815,481.027189,0.000004,8.745798,9.144053,-1.582980
1442.000000,315.229942,480.640632,0.000004,8.751822,9.152050,-1.611529
1444.000000,317.192071,480.254088,0.000003,8.757799,9.160057,-1.640231
1446.000000,319.159506,479.866513,0.000003,8.763780,9.168019,-1.669200
1448.000000,321.121640,479.479993,0.000002,8.769766,9.175968,-1.698319
1450.000000,323.083775,479.093479,0.000001,8.775808,9.184107,-1.727640
1452.000000,325.045910,478.706968,-0.000000,8.781886,9.192503,-1.756992
1454.000000,327.008044,478.320455,-0.000001,8.787854,9.200933,-1.785986
1456.000000,328.970178,477.933936,-0.000002,8.793565,9.209138,-1.813944
1458.000000,330.932309,477.547407,-0.000003,8.799112,9.217114,-1.839928
1460.000000,332.894439,477.160865,-0.000004,8.804763,9.225043,-1.862779
1462.000000,334.856564,476.774306,-0.000005,8.810679,9.233039,-1.881168
1464.000000,336.818686,476.387726,-0.000006,8.816747,9.241047,-1.893734
1466.000000,338.780804,476.001121,-0.000007,8.822805,9.248988,-1.898994
1468.000000,340.742914,475.614486,-0.000008,8.828801,9.256936,-1.895002
1470.000000,342.705019,475.227819,-0.000009,8.834767,9.265074,-1.879393
1472.000000,344.667116,474.841115,-0.000010,8.840739,9.273470,-1.849199
1474.000000,346.629205,474.454371,-0.000011,8.846748,9.281901,-1.800825
1476.000000,348.591286,474.067586,-0.000013,8.852820,9.290106,-1.730459
1478.000000,350.553357,473.680751,-0.000015,8.858865,9.298083,-1.634601
1480.000000,352.515418,473.293856,-0.000014,8.864716,9.306013,-1.510584
1482.000000,354.477465,472.906900,-0.000011,8.870317,9.314014,-1.356210
1484.000000,356.439504,472.519900,-0.000013,8.875883,9.322021,-1.169258
1486.000000,358.401536,472.132870,-0.000030,8.881661,9.329950,-0.947255
1488.000000,360.363549,471.745737,-0.000063,8.887672,9.337890,-0.687109
1490.000000,362.325516,471.358372,-0.000116,8.893760,9.346053,-0.385497
1492.000000,364.287399,470.970583,-0.000190,8.899803,9.354500,-0.039436
1494.000000,366.249136,470.582053,-0.000270,8.905775,9.362915,0.351711
1496.000000,368.210658,470.192443,-0.000335,8.911685,9.370956,0.785136
1498.000000,370.171915,469.801501,-0.000316,8.917634,9.378822,1.260881
1500.000000,372.132873,469.409053,-0.000005,8.923798,9.387102,1.780407
1502.000000,374.093709,469.015986,0.000706,8.930122,9.395816,2.346695
1504.000000,376.055074,468.625591,0.001551,8.936013,9.403586,2.967543
1506.000000,378.017695,468.241558,0.002222,8.940932,9.409177,3.653560
1508.000000,379.982054,467.866478,0.002209,8.945937,9.415513,4.414932
1510.000000,381.948432,467.502026,0.000027,8.953222,9.428489,5.260499
1512.000000,383.915646,467.142074,-0.005111,8.962484,9.446795,6.172621
1514.000000,385.879228,466.762922,-0.011635,8.967406,9.451842,7.105701
1516.000000,387.833757,466.337385,-0.017910,8.962580,9.427974,8.020103
1518.000000,389.771820,465.841630,-0.024142,8.963272,9.421708,8.884397
1520.000000,391.684503,465.254164,-0.031844,8.999904,9.525324,9.665636
1522.000000,393.557875,464.549027,-0.041885,9.083960,9.786698,10.300839
1524.000000,395.361793,463.692179,-0.053096,9.179251,10.140076,10.740705
1526.000000,397.065817,462.648590,-0.064978,9.247202,10.500623,10.998028
1528.000000,398.620089,461.396385,-0.075782,9.320525,10.828959,11.103961
1530.000000,399.961782,459.917970,-0.077617,9.483784,11.121499,11.120953
1532.000000,401.043942,458.237161,-0.067249,9.768418,11.378324,11.085446
1534.000000,401.889845,456.427415,-0.052806,10.100378,11.603393,10.935814
1536.000000,402.545152,454.539530,-0.040841,10.405421,11.807154,10.647873
1538.000000,403.045633,452.605141,-0.031319,10.696732,12.025135,10.238550
1540.000000,403.426846,450.641445,-0.024396,11.029423,12.303356,9.740751
1542.000000,403.716045,448.662058,-0.020415,11.391629,12.610128,9.221476
1544.000000,403.924924,446.672455,-0.017871,11.656976,12.782026,8.712236
1546.000000,404.062553,444.676937,-0.015522,11.707512,12.668013,8.227484
1548.000000,404.138183,442.678260,-0.013297,11.583656,12.314978,7.778242
1550.000000,404.161097,440.678284,-0.011490,11.410842,11.876906,7.372396
1552.000000,404.138792,438.678425,-0.010225,11.259734,11.460913,7.015043
1554.000000,404.075825,436.679428,-0.009412,11.110148,11.094580,6.704207
1556.000000,403.975850,434.681935,-0.009034,10.934202,10.793030,6.435969
1558.000000,403.840099,432.686588,-0.008925,10.730070,10.565709,6.205037
1560.000000,403.668637,430.694024,-0.008777,10.507928,10.418428,6.005053
1562.000000,403.462026,428.704793,-0.008521,10.270983,10.335055,5.831096
1564.000000,403.221638,426.719319,-0.008425,10.011643,10.266865,5.680678
1566.000000,402.948473,424.738072,-0.008751,9.733128,10.176133,5.553702
1568.000000,402.640965,422.761904,-0.009101,9.501594,10.104009,5.449268
1570.000000,402.296421,420.791824,-0.008497,9.410882,10.127726,5.366195
1572.000000,401.916627,418.828135,-0.007099,9.482039,10.267851,5.307325
1574.000000,401.510634,416.869994,-0.008551,9.621592,10.455231,5.282949
1576.000000,401.081161,414.917772,-0.016603,9.737020,10.621798,5.294516
1578.000000,400.591673,412.979189,-0.029689,9.822538,10.769287,5.301715
1580.000000,399.988874,411.074048,-0.044810,9.913037,10.931420,5.254359
1582.000000,399.219620,409.227708,-0.060559,10.016007,11.105177,5.117461
1584.000000,398.232090,407.492648,-0.068291,10.093172,11.226743,4.859651
1586.000000,396.994211,405.923000,-0.058181,10.111055,11.242692,4.401840
1588.000000,395.574659,404.516571,-0.037059,10.086676,11.184614,3.671064
1590.000000,394.059354,403.213068,-0.018616,10.058294,11.119690,2.752819
1592.000000,392.500268,401.959612,-0.006617,10.043548,11.078857,1.781652
1594.000000,390.926624,400.725431,0.000468,10.034684,11.048507,0.838048
1596.000000,389.359578,399.485151,0.002749,10.023336,11.013950,-0.023938
1598.000000,387.799737,398.232883,0.002007,10.008981,10.974291,-0.798590
1600.000000,386.244338,396.974753,0.001130,9.994114,10.933976,-1.497778
1602.000000,384.691660,395.714252,0.000917,9.980014,10.895135,-2.128454
1604.000000,383.141495,394.451116,0.000887,9.966381,10.856893,-2.690221
1606.000000,381.593687,393.184926,0.000677,9.952823,10.818309,-3.175181
1608.000000,380.047569,391.916453,0.000347,9.939233,10.779453,-3.583047
1610.000000,378.502260,390.646968,0.000063,9.925622,10.740786,-3.932157
1612.000000,376.957065,389.377416,-0.000125,9.912013,10.702435,-4.241549
1614.000000,375.411544,388.108296,-0.000232,9.898447,10.664096,-4.519145
1616.000000,373.865355,386.839976,-0.000261,9.884936,10.625496,-4.766824
1618.000000,372.318465,385.572495,-0.000239,9.871354,10.586662,-4.984155
1620.000000,370.766792,384.302322,-0.000214,9.857501,10.547639,-5.171654
1622.000000,369.218770,383.036225,-0.000199,9.843469,10.508778,-5.329820
1624.000000,367.670246,381.770747,-0.000188,9.829481,10.470096,-5.460703
1626.000000,366.121245,380.505853,-0.000174,9.815748,10.431660,-5.565608
1628.000000,364.571802,379.241499,-0.000157,9.802201,10.393311,-5.645820
1630.000000,363.021962,377.977631,-0.000141,9.788656,10.354802,-5.702982
1632.000000,361.471765,376.714201,-0.000126,9.775045,10.316045,-5.738693
1634.000000,359.921251,375.451161,-0.000111,9.761447,10.277144,-5.754023
1636.000000,358.370454,374.188467,-0.000096,9.747913,10.238229,-5.749447
1638.000000,356.819416,372.926069,-0.000080,9.734329,10.199426,-5.724774
1640.000000,355.268175,371.663922,-0.000065,9.720517,10.160856,-5.679901
1642.000000,353.716769,370.401976,-0.000050,9.706485,10.122483,-5.614872
1644.000000,352.165238,369.140186,-0.000034,9.692481,10.084072,-5.530542
1646.000000,350.613620,367.878501,-0.000019,9.678717,10.045425,-5.429009
1648.000000,349.061955,366.616876,-0.000004,9.665161,10.006572,-5.312952
1650.000000,347.510279,365.355262,0.000012,9.651685,9.967642,-5.185209
1652.000000,345.958633,364.093613,0.000027,9.638157,9.928763,-5.048437
1654.000000,344.407054,362.831879,0.000042,9.624447,9.890062,-4.904595
1656.000000,342.855582,361.570016,0.000058,9.610482,9.851612,-4.755210
1658.000000,341.304256,360.307974,0.000073,9.596434,9.813253,-4.601837
1660.000000,339.753113,359.045705,0.000088,9.582562,9.774737,-4.446004
1662.000000,338.202194,357.783163,0.000103,9.568943,9.735974,-4.288916
1664.000000,336.651535,356.520299,0.000119,9.555414,9.697071,-4.131302
1666.000000,335.101177,355.257067,0.000134,9.541829,9.658156,-3.973300
1668.000000,333.551157,353.993418,0.000150,9.528212,9.619358,-3.814995
1670.000000,332.001516,352.729307,0.000165,9.514652,9.580794,-3.656656
1672.000000,330.452292,351.464684,0.000180,9.501119,9.542430,-3.499101
1674.000000,328.903524,350.199505,0.000195,9.487441,9.504032,-3.343407
1676.000000,327.355249,348.933720,0.000211,9.473495,9.465400,-3.190646
1678.000000,325.807508,347.667283,0.000226,9.459448,9.426566,-3.043509
1680.000000,324.260340,346.400145,0.000241,9.445573,9.387652,-2.905126
1682.000000,322.713783,345.132262,0.000256,9.431955,9.348792,-2.775037
1684.000000,321.167875,343.863587,0.000271,9.418441,9.310123,-2.652001
1686.000000,319.622654,342.594077,0.000288,9.404887,9.271721,-2.534647
1688.000000,318.073990,341.320241,0.000304,9.391246,9.233292,-2.421033
1690.000000,316.530281,340.048892,0.000316,9.377639,9.194760,-2.310436
1692.000000,314.987381,338.776561,0.000324,9.364051,9.155974,-2.201864
1694.000000,313.445300,337.503238,0.000347,9.350468,9.117190,-2.095120
1696.000000,311.904075,336.228879,0.000401,9.336825,9.078589,-1.990167
1698.000000,310.363858,334.953302,0.000484,9.322841,9.039882,-1.886691
1700.000000,308.824859,333.676253,0.000592,9.308209,9.000650,-1.784403
1702.000000,307.287353,332.397409,0.000725,9.293668,8.961464,-1.684150
1704.000000,305.751700,331.116340,0.000864,9.281317,8.924185,-1.587610
1706.000000,304.218268,329.832611,0.000999,9.271799,8.889344,-1.495726
1708.000000,302.687407,328.545818,0.001131,9.258954,8.851250,-1.408458
1710.000000,301.159460,327.255565,0.001263,9.234094,8.801892,-1.325598
1712.000000,299.634776,325.961458,0.001397,9.193804,8.737978,-1.246767
1714.000000,298.113714,324.663094,0.001532,9.141674,8.662493,-1.171486
1716.000000,296.596636,323.360077,0.001666,9.081935,8.579146,-1.099269
1718.000000,295.083907,322.052012,0.001800,9.018227,8.491781,-1.029710
1720.000000,293.575896,320.738508,0.001935,8.953851,8.404187,-0.962553
1722.000000,292.072979,319.419178,0.002071,8.890500,8.318106,-0.897447
1724.000000,290.575540,318.093635,0.002206,8.827730,8.232551,-0.834040
1726.000000,289.083962,316.761495,0.002341,8.764967,8.146479,-0.772217
1728.000000,287.598637,315.422388,0.002476,8.702122,8.059925,-0.712038
1730.000000,286.119956,314.075947,0.002614,8.639309,7.973381,-0.653631
1732.000000,284.648330,312.721795,0.002756,8.576521,7.887160,-0.597312
1734.000000,283.184193,311.359549,0.002891,8.513592,7.801329,-0.543780
1736.000000,281.727971,309.988839,0.003007,8.450396,7.715779,-0.493815
1738.000000,280.280031,308.609385,0.003081,8.387061,7.629734,-0.448254
1740.000000,278.840696,307.220962,0.003060,8.323813,7.542250,-0.408001
1742.000000,277.409986,305.823649,0.002934,8.260803,7.454310,-0.374260
1744.000000,275.987508,304.417953,0.002769,8.198071,7.369439,-0.348320
1746.000000,274.572827,303.004415,0.002609,8.135484,7.288985,-0.330892
1748.000000,273.165538,301.583521,0.002455,8.072223,7.203903,-0.322033
1750.000000,271.765246,300.155732,0.002301,8.007331,7.102283,-0.321433
1752.000000,270.371542,298.721513,0.002144,7.942370,6.997389,-0.328804
1754.000000,268.984002,297.281331,0.001986,7.882163,6.935059,-0.343985
1756.000000,267.602194,295.835650,0.001830,7.830350,6.950619,-0.366902
1758.000000,266.225681,294.384928,0.001670,7.784207,7.021395,-0.397736
1760.000000,264.850324,292.925672,0.001514,7.738490,7.102644,-0.437371
1762.000000,263.483096,291.466197,0.001360,7.691555,7.170790,-0.486517
1764.000000,262.119842,290.003011,0.001202,7.645541,7.231150,-0.546208
1766.000000,260.760115,288.536549,0.001042,7.601763,7.291437,-0.617404
1768.000000,259.403447,287.067255,0.000883,7.555900,7.358024,-0.700917
1770.000000,258.049366,285.595577,0.000735,7.502164,7.435769,-0.796977
1772.000000,256.697437,284.121922,0.000596,7.448465,7.512550,-0.905016
1774.000000,255.347280,282.646645,0.000435,7.420105,7.554755,-1.024286
1776.000000,253.998463,281.170143,0.000228,7.436146,7.537296,-1.154475
1778.000000,252.650329,279.693017,0.000087,7.482365,7.479596,-1.295748
1780.000000,251.302182,278.215904,0.000250,7.531849,7.418026,-1.448723
1782.000000,249.954412,276.738449,0.000775,7.571612,7.369956,-1.612705
1784.000000,248.608861,275.258967,0.001515,7.606931,7.327847,-1.785071
1786.000000,247.267661,273.775524,0.002386,7.643821,7.283265,-1.962883
1788.000000,245.933502,272.285751,0.003329,7.683024,7.235431,-2.142366
1790.000000,244.609310,270.787101,0.004264,7.723084,7.186726,-2.319342
1792.000000,243.297968,269.277171,0.005172,7.762614,7.138882,-2.489805
1794.000000,242.002295,267.753764,0.006104,7.800370,7.092697,-2.650070
1796.000000,240.725207,266.214688,0.007104,7.836133,7.048033,-2.796477
1798.000000,239.470088,264.657652,0.008092,7.874101,7.001138,-2.925061
1800.000000,238.240494,263.080357,0.008904,7.919735,6.947283,-3.032034
1802.000000,237.039393,261.481197,0.009461,7.967198,6.892156,-3.114653
1804.000000,235.868933,259.859510,0.009684,7.995664,6.855268,-3.171300
1806.000000,234.730658,258.215096,0.009459,7.988062,6.852613,-3.201051
1808.000000,233.623898,256.549261,0.008947,7.949858,6.879209,-3.205305
1810.000000,232.547066,254.863929,0.008424,7.895437,6.921752,-3.185963
1812.000000,231.498722,253.160777,0.007965,7.834911,6.970637,-3.144428
1814.000000,230.477640,251.441154,0.007522,7.772904,7.021009,-3.081736
1816.000000,229.482577,249.706365,0.007062,7.712395,7.069650,-2.998880
1818.000000,228.512120,247.957687,0.006591,7.652153,7.117798,-2.896880
1820.000000,227.564792,246.196382,0.006124,7.589619,7.168115,-2.776727
1822.000000,226.639104,244.423628,0.005665,7.526542,7.219041,-2.639311
1824.000000,225.733554,242.640502,0.005216,7.469783,7.263997,-2.485561
1826.000000,224.846645,240.848047,0.004778,7.425554,7.297000,-2.316412
1828.000000,223.976897,239.047205,0.004348,7.395787,7.316088,-2.132494
1830.000000,223.122838,237.238875,0.003923,7.380616,7.321001,-1.934320
1832.000000,222.282991,235.423909,0.003502,7.376753,7.314875,-1.722247
1834.000000,221.455873,233.603108,0.003083,7.376912,7.304812,-1.495998
1836.000000,220.639998,231.777250,0.002667,7.375096,7.296668,-1.254776
1838.000000,219.833870,229.947070,0.002253,7.371694,7.290089,-0.997563
1840.000000,219.035993,228.113279,0.001841,7.369323,7.282556,-0.723213
1842.000000,218.244873,226.276569,0.001432,7.367789,7.274391,-0.430452
1844.000000,217.459020,224.437598,0.001022,7.363450,7.269395,-0.118026
1846.000000,216.676932,222.597025,0.000606,7.352209,7.271919,0.215084
1848.000000,215.897080,220.755505,0.000192,7.329491,7.287157,0.569784
1850.000000,215.117921,218.913691,-0.000208,7.290880,7.320238,0.946919
1852.000000,214.337975,217.072211,-0.000600,7.237809,7.369597,1.347356
1854.000000,213.555843,215.231657,-0.001025,7.179119,7.425191,1.771954
1856.000000,212.769111,213.390496,-0.001518,7.122521,7.478224,2.221831
1858.000000,211.976536,211.551090,-0.001992,7.068286,7.528325,2.696190
1860.000000,211.177615,209.717758,-0.002263,7.013799,7.578413,3.193233
1862.000000,210.370103,207.888187,-0.002423,6.958279,7.629657,3.714261
1864.000000,209.554172,206.062359,-0.003253,6.903609,7.680689,4.260940
1866.000000,208.728267,204.241053,-0.005456,6.850771,7.730658,4.828996
1868.000000,207.883342,202.428449,-0.008987,6.796131,7.781772,5.402367
1870.000000,207.007098,200.630326,-0.013883,6.734953,7.836990,5.962545
1872.000000,206.082696,198.856379,-0.019929,6.672919,7.892666,6.480183
1874.000000,205.090780,197.125538,-0.025617,6.627836,7.937426,6.925344
1876.000000,204.006320,195.443257,-0.029887,6.612282,7.963407,7.286926
1878.000000,202.822607,193.829556,-0.032298,6.618929,7.975388,7.561775
1880.000000,201.534804,192.298983,-0.031611,6.633963,7.982329,7.749237
1882.000000,200.153457,190.858850,-0.027982,6.650087,7.988568,7.863571
1884.000000,198.689432,189.493633,-0.023943,6.666684,7.993867,7.919626
1886.000000,197.163496,188.199398,-0.021100,6.683377,7.998206,7.927322
1888.000000,195.585164,186.970571,-0.019268,6.699512,8.003653,7.894826
1890.000000,193.963066,185.803885,-0.018429,6.714437,8.012585,7.828837
1892.000000,192.300552,184.697114,-0.018449,6.729451,8.022019,7.733664
1894.000000,190.595762,183.650721,-0.018724,6.748085,8.022816,7.609653
1896.000000,188.852805,182.669177,-0.018853,6.772802,8.008403,7.456666
1898.000000,187.074000,181.754117,-0.018839,6.801642,7.983795,7.274933
1900.000000,185.261972,180.906766,-0.018767,6.831220,7.957686,7.065406
1902.000000,183.419414,180.128074,-0.018646,6.860314,7.932871,6.829866
1904.000000,181.549094,179.418690,-0.018429,6.889970,7.905959,6.569860
1906.000000,179.653846,178.778930,-0.018069,6.920504,7.875966,6.286713
1908.000000,177.736689,178.208145,-0.017548,6.949504,7.850592,5.982835
1910.000000,175.800693,177.705279,-0.016796,6.974016,7.839292,5.661237
1912.000000,173.848848,177.268021,-0.015892,6.993631,7.843677,5.326100
1914.000000,171.889411,176.893850,-0.014960,7.010116,7.858493,4.983686
1916.000000,169.914454,176.577383,-0.014099,7.025202,7.878906,4.637165
1918.000000,167.931378,176.316722,-0.013337,7.039695,7.901819,4.291886
1920.000000,165.942100,176.108998,-0.012613,7.054205,7.924766,3.951301
1922.000000,163.948251,175.951478,-0.011936,7.068902,7.946477,3.617718
1924.000000,161.951201,175.841551,-0.011320,7.083580,7.966746,3.291722
1926.000000,159.952220,175.776751,-0.010778,7.098131,7.986309,2.972991
1928.000000,157.952324,175.755030,-0.010235,7.112814,8.008488,2.660287
1930.000000,155.952440,175.774412,-0.009574,7.127915,8.036423,2.352135
1932.000000,153.953314,175.832250,-0.008778,7.142830,8.062496,2.048058
1934.000000,151.955511,175.925219,-0.007885,7.156104,8.068753,1.748666
1936.000000,149.959484,176.049797,-0.006909,7.166814,8.044067,1.454778
1938.000000,147.965374,176.201977,-0.005887,7.175880,8.000742,1.167751
1940.000000,145.973211,176.377608,-0.004867,7.184706,7.957133,0.889129
1942.000000,143.982877,176.572604,-0.003848,7.193924,7.920069,0.620007
1944.000000,141.994104,176.782943,-0.002792,7.203424,7.885407,0.361162
1946.000000,140.006568,177.004480,-0.001684,7.213064,7.849516,0.113204
1948.000000,138.019788,177.232686,-0.000712,7.222747,7.812428,-0.122841
1950.000000,136.033265,177.463135,-0.000177,7.232399,7.775147,-0.345640
1952.000000,134.046764,177.693749,-0.000086,7.242024,7.738133,-0.556091
1954.000000,132.058156,177.924856,-0.000223,7.251715,7.701321,-0.757235
1956.000000,130.068535,178.156802,-0.000486,7.261472,7.664679,-0.951654
1958.000000,128.082365,178.390263,-0.000799,7.271067,7.628249,-1.141931
1960.000000,126.096582,178.626960,-0.001075,7.280293,7.591908,-1.331323
1962.000000,124.111317,178.867982,-0.001319,7.289354,7.555327,-1.522456
1964.000000,122.126684,179.114195,-0.001603,7.298799,7.517965,-1.717736
1966.000000,120.142828,179.366639,-0.001962,7.308776,7.480098,-1.920067
1968.000000,118.159986,179.626871,-0.002245,7.318299,7.444222,-2.133459
1970.000000,116.178396,179.896424,-0.002215,7.326358,7.412642,-2.362042
1972.000000,114.198064,180.175135,-0.001808,7.334629,7.379978,-2.608009
1974.000000,112.218794,180.461310,-0.000943,7.347072,7.334305,-2.872040
1976.000000,110.240198,180.752042,0.000475,7.366213,7.268049,-3.152883
1978.000000,108.261362,181.041118,0.002183,7.390106,7.187115,-3.445239
1980.000000,106.281245,181.321436,0.003857,7.415736,7.100661,-3.742951
1982.000000,104.298996,181.586355,0.005457,7.441789,7.013077,-4.040403
1984.000000,102.313959,181.829689,0.007111,7.468540,6.924277,-4.332394
1986.000000,100.325599,182.044992,0.008898,7.495963,6.834539,-4.613443
1988.000000,98.333751,182.224917,0.010674,7.522760,6.746203,-4.877393
1990.000000,96.338413,182.361944,0.012202,7.547549,6.661645,-5.118615
1992.000000,94.340221,182.449904,0.013403,7.572400,6.576540,-5.333320
1994.000000,92.340444,182.483986,0.014172,7.602654,6.480233,-5.518773
1996.000000,90.340479,182.460564,0.014408,7.637952,6.373540,-5.673821
1998.000000,88.341961,182.379300,0.014351,7.660491,6.292357,-5.800166
2000.000000,86.346590,182.240788,0.014295,7.649819,6.277894,-5.899489
2002.000000,84.356022,182.045361,0.014287,7.608376,6.325169,-5.973000
2004.000000,82.371868,181.793120,0.014260,7.558076,6.389904,-6.021482
2006.000000,80.395722,181.484300,0.014188,7.514839,6.440029,-6.045836
2008.000000,78.431182,181.119919,0.014089,7.476743,6.479775,-6.046832
2010.000000,76.478873,180.700667,0.013946,7.438164,6.520849,-6.025194
2012.000000,74.535797,180.226371,0.013794,7.397977,6.565758,-5.981486
2014.000000,72.606527,179.698679,0.013702,7.358649,6.609904,-5.916591
2016.000000,70.692417,179.118426,0.013682,7.324517,6.646839,-5.831033
2018.000000,68.794888,178.486056,0.013731,7.304040,6.666397,-5.724613
2020.000000,66.915393,177.801896,0.013853,7.305181,6.659289,-5.597079
2022.000000,65.055547,177.065994,0.014044,7.324110,6.630529,-5.447455
2024.000000,63.217086,176.278188,0.014296,7.348175,6.595837,-5.274278
2026.000000,61.401846,175.438213,0.014612,7.368230,6.566512,-5.075952
2028.000000,59.611901,174.545579,0.014991,7.385124,6.541305,-4.850416
2030.000000,57.849425,173.599727,0.015443,7.401902,6.516199,-4.595423
2032.000000,56.116955,172.599955,0.015892,7.419781,6.489348,-4.308444
2034.000000,54.417343,171.545455,0.016044,7.438410,6.460801,-3.986281
2036.000000,52.752858,170.436333,0.015704,7.455938,6.434670,-3.626033
2038.000000,51.124083,169.275281,0.015058,7.466648,6.425844,-3.227984
2040.000000,49.531103,168.065683,0.014309,7.464650,6.449858,-2.794367
2042.000000,47.973479,166.810982,0.013506,7.451830,6.502107,-2.328068
2044.000000,46.450330,165.514667,0.012673,7.436371,6.561642,-1.832773
2046.000000,44.960592,164.180184,0.011818,7.423902,6.613886,-1.312562
2048.000000,43.502810,162.810856,0.010953,7.412961,6.661975,-0.771923
2050.000000,42.075405,161.409954,0.010083,7.400881,6.712179,-0.215628
2052.000000,40.676561,159.980572,0.009213,7.388172,6.763815,0.351447
2054.000000,39.304287,158.525670,0.008349,7.377608,6.811238,0.924407
2056.000000,37.956517,157.048102,0.007495,7.371293,6.850103,1.498594
2058.000000,36.631039,155.550501,0.006651,7.369657,6.879387,2.068953
2060.000000,35.325606,154.035429,0.005816,7.372602,6.899131,2.630635
2062.000000,34.037885,152.505297,0.004992,7.378568,6.912410,3.179517
2064.000000,32.765492,150.962397,0.004186,7.385038,6.924291,3.711907
2066.000000,31.506049,149.408938,0.003401,7.390444,6.938062,4.223911
2068.000000,30.257200,147.846949,0.002611,7.395345,6.953012,4.711346
2070.000000,29.016571,146.278435,0.001788,7.400603,6.967797,5.169680
2072.000000,27.781588,144.705481,0.000973,7.406267,6.982081,5.594759
2074.000000,26.549543,143.130220,0.000316,7.411830,6.996224,5.982842
2076.000000,25.318213,141.554404,-0.000097,7.417020,7.010494,6.332254
2078.000000,24.086503,139.978888,-0.000322,7.422141,7.024889,6.643263
2080.000000,22.853627,138.404284,-0.000394,7.427562,7.039345,6.916711
2082.000000,21.619401,136.830736,-0.000350,7.433219,7.053750,7.154708
2084.000000,20.384083,135.258045,-0.000292,7.438736,7.067958,7.359517
2086.000000,19.147887,133.686044,-0.000266,7.443928,7.081930,7.533107
2088.000000,17.910864,132.114694,-0.000254,7.449076,7.095884,7.677232
2090.000000,16.673033,130.543980,-0.000237,7.454519,7.110062,7.793614
2092.000000,15.434453,128.973858,-0.000212,7.460187,7.124472,7.883643
2094.000000,14.195209,127.404260,-0.000186,7.465713,7.138952,7.948289
2096.000000,12.955385,125.835120,-0.000163,7.470914,7.153381,7.988484
2098.000000,11.715049,124.266383,-0.000140,7.476072,7.167766,8.005425
2100.000000,10.474274,122.697995,-0.000117,7.481523,7.182143,8.000464
2102.000000,9.233129,121.129899,-0.000094,7.487198,7.196543,7.974888
2104.000000,7.991690,119.562035,-0.000071,7.492730,7.211002,7.929758
2106.000000,6.750030,117.994347,-0.000047,7.497934,7.225499,7.865839
2108.000000,5.508221,116.426778,-0.000024,7.503097,7.239884,7.783869
2110.000000,4.266335,114.859268,-0.000000,7.508552,7.254009,7.684660
2112.000000,3.024448,113.291760,0.000024,7.514229,7.267972,7.569035
2114.000000,1.782637,111.724192,0.000046,7.519760,7.282047,7.437984
2116.000000,0.540974,110.156507,0.000065,7.524962,7.296390,7.293608
2118.000000,-0.700484,108.588658,0.000079,7.530124,7.310871,7.139199
2120.000000,-1.941682,107.020604,0.000083,7.535578,7.325316,6.976919
2122.000000,-3.182614,105.452339,0.000078,7.541252,7.339706,6.807415
2124.000000,-4.426657,103.879643,0.000071,7.546792,7.354169,6.630344
2126.000000,-5.667124,102.311011,0.000065,7.551990,7.368646,6.446529
2128.000000,-6.907387,100.742216,0.000060,7.557148,7.383020,6.255273
2130.000000,-8.147459,99.173273,0.000055,7.562601,7.397133,6.056325
2132.000000,-9.387358,97.604191,0.000050,7.568271,7.411080,5.849458
2134.000000,-10.627100,96.034986,0.000044,7.573792,7.425131,5.634556
2136.000000,-11.866703,94.465671,0.000039,7.578986,7.439449,5.411597
2138.000000,-13.106184,92.896260,0.000034,7.584142,7.453914,5.180727
2140.000000,-14.345558,91.326764,0.000029,7.589591,7.468366,4.942279
2142.000000,-15.584843,89.757196,0.000023,7.595258,7.482754,4.696835
2144.000000,-16.824054,88.187572,0.000018,7.600778,7.497113,4.445162
2146.000000,-18.063210,86.617904,0.000012,7.605971,7.511475,4.188099
2148.000000,-19.302326,85.048205,0.000007,7.611124,7.525877,3.926410
2150.000000,-20.541421,83.478489,0.000002,7.616569,7.540339,3.660577
2152.000000,-21.780510,81.908768,-0.000003,7.622235,7.554772,3.390840
2154.000000,-23.019608,80.339055,-0.000009,7.627755,7.569008,3.117325
2156.000000,-24.258735,78.769363,-0.000014,7.632950,7.582994,2.840321
2158.000000,-25.497906,77.199706,-0.000019,7.638101,7.596948,2.560538
2160.000000,-26.737137,75.630098,-0.000025,7.643538,7.611123,2.278772
2162.000000,-27.976447,74.060551,-0.000030,7.649198,7.625526,1.995527
2164.000000,-29.215850,72.491078,-0.000035,7.654734,7.639994,1.711468
2166.000000,-30.455364,70.921693,-0.000041,7.659957,7.654407,1.427527
2168.000000,-31.695005,69.352408,-0.000046,7.665096,7.668773,1.144831
2170.000000,-32.934791,67.783238,-0.000051,7.670444,7.683127,0.864579
2172.000000,-34.174739,66.214194,-0.000057,7.676044,7.697502,0.588064
2174.000000,-35.414862,64.645291,-0.000062,7.681767,7.711935,0.316608
2176.000000,-36.655181,63.076541,-0.000067,7.687471,7.726405,0.051467
2178.000000,-37.895711,61.507959,-0.000073,7.693017,7.740766,-0.206170
2180.000000,-39.136468,59.939556,-0.000078,7.698291,7.754871,-0.455258
2182.000000,-40.377470,58.371347,-0.000083,7.703424,7.768812,-0.694786
2184.000000,-41.618732,56.803344,-0.000089,7.708722,7.782858,-0.923672
2186.000000,-42.860273,55.235561,-0.000094,7.714328,7.797172,-1.140860
2188.000000,-44.102109,53.668012,-0.000099,7.719965,7.811639,-1.345324
2190.000000,-45.344255,52.100710,-0.000105,7.725313,7.826097,-1.535944
2192.000000,-46.590090,50.529432,-0.000110,7.730457,7.840535,-1.712372
2194.000000,-47.832911,48.962663,-0.000115,7.735732,7.854904,-1.873210
2196.000000,-49.076092,47.396181,-0.000121,7.741334,7.869281,-2.018512
2198.000000,-50.319653,45.830001,-0.000127,7.746980,7.883699,-2.147924
2200.000000,-51.563614,44.264139,-0.000130,7.752336,7.898182,-2.261671
2202.000000,-52.807987,42.698603,-0.000121,7.757469,7.912640,-2.360026
2204.000000,-54.052771,41.133394,-0.000065,7.762747,7.926901,-2.442960
2206.000000,-55.297838,39.568411,0.000057,7.768353,7.940912,-2.510300
2208.000000,-56.542745,38.003300,0.000217,7.774003,7.954896,-2.562016
2210.000000,-57.786981,36.437655,0.000390,7.779359,7.969108,-2.599233
2212.000000,-59.030001,34.871044,0.000563,7.784491,7.983546,-2.623843
2214.000000,-60.271241,33.303023,0.000714,7.789773,7.998014,-2.637900
2216.000000,-61.510203,31.733199,0.000838,7.795383,8.012400,-2.642768
2218.000000,-62.746537,30.161306,0.000994,7.801024,8.026794,-2.638135
2220.000000,-63.979867,28.587061,0.001257,7.806346,8.041301,-2.622326
2222.000000,-65.209321,27.009784,0.001513,7.811453,8.055771,-2.592069
2224.000000,-66.433689,25.428531,0.001347,7.816765,8.069874,-2.541673
2226.000000,-67.653031,23.843368,0.000532,7.822452,8.083579,-2.464716
2228.000000,-68.870468,22.256812,-0.000685,7.828041,8.097583,-2.356878
2230.000000,-70.089861,20.671928,-0.002078,7.833033,8.112551,-2.215761
2232.000000,-71.315748,19.092009,-0.003690,7.837905,8.127498,-2.040290
2234.000000,-72.553199,17.520549,-0.005828,7.843845,8.140240,-1.827754
2236.000000,-73.808288,15.962628,-0.008585,7.850879,8.151069,-1.578776
2238.000000,-75.089515,14.427244,-0.010617,7.856064,8.166564,-1.298444
2240.000000,-76.404854,12.922975,-0.010023,7.855610,8.195077,-0.984868
2242.000000,-77.755007,11.444135,-0.009191,7.844033,8.248530,-0.615513
2244.000000,-79.123977,9.986843,-0.017195,7.814770,8.340864,-0.162509
2246.000000,-80.527207,8.562302,-0.038620,7.768680,8.471307,0.361178
2248.000000,-82.034664,7.248001,-0.063165,7.725289,8.601668,0.835563
2250.000000,-83.699298,6.149241,-0.079215,7.708472,8.685321,1.137798
2252.000000,-85.521087,5.331235,-0.084846,7.742331,8.679194,1.227366
2254.000000,-87.458021,4.844403,-0.075228,7.850091,8.544046,1.079499
2256.000000,-89.450754,4.681810,-0.048365,8.015669,8.307138,0.692821
2258.000000,-91.450651,4.710668,-0.021904,8.157299,8.106573,0.193122
2260.000000,-93.446972,4.800339,-0.012546,8.200148,8.068981,-0.258401
2262.000000,-95.441435,4.926783,-0.015894,8.149731,8.186676,-0.613308
2264.000000,-97.433984,5.119169,-0.020377,8.050510,8.386781,-0.876765
2266.000000,-99.414448,5.396510,-0.021993,7.952490,8.585316,-1.031951
2268.000000,-101.381110,5.761569,-0.021627,7.912782,8.683724,-1.044750
2270.000000,-103.327412,6.212773,-0.019736,7.975890,8.603905,-0.885322
2272.000000,-105.256739,6.742125,-0.017462,8.108906,8.396311,-0.527138
2274.000000,-107.166057,7.335608,-0.017373,8.238324,8.178602,0.040809
2276.000000,-109.055850,7.991223,-0.020789,8.296006,8.057770,0.810658
2278.000000,-110.918036,8.722467,-0.030296,8.222966,8.122790,1.725960
2280.000000,-112.737993,9.551597,-0.050311,7.986217,8.422292,2.669935
2282.000000,-114.465805,10.548148,-0.073785,7.681217,8.808002,3.423711
2284.000000,-116.019682,11.805382,-0.082157,7.459129,9.045695,3.868374
2286.000000,-117.321672,13.316898,-0.070737,7.385358,9.037297,4.086456
2288.000000,-118.402673,15.000058,-0.055614,7.397016,8.885425,4.154593
2290.000000,-119.298981,16.784269,-0.047787,7.429716,8.695676,4.100052
2292.000000,-120.025477,18.647726,-0.044014,7.464589,8.499056,3.929919
2294.000000,-120.583069,20.566793,-0.039696,7.498940,8.302802,3.642146
2296.000000,-120.985618,22.527377,-0.034203,7.528873,8.133995,3.242494
2298.000000,-121.253342,24.507175,-0.028856,7.549014,8.040023,2.751021
2300.000000,-121.407839,26.502519,-0.024231,7.556030,8.045913,2.184100
2302.000000,-121.465639,28.502020,-0.020128,7.551972,8.113890,1.564537
2304.000000,-121.443254,30.501980,-0.016309,7.540893,8.193072,0.922675
2306.000000,-121.355960,32.500152,-0.012840,7.534407,8.246778,0.285483
2308.000000,-121.217841,34.495677,-0.010083,7.550304,8.250220,-0.328373
2310.000000,-121.041113,36.487919,-0.008361,7.599345,8.190782,-0.911080
2312.000000,-120.831594,38.476797,-0.007297,7.669667,8.092054,-1.464865
2314.000000,-120.593159,40.462392,-0.006415,7.744251,7.985650,-1.991542
2316.000000,-120.329357,42.444807,-0.005597,7.814426,7.886858,-2.487664
2318.000000,-120.043370,44.424165,-0.004783,7.879676,7.795004,-2.949123
2320.000000,-119.738410,46.400651,-0.003933,7.937894,7.711369,-3.373805
2322.000000,-119.417896,48.374658,-0.003042,7.980021,7.646945,-3.759680
2324.000000,-119.085325,50.346662,-0.002106,7.996029,7.614238,-4.106977
2326.000000,-118.744398,52.317229,-0.001149,7.988996,7.609648,-4.419569
2328.000000,-118.399029,54.287028,-0.000303,7.974779,7.613862,-4.702066
2330.000000,-118.052795,56.256673,0.000323,7.965806,7.611736,-4.956712
2332.000000,-117.707955,58.226558,0.000733,7.961013,7.604527,-5.183634
2334.000000,-117.366283,60.196993,0.000896,7.955960,7.597602,-5.382378
2336.000000,-117.028437,62.168093,0.000840,7.949115,7.592818,-5.555349
2338.000000,-116.693901,64.139757,0.000732,7.941645,7.588779,-5.705380
2340.000000,-116.362171,66.111895,0.000670,7.934549,7.584289,-5.833599
2342.000000,-116.033064,68.084470,0.000637,7.927885,7.579310,-5.940430
2344.000000,-115.706484,70.057466,0.000597,7.921468,7.574092,-6.026152
2346.000000,-115.382275,72.030852,0.000545,7.915111,7.568841,-6.091975
2348.000000,-115.060216,74.004592,0.000492,7.908630,7.563730,-6.140329
2350.000000,-114.740093,75.978646,0.000442,7.901908,7.558855,-6.174119
2352.000000,-114.421714,77.952982,0.000394,7.895055,7.554112,-6.196343
2354.000000,-114.104891,79.927568,0.000346,7.888225,7.549348,-6.208703
2356.000000,-113.789436,81.902372,0.000297,7.881449,7.544536,-6.211324
2358.000000,-113.475153,83.877364,0.000248,7.874643,7.539756,-6.203240
2360.000000,-113.161852,85.852512,0.000200,7.867778,7.535037,-6.183096
2362.000000,-112.849339,87.827784,0.000152,7.860996,7.530237,-6.150715
2364.000000,-112.537426,89.803151,0.000103,7.854461,7.525190,-6.106522
2366.000000,-112.225919,91.778583,0.000054,7.848117,7.519953,-6.051219
2368.000000,-111.913785,93.759388,0.000006,7.841688,7.514769,-5.985525
2370.000000,-111.602514,95.734856,-0.000040,7.835021,7.509856,-5.910782
2372.000000,-111.291081,97.710300,-0.000079,7.828163,7.505132,-5.827739
2374.000000,-110.979312,99.685690,-0.000100,7.821245,7.500466,-5.737303
2376.000000,-110.667125,101.661014,-0.000102,7.814397,7.495730,-5.640226
2378.000000,-110.354534,103.636274,-0.000098,7.807748,7.490794,-5.537041
2380.000000,-110.041558,105.611472,-0.000095,7.801350,7.485606,-5.428170
2382.000000,-109.728209,107.586612,-0.000092,7.794996,7.480373,-5.313961
2384.000000,-109.414497,109.561694,-0.000089,7.788434,7.475346,-5.194733
2386.000000,-109.100433,111.536721,-0.000086,7.781632,7.470558,-5.070967
2388.000000,-108.786032,113.511694,-0.000082,7.774766,7.465834,-4.944061
2390.000000,-108.471305,115.486615,-0.000079,7.767966,7.461043,-4.817648
2392.000000,-108.156266,117.461486,-0.000076,7.761185,7.456231,-4.695494
2394.000000,-107.840928,119.436310,-0.000073,7.754341,7.451482,-4.578937
2396.000000,-107.525302,121.411087,-0.000070,7.747487,7.446743,-4.467435
2398.000000,-107.209400,123.385820,-0.000066,7.740800,7.441835,-4.358992
2400.000000,-106.893237,125.360511,-0.000063,7.734378,7.436662,-4.252159
2402.000000,-106.576823,127.335164,-0.000060,7.728027,7.431417,-4.145812
2404.000000,-106.260173,129.309777,-0.000057,7.721490,7.426358,-4.038935
2406.000000,-105.943298,131.284354,-0.000054,7.714705,7.421546,-3.930745
2408.000000,-105.626211,133.258897,-0.000050,7.707793,7.416860,-3.821220
2410.000000,-105.308925,135.233409,-0.000047,7.700883,7.412169,-3.711012
2412.000000,-104.991452,137.207889,-0.000044,7.694109,7.407345,-3.601099
2414.000000,-104.673805,139.182343,-0.000041,7.687585,7.402275,-3.492489
2416.000000,-104.355997,141.156770,-0.000038,7.681236,7.397030,-3.386072
2418.000000,-104.038039,143.131175,-0.000035,7.674800,7.391856,-3.282568
2420.000000,-103.719946,145.105555,-0.000031,7.668095,7.386933,-3.182189
2422.000000,-103.401728,147.079917,-0.000028,7.661232,7.382198,-3.084702
2424.000000,-103.083400,149.054260,-0.000025,7.654388,7.377524,-2.989604
2426.000000,-102.764974,151.028588,-0.000022,7.647605,7.372783,-2.896258
2428.000000,-102.446462,153.002901,-0.000019,7.640794,7.367843,-2.803570
2430.000000,-102.127878,154.977204,-0.000015,7.633919,7.362651,-2.709863
2432.000000,-101.809232,156.951496,-0.000012,7.627121,7.357410,-2.613252
2434.000000,-101.490539,158.925782,-0.000009,7.620576,7.352376,-2.511939
2436.000000,-101.170950,160.905397,-0.000006,7.614208,7.347569,-2.404067
2438.000000,-100.852199,162.879673,-0.000002,7.607778,7.342842,-2.289227
2440.000000,-100.533439,164.853947,0.000001,7.601075,7.338047,-2.166961
2442.000000,-100.214682,166.828221,0.000004,7.594210,7.333232,-2.037311
2444.000000,-99.895941,168.802498,0.000007,7.587364,7.328480,-1.900534
2446.000000,-99.577228,170.776780,0.000010,7.580581,7.323738,-1.757482
2448.000000,-99.258556,172.751068,0.000014,7.573772,7.318827,-1.609129
2450.000000,-98.939937,174.725364,0.000017,7.566899,7.313652,-1.456670
2452.000000,-98.621384,176.699672,0.000020,7.560103,7.308405,-1.301450
2454.000000,-98.302912,178.673993,0.000023,7.553554,7.303345,-1.144808
2456.000000,-97.984531,180.648328,0.000025,7.547200,7.298533,-0.987992
2458.000000,-97.666250,182.622679,0.000027,7.540782,7.293849,-0.832007
2460.000000,-97.348076,184.597047,0.000027,7.534109,7.289159,-0.677942
2462.000000,-97.030008,186.571433,0.000026,7.527243,7.284336,-0.526893
2464.000000,-96.712042,188.545834,0.000025,7.520317,7.279261,-0.379640
2466.000000,-96.394174,190.520252,0.000025,7.513461,7.274012,-0.236742
2468.000000,-96.076403,192.494685,0.000024,7.506805,7.268851,-0.098443
2470.000000,-95.758728,194.469135,0.000023,7.500400,7.263957,0.035427
2472.000000,-95.441145,196.443598,0.000023,7.494043,7.259223,0.165351
2474.000000,-95.123651,198.418076,0.000022,7.487479,7.254469,0.292097
2476.000000,-94.806245,200.392568,0.000022,7.480676,7.249655,0.416456
2478.000000,-94.488924,202.367074,0.000021,7.473807,7.244867,0.538862
2480.000000,-94.171686,204.341593,0.000020,7.467005,7.240142,0.659557
2482.000000,-93.854529,206.316124,0.000020,7.460223,7.235342,0.778609
2484.000000,-93.537450,208.290669,0.000019,7.453380,7.230297,0.895869
2486.000000,-93.220447,210.265227,0.000019,7.446525,7.225055,1.011198
2488.000000,-92.903517,212.239795,0.000018,7.439838,7.219876,1.124357
2490.000000,-92.586658,214.214375,0.000017,7.433416,7.214952,1.234999
2492.000000,-92.269868,216.188966,0.000017,7.427067,7.210221,1.342815
2494.000000,-91.953145,218.163567,0.000016,7.420534,7.205552,1.447522
2496.000000,-91.636485,220.138179,0.000016,7.413753,7.200812,1.548871
2498.000000,-91.319887,222.112801,0.000015,7.406843,7.195880,1.646606
2500.000000,-91.003348,224.087433,0.000014,7.399936,7.190699,1.740498
2502.000000,-90.686866,226.062074,0.000014,7.393164,7.185461,1.830403
2504.000000,-90.369585,228.042060,0.000013,7.386624,7.180393,1.916461
2506.000000,-90.053211,230.016719,0.000013,7.380278,7.175581,1.998202
2508.000000,-89.736886,231.991384,0.000012,7.373846,7.170895,2.075898
2510.000000,-89.420610,233.966057,0.000011,7.367148,7.166208,2.149627
2512.000000,-89.104378,235.940737,0.000011,7.360289,7.161388,2.219454
2514.000000,-88.788189,237.915424,0.000010,7.353448,7.156317,2.285294
2516.000000,-88.472041,239.890119,0.000010,7.346667,7.151070,2.347052
2518.000000,-88.155930,241.864818,0.000009,7.339862,7.145906,2.404674
2520.000000,-87.839856,243.839524,0.000009,7.332992,7.141010,2.458094
2522.000000,-87.523816,245.814236,0.000008,7.326196,7.136275,2.507218
2524.000000,-87.207807,247.788952,0.000007,7.319644,7.131521,2.551949
2526.000000,-86.891826,249.763673,0.000007,7.313290,7.126707,2.592239
2528.000000,-86.575871,251.738396,0.000006,7.306877,7.121917,2.628076
2530.000000,-86.259941,253.713125,0.000006,7.300208,7.117191,2.659502
2532.000000,-85.944033,255.687858,0.000005,7.293344,7.112392,2.686451
2534.000000,-85.628146,257.662593,0.000004,7.286417,7.107348,2.708746
2536.000000,-85.312275,259.637332,0.000003,7.279557,7.102105,2.726268
2538.000000,-84.996415,261.612072,0.000003,7.272895,7.096920,2.738928
2540.000000,-84.680567,263.586814,0.000004,7.266487,7.091989,2.746355
2542.000000,-84.364732,265.561558,0.000011,7.260128,7.087254,2.747985
2544.000000,-84.048923,267.536306,0.000031,7.253562,7.082589,2.743219
2546.000000,-83.733219,269.511070,0.000065,7.246754,7.077857,2.731446
2548.000000,-83.417770,271.485876,0.000104,7.239885,7.072907,2.712109
2550.000000,-83.102734,273.460747,0.000142,7.233090,7.067681,2.684696
2552.000000,-82.788256,275.435709,0.000179,7.226304,7.062441,2.649111
2554.000000,-82.474486,277.410782,0.000217,7.219419,7.057505,2.606351
2556.000000,-82.161573,279.385991,0.000255,7.212523,7.052805,2.557325
2558.000000,-81.849665,281.361359,0.000292,7.205896,7.047899,2.502093
2560.000000,-81.538913,283.336909,0.000330,7.199647,7.042622,2.440503
2562.000000,-81.229465,285.312664,0.000367,7.193284,7.037837,2.372470
2564.000000,-80.921466,287.288646,0.000406,7.186290,7.034345,2.297993
2566.000000,-80.615069,289.264876,0.000445,7.180121,7.028282,2.216999
2568.000000,-80.310432,291.241379,0.000481,7.178150,7.011238,2.129239
2570.000000,-80.007705,293.218176,0.000514,7.182510,6.978020,2.034396
2572.000000,-79.706867,295.196221,0.000548,7.190722,6.935262,1.932014
2574.000000,-79.407662,297.178061,0.000597,7.199207,6.892386,1.821291
2576.000000,-79.111468,299.155847,0.000655,7.206459,6.853171,1.701781
2578.000000,-78.817889,301.134023,0.000680,7.213109,6.815367,1.572325
2580.000000,-78.527097,303.112609,0.000649,7.219758,6.777039,1.431816
2582.000000,-78.238875,305.091573,0.000701,7.226590,6.738086,1.278777
2584.000000,-77.952997,307.070876,0.001087,7.233663,6.698897,1.111680
2586.000000,-77.670957,309.050730,0.001841,7.240892,6.659723,0.930612
2588.000000,-77.396106,311.031604,0.002835,7.248053,6.620686,0.737759
2590.000000,-77.132210,313.013992,0.004013,7.254972,6.581850,0.536130
2592.000000,-76.884152,314.998414,0.005290,7.261707,6.543124,0.329907
2594.000000,-76.657152,316.985382,0.006547,7.268374,6.504362,0.123496
2596.000000,-76.456241,318.975191,0.007772,7.275114,6.465296,-0.078922
2598.000000,-76.286243,320.967897,0.009040,7.282081,6.425558,-0.273508
2600.000000,-76.152142,322.963426,0.010400,7.288977,6.386736,-0.456591
2602.000000,-76.059550,324.961295,0.011717,7.293912,6.357239,-0.623941
2604.000000,-76.014174,326.960860,0.012754,7.294745,6.346561,-0.771250
2606.000000,-76.020207,328.961017,0.013405,7.291819,6.353255,-0.896053
2608.000000,-76.080240,330.960188,0.013441,7.287885,6.365327,-0.997566
2610.000000,-76.195281,332.956896,0.012645,7.284972,6.373443,-1.076151
2612.000000,-76.361132,334.950135,0.011399,7.282388,6.378664,-1.136297
2614.000000,-76.572192,336.939060,0.010204,7.278905,6.384451,-1.183514
2616.000000,-76.823607,338.923176,0.009135,7.275295,6.391112,-1.222818
2618.000000,-77.111251,340.902335,0.008065,7.274102,6.396129,-1.258695
2620.000000,-77.430899,342.876528,0.006918,7.275535,6.398980,-1.295817
2622.000000,-77.777845,344.846125,0.005821,7.272222,6.405792,-1.339253
2624.000000,-78.147350,346.811596,0.004984,7.255305,6.424016,-1.394002
2626.000000,-78.536077,348.773314,0.004494,7.220656,6.457193,-1.463753
2628.000000,-78.942093,350.731549,0.004539,7.168486,6.505278,-1.550329
2630.000000,-79.364774,352.686278,0.005306,7.099771,6.567510,-1.653625
2632.000000,-79.807868,354.636452,0.006482,7.017309,6.641356,-1.768518
2634.000000,-80.276319,356.580728,0.007654,6.925146,6.723195,-1.888403
2636.000000,-80.774594,358.517623,0.008746,6.837803,6.800926,-2.006914
2638.000000,-81.306663,360.445512,0.009824,6.779677,6.854452,-2.117943
2640.000000,-81.876483,362.362649,0.010929,6.769648,6.868185,-2.215513
2642.000000,-82.488057,364.266883,0.012057,6.806764,6.842733,-2.293864
2644.000000,-83.145390,366.155918,0.013197,6.884714,6.783106,-2.347585
2646.000000,-83.852357,368.027002,0.014279,6.994159,6.697010,-2.371751
2648.000000,-84.612694,369.876946,0.014978,7.122927,6.594686,-2.362128
2650.000000,-85.429019,371.702931,0.015051,7.254792,6.489852,-2.315770
2652.000000,-86.299832,373.502694,0.014773,7.361313,6.406689,-2.235106
2654.000000,-87.221649,375.272720,0.014390,7.413161,6.370149,-2.125904
2656.000000,-88.196171,377.019414,0.013973,7.404316,6.385498,-1.990544
2658.000000,-89.219124,378.738186,0.013595,7.348737,6.441040,-1.831908
2660.000000,-90.288362,380.428515,0.013250,7.260110,6.525176,-1.652755
2662.000000,-91.401998,382.089934,0.012944,7.148061,6.629279,-1.455418
2664.000000,-92.558225,383.721994,0.012681,7.022346,6.744567,-1.242245
2666.000000,-93.755421,385.324220,0.012435,6.906012,6.851834,-1.016242
2668.000000,-94.992134,386.896113,0.012095,6.833622,6.922847,-0.781068
2670.000000,-96.266698,388.437432,0.011582,6.827450,6.939625,-0.540313
2672.000000,-97.576685,389.948783,0.010954,6.870254,6.917083,-0.297418
2674.000000,-98.919479,391.431018,0.010274,6.936340,6.876943,-0.055204
2676.000000,-100.292450,392.885291,0.009559,7.010827,6.829289,0.184813
2678.000000,-101.692972,394.313052,0.008834,7.088190,6.774207,0.421652
2680.000000,-103.118464,395.715817,0.008108,7.164257,6.715550,0.653897
2682.000000,-104.566515,397.095283,0.007384,7.237697,6.669510,0.879905
2684.000000,-106.034763,398.453199,0.006658,7.307846,6.653915,1.096993
2686.000000,-107.520946,399.791429,0.005934,7.374465,6.673904,1.301489
2688.000000,-109.022901,401.111934,0.005217,7.437674,6.724147,1.489277
2690.000000,-110.538518,402.416695,0.004513,7.497972,6.797376,1.656105
2692.000000,-112.065847,403.707723,0.003809,7.556893,6.881926,1.797177
2694.000000,-113.602979,404.987054,0.003085,7.616094,6.965903,1.906556
2696.000000,-115.147982,406.256851,0.002355,7.676005,7.045523,1.977855
2698.000000,-116.698906,407.519392,0.001686,7.736059,7.123635,2.004329
2700.000000,-118.253957,408.776813,0.001116,7.795774,7.202537,1.979921
2702.000000,-119.811824,410.030778,0.000472,7.855040,7.282183,1.900059
2704.000000,-121.371217,411.282945,-0.000511,7.913872,7.362034,1.760615
2706.000000,-122.929583,412.536373,-0.001603,7.972914,7.441835,1.555144
2708.000000,-124.483251,413.795368,-0.001620,8.033317,7.521570,1.274343
2710.000000,-126.035036,415.065019,0.000279,8.095184,7.601435,0.907384
2712.000000,-127.582980,416.331258,0.004027,8.154366,7.680928,0.457170
2714.000000,-129.135739,417.584048,0.009894,8.207157,7.760027,-0.070465
2716.000000,-130.715640,418.811046,0.017464,8.261401,7.839847,-0.661511
2718.000000,-132.337213,419.981281,0.024860,8.334356,7.921633,-1.285857
2720.000000,-134.016672,421.068109,0.031014,8.444469,8.014380,-1.917876
2722.000000,-135.761393,422.049139,0.038139,8.611901,8.149232,-2.537818
2724.000000,-137.570735,422.898627,0.049695,8.854946,8.359056,-3.120403
2726.000000,-139.453927,423.570023,0.065145,9.173164,8.645315,-3.609927
2728.000000,-141.405529,423.988596,0.080225,9.548743,8.981824,-3.952724
2730.000000,-143.402264,424.087962,0.094268,9.955050,9.329961,-4.140413
2732.000000,-145.379223,423.815281,0.103457,10.334416,9.611712,-4.166226
2734.000000,-147.251750,423.120778,0.098070,10.628239,9.753617,-4.009769
2736.000000,-148.944935,422.063399,0.081814,10.802428,9.770375,-3.639017
2738.000000,-150.451544,420.749385,0.069440,10.838401,9.726194,-3.087423
2740.000000,-151.770505,419.248253,0.065912,10.743752,9.667157,-2.424661
2742.000000,-152.881759,417.588376,0.064012,10.581303,9.601194,-1.665207
2744.000000,-153.765183,415.795581,0.056405,10.417345,9.531599,-0.792765
2746.000000,-154.436386,413.907527,0.043790,10.284224,9.464786,0.171358
2748.000000,-154.938962,411.975599,0.030116,10.193808,9.409624,1.145907
2750.000000,-155.325758,410.012143,0.016895,10.146089,9.369275,2.062295
2752.000000,-155.646103,408.038830,0.006086,10.119605,9.336549,2.857210
2754.000000,-155.950489,406.062700,0.000857,10.091707,9.303344,3.512865
2756.000000,-156.257166,404.086465,0.000432,10.057710,9.268009,4.064784
2758.000000,-156.561887,402.109815,0.001047,10.022559,9.232341,4.538490
2760.000000,-156.861475,400.132504,0.001066,9.989299,9.197393,4.941708
2762.000000,-157.156701,398.154610,0.000827,9.957037,9.162683,5.279731
2764.000000,-157.448886,396.176253,0.000709,9.924541,9.127629,5.566770
2766.000000,-157.738426,394.197479,0.000720,9.891626,9.092301,5.819090
2768.000000,-158.025093,392.218280,0.000739,9.858648,9.057108,6.045857
2770.000000,-158.308765,390.238656,0.000715,9.825819,9.022253,6.244874
2772.000000,-158.589595,388.258632,0.000673,9.793072,8.987556,6.407472
2774.000000,-158.867776,386.278235,0.000640,9.760318,8.952813,6.531504
2776.000000,-159.143433,384.297480,0.000616,9.727543,8.918021,6.628325
2778.000000,-159.417385,382.311034,0.000593,9.694680,8.883190,6.708281
2780.000000,-159.688237,380.329619,0.000568,9.661922,8.848515,6.773616
2782.000000,-159.956840,378.347896,0.000540,9.629174,8.813724,6.823056
2784.000000,-160.223301,376.365886,0.000514,9.596427,8.778659,6.858232
2786.000000,-160.487726,374.383604,0.000488,9.563678,8.743452,6.884674
2788.000000,-160.750221,372.401063,0.000463,9.530929,8.708386,6.906065
2790.000000,-161.010882,370.418283,0.000439,9.498179,8.673594,6.919864
2792.000000,-161.269801,368.435272,0.000411,9.465423,8.638919,6.924491
2794.000000,-161.527069,366.452048,0.000371,9.432655,8.604187,6.921012
2796.000000,-161.782853,364.468632,0.000319,9.399884,8.569399,6.911072
2798.000000,-162.037367,362.485051,0.000261,9.367121,8.534651,6.897824
2800.000000,-162.290838,360.501338,0.000200,9.334361,8.499948,6.883539
2802.000000,-162.543515,358.517524,0.000136,9.301561,8.465121,6.869238
2804.000000,-162.795654,356.533641,0.000073,9.268689,8.430012,6.854695
2806.000000,-163.047505,354.549722,0.000011,9.235852,8.394752,6.836386
2808.000000,-163.299314,352.565796,-0.000052,9.203226,8.359628,6.810665
2810.000000,-163.551327,350.581898,-0.000114,9.170846,8.324777,6.776239
2812.000000,-163.803795,348.598056,-0.000177,9.138466,8.290048,6.734636
2814.000000,-164.056963,346.614304,-0.000240,9.105836,8.255265,6.687749
2816.000000,-164.311083,344.630674,-0.000302,9.072988,8.220432,6.636901
2818.000000,-164.566402,342.647198,-0.000365,9.040096,8.185644,6.582715
2820.000000,-164.823171,340.663908,-0.000428,9.007270,8.150908,6.524571
2822.000000,-165.081634,338.680840,-0.000490,8.974479,8.116054,6.460852
2824.000000,-165.342042,336.698025,-0.000553,8.941681,8.080926,6.390285
2826.000000,-165.604641,334.715498,-0.000616,8.908868,8.045653,6.312801
2828.000000,-165.869682,332.733297,-0.000678,8.876054,8.010519,6.229181
2830.000000,-166.137409,330.751457,-0.000739,8.843248,7.975662,6.140596
2832.000000,-166.408067,328.770014,-0.000801,8.810447,7.940941,6.048481
2834.000000,-166.681896,326.789007,-0.000866,8.777650,7.906198,5.954256
2836.000000,-166.959152,324.808477,-0.000918,8.744857,7.871398,5.857430
2838.000000,-167.240101,322.828468,-0.000909,8.712070,7.836578,5.753123
2840.000000,-167.524786,320.848993,-0.000810,8.679289,7.801772,5.640330
2842.000000,-167.812699,318.869982,-0.000663,8.646513,7.767016,5.519241
2844.000000,-168.103239,316.891358,-0.000507,8.613742,7.732329,5.389790
2846.000000,-168.396574,314.907733,-0.000350,8.580888,7.697511,5.252229
2848.000000,-168.690521,312.929561,-0.000193,8.548123,7.662571,5.108625
2850.000000,-168.985220,310.951552,-0.000036,8.515363,7.627387,4.960212
2852.000000,-169.280059,308.973564,0.000121,8.482603,7.592204,4.808718
2854.000000,-169.574421,306.995506,0.000277,8.449844,7.557272,4.655284
2856.000000,-169.867687,305.017284,0.000434,8.417085,7.522556,4.500798
2858.000000,-170.159237,303.038808,0.000590,8.384326,7.487867,4.345880
2860.000000,-170.448451,301.059990,0.000747,8.351565,7.453100,4.191119
2862.000000,-170.734710,299.080741,0.000903,8.318801,7.418329,4.037383
2864.000000,-171.017395,297.100977,0.001061,8.286036,7.383631,3.885351
2866.000000,-171.295878,295.120618,0.001219,8.253267,7.348907,3.735769
2868.000000,-171.569530,293.139586,0.001375,8.220492,7.313968,3.589785
2870.000000,-171.837727,291.157806,0.001529,8.187713,7.278766,3.448618
2872.000000,-172.099864,289.175215,0.001686,8.154929,7.243554,3.313273
2874.000000,-172.355335,287.191752,0.001855,8.122144,7.208593,3.184506
2876.000000,-172.603460,285.207356,0.002025,8.089352,7.173840,3.062605
2878.000000,-172.843507,283.221968,0.002152,8.056545,7.139097,2.947853
2880.000000,-173.074901,281.235550,0.002210,8.023727,7.104263,2.840506
2882.000000,-173.297492,279.248125,0.002212,7.990923,7.069453,2.740397
2884.000000,-173.511219,277.259730,0.002160,7.958153,7.034775,2.647781
2886.000000,-173.716304,275.270425,0.002068,7.925359,7.000037,2.562557
2888.000000,-173.913166,273.280289,0.001972,7.892439,6.964891,2.484180
2890.000000,-174.102198,271.289395,0.001886,7.859441,6.929363,2.412378
2892.000000,-174.283722,269.297803,0.001805,7.826712,6.894258,2.347217
2894.000000,-174.458054,267.305570,0.001721,7.794845,6.860768,2.288564
2896.000000,-174.625524,265.312747,0.001635,7.766359,6.832678,2.236115
2898.000000,-174.786476,263.319389,0.001549,7.744793,6.815151,2.189834
2900.000000,-174.941251,261.325542,0.001464,7.731063,6.809481,2.149665
2902.000000,-175.090190,259.331251,0.001379,7.720784,6.809140,2.115499
2904.000000,-175.233627,257.336558,0.001293,7.709351,6.807271,2.087222
2906.000000,-175.371905,255.341500,0.001208,7.696204,6.802831,2.064626
2908.000000,-175.505362,253.346114,0.001123,7.682942,6.797902,2.047356
2910.000000,-175.634339,251.350434,0.001038,7.670473,6.793759,2.035040
2912.000000,-175.759173,249.354491,0.000953,7.658255,6.789999,2.027238
2914.000000,-175.880204,247.358314,0.000866,7.645652,6.786074,2.023444
2916.000000,-175.998085,245.356637,0.000779,7.632712,6.781991,2.023167
2918.000000,-176.112542,243.359969,0.000697,7.619972,6.778095,2.025956
2920.000000,-176.224220,241.363248,0.000617,7.607596,6.774501,2.031188
2922.000000,-176.333439,239.366390,0.000549,7.595244,6.770950,2.038282
2924.000000,-176.440496,237.369416,0.000502,7.582560,6.767161,2.046795
2926.000000,-176.545569,235.372336,0.000474,7.569675,6.763132,2.056425
2928.000000,-176.648749,233.375159,0.000449,7.556978,6.759003,2.066941
2930.000000,-176.750133,231.377888,0.000421,7.544613,6.754910,2.078019
2932.000000,-176.849835,229.380532,0.000393,7.532253,6.750980,2.089350
2934.000000,-176.947966,227.383101,0.000366,7.519567,6.747308,2.100797
2936.000000,-177.044637,225.385597,0.000338,7.506688,6.743765,2.112263
2938.000000,-177.139958,223.388028,0.000311,7.493997,6.740096,2.123671
2940.000000,-177.234035,221.390401,0.000284,7.481635,6.736169,2.134983
2942.000000,-177.326979,219.392720,0.000257,7.469278,6.732080,2.146285
2944.000000,-177.418898,217.394992,0.000229,7.456594,6.727958,2.157849
2946.000000,-177.509901,215.397223,0.000202,7.443718,6.723931,2.169906
2948.000000,-177.600098,213.399415,0.000175,7.431028,6.720125,2.182532
2950.000000,-177.689597,211.401578,0.000147,7.418667,6.716548,2.195732
2952.000000,-177.778508,209.403714,0.000120,7.406312,6.712976,2.209478
2954.000000,-177.866939,207.405829,0.000093,7.393631,6.709176,2.223652
2956.000000,-177.954999,205.407928,0.000066,7.380757,6.705154,2.238037
2958.000000,-178.042794,203.410015,0.000038,7.368066,6.701033,2.252331
2960.000000,-178.130435,201.412094,0.000010,7.355706,6.696942,2.266279
2962.000000,-178.218037,199.414172,-0.000016,7.343351,6.693010,2.279664
2964.000000,-178.305717,197.416254,-0.000031,7.330671,6.689336,2.292324
2966.000000,-178.393529,195.418342,-0.000038,7.317796,6.685793,2.304177
2968.000000,-178.481496,193.420436,-0.000040,7.305104,6.682129,2.315173
2970.000000,-178.569627,191.422537,-0.000039,7.292740,6.678204,2.325250
2972.000000,-178.657916,189.424646,-0.000037,7.280386,6.674116,2.334348
2974.000000,-178.746354,187.426761,-0.000036,7.267708,6.669994,2.342410
2976.000000,-178.834934,185.428883,-0.000035,7.254833,6.665965,2.349412
2978.000000,-178.923658,183.431009,-0.000035,7.242135,6.662157,2.355292
2980.000000,-179.012519,181.433144,-0.000034,7.229764,6.658579,2.359981
2982.000000,-179.101516,179.435283,-0.000033,7.217412,6.655005,2.363425
2984.000000,-179.190877,177.432183,-0.000032,7.204727,6.651200,2.365613
2986.000000,-179.280138,175.434180,-0.000031,7.191865,6.647177,2.366526
2988.000000,-179.369514,173.436336,-0.000030,7.179107,6.643055,2.366252
2990.000000,-179.459011,171.438499,-0.000029,7.166632,6.638961,2.364962
2992.000000,-179.548623,169.440666,-0.000028,7.154335,6.635027,2.362820
2994.000000,-179.638346,167.442839,-0.000027,7.142077,6.631358,2.359985
2996.000000,-179.728176,165.445016,-0.000026,7.129715,6.627819,2.356685
2998.000000,-179.818111,163.447198,-0.000025,7.117113,6.624138,2.353415
3000.000000,-179.908147,161.449384,-0.000024,7.104268,6.620187,2.350813
3002.000000,-179.998279,159.451574,-0.000023,7.091463,6.616113,2.349488
3004.000000,-180.088503,157.453770,-0.000022,7.078970,6.612087,2.349966
3006.000000,-180.178814,155.455969,-0.000021,7.066653,6.608108,2.352669
3008.000000,-180.269212,153.458172,-0.000020,7.054152,6.604086,2.357806
3010.000000,-180.359691,151.460378,-0.000019,7.041324,6.600012,2.365065
3012.000000,-180.450248,149.462589,-0.000018,7.028492,6.596050,2.373819
3014.000000,-180.540878,147.464801,-0.000017,7.015981,6.592356,2.383444
3016.000000,-180.631577,145.467018,-0.000017,7.003667,6.588816,2.393308
3018.000000,-180.722343,143.469237,-0.000016,6.991172,6.585158,2.402785
3020.000000,-180.813171,141.471460,-0.000015,6.978346,6.581236,2.411293
3022.000000,-180.904059,139.473685,-0.000014,6.965511,6.577146,2.418435
3024.000000,-180.994999,137.475912,-0.000013,6.952998,6.573022,2.424151
3026.000000,-181.085991,135.478142,-0.000012,6.940684,6.568991,2.428661
3028.000000,-181.177029,133.480374,-0.000011,6.928189,6.565180,2.432410
3030.000000,-181.268112,131.482607,-0.000010,6.915364,6.561600,2.436521
3032.000000,-181.359232,129.484842,-0.000009,6.902527,6.558027,2.441960
3034.000000,-181.450389,127.487080,-0.000008,6.890014,6.554230,2.448932
3036.000000,-181.541577,125.489319,-0.000007,6.877700,6.550209,2.457205
3038.000000,-181.632794,123.491559,-0.000006,6.865205,6.546087,2.466505
3040.000000,-181.724034,121.493800,-0.000005,6.852380,6.541995,2.476564
3042.000000,-181.815295,119.496043,-0.000004,6.839543,6.538058,2.487114
3044.000000,-181.906573,117.498285,-0.000003,6.827028,6.534379,2.497817
3046.000000,-181.997863,115.500528,-0.000002,6.814713,6.530835,2.508284
3048.000000,-182.089163,113.502772,-0.000001,6.802220,6.527171,2.518433
3050.000000,-182.180466,111.505016,-0.000000,6.789394,6.523248,2.528282
3052.000000,-182.271771,109.507260,0.000000,6.776557,6.519160,2.537845
3054.000000,-182.363321,107.504103,0.000002,6.764009,6.515025,2.547117
3056.000000,-182.454618,105.506347,0.000003,6.751694,6.510994,2.555907
3058.000000,-182.545904,103.508591,0.000003,6.739198,6.507182,2.563934
3060.000000,-182.637178,101.510833,0.000004,6.726371,6.503601,2.570890
3062.000000,-182.728432,99.513075,0.000005,6.713535,6.500029,2.576584
3064.000000,-182.819666,97.515316,0.000006,6.701026,6.496236,2.580843
3066.000000,-182.910873,95.517555,0.000007,6.688713,6.492214,2.583567
3068.000000,-183.002052,93.519794,0.000008,6.676208,6.488088,2.584709
3070.000000,-183.093198,91.522030,0.000009,6.663364,6.483984,2.584205
3072.000000,-183.184307,89.524266,0.000010,6.650536,6.480053,2.581978
3074.000000,-183.275376,87.526498,0.000011,6.638087,6.476409,2.577963
3076.000000,-183.366401,85.528730,0.000012,6.625807,6.472884,2.572155
3078.000000,-183.457377,83.530959,0.000013,6.613171,6.469143,2.564708
3080.000000,-183.548301,81.533186,0.000014,6.600091,6.465081,2.556034
3082.000000,-183.639169,79.535410,0.000015,6.587386,6.461065,2.546581
3084.000000,-183.729978,77.537631,0.000016,6.576025,6.457534,2.536771
3086.000000,-183.820723,75.539850,0.000017,6.567232,6.454982,2.527011
3088.000000,-183.911402,73.542065,0.000018,6.562361,6.453934,2.517702
3090.000000,-184.002009,71.544278,0.000019,6.561596,6.454456,2.509236
3092.000000,-184.092542,69.546486,0.000020,6.562699,6.455668,2.501916
3094.000000,-184.182996,67.548692,0.000021,6.563323,6.456658,2.495995
3096.000000,-184.273367,65.550894,0.000022,6.563154,6.457367,2.491657
3098.000000,-184.363653,63.553090,0.000023,6.563017,6.458221,2.489066
3100.000000,-184.453848,61.555284,0.000024,6.563375,6.459420,2.488417
3102.000000,-184.543949,59.557474,0.000024,6.563887,6.460679,2.489581
3104.000000,-184.633953,57.559659,0.000025,6.564145,6.461680,2.490747
3106.000000,-184.723856,55.561840,0.000026,6.564113,6.462440,2.490553
3108.000000,-184.813653,53.564015,0.000027,6.563968,6.463163,2.489107
3110.000000,-184.903340,51.566186,0.000028,6.563870,6.463969,2.486694
3112.000000,-184.992916,49.568351,0.000029,6.563937,6.464781,2.483621
3114.000000,-185.082375,47.570511,0.000030,6.564260,6.465518,2.480200
3116.000000,-185.171714,45.572667,0.000031,6.564712,6.466273,2.476787
3118.000000,-185.260927,43.574817,0.000032,6.565048,6.467235,2.473812
3120.000000,-185.350013,41.576960,0.000033,6.565127,6.468454,2.471684
3122.000000,-185.439208,39.573698,0.000034,6.565038,6.469687,2.470718
3124.000000,-185.528026,37.575830,0.000035,6.564907,6.470669,2.470975
3126.000000,-185.616705,35.577955,0.000036,6.564871,6.471432,2.472349
3128.000000,-185.705241,33.580075,0.000037,6.565072,6.472165,2.474738
3130.000000,-185.793629,31.582188,0.000038,6.565516,6.472971,2.478036
3132.000000,-185.881867,29.584294,0.000038,6.565930,6.473781,2.482079
3134.000000,-185.969953,27.586393,0.000038,6.566039,6.474517,2.486628
3136.000000,-186.057886,25.588486,0.000037,6.565964,6.475271,2.491525
3138.000000,-186.145673,23.590572,0.000036,6.566050,6.476233,2.496629
3140.000000,-186.233317,21.592652,0.000035,6.566449,6.477452,2.501759
3142.000000,-186.320821,19.594727,0.000034,6.566902,6.478683,2.506728
3144.000000,-186.408188,17.596795,0.000033,6.567123,6.479666,2.511341
3146.000000,-186.495422,15.598857,0.000033,6.567100,6.480430,2.515404
3148.000000,-186.582525,13.600914,0.000032,6.566971,6.481161,2.518872
3150.000000,-186.669503,11.602964,0.000031,6.566875,6.481968,2.521841
3152.000000,-186.756357,9.605009,0.000030,6.566937,6.482777,2.524577
3154.000000,-186.843092,7.607050,0.000029,6.567256,6.483513,2.527411
3156.000000,-186.929710,5.609086,0.000028,6.567710,6.484267,2.530566
3158.000000,-187.016215,3.611117,0.000027,6.568047,6.485229,2.534243
3160.000000,-187.102611,1.613142,0.000027,6.568125,6.486447,2.538642
3162.000000,-187.188901,-0.384837,0.000026,6.568038,6.487677,2.543956
3164.000000,-187.275089,-2.382821,0.000025,6.567914,6.488662,2.550240
3166.000000,-187.361177,-4.380809,0.000024,6.567880,6.489426,2.557400
3168.000000,-187.447170,-6.378800,0.000023,6.568063,6.490157,2.565332
3170.000000,-187.533070,-8.376795,0.000022,6.568479,6.490963,2.573921
3172.000000,-187.618881,-10.374795,0.000021,6.568906,6.491774,2.583061
3174.000000,-187.704606,-12.372798,0.000021,6.569116,6.492510,2.592664
3176.000000,-187.790250,-14.370804,0.000020,6.569097,6.493264,2.602713
3178.000000,-187.875815,-16.368815,0.000019,6.568972,6.494224,2.613265
3180.000000,-187.961304,-18.366828,0.000018,6.568869,6.495441,2.624387
3182.000000,-188.046722,-20.364844,0.000017,6.568931,6.496672,2.636158
3184.000000,-188.132070,-22.362864,0.000016,6.569273,6.497657,2.648682
3186.000000,-188.217355,-24.360886,0.000015,6.569741,6.498423,2.662066
3188.000000,-188.302577,-26.358910,0.000015,6.570025,6.499154,2.676376
3190.000000,-188.387971,-28.362339,0.000014,6.570004,6.499961,2.691615
3192.000000,-188.473080,-30.360369,0.000013,6.569966,6.500771,2.707593
3194.000000,-188.558138,-32.358400,0.000012,6.570220,6.501509,2.724175
3196.000000,-188.643147,-34.356434,0.000011,6.570684,6.502264,2.741126
3198.000000,-188.728112,-36.354469,0.000010,6.571049,6.503219,2.758176
3200.000000,-188.813036,-38.352506,0.000009,6.571135,6.504429,2.775071
3202.000000,-188.897922,-40.350547,0.000009,6.571041,6.505663,2.791660
3204.000000,-188.982774,-42.348586,0.000008,6.570913,6.506677,2.807850
3206.000000,-189.067594,-44.346628,0.000007,6.570878,6.507457,2.823546
3208.000000,-189.152387,-46.344671,0.000006,6.571061,6.508132,2.838667
3210.000000,-189.237157,-48.342715,0.000005,6.571476,6.508834,2.853147
3212.000000,-189.321905,-50.340760,0.000004,6.571905,6.509692,2.866929
3214.000000,-189.406636,-52.338805,0.000003,6.572115,6.510814,2.879966
3216.000000,-189.491353,-54.336852,0.000003,6.572097,6.512071,2.892283
3218.000000,-189.576060,-56.334899,0.000002,6.571972,6.513196,2.904043
3220.000000,-189.660758,-58.332945,0.000001,6.571869,6.514050,2.915451
3222.000000,-189.745454,-60.330993,-0.000000,6.571930,6.514776,2.926667
3224.000000,-189.830149,-62.329039,-0.000001,6.572269,6.515546,2.937697
3226.000000,-189.914849,-64.327086,-0.000002,6.572738,6.516365,2.948509
3228.000000,-189.999554,-66.325133,-0.000002,6.573025,6.517143,2.959119
3230.000000,-190.084269,-68.323178,-0.000003,6.573004,6.517865,2.969670
3232.000000,-190.168997,-70.321225,-0.000004,6.572965,6.518696,2.980333
3234.000000,-190.253742,-72.319270,-0.000005,6.573216,6.519800,2.991213
3236.000000,-190.338508,-74.317314,-0.000006,6.573679,6.521060,3.002409
3238.000000,-190.423298,-76.315357,-0.000007,6.574047,6.522193,3.014008
3240.000000,-190.508113,-78.313399,-0.000008,6.574134,6.523049,3.026096
3242.000000,-190.592960,-80.311439,-0.000009,6.574042,6.523774,3.038730
3244.000000,-190.677840,-82.309479,-0.000009,6.573913,6.524543,3.051892
3246.000000,-190.762758,-84.307516,-0.000010,6.573878,6.525362,3.065462
3248.000000,-190.847717,-86.305553,-0.000011,6.574059,6.526141,3.079334
3250.000000,-190.932719,-88.303587,-0.000012,6.574473,6.526862,3.093392
3252.000000,-191.017769,-90.301619,-0.000013,6.574902,6.527694,3.107445
3254.000000,-191.102870,-92.299648,-0.000014,6.575112,6.528796,3.121316
3256.000000,-191.188025,-94.297676,-0.000014,6.575095,6.530056,3.134922
3258.000000,-191.273469,-96.301103,-0.000015,6.574974,6.531193,3.148302
3260.000000,-191.358743,-98.299124,-0.000016,6.574878,6.532048,3.161405
3262.000000,-191.444082,-100.297144,-0.000017,6.574935,6.532774,3.174292
3264.000000,-191.529489,-102.295161,-0.000018,6.575248,6.533543,3.187010
3266.000000,-191.614967,-104.293175,-0.000019,6.575701,6.534363,3.199640
3268.000000,-191.700520,-106.291185,-0.000020,6.576044,6.535141,3.212295
3270.000000,-191.786152,-108.289193,-0.000020,6.576127,6.535863,3.225023
3272.000000,-191.871865,-110.287197,-0.000021,6.576041,6.536694,3.237845
3274.000000,-191.957663,-112.285196,-0.000022,6.575910,6.537797,3.250783
3276.000000,-192.043551,-114.283193,-0.000023,6.575870,6.539057,3.263861
3278.000000,-192.129529,-116.281184,-0.000024,6.576064,6.540191,3.277117
3280.000000,-192.215603,-118.279173,-0.000025,6.576505,6.541048,3.290670
3282.000000,-192.301776,-120.277157,-0.000026,6.576922,6.541773,3.304690
3284.000000,-192.388051,-122.275137,-0.000027,6.577038,6.542542,3.319291
3286.000000,-192.474432,-124.273112,-0.000027,6.576966,6.543362,3.334478
3288.000000,-192.560922,-126.271082,-0.000028,6.577046,6.544140,3.350242
3290.000000,-192.647524,-128.269047,-0.000029,6.577439,6.544863,3.366625
3292.000000,-192.734242,-130.267008,-0.000030,6.577893,6.545694,3.383690
3294.000000,-192.821079,-132.264962,-0.000031,6.578122,6.546798,3.401487
3296.000000,-192.908039,-134.262912,-0.000032,6.578102,6.548058,3.420074
3298.000000,-192.995126,-136.260857,-0.000032,6.577974,6.549191,3.439547
3300.000000,-193.082343,-138.258795,-0.000033,6.577876,6.550048,3.460008
3302.000000,-193.169691,-140.256728,-0.000032,6.577934,6.550774,3.481447
3304.000000,-193.257171,-142.254655,-0.000030,6.578249,6.551542,3.503749
3306.000000,-193.344773,-144.252577,-0.000028,6.578702,6.552363,3.526801
3308.000000,-193.432486,-146.250494,-0.000024,6.579043,6.553142,3.550461
3310.000000,-193.520295,-148.248406,-0.000021,6.579124,6.553865,3.574592
3312.000000,-193.608188,-150.246315,-0.000018,6.579040,6.554696,3.599049
3314.000000,-193.696152,-152.244222,-0.000015,6.578916,6.555800,3.623677
3316.000000,-193.784175,-154.242125,-0.000012,6.578880,6.557060,3.648379
3318.000000,-193.872243,-156.240026,-0.000009,6.579060,6.558194,3.673090
3320.000000,-193.960347,-158.237925,-0.000005,6.579474,6.559050,3.697740
3322.000000,-194.048471,-160.235825,-0.000002,6.579902,6.559775,3.722265
3324.000000,-194.136603,-162.233722,0.000001,6.580115,6.560545,3.746601
3326.000000,-194.224971,-164.237022,0.000004,6.580098,6.561367,3.770762
3328.000000,-194.313083,-166.234921,0.000007,6.579972,6.562145,3.794561
3330.000000,-194.401166,-168.232822,0.000010,6.579870,6.562870,3.818014
3332.000000,-194.489208,-170.230724,0.000013,6.579930,6.563702,3.841060
3334.000000,-194.577196,-172.228629,0.000017,6.580271,6.564799,3.863626
3336.000000,-194.665117,-174.226538,0.000020,6.580738,6.566055,3.885613
3338.000000,-194.752960,-176.224449,0.000023,6.581025,6.567202,3.906913
3340.000000,-194.840710,-178.222363,0.000026,6.581004,6.568085,3.927482
3342.000000,-194.928356,-180.220284,0.000029,6.580966,6.568797,3.947381
3344.000000,-195.015886,-182.218208,0.000032,6.581217,6.569469,3.966601
3346.000000,-195.103286,-184.216139,0.000035,6.581680,6.570232,3.985107
3348.000000,-195.190546,-186.214075,0.000039,6.582046,6.571216,4.002856
3350.000000,-195.277651,-188.212019,0.000042,6.582134,6.572437,4.019808
3352.000000,-195.364589,-190.209971,0.000045,6.582042,6.573661,4.035858
3354.000000,-195.451348,-192.207929,0.000048,6.581913,6.574645,4.050781
3356.000000,-195.537916,-194.205896,0.000051,6.581878,6.575412,4.064333
3358.000000,-195.624281,-196.203871,0.000054,6.582058,6.576144,4.075519
3360.000000,-195.710428,-198.201856,0.000057,6.582471,6.576949,4.082145
3362.000000,-195.796348,-200.199851,0.000060,6.582899,6.577758,4.083260
3364.000000,-195.882027,-202.197856,0.000063,6.583112,6.578494,4.078563
3366.000000,-195.967452,-204.195873,0.000066,6.583096,6.579245,4.067757
3368.000000,-196.052613,-206.193900,0.000070,6.582977,6.580197,4.050575
3370.000000,-196.137496,-208.191939,0.000073,6.582879,6.581407,4.026711
3372.000000,-196.222088,-210.189990,0.000076,6.582932,6.582639,3.995679
3374.000000,-196.306374,-212.188055,0.000078,6.583239,6.583631,3.956961
3376.000000,-196.390347,-214.186131,0.000081,6.583691,6.584399,3.910174
3378.000000,-196.474000,-216.184222,0.000085,6.584037,6.585127,3.854986
3380.000000,-196.557320,-218.182327,0.000092,6.584128,6.585928,3.791076
3382.000000,-196.640273,-220.180449,0.000095,6.584046,6.586738,3.718097
3384.000000,-196.722829,-222.178585,0.000085,6.583914,6.587474,3.635252
3386.000000,-196.805031,-224.176736,0.000060,6.583868,6.588221,3.540763
3388.000000,-196.886981,-226.174897,0.000017,6.584050,6.589163,3.432472
3390.000000,-196.968830,-228.173064,-0.000048,6.584484,6.590367,3.308027
3392.000000,-197.050865,-230.171221,-0.000123,6.584906,6.591600,3.164910
3394.000000,-197.133620,-232.174761,-0.000197,6.585039,6.592605,3.000258
3396.000000,-197.216943,-234.172866,-0.000268,6.584968,6.593378,2.812414
3398.000000,-197.301338,-236.170925,-0.000340,6.585034,6.594108,2.598334
3400.000000,-197.387088,-238.168927,-0.000415,6.585415,6.594912,2.356857
3402.000000,-197.474495,-240.166858,-0.000492,6.585876,6.595729,2.087312
3404.000000,-197.563867,-242.164703,-0.000569,6.586123,6.596476,1.789031
3406.000000,-197.655512,-244.162444,-0.000620,6.586113,6.597236,1.461302
3408.000000,-197.749742,-246.160064,-0.000550,6.585970,6.598199,1.103431
3410.000000,-197.846439,-248.157566,-0.000303,6.585841,6.599425,0.715197
3412.000000,-197.944399,-250.155007,0.000036,6.585919,6.600682,0.297518
3414.000000,-198.042215,-252.152455,0.000385,6.586355,6.601716,-0.148382
3416.000000,-198.138489,-254.149977,0.000729,6.586867,6.602507,-0.621534
3418.000000,-198.231833,-256.147642,0.001053,6.586946,6.603167,-1.121546
3420.000000,-198.320931,-258.145505,0.001353,6.586600,6.603843,-1.648296
3422.000000,-198.404617,-260.143595,0.001637,6.586784,6.604740,-2.202494
3424.000000,-198.481752,-262.141941,0.001914,6.590326,6.606684,-2.785581
3426.000000,-198.551237,-264.140574,0.002474,6.613101,6.615024,-3.399050
3428.000000,-198.611976,-266.139529,0.004275,6.677339,6.637312,-4.044313
3430.000000,-198.658293,-268.138870,0.007823,6.789929,6.675556,-4.710467
3432.000000,-198.673825,-270.138729,0.012478,6.925742,6.720190,-5.373753
3434.000000,-198.640198,-272.139091,0.017822,7.055818,6.761393,-6.011993
3436.000000,-198.535999,-274.137189,0.023886,7.164208,6.809698,-6.600073
3438.000000,-198.337119,-276.127834,0.031197,7.245389,6.891797,-7.116561
3440.000000,-198.018017,-278.098239,0.040147,7.303666,7.012064,-7.534689
3442.000000,-197.541377,-280.042891,0.050486,7.377592,7.094511,-7.830561
3444.000000,-196.873311,-281.926513,0.062546,7.510250,7.048400,-7.996142
3446.000000,-195.978706,-283.713304,0.074418,7.694092,6.889156,-8.038045
3448.000000,-194.824727,-285.339920,0.077654,7.880386,6.716351,-7.976261
3450.000000,-193.416548,-286.757509,0.068119,8.028209,6.604152,-7.771682
3452.000000,-191.826386,-287.970877,0.052739,8.110593,6.579322,-7.357610
3454.000000,-190.119068,-289.007670,0.036003,8.112914,6.651231,-6.716822
3456.000000,-188.338538,-289.919059,0.019670,8.065465,6.782407,-5.869473
3458.000000,-186.525462,-290.765262,0.008391,8.012890,6.920084,-4.928453
3460.000000,-184.703163,-291.589373,0.003802,7.977568,7.037291,-4.042914
3462.000000,-182.875661,-292.400897,0.003219,7.951334,7.142427,-3.254482
3464.000000,-181.044029,-293.203674,0.005083,7.923813,7.247219,-2.567215
3466.000000,-179.204927,-293.989491,0.008395,7.890191,7.361916,-1.967261
3468.000000,-177.352542,-294.743372,0.011112,7.848427,7.495689,-1.427594
3470.000000,-175.482941,-295.453955,0.012399,7.804533,7.636383,-0.925113
3472.000000,-173.596122,-296.117578,0.012784,7.778029,7.735779,-0.447618
3474.000000,-171.692806,-296.732126,0.012658,7.786587,7.749845,0.014822
3476.000000,-169.774425,-297.297962,0.012211,7.824217,7.692771,0.469224
3478.000000,-167.842804,-297.816843,0.011737,7.873867,7.605982,0.919356
3480.000000,-165.899613,-298.290348,0.011344,7.922402,7.521776,1.368222
3482.000000,-163.946196,-298.719660,0.010979,7.963143,7.457345,1.818485
3484.000000,-161.983839,-299.105933,0.010591,7.991303,7.425169,2.271568
3486.000000,-160.013736,-299.450536,0.010185,8.008523,7.421077,2.727567
3488.000000,-158.037029,-299.754945,0.009782,8.019142,7.433889,3.185704
3490.000000,-156.054773,-300.020634,0.009389,8.026455,7.454651,3.644098
3492.000000,-154.067878,-300.249062,0.009002,8.032213,7.477762,4.099090
3494.000000,-152.077214,-300.441685,0.008621,8.037923,7.499004,4.546401
3496.000000,-150.083531,-300.599963,0.008245,8.044694,7.519612,4.982232
3498.000000,-148.087516,-300.725349,0.007876,8.053521,7.543000,5.402301
3500.000000,-146.089791,-300.819289,0.007515,8.066501,7.572704,5.802235
3502.000000,-144.090879,-300.883199,0.007163,8.087275,7.612370,6.176794
3504.000000,-142.091272,-300.918488,0.006823,8.118428,7.664367,6.521148
3506.000000,-140.091374,-300.926498,0.006490,8.156001,7.724119,6.830818
3508.000000,-138.091548,-300.908546,0.006154,8.193511,7.784371,7.103034
3510.000000,-136.092109,-300.865974,0.005820,8.228582,7.842069,7.336202
3512.000000,-134.093293,-300.800165,0.005557,8.264759,7.900226,7.528946
3514.000000,-132.095323,-300.712377,0.005447,8.304671,7.961287,7.681266
3516.000000,-130.098433,-300.602947,0.005460,8.342052,8.020678,7.793815
3518.000000,-128.102854,-300.471742,0.005522,8.366833,8.070819,7.867348
3520.000000,-126.108839,-300.318544,0.005608,8.367294,8.102441,7.903816
3522.000000,-124.116666,-300.142997,0.005702,8.329389,8.103881,7.906333
3524.000000,-122.126622,-299.944733,0.005791,8.243072,8.066996,7.878279
3526.000000,-120.139009,-299.723428,0.005876,8.122843,8.005510,7.823486
3528.000000,-118.154131,-299.478784,0.005960,7.993567,7.942208,7.745210
3530.000000,-116.172308,-299.210499,0.006045,7.873055,7.887332,7.645748
3532.000000,-114.193874,-298.918277,0.006130,7.768433,7.832417,7.527629
3534.000000,-112.219167,-298.601821,0.006213,7.686181,7.767871,7.393102
3536.000000,-110.248544,-298.260853,0.006295,7.636019,7.689825,7.243607
3538.000000,-108.282369,-297.895100,0.006376,7.628627,7.596915,7.079880
3540.000000,-106.321014,-297.504303,0.006455,7.660677,7.491353,6.902209
3542.000000,-104.364869,-297.088218,0.006533,7.708901,7.380356,6.710949
3544.000000,-102.414325,-296.646608,0.006609,7.751487,7.270725,6.506387
3546.000000,-100.469787,-296.179254,0.006683,7.786229,7.164063,6.288653
3548.000000,-98.531669,-295.685948,0.006754,7.818535,7.060270,6.058266
3550.000000,-96.600390,-295.166503,0.006820,7.843149,6.972064,5.815818
3552.000000,-94.676375,-294.620766,0.006888,7.839941,6.929835,5.562316
3554.000000,-92.760054,-294.048583,0.006959,7.793130,6.956856,5.299094
3556.000000,-90.851881,-293.449788,0.007038,7.717818,7.029561,5.027195
3558.000000,-88.952319,-292.824207,0.007131,7.640873,7.106496,4.747775
3560.000000,-87.061860,-292.171619,0.007240,7.574067,7.168089,4.462028
3562.000000,-85.181048,-291.491731,0.007361,7.508138,7.225274,4.171071
3564.000000,-83.310439,-290.784238,0.007489,7.434985,7.288869,3.875980
3566.000000,-81.450631,-290.048814,0.007625,7.364682,7.351727,3.577877
3568.000000,-79.602248,-289.285121,0.007769,7.314591,7.399489,3.277698
3570.000000,-77.765943,-288.492811,0.007923,7.298707,7.420787,2.976246
3572.000000,-75.942422,-287.671507,0.008086,7.326030,7.408709,2.674249
3574.000000,-74.132408,-286.820829,0.008258,7.400847,7.360002,2.372083
3576.000000,-72.336686,-285.940380,0.008436,7.504473,7.288866,2.070074
3578.000000,-70.556074,-285.029754,0.008607,7.609066,7.216477,1.768630
3580.000000,-68.791399,-284.088596,0.008770,7.703460,7.151833,1.467789
3582.000000,-67.043503,-283.116634,0.008927,7.800659,7.086281,1.167866
3584.000000,-65.313232,-282.113612,0.009079,7.910593,7.012854,0.869633
3586.000000,-63.601459,-281.079336,0.009228,8.012161,6.944255,0.574245
3588.000000,-61.909063,-280.013644,0.009374,8.072294,6.900788,0.283633
3590.000000,-60.236941,-278.916403,0.009517,8.079586,6.889486,0.000251
3592.000000,-58.586004,-277.787534,0.009651,8.052227,6.899236,-0.273430
3594.000000,-56.957167,-276.626985,0.009769,8.009490,6.918277,-0.535389
3596.000000,-55.351320,-275.434828,0.009840,7.960785,6.940975,-0.784736
3598.000000,-53.769341,-274.211202,0.009787,7.911685,6.964073,-1.021210
3600.000000,-52.211740,-272.956684,0.009593,7.864610,6.985981,-1.245393
3602.000000,-50.678496,-271.672494,0.009343,7.818150,7.007129,-1.458652
3604.000000,-49.169520,-270.359902,0.009097,7.770937,7.028158,-1.662149
3606.000000,-47.684674,-269.020086,0.008859,7.723446,7.049802,-1.857004
3608.000000,-46.223799,-267.654181,0.008625,7.676791,7.072987,-2.044278
3610.000000,-44.786706,-266.263290,0.008395,7.631914,7.102471,-2.224899
3612.000000,-43.373163,-264.848469,0.008170,7.589535,7.147596,-2.399764
3614.000000,-41.982929,-263.410755,0.007952,7.550291,7.214360,-2.569752
3616.000000,-40.615732,-261.951119,0.007740,7.514515,7.292165,-2.735644
3618.000000,-39.271291,-260.470502,0.007535,7.482283,7.365240,-2.898034
3620.000000,-37.949314,-258.969808,0.007340,7.449824,7.432909,-3.057379
3622.000000,-36.649491,-257.449882,0.007137,7.408689,7.512991,-3.214147
3624.000000,-35.368077,-255.907380,0.006952,7.355852,7.614270,-3.369204
3626.000000,-34.111678,-254.351381,0.006781,7.316604,7.693444,-3.522092
3628.000000,-32.876473,-252.778508,0.006604,7.324817,7.691344,-3.673587
3630.000000,-31.662144,-251.189470,0.006442,7.385798,7.598176,-3.824020
3632.000000,-30.468388,-249.584921,0.006281,7.468099,7.467734,-3.973677
3634.000000,-29.294894,-247.965505,0.006115,7.542916,7.349616,-4.122800
3636.000000,-28.141294,-246.331857,0.005964,7.612068,7.242311,-4.271382
3638.000000,-27.007202,-244.684603,0.005873,7.688476,7.125646,-4.419277
3640.000000,-25.892451,-243.024208,0.005859,7.769577,7.001595,-4.566134
3642.000000,-24.797215,-241.350877,0.005895,7.832154,6.901740,-4.711245
3644.000000,-23.721737,-239.664776,0.005966,7.855423,6.854455,-4.853764
3646.000000,-22.666433,-237.965975,0.006055,7.840749,6.857735,-4.992566
3648.000000,-21.631792,-236.254511,0.006134,7.797937,6.898016,-5.126450
3650.000000,-20.618246,-234.530467,0.006195,7.737897,6.960832,-5.254284
3652.000000,-19.626135,-232.793997,0.006255,7.672709,7.030853,-5.375040
3654.000000,-18.655805,-231.045259,0.006327,7.611844,7.095947,-5.487630
3656.000000,-17.707674,-229.284388,0.006387,7.552633,7.158556,-5.590911
3658.000000,-16.782182,-227.511515,0.006384,7.488695,7.225685,-5.683749
3660.000000,-15.879491,-225.726919,0.006289,7.426230,7.291592,-5.765371
3662.000000,-14.999389,-223.931084,0.006046,7.386099,7.335651,-5.835361
3664.000000,-14.141370,-222.124616,0.005590,7.383489,7.342803,-5.893680
3666.000000,-13.303709,-220.308607,0.004997,7.404885,7.326325,-5.941589
3668.000000,-12.484206,-218.484336,0.004404,7.427893,7.308256,-5.980775
3670.000000,-11.680766,-216.652959,0.003846,7.442775,7.298174,-6.012888
3672.000000,-10.891432,-214.815459,0.003304,7.454247,7.291434,-6.039537
3674.000000,-10.114255,-212.972795,0.002765,7.467131,7.283290,-6.062373
3676.000000,-9.347281,-211.125864,0.002224,7.481537,7.273669,-6.082991
3678.000000,-8.588542,-209.275536,0.001671,7.496035,7.264020,-6.102932
3680.000000,-7.836012,-207.422682,0.001120,7.509997,7.254907,-6.123756
3682.000000,-7.087574,-205.568169,0.000678,7.523771,7.245819,-6.147085
3684.000000,-6.341341,-203.712769,0.000452,7.537750,7.236306,-6.174172
3686.000000,-5.596659,-201.856749,0.000388,7.552152,7.226639,-6.204716
3688.000000,-4.853387,-200.000163,0.000383,7.567102,7.217319,-6.237534
3690.000000,-4.111499,-198.143023,0.000407,7.581892,7.208322,-6.271073
3692.000000,-3.371121,-196.285281,0.000440,7.594806,7.198965,-6.303617
3694.000000,-2.632390,-194.426883,0.000466,7.602617,7.188311,-6.333370
3696.000000,-1.895394,-192.567796,0.000486,7.595644,7.174537,-6.358347
3698.000000,-1.160204,-190.707993,0.000507,7.562344,7.155587,-6.376427
3700.000000,-0.426899,-188.847447,0.000530,7.503412,7.131625,-6.385308
3702.000000,0.304431,-186.986124,0.000554,7.434782,7.105580,-6.382507
3704.000000,1.033698,-185.123993,0.000576,7.370785,7.080118,-6.365603
3706.000000,1.760819,-183.261021,0.000598,7.311722,7.055499,-6.332392
3708.000000,2.485716,-181.397183,0.000621,7.252906,7.031121,-6.280966
3710.000000,3.208298,-179.532447,0.000647,7.192183,7.006672,-6.209621
3712.000000,3.928466,-177.666776,0.000668,7.130611,6.982224,-6.117212
3714.000000,4.647678,-175.796100,0.000680,7.069204,6.957790,-6.002674
3716.000000,5.363174,-173.927478,0.000694,7.008382,6.933356,-5.865845
3718.000000,6.075724,-172.058884,0.000736,6.947913,6.908733,-5.706104
3720.000000,6.785568,-170.189258,0.000800,6.887541,6.883900,-5.522748
3722.000000,7.492376,-168.318487,0.000789,6.826976,6.859038,-5.315015
3724.000000,8.195992,-166.446513,0.000613,6.766050,6.834340,-5.082162
3726.000000,8.897212,-164.573639,0.000272,6.705165,6.809970,-4.824334
3728.000000,9.597242,-162.700318,-0.000251,6.644889,6.786058,-4.542265
3730.000000,10.297976,-160.827261,-0.000947,6.584950,6.762154,-4.237248
3732.000000,11.002244,-158.955531,-0.001699,6.524091,6.737120,-3.911982
3734.000000,11.712924,-157.086216,-0.002422,6.461736,6.710549,-3.569820
3736.000000,12.432669,-155.220373,-0.003118,6.400697,6.685467,-3.214169
3738.000000,13.164042,-153.359042,-0.003809,6.344926,6.666068,-2.848436
3740.000000,13.909577,-151.503325,-0.004501,6.297428,6.655679,-2.476148
3742.000000,14.671774,-149.654399,-0.005210,6.260042,6.656568,-2.100909
3744.000000,15.453155,-147.813487,-0.005958,6.233456,6.669569,-1.726284
3746.000000,16.256377,-145.981981,-0.006958,6.213739,6.689602,-1.355967
3748.000000,17.084246,-144.161398,-0.008710,6.195406,6.709675,-0.993858
3750.000000,17.942612,-142.354970,-0.011313,6.175155,6.727388,-0.647135
3752.000000,18.841569,-140.568326,-0.014210,6.152396,6.746014,-0.328417
3754.000000,19.791368,-138.807622,-0.016988,6.127680,6.767695,-0.050415
3756.000000,20.800496,-137.080394,-0.019029,6.105618,6.786882,0.175800
3758.000000,21.876437,-135.394576,-0.018911,6.092168,6.795398,0.340794
3760.000000,23.018376,-133.752461,-0.016369,6.090241,6.789316,0.445860
3762.000000,24.211339,-132.151822,-0.012886,6.098975,6.770006,0.505772
3764.000000,25.446442,-130.580059,-0.009543,6.116609,6.739932,0.536446
3766.000000,26.711754,-129.031355,-0.006730,6.138877,6.704558,0.551927
3768.000000,27.996792,-127.498946,-0.005058,6.160761,6.670192,0.565705
3770.000000,29.299428,-125.974376,-0.004664,6.180945,6.637890,0.586199
3772.000000,30.612563,-124.466025,-0.004784,6.202298,6.602814,0.614614
3774.000000,31.940143,-122.970360,-0.004876,6.226404,6.562631,0.651449
3776.000000,33.282283,-121.487731,-0.004930,6.246951,6.529248,0.697376
3778.000000,34.638964,-120.018392,-0.004989,6.255273,6.518800,0.753099
3780.000000,36.010217,-118.562647,-0.005065,6.250467,6.532923,0.819280
3782.000000,37.396142,-117.120867,-0.005145,6.240729,6.556271,0.896659
3784.000000,38.796838,-115.693426,-0.005222,6.233363,6.575172,0.986068
3786.000000,40.212367,-114.280692,-0.005296,6.228506,6.589387,1.088230
3788.000000,41.642780,-112.883029,-0.005371,6.223898,6.603155,1.203628
3790.000000,43.088123,-111.500806,-0.005447,6.218439,6.618519,1.332582
3792.000000,44.548435,-110.134411,-0.005523,6.212407,6.634903,1.475389
3794.000000,46.023753,-108.784226,-0.005598,6.206314,6.651441,1.631968
3796.000000,47.514095,-107.450642,-0.005672,6.201140,6.667022,1.801389
3798.000000,49.019470,-106.134047,-0.005749,6.198009,6.680467,1.982448
3800.000000,50.539881,-104.834842,-0.005826,6.197732,6.691051,2.173915
3802.000000,52.075326,-103.553443,-0.005899,6.200762,6.698558,2.374586
3804.000000,53.625791,-102.290256,-0.005962,6.207192,6.703134,2.583206
3806.000000,55.191211,-101.045648,-0.006033,6.215795,6.706224,2.798600
3808.000000,56.771505,-99.819972,-0.006147,6.224915,6.709635,3.019594
3810.000000,58.366708,-98.613760,-0.006313,6.233368,6.713648,3.244767
3812.000000,59.976999,-97.427769,-0.006516,6.240515,6.716799,3.472413
3814.000000,61.602592,-96.262820,-0.006750,6.246412,6.718406,3.700757
3816.000000,63.243752,-95.119905,-0.007006,6.253787,6.721710,3.927905
3818.000000,64.900767,-94.000092,-0.007266,6.266573,6.731637,4.151973
3820.000000,66.573889,-92.904469,-0.007529,6.294880,6.760673,4.371082
3822.000000,68.263315,-91.834159,-0.007796,6.356050,6.830154,4.583259
3824.000000,69.969228,-90.790303,-0.008071,6.461432,6.954026,4.786520
3826.000000,71.691766,-89.774109,-0.008352,6.593843,7.111082,4.979042
3828.000000,73.431042,-88.786822,-0.008639,6.726801,7.268679,5.159066
3830.000000,75.187124,-87.829721,-0.008931,6.850126,7.414629,5.324937
3832.000000,76.960017,-86.904136,-0.009226,6.973212,7.561304,5.475194
3834.000000,78.749703,-86.011410,-0.009525,7.103090,7.717521,5.608758
3836.000000,80.556069,-85.152933,-0.009826,7.228961,7.867194,5.724724
3838.000000,82.378967,-84.330114,-0.010130,7.334170,7.986099,5.822293
3840.000000,84.218173,-83.544385,-0.010435,7.409735,8.061396,5.900818
3842.000000,86.073372,-82.797213,-0.010735,7.455637,8.093528,5.959711
3844.000000,87.944205,-82.090054,-0.011024,7.474974,8.087242,5.998215
3846.000000,89.830184,-81.424313,-0.011312,7.480007,8.059617,6.015712
3848.000000,91.730763,-80.801381,-0.011612,7.485504,8.031161,6.011663
3850.000000,93.645308,-80.222728,-0.011895,7.496327,8.010135,5.985203
3852.000000,95.573069,-79.689921,-0.011968,7.506613,7.991525,5.935319
3854.000000,97.513159,-79.203986,-0.011657,7.508524,7.970099,5.861652
3856.000000,99.464141,-78.763605,-0.011085,7.490269,7.943900,5.765902
3858.000000,101.424388,-78.366623,-0.010433,7.439686,7.912090,5.650996
3860.000000,103.392449,-78.010678,-0.009755,7.359718,7.875612,5.520295
3862.000000,105.367079,-77.693179,-0.009091,7.269009,7.837235,5.377310
3864.000000,107.347113,-77.411570,-0.008469,7.183425,7.799437,5.225613
3866.000000,109.331621,-77.163518,-0.007863,7.103946,7.763076,5.068508
3868.000000,111.319766,-76.946757,-0.007218,7.026880,7.728397,4.909175
3870.000000,113.310817,-76.758789,-0.006551,6.948057,7.693701,4.750826
3872.000000,115.304167,-76.596822,-0.006039,6.862851,7.655197,4.597020
3874.000000,117.299273,-76.458458,-0.005844,6.770881,7.611886,4.450996
3876.000000,119.295837,-76.343228,-0.005954,6.688663,7.574531,4.313919
3878.000000,121.293648,-76.251436,-0.006393,6.638001,7.557571,4.185885
3880.000000,123.292463,-76.184759,-0.007138,6.634259,7.571006,4.065673
3882.000000,125.292003,-76.146608,-0.007961,6.685392,7.619725,3.950067
3884.000000,127.291934,-76.140443,-0.008701,6.792627,7.704321,3.835567
3886.000000,129.291692,-76.169129,-0.009412,6.932965,7.810057,3.719136
3888.000000,131.290622,-76.235325,-0.010214,7.076144,7.917605,3.598019
3890.000000,133.287817,-76.342183,-0.011081,7.208200,8.018065,3.469040
3892.000000,135.282081,-76.493458,-0.011672,7.333132,8.114028,3.328365
3894.000000,137.272219,-76.692127,-0.011687,7.456973,8.209458,3.172537
3896.000000,139.257175,-76.937595,-0.011165,7.587558,8.309710,3.001611
3898.000000,141.235983,-77.227899,-0.010090,7.731969,8.419638,2.817331
3900.000000,143.208373,-77.558736,-0.008527,7.875517,8.528568,2.623423
3902.000000,145.174881,-77.923167,-0.006854,7.981429,8.610079,2.426687
3904.000000,147.136174,-78.314267,-0.005319,8.025015,8.646491,2.234286
3906.000000,149.093173,-78.726127,-0.003863,8.029720,8.654874,2.052423
3908.000000,151.046894,-79.153166,-0.002363,8.032085,8.661750,1.886734
3910.000000,152.998537,-79.589518,-0.000815,8.046843,8.677783,1.743154
3912.000000,154.949513,-80.028987,0.000632,8.066330,8.697346,1.628342
3914.000000,156.901155,-80.465661,0.001825,8.083166,8.715007,1.549004
3916.000000,158.854389,-80.894950,0.002054,8.097463,8.730720,1.510425
3918.000000,160.809887,-81.313257,-0.000186,8.111606,8.746090,1.516739
3920.000000,162.765971,-81.728750,-0.005031,8.126671,8.761945,1.559061
3922.000000,164.718128,-82.163800,-0.010680,8.142286,8.778256,1.613465
3924.000000,166.661062,-82.641342,-0.015898,8.157958,8.794863,1.655778
3926.000000,168.587282,-83.180729,-0.019636,8.173201,8.811381,1.665352
3928.000000,170.488758,-83.799224,-0.019793,8.187435,8.827297,1.623479
3930.000000,172.363018,-84.497499,-0.016211,8.198345,8.841006,1.527356
3932.000000,174.214165,-85.256682,-0.011403,8.201770,8.849724,1.393910
3934.000000,176.047265,-86.056969,-0.006988,8.195237,8.851820,1.241684
3936.000000,177.868758,-86.882313,-0.003387,8.182808,8.850087,1.086565
3938.000000,179.685396,-87.718293,-0.001323,8.170304,8.848503,0.943402
3940.000000,181.500770,-88.557201,-0.000811,8.159918,8.848514,0.819868
3942.000000,183.314872,-89.398927,-0.000858,8.150136,8.848978,0.714771
3944.000000,185.127444,-90.243907,-0.000848,8.139616,8.848874,0.626205
3946.000000,186.938546,-91.092002,-0.000777,8.128622,8.848319,0.553042
3948.000000,188.748340,-91.942882,-0.000715,8.117873,8.847751,0.494401
3950.000000,190.556933,-92.796320,-0.000679,8.107525,8.847347,0.449316
3952.000000,192.364368,-93.652214,-0.000648,8.097153,8.847004,0.416691
3954.000000,194.170685,-94.510461,-0.000611,8.086436,8.846627,0.395301
3956.000000,195.975950,-95.370917,-0.000570,8.075563,8.846215,0.383873
3958.000000,197.780234,-96.233428,-0.000529,8.064864,8.845799,0.381155
3960.000000,199.583606,-97.097845,-0.000489,8.054441,8.845394,0.386063
3962.000000,201.386131,-97.964025,-0.000451,8.044165,8.845006,0.397711
3964.000000,203.187876,-98.831831,-0.000412,8.033890,8.844630,0.415236
3966.000000,204.988904,-99.701121,-0.000372,8.023475,8.844229,0.437781
3968.000000,206.789284,-100.571751,-0.000333,8.012795,8.843765,0.464491
3970.000000,208.589085,-101.443579,-0.000293,8.001936,8.843303,0.494504
3972.000000,210.388374,-102.316460,-0.000254,7.991198,8.843010,0.526909
3974.000000,212.187220,-103.190256,-0.000216,7.980777,8.842984,0.560645
3976.000000,213.985690,-104.064826,-0.000176,7.970442,8.843031,0.594449
3978.000000,215.783848,-104.940036,-0.000133,7.959849,8.842885,0.626978
3980.000000,217.581772,-105.815728,-0.000084,7.948997,8.842492,0.656991
3982.000000,219.379548,-106.691723,-0.000032,7.938231,8.842011,0.683488
3984.000000,221.177266,-107.567837,0.000022,7.927793,8.841583,0.705572
3986.000000,222.975020,-108.443875,0.000077,7.917466,8.841199,0.722475
3988.000000,224.772910,-109.319636,0.000131,7.906903,8.840812,0.733651
3990.000000,226.571030,-110.194925,0.000186,7.896074,8.840408,0.739498
3992.000000,228.369474,-111.069546,0.000240,7.885270,8.840011,0.741687
3994.000000,230.171960,-111.945063,0.000294,7.874706,8.839629,0.740990
3996.000000,231.972582,-112.818361,0.000349,7.864370,8.839231,0.737514
3998.000000,233.772571,-113.689799,0.000404,7.854114,8.838769,0.731383
4000.000000,235.573264,-114.559785,0.000458,7.843789,8.838307,0.722724
4002.000000,237.374752,-115.428121,0.000512,7.833259,8.838012,0.711793
4004.000000,239.177127,-116.294614,0.000569,7.822461,8.837983,0.699135
4006.000000,240.980488,-117.159056,0.000625,7.811622,8.838031,0.685560
4008.000000,242.784930,-118.021238,0.000675,7.801035,8.837888,0.672293
4010.000000,244.590538,-118.880973,0.000722,7.790692,8.837495,0.660713
4012.000000,246.397382,-119.738110,0.000781,7.780270,8.837014,0.652232
4014.000000,248.205547,-120.592459,0.000863,7.769533,8.836582,0.648321
4016.000000,250.015181,-121.443692,0.000932,7.758669,8.836199,0.650606
4018.000000,251.826444,-122.291450,0.000916,7.747976,8.835816,0.660656
4020.000000,253.639311,-123.135772,0.000783,7.737548,8.835416,0.679425
4022.000000,255.453545,-123.977156,0.000469,7.727256,8.835010,0.707333
4024.000000,257.268727,-124.816489,-0.000096,7.716960,8.834606,0.744396
4026.000000,259.083802,-125.656051,-0.000811,7.706536,8.834207,0.789086
4028.000000,260.897499,-126.498597,-0.001524,7.695877,8.833812,0.839491
4030.000000,262.708600,-127.346713,-0.002201,7.685037,8.833415,0.894170
4032.000000,264.515955,-128.202791,-0.002872,7.674236,8.833008,0.952102
4034.000000,266.318389,-129.069220,-0.003559,7.663660,8.832590,1.012563
4036.000000,268.114609,-129.948446,-0.004245,7.653316,8.832190,1.074905
4038.000000,269.903286,-130.842926,-0.004902,7.643134,8.831853,1.138647
4040.000000,271.683098,-131.754945,-0.005568,7.632699,8.831715,1.203562
4042.000000,273.452742,-132.686595,-0.006469,7.621244,8.832001,1.269129
4044.000000,275.210542,-133.640503,-0.007797,7.608818,8.832599,1.333766
4046.000000,276.953350,-134.621493,-0.009434,7.598470,8.832158,1.392800
4048.000000,278.677480,-135.635146,-0.011215,7.594233,8.828947,1.440433
4050.000000,280.378578,-136.687146,-0.013093,7.601019,8.821231,1.470243
4052.000000,282.051533,-137.783290,-0.015025,7.624636,8.807279,1.475169
4054.000000,283.690945,-138.929262,-0.016989,7.667616,8.786129,1.448155
4056.000000,285.290540,-140.130282,-0.018998,7.720482,8.759589,1.382440
4058.000000,286.843677,-141.391369,-0.021078,7.770759,8.730426,1.271422
4060.000000,288.342446,-142.716856,-0.023068,7.817701,8.702932,1.108546
4062.000000,289.774797,-144.107541,-0.023890,7.872086,8.682909,0.887382
4064.000000,291.138650,-145.568786,-0.022697,7.936413,8.669708,0.603114
4066.000000,292.435336,-147.092499,-0.020283,7.983863,8.642947,0.264497
4068.000000,293.668896,-148.667476,-0.017553,7.982146,8.578775,-0.114388
4070.000000,294.846069,-150.284563,-0.014740,7.932884,8.478971,-0.519001
4072.000000,295.975133,-151.935584,-0.012016,7.866836,8.367369,-0.933830
4074.000000,297.064358,-153.612933,-0.009490,7.807989,8.261976,-1.343328
4076.000000,298.121609,-155.310600,-0.007034,7.755464,8.159916,-1.733197
4078.000000,299.154691,-157.023029,-0.004458,7.702301,8.053686,-2.088816
4080.000000,300.172262,-158.744628,-0.001832,7.646576,7.946321,-2.394852
4082.000000,301.183844,-160.469765,0.000300,7.590985,7.850457,-2.635244
4084.000000,302.197690,-162.193581,0.001498,7.537839,7.777233,-2.796902
4086.000000,303.217138,-163.914078,0.001829,7.487137,7.730633,-2.873121
4088.000000,304.243731,-165.630301,0.001248,7.438191,7.712035,-2.859822
4090.000000,305.275552,-167.343395,-0.000143,7.390313,7.715114,-2.758314
4092.000000,306.306911,-169.056785,-0.001749,7.342828,7.725895,-2.575694
4094.000000,307.332031,-170.773928,-0.003198,7.295222,7.732941,-2.321209
4096.000000,308.346069,-172.497629,-0.004539,7.247521,7.735094,-2.004178
4098.000000,309.344464,-174.230480,-0.005885,7.199878,7.734406,-1.634072
4100.000000,310.322441,-175.974964,-0.007246,7.152079,7.735468,-1.220345
4102.000000,311.274999,-177.733457,-0.008557,7.103573,7.745127,-0.770938
4104.000000,312.197228,-179.508126,-0.009775,7.054588,7.762440,-0.295242
4106.000000,313.084556,-181.300505,-0.010944,7.007685,7.763396,0.197423
4108.000000,313.932498,-183.111922,-0.012127,6.965808,7.720007,0.698238
4110.000000,314.736308,-184.943402,-0.013344,6.928989,7.630620,1.198543
4112.000000,315.490995,-186.795678,-0.014613,6.894738,7.516392,1.690711
4114.000000,316.191368,-188.669307,-0.015956,6.861333,7.392555,2.168761
4116.000000,316.831641,-190.564308,-0.017370,6.829853,7.252216,2.628172
4118.000000,317.405820,-192.480500,-0.018864,6.801741,7.085485,3.066184
4120.000000,317.907420,-194.417059,-0.020417,6.773165,6.923631,3.480237
4122.000000,318.329469,-196.372514,-0.021969,6.735438,6.835771,3.866729
4124.000000,318.664533,-198.341119,-0.023417,6.682783,6.866806,4.220647
4126.000000,318.907453,-200.325430,-0.024631,6.618908,6.979249,4.538745
4128.000000,319.051881,-202.320879,-0.025423,6.550364,7.114571,4.817305
4130.000000,319.094080,-204.321273,-0.025793,6.483671,7.238803,5.056660
4132.000000,319.033058,-206.321281,-0.026149,6.425198,7.340843,5.260573
4134.000000,318.868199,-208.311642,-0.026677,6.380240,7.412647,5.430211
4136.000000,318.597454,-210.292500,-0.027343,6.350493,7.451176,5.563937
4138.000000,318.218649,-212.257299,-0.028185,6.336412,7.455217,5.657380
4140.000000,317.729774,-214.197725,-0.029190,6.331996,7.434984,5.707703
4142.000000,317.129655,-216.102836,-0.030155,6.325785,7.410439,5.710229
4144.000000,316.414902,-217.970535,-0.030934,6.313258,7.393678,5.659964
4146.000000,315.585264,-219.791679,-0.031124,6.308816,7.375309,5.555183
4148.000000,314.642299,-221.556273,-0.029975,6.329436,7.342162,5.391747
4150.000000,313.596815,-223.256121,-0.027518,6.373453,7.294489,5.168159
4152.000000,312.456429,-224.900600,-0.024720,6.426597,7.241491,4.890172
4154.000000,311.236546,-226.486259,-0.022091,6.479240,7.189332,4.566189
4156.000000,309.947914,-228.016454,-0.019561,6.533603,7.135925,4.203783
4158.000000,308.600688,-229.495064,-0.017185,6.592757,7.078731,3.812404
4160.000000,307.203611,-230.926514,-0.014936,6.649061,7.023620,3.402153
4162.000000,305.764441,-232.315616,-0.012755,6.688336,6.981591,2.983042
4164.000000,304.290496,-233.667453,-0.010631,6.702533,6.958897,2.565030
4166.000000,302.788177,-234.987715,-0.008803,6.697019,6.951377,2.157352
4168.000000,301.267591,-236.278531,-0.007567,6.679637,6.952999,1.769613
4170.000000,299.719803,-237.553540,-0.006926,6.656135,6.959287,1.402446
4172.000000,298.158772,-238.803653,-0.006627,6.631266,6.966780,1.058095
4174.000000,296.581501,-240.033224,-0.006510,6.608002,6.973187,0.733283
4176.000000,294.988398,-241.242211,-0.006490,6.585738,6.978820,0.423947
4178.000000,293.379697,-242.430355,-0.006430,6.563386,6.984643,0.125836
4180.000000,291.755809,-243.597659,-0.006318,6.543281,6.992253,-0.163392
4182.000000,290.117301,-244.744355,-0.006196,6.530339,7.003707,-0.444613
4184.000000,288.464726,-245.870673,-0.006084,6.526940,7.019793,-0.718259
4186.000000,286.798573,-246.976800,-0.005964,6.528950,7.038144,-0.984677
4188.000000,285.119321,-248.062929,-0.005807,6.531055,7.055939,-1.244425
4190.000000,283.427545,-249.129446,-0.005606,6.530932,7.072916,-1.497871
4192.000000,281.723900,-250.176894,-0.005351,6.528455,7.090658,-1.745385
4194.000000,280.009104,-251.205962,-0.005033,6.525145,7.109308,-1.987337
4196.000000,278.284022,-252.217701,-0.004684,6.526003,7.125502,-2.223051
4198.000000,276.549552,-253.213245,-0.004339,6.536338,7.135436,-2.451283
4200.000000,274.806520,-254.193707,-0.004003,6.557686,7.137952,-2.670758
4202.000000,273.055697,-255.160183,-0.003669,6.588982,7.133715,-2.880084
4204.000000,271.297833,-256.113780,-0.003334,6.628086,7.124137,-3.077830
4206.000000,269.533650,-257.055635,-0.002998,6.670803,7.112054,-3.262869
4208.000000,267.763858,-257.986896,-0.002665,6.712923,7.100326,-3.434587
4210.000000,265.989131,-258.908712,-0.002334,6.753560,7.089624,-3.592618
4212.000000,264.210122,-259.822236,-0.002004,6.794003,7.079185,-3.737013
4214.000000,262.427471,-260.728625,-0.001675,6.835080,7.068473,-3.868074
4216.000000,260.641794,-261.629036,-0.001348,6.876420,7.057588,-3.986701
4218.000000,258.853699,-262.524631,-0.001021,6.917474,7.046732,-4.094211
4220.000000,257.063781,-263.416573,-0.000695,6.958186,7.035952,-4.191685
4222.000000,255.272626,-264.306029,-0.000370,6.998824,7.025194,-4.279873
4224.000000,253.480815,-265.194160,-0.000048,7.039554,7.014418,-4.359522
4226.000000,251.688918,-266.082118,0.000276,7.080299,7.003631,-4.431274
4228.000000,249.897505,-266.971059,0.000605,7.120959,6.992849,-4.495398
4230.000000,248.107167,-267.862160,0.000916,7.161629,6.982071,-4.552010
4232.000000,246.318506,-268.756617,0.001131,7.202535,6.971285,-4.601188
4234.000000,244.531966,-269.655309,0.001203,7.243731,6.960489,-4.643361
4236.000000,242.747616,-270.558344,0.001195,7.284879,6.949710,-4.679666
4238.000000,240.965434,-271.465649,0.001167,7.325632,6.938968,-4.711011
4240.000000,239.185377,-272.377116,0.001134,7.366235,6.928211,-4.737887
4242.000000,237.407392,-273.292616,0.001099,7.407303,6.917336,-4.760319
4244.000000,235.631422,-274.212021,0.001067,7.446809,6.907010,-4.778079
4246.000000,233.857418,-275.135213,0.001035,7.476828,6.899590,-4.790906
4248.000000,232.085330,-276.062076,0.001004,7.489467,6.897399,-4.798526
4250.000000,230.315106,-276.992493,0.000971,7.487819,6.899415,-4.800607
4252.000000,228.543507,-277.928032,0.000938,7.482518,6.902313,-4.796888
4254.000000,226.775259,-278.866055,0.000906,7.480845,6.903880,-4.787293
4256.000000,225.010307,-279.806434,0.000874,7.481641,6.904697,-4.772039
4258.000000,223.247000,-280.749894,0.000841,7.482207,6.905824,-4.751438
4260.000000,221.485283,-281.696320,0.000809,7.481763,6.907470,-4.725872
4262.000000,219.725099,-282.645593,0.000776,7.480861,6.909252,-4.695757
4264.000000,217.966389,-283.597598,0.000744,7.479968,6.910898,-4.661553
4266.000000,216.209098,-284.552217,0.000711,7.479222,6.912453,-4.623607
4268.000000,214.453166,-285.509334,0.000679,7.478679,6.914019,-4.582112
4270.000000,212.698536,-286.468833,0.000646,7.478292,6.915622,-4.537202
4272.000000,210.945146,-287.430598,0.000613,7.477946,6.917235,-4.488900
4274.000000,209.192938,-288.394513,0.000581,7.477561,6.918839,-4.437242
4276.000000,207.441850,-289.360464,0.000548,7.477147,6.920435,-4.382278
4278.000000,205.691823,-290.328334,0.000516,7.476737,6.922030,-4.324142
4280.000000,203.942795,-291.298008,0.000483,7.476336,6.923630,-4.263124
4282.000000,202.194705,-292.269372,0.000450,7.475943,6.925233,-4.199734
4284.000000,200.447490,-293.242310,0.000418,7.475550,6.926839,-4.134536
4286.000000,198.701089,-294.216707,0.000385,7.475147,6.928436,-4.068037
4288.000000,196.955440,-295.192450,0.000353,7.474727,6.930016,-4.000722
4290.000000,195.210479,-296.169424,0.000320,7.474315,6.931604,-3.933117
4292.000000,193.466144,-297.147514,0.000287,7.473955,6.933243,-3.865687
4294.000000,191.722371,-298.126607,0.000255,7.473634,6.934923,-3.798705
4296.000000,189.979097,-299.106588,0.000222,7.473204,6.936492,-3.732351
4298.000000,188.236259,-300.087343,0.000189,7.472513,6.937802,-3.666821
4300.000000,186.493793,-301.068759,0.000157,7.471662,6.938949,-3.602310
4302.000000,184.751635,-302.050720,0.000124,7.470919,6.940206,-3.538988
4304.000000,183.009720,-303.033115,0.000092,7.470443,6.941729,-3.477153
4306.000000,181.267985,-304.015829,0.000059,7.470113,6.943400,-3.417125
4308.000000,179.526368,-304.998750,0.000026,7.469767,6.945053,-3.358800
4310.000000,177.784801,-305.981761,-0.000007,7.469362,6.946648,-3.301887
4312.000000,176.043220,-306.964748,-0.000039,7.468942,6.948227,-3.246131
4314.000000,174.301561,-307.947596,-0.000069,7.468536,6.949821,-3.191361
4316.000000,172.559766,-308.930202,-0.000092,7.468141,6.951425,-3.137511
4318.000000,170.817783,-309.912474,-0.000102,7.467744,6.953030,-3.084620
4320.000000,169.075592,-310.894379,-0.000102,7.467343,6.954629,-3.032694
4322.000000,167.328490,-311.878580,-0.000099,7.466943,6.956231,-2.981548
4324.000000,165.585904,-312.859784,-0.000097,7.466548,6.957829,-2.931498
4326.000000,163.843128,-313.840648,-0.000096,7.466147,6.959429,-2.882667
4328.000000,162.100163,-314.821179,-0.000094,7.465728,6.961034,-2.835342
4330.000000,160.357014,-315.801380,-0.000092,7.465315,6.962637,-2.789732
4332.000000,158.613683,-316.781260,-0.000091,7.464955,6.964226,-2.745939
4334.000000,156.870174,-317.760824,-0.000089,7.464635,6.965805,-2.703967
4336.000000,155.126492,-318.740077,-0.000087,7.464205,6.967412,-2.663742
4338.000000,153.382639,-319.719027,-0.000085,7.463515,6.969083,-2.625079
4340.000000,151.638620,-320.697680,-0.000084,7.462663,6.970730,-2.587788
4342.000000,149.894437,-321.676041,-0.000082,7.461920,6.972179,-2.551762
4344.000000,148.150093,-322.654115,-0.000080,7.461443,6.973377,-2.516952
4346.000000,146.405593,-323.631911,-0.000078,7.461114,6.974545,-2.483307
4348.000000,144.660939,-324.609435,-0.000077,7.460768,6.975935,-2.450712
4350.000000,142.916136,-325.586690,-0.000075,7.460363,6.977554,-2.419067
4352.000000,141.171188,-326.563685,-0.000073,7.459942,6.979232,-2.388315
4354.000000,139.426097,-327.540426,-0.000071,7.459537,6.980852,-2.358424
4356.000000,137.680867,-328.516917,-0.000069,7.459142,6.982433,-2.329373
4358.000000,135.935500,-329.493166,-0.000068,7.458745,6.984017,-2.301113
4360.000000,134.190002,-330.469179,-0.000066,7.458343,6.985618,-2.273588
4362.000000,132.444375,-331.444961,-0.000064,7.457945,6.987224,-2.246740
4364.000000,130.698622,-332.420520,-0.000062,7.457550,6.988824,-2.220467
4366.000000,128.952748,-333.395860,-0.000061,7.457149,6.990422,-2.194600
4368.000000,127.206755,-334.370988,-0.000059,7.456730,6.992022,-2.168983
4370.000000,125.460647,-335.345911,-0.000057,7.456317,6.993621,-2.143599
4372.000000,123.714430,-336.320634,-0.000055,7.455957,6.995220,-2.118705
4374.000000,121.968102,-337.295164,-0.000054,7.455637,6.996819,-2.094619
4376.000000,120.221671,-338.269506,-0.000052,7.455208,6.998419,-2.071673
4378.000000,118.475138,-339.243667,-0.000050,7.454519,7.000023,-2.050030
4380.000000,116.728508,-340.217653,-0.000048,7.453668,7.001626,-2.029686
4382.000000,114.981783,-341.191470,-0.000047,7.452923,7.003215,-2.010614
4384.000000,113.234969,-342.165125,-0.000045,7.452445,7.004793,-1.992718
4386.000000,111.488067,-343.138623,-0.000043,7.452116,7.006400,-1.975861
4388.000000,109.741082,-344.111971,-0.000041,7.451770,7.008071,-1.959891
4390.000000,107.989292,-345.087805,-0.000039,7.451364,7.009722,-1.944615
4392.000000,106.242148,-346.060869,-0.000038,7.450943,7.011173,-1.929987
4394.000000,104.494932,-347.033803,-0.000036,7.450538,7.012371,-1.915901
4396.000000,102.747645,-348.006609,-0.000034,7.450143,7.013539,-1.902344
4398.000000,101.000291,-348.979296,-0.000032,7.449747,7.014927,-1.889376
4400.000000,99.252874,-349.951870,-0.000031,7.449345,7.016545,-1.877132
4402.000000,97.505397,-350.924337,-0.000029,7.448947,7.018223,-1.865738
4404.000000,95.757864,-351.896702,-0.000027,7.448552,7.019843,-1.855282
4406.000000,94.010278,-352.868972,-0.000025,7.448150,7.021424,-1.845814
4408.000000,92.262643,-353.841153,-0.000024,7.447732,7.023008,-1.837309
4410.000000,90.514962,-354.813251,-0.000022,7.447319,7.024609,-1.829679
4412.000000,88.767238,-355.785273,-0.000020,7.446958,7.026214,-1.822849
4414.000000,87.019475,-356.757224,-0.000018,7.446638,7.027816,-1.816787
4416.000000,85.271675,-357.729112,-0.000017,7.446209,7.029413,-1.811476
4418.000000,83.523844,-358.700940,-0.000015,7.445523,7.031011,-1.806972
4420.000000,81.775984,-359.672716,-0.000013,7.444672,7.032609,-1.803330
4422.000000,80.028098,-360.644447,-0.000011,7.443927,7.034211,-1.800548
4424.000000,78.280190,-361.616138,-0.000010,7.443447,7.035816,-1.798611
4426.000000,76.532264,-362.587796,-0.000008,7.443117,7.037414,-1.797508
4428.000000,74.784322,-363.559426,-0.000006,7.442773,7.038994,-1.797225
4430.000000,73.036368,-364.531035,-0.000004,7.442368,7.040581,-1.797673
4432.000000,71.288406,-365.502629,-0.000002,7.441946,7.042219,-1.798603
4434.000000,69.540439,-366.474214,-0.000001,7.441539,7.043899,-1.799686
4436.000000,67.792471,-367.445797,0.000001,7.441145,7.045469,-1.800613
4438.000000,66.044504,-368.417382,0.000003,7.440754,7.046783,-1.801123
4440.000000,64.296543,-369.388976,0.000005,7.440358,7.047931,-1.800966
4442.000000,62.548590,-370.360586,0.000006,7.439945,7.049184,-1.799888
4444.000000,60.800650,-371.332219,0.000008,7.439524,7.050703,-1.797647
4446.000000,59.052725,-372.303880,0.000010,7.439132,7.052372,-1.794151
4448.000000,57.304819,-373.275575,0.000011,7.438803,7.054027,-1.789583
4450.000000,55.556935,-374.247309,0.000013,7.438452,7.055622,-1.784219
4452.000000,53.809078,-375.219090,0.000015,7.437906,7.057200,-1.778300
4454.000000,52.061249,-376.190923,0.000017,7.437107,7.058794,-1.772061
4456.000000,50.313453,-377.162816,0.000019,7.436274,7.060398,-1.765729
4458.000000,48.560969,-378.137402,0.000020,7.435659,7.062006,-1.759459
4460.000000,46.813249,-379.109430,0.000022,7.435275,7.063605,-1.753337
4462.000000,45.065572,-380.081536,0.000024,7.434955,7.065202,-1.747428
4464.000000,43.317941,-381.053725,0.000026,7.434576,7.066800,-1.741931
4466.000000,41.570360,-382.026003,0.000027,7.434158,7.068400,-1.737069
4468.000000,39.822831,-382.998378,0.000029,7.433744,7.070005,-1.732999
4470.000000,38.075360,-383.970855,0.000031,7.433346,7.071607,-1.729756
4472.000000,36.327949,-384.943439,0.000033,7.432950,7.073197,-1.727313
4474.000000,34.580602,-385.916137,0.000034,7.432550,7.074774,-1.725684
4476.000000,32.833322,-386.888955,0.000036,7.432150,7.076381,-1.724938
4478.000000,31.086110,-387.861900,0.000038,7.431754,7.078051,-1.725151
4480.000000,29.338974,-388.834977,0.000040,7.431358,7.079699,-1.726417
4482.000000,27.591915,-389.808193,0.000041,7.430948,7.081153,-1.728836
4484.000000,25.844937,-390.781556,0.000042,7.430527,7.082355,-1.732516
4486.000000,24.098041,-391.755065,0.000042,7.430134,7.083520,-1.737588
4488.000000,22.351227,-392.728721,0.000041,7.429805,7.084905,-1.744171
4490.000000,20.604493,-393.702520,0.000040,7.429453,7.086520,-1.751820
4492.000000,18.857836,-394.676458,0.000038,7.428909,7.088198,-1.757213
4494.000000,17.111254,-395.650528,0.000037,7.428112,7.089820,-1.759183
4496.000000,15.364743,-396.624729,0.000036,7.427278,7.091401,-1.758234
4498.000000,13.618302,-397.599056,0.000035,7.426662,7.092985,-1.754917
4500.000000,11.871930,-398.573504,0.000034,7.426278,7.094586,-1.749872
4502.000000,10.125623,-399.548069,0.000032,7.425957,7.096191,-1.743795
4504.000000,8.379379,-400.522747,0.000031,7.425579,7.097793,-1.737390
4506.000000,6.633196,-401.497534,0.000030,7.425161,7.099391,-1.731358
4508.000000,4.887071,-402.472425,0.000029,7.424746,7.100987,-1.726403
4510.000000,3.141003,-403.447418,0.000028,7.424348,7.102587,-1.723083
4512.000000,1.394988,-404.422506,0.000026,7.423953,7.104189,-1.721222
4514.000000,-0.350977,-405.397686,0.000025,7.423554,7.105794,-1.719952
4516.000000,-2.096891,-406.372955,0.000024,7.423153,7.107391,-1.718804
4518.000000,-3.842758,-407.348307,0.000023,7.422757,7.108972,-1.717708
4520.000000,-5.588582,-408.323737,0.000022,7.422361,7.110558,-1.716613
4522.000000,-7.334363,-409.299244,0.000020,7.421951,7.112196,-1.715467
4524.000000,-9.080105,-410.274822,0.000019,7.421529,7.113875,-1.714221
4526.000000,-10.830528,-411.253104,0.000018,7.421135,7.115454,-1.712835
4528.000000,-12.576197,-412.228810,0.000017,7.420805,7.116770,-1.711377
4530.000000,-14.321834,-413.204576,0.000016,7.420455,7.117918,-1.709990
4532.000000,-16.067440,-414.180396,0.000014,7.419912,7.119169,-1.708803
4534.000000,-17.813019,-415.156266,0.000013,7.419115,7.120686,-1.707725
4536.000000,-19.558572,-416.132181,0.000012,7.418281,7.122354,-1.706518
4538.000000,-21.304101,-417.108139,0.000011,7.417664,7.124009,-1.704957
4540.000000,-23.049610,-418.084133,0.000010,7.417279,7.125604,-1.702908
4542.000000,-24.795099,-419.060161,0.000008,7.416959,7.127183,-1.700324
4544.000000,-26.540572,-420.036218,0.000007,7.416581,7.128777,-1.697268
4546.000000,-28.286032,-421.012300,0.000006,7.416162,7.130380,-1.693828
4548.000000,-30.031480,-421.988404,0.000005,7.415748,7.131985,-1.690102
4550.000000,-31.776919,-422.964523,0.000004,7.415350,7.133584,-1.686161
4552.000000,-33.522351,-423.940655,0.000002,7.414955,7.135181,-1.682002
4554.000000,-35.267779,-424.916794,0.000001,7.414555,7.136779,-1.677576
4556.000000,-37.013204,-425.892938,-0.000000,7.414154,7.138379,-1.672828
4558.000000,-38.758629,-426.869081,-0.000001,7.413758,7.139984,-1.667835
4560.000000,-40.504056,-427.845220,-0.000002,7.413362,7.141587,-1.662773
4562.000000,-42.249489,-428.821350,-0.000004,7.412952,7.143177,-1.657793
4564.000000,-43.994929,-429.797467,-0.000005,7.412531,7.144755,-1.653041
4566.000000,-45.740379,-430.773568,-0.000006,7.412138,7.146360,-1.648672
4568.000000,-47.485840,-431.749647,-0.000007,7.411808,7.148030,-1.644820
4570.000000,-49.231316,-432.725700,-0.000008,7.411457,7.149679,-1.641592
4572.000000,-50.976808,-433.701725,-0.000010,7.410916,7.151137,-1.639061
4574.000000,-52.722319,-434.677715,-0.000011,7.410120,7.152341,-1.637317
4576.000000,-54.467851,-435.653667,-0.000012,7.409286,7.153506,-1.636383
4578.000000,-56.213406,-436.629577,-0.000013,7.408667,7.154887,-1.636160
4580.000000,-57.958988,-437.605440,-0.000014,7.408281,7.156500,-1.636511
4582.000000,-59.704599,-438.581253,-0.000016,7.407961,7.158178,-1.637299
4584.000000,-61.450240,-439.557011,-0.000017,7.407584,7.159801,-1.638356
4586.000000,-63.195913,-440.532711,-0.000018,7.407166,7.161382,-1.639438
4588.000000,-64.941622,-441.508347,-0.000019,7.406749,7.162966,-1.640302
4590.000000,-66.687368,-442.483915,-0.000021,7.406350,7.164567,-1.640797
4592.000000,-68.433155,-443.459413,-0.000022,7.405958,7.166172,-1.640806
4594.000000,-70.183704,-444.437470,-0.000023,7.405564,7.167778,-1.640213
4596.000000,-71.929578,-445.412811,-0.000024,7.405162,7.169376,-1.638950
4598.000000,-73.675499,-446.388067,-0.000025,7.404742,7.170973,-1.637051
4600.000000,-75.421468,-447.363236,-0.000027,7.404329,7.172571,-1.634593
4602.000000,-77.167491,-448.338312,-0.000028,7.403966,7.174174,-1.631672
4604.000000,-78.913568,-449.313291,-0.000029,7.403647,7.175780,-1.628407
4606.000000,-80.659700,-450.288168,-0.000030,7.403223,7.177377,-1.624921
4608.000000,-82.405891,-451.262941,-0.000031,7.402543,7.178959,-1.621337
4610.000000,-84.152142,-452.237605,-0.000033,7.401693,7.180545,-1.617793
4612.000000,-85.898459,-453.212154,-0.000034,7.400942,7.182182,-1.614444
4614.000000,-87.644839,-454.186587,-0.000035,7.400457,7.183860,-1.611365
4616.000000,-89.391289,-455.160897,-0.000036,7.400125,7.185437,-1.608525
4618.000000,-91.137809,-456.135081,-0.000037,7.399781,7.186756,-1.605945
4620.000000,-92.884401,-457.109135,-0.000039,7.399378,7.187906,-1.603645
4622.000000,-94.631069,-458.083054,-0.000040,7.398957,7.189154,-1.601646
4624.000000,-96.377813,-459.056834,-0.000041,7.398551,7.190668,-1.599962
4626.000000,-98.124638,-460.030471,-0.000042,7.398156,7.192335,-1.598638
4628.000000,-99.871544,-461.003961,-0.000043,7.397759,7.193991,-1.597898
4630.000000,-101.618535,-461.977300,-0.000045,7.397358,7.195587,-1.598079
4632.000000,-103.365613,-462.950483,-0.000046,7.396959,7.197165,-1.599504
4634.000000,-105.112780,-463.923506,-0.000047,7.396564,7.198759,-1.602432
4636.000000,-106.860038,-464.896366,-0.000048,7.396163,7.200363,-1.606805
4638.000000,-108.607389,-465.869057,-0.000049,7.395745,7.201966,-1.611621
4640.000000,-110.354837,-466.841575,-0.000051,7.395332,7.203566,-1.616079
4642.000000,-112.102382,-467.813917,-0.000052,7.394969,7.205164,-1.620156
4644.000000,-113.850030,-468.786078,-0.000053,7.394649,7.206764,-1.624020
4646.000000,-115.597779,-469.758053,-0.000054,7.394226,7.208363,-1.627753
4648.000000,-117.345633,-470.729842,-0.000056,7.393548,7.209961,-1.631429
4650.000000,-119.093595,-471.701436,-0.000057,7.392698,7.211560,-1.635131
4652.000000,-120.841668,-472.672829,-0.000057,7.391946,7.213162,-1.638942
4654.000000,-122.589855,-473.644019,-0.000055,7.391459,7.214767,-1.642930
4656.000000,-124.338148,-474.615016,-0.000051,7.391127,7.216365,-1.647111
4658.000000,-126.086541,-475.585834,-0.000044,7.390784,7.217946,-1.651490
4660.000000,-127.835021,-476.556495,-0.000037,7.390381,7.219532,-1.656088
4662.000000,-129.588299,-477.529651,-0.000029,7.389958,7.221173,-1.661001
4664.000000,-131.336908,-478.500081,-0.000022,7.389552,7.222852,-1.666247
4666.000000,-133.085558,-479.470435,-0.000015,7.389158,7.224430,-1.671806
4668.000000,-134.834237,-480.440737,-0.000007,7.388760,7.225750,-1.677633
4670.000000,-136.582931,-481.411015,-0.000000,7.388359,7.226900,-1.683650
4672.000000,-138.331625,-482.381291,0.000007,7.387960,7.228147,-1.689753
4674.000000,-140.080304,-483.351593,0.000015,7.387566,7.229659,-1.695855
4676.000000,-141.828955,-484.321945,0.000022,7.387165,7.231327,-1.701943
4678.000000,-143.577564,-485.292374,0.000029,7.386747,7.232982,-1.708036
4680.000000,-145.326116,-486.262905,0.000037,7.386333,7.234579,-1.714146
4682.000000,-147.074597,-487.233564,0.000044,7.385970,7.236157,-1.720285
4684.000000,-148.822994,-488.204376,0.000051,7.385650,7.237750,-1.726465
4686.000000,-150.571291,-489.175367,0.000058,7.385228,7.239355,-1.732696
4688.000000,-152.319474,-490.146562,0.000066,7.384551,7.240958,-1.738988
4690.000000,-154.067531,-491.117987,0.000073,7.383701,7.242558,-1.745355
4692.000000,-155.815444,-492.089667,0.000080,7.382948,7.244155,-1.751789
4694.000000,-157.563202,-493.061627,0.000088,7.382460,7.245753,-1.758253
4696.000000,-159.310789,-494.033894,0.000095,7.382127,7.247353,-1.764747
4698.000000,-161.058192,-495.006494,0.000102,7.381785,7.248958,-1.771294
4700.000000,-162.805396,-495.979450,0.000110,7.381382,7.250560,-1.777919
4702.000000,-164.552387,-496.952789,0.000117,7.380961,7.252150,-1.784627
4704.000000,-166.299150,-497.926536,0.000124,7.380553,7.253728,-1.791394
4706.000000,-168.045672,-498.900718,0.000132,7.380159,7.255333,-1.798236
4708.000000,-169.791936,-499.875358,0.000139,7.379767,7.257001,-1.805191
4710.000000,-171.537931,-500.850484,0.000146,7.379371,7.258651,-1.812297
4712.000000,-173.283640,-501.826119,0.000153,7.378961,7.260115,-1.819591
4714.000000,-175.029050,-502.802290,0.000161,7.378540,7.261326,-1.827085
4716.000000,-176.774147,-503.779022,0.000168,7.378145,7.262488,-1.834768
4718.000000,-178.518914,-504.756339,0.000175,7.377810,7.263852,-1.842624
4720.000000,-180.263340,-505.734270,0.000183,7.377458,7.265453,-1.850619
4722.000000,-182.007407,-506.712836,0.000190,7.376931,7.267156,-1.858682
4724.000000,-183.751104,-507.692065,0.000197,7.376160,7.268834,-1.866692
4726.000000,-185.494413,-508.671981,0.000205,7.375318,7.270401,-1.874562
4728.000000,-187.237321,-509.652612,0.000212,7.374629,7.271811,-1.882262
4730.000000,-188.982639,-510.635573,0.000218,7.374189,7.273283,-1.889750
4732.000000,-190.726586,-511.618768,0.000226,7.373999,7.275233,-1.896949
4734.000000,-192.468205,-512.601686,0.000235,7.373909,7.277590,-1.903841
4736.000000,-194.209362,-513.585424,0.000240,7.373417,7.278993,-1.910449
4738.000000,-195.950039,-514.570012,0.000236,7.372082,7.278167,-1.916834
4740.000000,-197.690245,-515.555429,0.000222,7.370989,7.277935,-1.923108
4742.000000,-199.430012,-516.541622,0.000204,7.372424,7.284357,-1.929274
4744.000000,-201.169375,-517.528526,0.000182,7.377620,7.300716,-1.935260
4746.000000,-202.908379,-518.516065,0.000160,7.384914,7.322697,-1.941013
4748.000000,-204.647066,-519.504159,0.000138,7.392080,7.344495,-1.946499
4750.000000,-206.385482,-520.492733,0.000116,7.398439,7.364351,-1.951719
4752.000000,-208.123668,-521.481710,0.000095,7.404552,7.383760,-1.956693
4754.000000,-209.861666,-522.471017,0.000073,7.410864,7.403874,-1.961436
4756.000000,-211.599519,-523.460579,0.000051,7.417325,7.424472,-1.965957
4758.000000,-213.337271,-524.450318,0.000030,7.423773,7.445025,-1.970321
4760.000000,-215.074963,-525.440161,0.000008,7.430163,7.465394,-1.974652
4762.000000,-216.812640,-526.430031,-0.000014,7.436550,7.485753,-1.979089
4764.000000,-218.550345,-527.419854,-0.000035,7.442962,7.506202,-1.983765
4766.000000,-220.288119,-528.409554,-0.000057,7.449359,7.526589,-1.988760
4768.000000,-222.026007,-529.399056,-0.000079,7.455692,7.546724,-1.994061
4770.000000,-223.764050,-530.388284,-0.000100,7.462036,7.566670,-1.999623
4772.000000,-225.502291,-531.377162,-0.000122,7.468567,7.586691,-2.005411
4774.000000,-227.240775,-532.365616,-0.000144,7.475355,7.606969,-2.011403
4776.000000,-228.979542,-533.353570,-0.000165,7.482190,7.627434,-2.017584
4778.000000,-230.718636,-534.340948,-0.000187,7.488813,7.647952,-2.023940
4780.000000,-232.458100,-535.327677,-0.000209,7.495201,7.668394,-2.030471
4782.000000,-234.197976,-536.313677,-0.000231,7.501520,7.688634,-2.037261
4784.000000,-235.938307,-537.298875,-0.000252,7.507895,7.708636,-2.044480
4786.000000,-237.679135,-538.283194,-0.000274,7.514311,7.728596,-2.052315
4788.000000,-239.420501,-539.266560,-0.000296,7.520719,7.748751,-2.060953
4790.000000,-241.162449,-540.248896,-0.000317,7.527112,7.769142,-2.070604
4792.000000,-242.905020,-541.230126,-0.000339,7.533516,7.789648,-2.081454
4794.000000,-244.648256,-542.210174,-0.000361,7.539940,7.810144,-2.093685
4796.000000,-246.392200,-543.188963,-0.000383,7.546334,7.830505,-2.107453
4798.000000,-248.139676,-544.167976,-0.000404,7.552660,7.850661,-2.122899
4800.000000,-249.887093,-545.145097,-0.000426,7.559002,7.870644,-2.140097
4802.000000,-251.633408,-546.119648,-0.000448,7.565565,7.890661,-2.159034
4804.000000,-253.380595,-547.092635,-0.000470,7.572423,7.910901,-2.179628
4806.000000,-255.128697,-548.063980,-0.000491,7.579244,7.931381,-2.201767
4808.000000,-256.877750,-549.033607,-0.000513,7.585655,7.952052,-2.225379
4810.000000,-258.627798,-550.001438,-0.000535,7.591878,7.972615,-2.250478
4812.000000,-260.378881,-550.967397,-0.000557,7.598620,7.992573,-2.277056
4814.000000,-262.131038,-551.931407,-0.000578,7.605942,8.011935,-2.305045
4816.000000,-263.884309,-552.893388,-0.000600,7.612136,8.032056,-2.334343
4818.000000,-265.638733,-553.853264,-0.000622,7.615545,8.054277,-2.364906
4820.000000,-267.394351,-554.810958,-0.000641,7.619619,8.076267,-2.397062
4822.000000,-269.151199,-555.766391,-0.000648,7.631949,8.092717,-2.431419
4824.000000,-270.909296,-556.719523,-0.000637,7.656698,8.100686,-2.468209
4826.000000,-272.668610,-557.670409,-0.000615,7.688440,8.103878,-2.507384
4828.000000,-274.429092,-558.619128,-0.000592,7.719806,8.107345,-2.548965
4830.000000,-276.190696,-559.565763,-0.000569,7.748496,8.112637,-2.593034
4832.000000,-277.953377,-560.510392,-0.000546,7.776358,8.118445,-2.639631
4834.000000,-279.717087,-561.453097,-0.000522,7.804870,8.123764,-2.688664
4836.000000,-281.481782,-562.393959,-0.000499,7.833882,8.128839,-2.739978
4838.000000,-283.247415,-563.333059,-0.000476,7.862866,8.134186,-2.793366
4840.000000,-285.013940,-564.270478,-0.000452,7.891655,8.139840,-2.848447
4842.000000,-286.781313,-565.206299,-0.000429,7.920383,8.145442,-2.904617
4844.000000,-288.549488,-566.140602,-0.000406,7.949155,8.150747,-2.961142
4846.000000,-290.318421,-567.073469,-0.000383,7.977961,8.155868,-3.017099
4848.000000,-292.088067,-568.004983,-0.000359,8.006763,8.160999,-3.071372
4850.000000,-293.858383,-568.935225,-0.000336,8.035548,8.166199,-3.122751
4852.000000,-295.629323,-569.864279,-0.000313,8.064324,8.171420,-3.170029
4854.000000,-297.400841,-570.792226,-0.000290,8.093101,8.176624,-3.211943
4856.000000,-299.172898,-571.719147,-0.000267,8.121877,8.181814,-3.247280
4858.000000,-300.945450,-572.645119,-0.000242,8.150649,8.187004,-3.275049
4860.000000,-302.718450,-573.570233,-0.000216,8.179415,8.192198,-3.294397
4862.000000,-304.491848,-574.494583,-0.000196,8.208177,8.197393,-3.304306
4864.000000,-306.265601,-575.418253,-0.000185,8.236934,8.202586,-3.303201
4866.000000,-308.042478,-576.342722,-0.000192,8.265732,8.207785,-3.289187
4868.000000,-309.818915,-577.266145,-0.000233,8.294513,8.212981,-3.259640
4870.000000,-311.593753,-578.187726,-0.000305,8.323259,8.218172,-3.211803
4872.000000,-313.369154,-579.108228,-0.000386,8.352010,8.223363,-3.142843
4874.000000,-315.145264,-580.027358,-0.000466,8.380766,8.228555,-3.049693
4876.000000,-316.922232,-580.944829,-0.000543,8.409530,8.233748,-2.928958
4878.000000,-318.700199,-581.860359,-0.000610,8.438302,8.238943,-2.777325
4880.000000,-320.479285,-582.773713,-0.000675,8.467091,8.244142,-2.591745
4882.000000,-322.259595,-583.684687,-0.000766,8.495915,8.249345,-2.369314
4884.000000,-324.041269,-584.592993,-0.000888,8.524776,8.254555,-2.107259
4886.000000,-325.824562,-585.498106,-0.000895,8.553633,8.259765,-1.803460
4888.000000,-327.609679,-586.399602,-0.000561,8.582446,8.264974,-1.457635
4890.000000,-329.395986,-587.298744,0.000109,8.611302,8.270189,-1.068798
4892.000000,-331.182153,-588.198202,0.000962,8.640398,8.275430,-0.634094
4894.000000,-332.966674,-589.100955,0.001924,8.669692,8.280693,-0.149995
4896.000000,-334.747691,-590.010534,0.002893,8.698510,8.285903,0.389324
4898.000000,-336.523296,-590.930548,0.003741,8.726217,8.290990,0.991879
4900.000000,-338.291924,-591.863956,0.004521,8.754147,8.296096,1.664472
4902.000000,-340.052283,-592.813217,0.005501,8.785178,8.301534,2.413735
4904.000000,-341.802484,-593.781392,0.006722,8.818897,8.307346,3.249689
4906.000000,-343.539102,-594.773144,0.006726,8.846271,8.312870,4.189405
4908.000000,-345.259347,-595.792000,0.003266,8.853970,8.317984,5.244513
4910.000000,-346.970981,-596.825570,-0.003794,8.805698,8.330124,6.374016
4912.000000,-348.690582,-597.848143,-0.013718,8.645824,8.363075,7.515579
4914.000000,-350.436406,-598.827292,-0.026361,8.353901,8.419759,8.567208
4916.000000,-352.230036,-599.713192,-0.039611,8.019843,8.469047,9.405538
4918.000000,-354.084161,-600.448881,-0.050423,7.761044,8.473145,9.992614
4920.000000,-356.008520,-600.993524,-0.057924,7.632272,8.432292,10.382120
4922.000000,-357.983184,-601.308032,-0.060475,7.634857,8.381654,10.611195
4924.000000,-359.979193,-601.372036,-0.056692,7.760404,8.363442,10.756274
4926.000000,-361.970088,-601.209103,-0.050400,7.990229,8.429631,10.850630
4928.000000,-363.938886,-600.848626,-0.045684,8.301092,8.626241,10.886418
4930.000000,-365.862226,-600.312706,-0.043054,8.647604,8.938607,10.859751
4932.000000,-367.737444,-599.614765,-0.043838,8.975745,9.318649,10.773636
4934.000000,-369.543300,-598.762996,-0.048906,9.261528,9.736979,10.640535
4936.000000,-371.261081,-597.738385,-0.055186,9.551965,10.214486,10.466060
4938.000000,-372.852996,-596.528023,-0.059697,9.894366,10.765953,10.240590
4940.000000,-374.285812,-595.138228,-0.061116,10.233193,11.290703,9.939957
4942.000000,-375.536705,-593.578886,-0.055875,10.438587,11.606021,9.541496
4944.000000,-376.593770,-591.881790,-0.041786,10.447252,11.626366,8.891109
4946.000000,-377.502672,-590.104261,-0.024907,10.352980,11.492908,7.913962
4948.000000,-378.330380,-588.283042,-0.012303,10.266848,11.371109,6.762786
4950.000000,-379.116548,-586.444724,-0.004443,10.213471,11.297635,5.616865
4952.000000,-379.889711,-584.598853,-0.000371,10.166897,11.233888,4.545098
4954.000000,-380.666684,-582.753370,0.000226,10.111037,11.156108,3.589245
4956.000000,-381.444323,-580.910570,-0.000601,10.049967,11.070836,2.741061
4958.000000,-382.218830,-579.066571,-0.001003,9.989950,10.987803,1.971684
4960.000000,-382.989026,-577.221026,-0.000917,9.932196,10.908474,1.259484
4962.000000,-383.755927,-575.374165,-0.000815,9.875087,10.829708,0.595884
4964.000000,-384.520089,-573.526098,-0.000886,9.817563,10.749631,-0.023762
4966.000000,-385.281025,-571.676657,-0.001025,9.759733,10.668924,-0.602155
4968.000000,-386.038101,-569.825637,-0.001126,9.701868,10.588539,-1.140244
4970.000000,-386.790956,-567.972915,-0.001140,9.644018,10.508445,-1.638582
4972.000000,-387.539422,-566.118424,-0.000967,9.586106,10.428038,-2.097986
4974.000000,-388.283979,-564.262356,-0.000559,9.528038,10.347033,-2.518957
4976.000000,-389.026401,-562.405426,-0.000031,9.469709,10.265802,-2.902666
4978.000000,-389.768713,-560.548452,0.000511,9.411045,10.184761,-3.250776
4980.000000,-390.512925,-558.692242,0.001053,9.352207,10.103887,-3.562617
4982.000000,-391.261038,-556.837600,0.001599,9.293489,10.022904,-3.833986
4984.000000,-392.015071,-554.985355,0.002150,9.235068,9.941692,-4.060255
4986.000000,-392.777072,-553.136368,0.002674,9.176903,9.860443,-4.238212
4988.000000,-393.549041,-551.291498,0.003134,9.118911,9.779378,-4.366374
4990.000000,-394.332624,-549.451535,0.003325,9.060977,9.698624,-4.443494
4992.000000,-395.129170,-547.617191,0.002694,9.002971,9.618253,-4.467501
4994.000000,-395.937001,-545.787796,0.001017,8.944923,9.538321,-4.438245
4996.000000,-396.748807,-543.960115,-0.001169,8.887143,9.458854,-4.358228
4998.000000,-397.556320,-542.130491,-0.003398,8.829880,9.379754,-4.237795
5000.000000,-398.351350,-540.295442,-0.005609,8.772675,9.300113,-4.095354
5002.000000,-399.125750,-538.451593,-0.007820,8.714688,9.218611,-3.945940
5004.000000,-399.871263,-536.595789,-0.010054,8.656053,9.136068,-3.798809
5006.000000,-400.579390,-534.725335,-0.012423,8.598848,9.057521,-3.662764
5008.000000,-401.241324,-532.837708,-0.015087,8.545806,8.989451,-3.546531
5010.000000,-401.846262,-530.931071,-0.017761,8.501856,8.943176,-3.457158
5012.000000,-402.382123,-529.004085,-0.019515,8.473172,8.932777,-3.404221
5014.000000,-402.840455,-527.056918,-0.019873,8.461014,8.961368,-3.396676
5016.000000,-403.220533,-525.092853,-0.019182,8.456889,9.010268,-3.435773
5018.000000,-403.523850,-523.115740,-0.017626,8.451554,9.058563,-3.520603
5020.000000,-403.756579,-521.129088,-0.015491,8.442407,9.096674,-3.645545
5022.000000,-403.927616,-519.138709,-0.013336,8.430727,9.121652,-3.802066
5024.000000,-404.045877,-517.145031,-0.011356,8.417287,9.131899,-3.982987
5026.000000,-404.119007,-515.146359,-0.009454,8.401799,9.127564,-4.182187
5028.000000,-404.154243,-513.146749,-0.007527,8.384009,9.109753,-4.392587
5030.000000,-404.159351,-511.146857,-0.005590,8.364583,9.083519,-4.606746
5032.000000,-404.142187,-509.141612,-0.003819,8.344621,9.055849,-4.817580
5034.000000,-404.110087,-507.142018,-0.002307,8.324970,9.030944,-5.017529
5036.000000,-404.068966,-505.142600,-0.001183,8.305578,9.007524,-5.202361
5038.000000,-404.023991,-503.143263,-0.000678,8.286340,8.983818,-5.368886
5040.000000,-403.976817,-501.143978,-0.000637,8.267200,8.959413,-5.517774
5042.000000,-403.927046,-499.144756,-0.000669,8.248126,8.934646,-5.650999
5044.000000,-403.874475,-497.145605,-0.000621,8.229046,8.909817,-5.770117
5046.000000,-403.819404,-495.146521,-0.000542,8.209820,8.885121,-5.876147
5048.000000,-403.762199,-493.147497,-0.000479,8.190333,8.860693,-5.970115
5050.000000,-403.703097,-491.148530,-0.000434,8.170708,8.836382,-6.053082
5052.000000,-403.642257,-489.149614,-0.000388,8.151200,8.811891,-6.126147
5054.000000,-403.579855,-487.150747,-0.000337,8.131941,8.787110,-6.190354
5056.000000,-403.516103,-485.151922,-0.000284,8.112843,8.762289,-6.246294
5058.000000,-403.451219,-483.153132,-0.000231,8.093778,8.737689,-6.293753
5060.000000,-403.385413,-481.154374,-0.000180,8.074612,8.713322,-6.332185
5062.000000,-403.318886,-479.155639,-0.000129,8.055205,8.689051,-6.361067
5064.000000,-403.251844,-477.156922,-0.000077,8.035564,8.664741,-6.380020
5066.000000,-403.184496,-475.158216,-0.000025,8.015964,8.640267,-6.389267
5068.000000,-403.117050,-473.159511,0.000027,7.996657,8.615541,-6.389694
5070.000000,-403.049711,-471.160805,0.000078,7.977519,8.590689,-6.382354
5072.000000,-402.982682,-469.162086,0.000131,7.958214,8.565957,-6.368309
5074.000000,-402.916173,-467.163351,0.000185,7.938612,8.541477,-6.348650
5076.000000,-402.850405,-465.164591,0.000228,7.918965,8.517159,-6.324435
5078.000000,-402.785585,-463.165801,0.000249,7.899548,8.492880,-6.296071
5080.000000,-402.721780,-461.166977,0.000250,7.880371,8.468504,-6.262876
5082.000000,-402.658978,-459.168123,0.000243,7.861295,8.443889,-6.224678
5084.000000,-402.597151,-457.169237,0.000232,7.842182,8.419045,-6.182044
5086.000000,-402.536250,-455.170323,0.000219,7.822908,8.394245,-6.135595
5088.000000,-402.476223,-453.171383,0.000207,7.803382,8.369740,-6.085769
5090.000000,-402.417025,-451.172417,0.000196,7.783734,8.345405,-6.032817
5092.000000,-402.358612,-449.173429,0.000185,7.764210,8.320904,-5.976855
5094.000000,-402.300941,-447.174419,0.000174,7.744938,8.296108,-5.917863
5096.000000,-402.243966,-445.175390,0.000163,7.725828,8.271268,-5.855833
5098.000000,-402.187641,-443.176342,0.000152,7.706749,8.246658,-5.790832
5100.000000,-402.131855,-441.174798,0.000140,7.687552,8.222257,-5.722899
5102.000000,-402.076618,-439.172792,0.000129,7.668132,8.197952,-5.652462
5104.000000,-402.021980,-437.173697,0.000118,7.648520,8.173646,-5.580186
5106.000000,-401.967813,-435.174590,0.000107,7.628907,8.149178,-5.506548
5108.000000,-401.914073,-433.175470,0.000096,7.609514,8.124458,-5.432146
5110.000000,-401.860715,-431.176341,0.000084,7.590341,8.099617,-5.357505
5112.000000,-401.807693,-429.177202,0.000073,7.571271,8.074899,-5.282989
5114.000000,-401.754964,-427.178056,0.000062,7.552171,8.050434,-5.208850
5116.000000,-401.702483,-425.178904,0.000051,7.532901,8.026129,-5.135272
5118.000000,-401.650204,-423.179746,0.000039,7.513359,8.001857,-5.062370
5120.000000,-401.598083,-421.180584,0.000028,7.493706,7.977490,-4.990216
5122.000000,-401.546075,-419.181420,0.000017,7.474246,7.952904,-4.918794
5124.000000,-401.494135,-417.182253,0.000006,7.455075,7.928098,-4.848016
5126.000000,-401.442220,-415.183084,-0.000005,7.435905,7.903291,-4.777882
5128.000000,-401.390282,-413.183918,-0.000017,7.416449,7.878701,-4.708382
5130.000000,-401.338278,-411.184753,-0.000028,7.396798,7.854334,-4.639546
5132.000000,-401.286164,-409.185591,-0.000039,7.377255,7.830068,-4.571470
5134.000000,-401.233894,-407.186433,-0.000050,7.357985,7.805774,-4.504230
5136.000000,-401.181424,-405.187280,-0.000061,7.338887,7.781309,-4.437908
5138.000000,-401.128708,-403.188134,-0.000072,7.319820,7.756572,-4.372610
5140.000000,-401.075703,-401.188995,-0.000084,7.300653,7.731724,-4.308347
5142.000000,-401.022362,-399.189864,-0.000095,7.281267,7.707067,-4.245144
5144.000000,-400.968643,-397.190744,-0.000106,7.261660,7.682698,-4.183120
5146.000000,-400.914498,-395.191636,-0.000117,7.242052,7.658333,-4.122440
5148.000000,-400.859886,-393.192541,-0.000128,7.222663,7.633681,-4.063325
5150.000000,-400.804759,-391.193460,-0.000140,7.203494,7.608834,-4.005930
5152.000000,-400.749074,-389.194394,-0.000151,7.184422,7.584093,-3.950330
5154.000000,-400.692786,-387.195345,-0.000162,7.165320,7.559625,-3.896527
5156.000000,-400.635849,-385.196313,-0.000173,7.146059,7.535330,-3.844266
5158.000000,-400.578218,-383.197303,-0.000184,7.126546,7.511065,-3.793124
5160.000000,-400.519850,-381.198313,-0.000194,7.106907,7.486701,-3.742658
5162.000000,-400.460703,-379.199346,-0.000199,7.087389,7.462117,-3.692475
5164.000000,-400.400751,-377.200405,-0.000199,7.068122,7.437313,-3.642395
5166.000000,-400.340002,-375.201486,-0.000197,7.049017,7.412506,-3.592405
5168.000000,-400.278390,-373.200163,-0.000194,7.029922,7.387887,-3.542632
5170.000000,-400.215983,-371.198317,-0.000192,7.010727,7.363483,-3.493555
5172.000000,-400.152901,-369.199471,-0.000190,6.991342,7.339212,-3.445667
5174.000000,-400.089061,-367.200649,-0.000187,6.971734,7.314910,-3.399235
5176.000000,-400.024474,-365.201851,-0.000184,6.952124,7.290450,-3.354604
5178.000000,-399.959150,-363.203076,-0.000182,6.932735,7.265744,-3.311882
5180.000000,-399.893098,-361.204326,-0.000179,6.913565,7.240907,-3.270887
5182.000000,-399.826330,-359.205600,-0.000177,6.894487,7.216179,-3.231387
5184.000000,-399.758854,-357.206897,-0.000175,6.875377,7.191697,-3.193010
5186.000000,-399.690681,-355.208218,-0.000172,6.856120,7.167403,-3.155341
5188.000000,-399.621819,-353.209563,-0.000169,6.836632,7.143192,-3.117995
5190.000000,-399.552281,-351.210931,-0.000167,6.817003,7.118855,-3.080806
5192.000000,-399.482075,-349.212321,-0.000165,6.797423,7.094136,-3.043790
5194.000000,-399.411211,-347.213736,-0.000162,6.778058,7.069106,-3.006961
5196.000000,-399.339700,-345.215174,-0.000160,6.759015,7.044444,-2.970324
5198.000000,-399.267551,-343.216634,-0.000157,6.740263,7.020674,-2.933917
5200.000000,-399.194774,-341.218117,-0.000155,6.720946,6.996695,-2.897792
5202.000000,-399.121380,-339.219624,-0.000152,6.699804,6.970554,-2.861992
5204.000000,-399.047377,-337.221152,-0.000150,6.678248,6.943515,-2.826560
5206.000000,-398.972777,-335.222703,-0.000147,6.662690,6.922892,-2.791546
5208.000000,-398.897589,-333.224274,-0.000145,6.659061,6.915524,-2.757031
5210.000000,-398.821823,-331.225869,-0.000142,6.664811,6.918634,-2.723116
5212.000000,-398.745489,-329.227484,-0.000140,6.672471,6.923875,-2.689900
5214.000000,-398.668597,-327.229122,-0.000137,6.677484,6.926155,-2.657441
5216.000000,-398.591156,-325.230781,-0.000135,6.681048,6.926826,-2.625705
5218.000000,-398.513178,-323.232460,-0.000132,6.685061,6.928050,-2.594655
5220.000000,-398.434671,-321.234161,-0.000130,6.689640,6.930182,-2.564267
5222.000000,-398.355646,-319.235882,-0.000127,6.693863,6.932505,-2.534537
5224.000000,-398.276113,-317.237622,-0.000125,6.697246,6.934570,-2.505459
5226.000000,-398.196083,-315.239382,-0.000122,6.700206,6.936484,-2.476997
5228.000000,-398.115563,-313.241163,-0.000120,6.703249,6.938428,-2.449036
5230.000000,-398.034565,-311.242962,-0.000117,6.706474,6.940437,-2.421511
5232.000000,-397.953098,-309.244781,-0.000115,6.709739,6.942459,-2.394373
5234.000000,-397.871173,-307.246619,-0.000112,6.712952,6.944463,-2.367535
5236.000000,-397.788701,-305.246098,-0.000110,6.716137,6.946459,-2.340879
5238.000000,-397.705763,-303.244947,-0.000107,6.719330,6.948457,-2.314349
5240.000000,-397.622522,-301.246838,-0.000105,6.722531,6.950457,-2.287984
5242.000000,-397.538862,-299.248748,-0.000102,6.725734,6.952459,-2.261703
5244.000000,-397.454793,-297.250674,-0.000100,6.728934,6.954458,-2.235333
5246.000000,-397.370325,-295.252617,-0.000097,6.732132,6.956457,-2.208629
5248.000000,-397.285468,-293.254577,-0.000095,6.735331,6.958456,-2.181367
5250.000000,-397.200233,-291.256553,-0.000092,6.738529,6.960456,-2.153584
5252.000000,-397.114629,-289.258544,-0.000090,6.741729,6.962455,-2.125658
5254.000000,-397.028666,-287.260552,-0.000087,6.744927,6.964455,-2.097999
5256.000000,-396.942354,-285.262574,-0.000085,6.748127,6.966455,-2.071013
5258.000000,-396.855704,-283.264611,-0.000082,6.751326,6.968453,-2.045162
5260.000000,-396.768724,-281.266661,-0.000080,6.754524,6.970453,-2.020757
5262.000000,-396.681425,-279.268726,-0.000077,6.757724,6.972452,-1.997807
5264.000000,-396.593817,-277.270805,-0.000075,6.760923,6.974452,-1.976034
5266.000000,-396.505910,-275.272896,-0.000072,6.764122,6.976451,-1.955014
5268.000000,-396.417713,-273.275001,-0.000070,6.767321,6.978451,-1.934308
5270.000000,-396.329238,-271.277118,-0.000067,6.770520,6.980450,-1.913550
5272.000000,-396.240494,-269.279247,-0.000065,6.773719,6.982449,-1.892565
5274.000000,-396.151489,-267.281387,-0.000062,6.776917,6.984449,-1.871456
5276.000000,-396.062236,-265.283538,-0.000060,6.780117,6.986448,-1.850464
5278.000000,-395.972743,-263.285699,-0.000057,6.783316,6.988448,-1.829842
5280.000000,-395.883021,-261.287872,-0.000055,6.786515,6.990446,-1.809831
5282.000000,-395.793079,-259.290055,-0.000052,6.789714,6.992446,-1.790569
5284.000000,-395.702927,-257.292246,-0.000050,6.792913,6.994445,-1.772065
5286.000000,-395.612576,-255.294447,-0.000047,6.796112,6.996445,-1.754305
5288.000000,-395.522036,-253.296656,-0.000045,6.799311,6.998445,-1.737240
5290.000000,-395.431316,-251.298874,-0.000043,6.802510,7.000444,-1.720743
5292.000000,-395.340426,-249.301098,-0.000040,6.805709,7.002443,-1.704653
5294.000000,-395.249377,-247.303330,-0.000038,6.808907,7.004442,-1.688849
5296.000000,-395.158177,-245.305570,-0.000035,6.812107,7.006442,-1.673233
5298.000000,-395.066837,-243.307816,-0.000032,6.815306,7.008441,-1.657775
5300.000000,-394.975368,-241.310067,-0.000030,6.818505,7.010441,-1.642551
5302.000000,-394.883779,-239.312324,-0.000027,6.821704,7.012440,-1.627765
5304.000000,-394.791974,-237.312262,-0.000025,6.824907,7.014441,-1.613576
5306.000000,-394.700032,-235.311453,-0.000023,6.828110,7.016444,-1.600116
5308.000000,-394.608143,-233.313724,-0.000020,6.831309,7.018444,-1.587500
5310.000000,-394.516173,-231.315998,-0.000018,6.834509,7.020443,-1.575695
5312.000000,-394.424133,-229.318276,-0.000015,6.837708,7.022442,-1.564538
5314.000000,-394.332033,-227.320556,-0.000013,6.840906,7.024441,-1.553769
5316.000000,-394.239883,-225.322839,-0.000010,6.844105,7.026441,-1.543104
5318.000000,-394.147692,-223.325124,-0.000008,6.847305,7.028440,-1.532268
5320.000000,-394.055470,-221.327410,-0.000005,6.850503,7.030440,-1.521028
5322.000000,-393.963229,-219.329697,-0.000003,6.853702,7.032439,-1.509242
5324.000000,-393.870976,-217.331985,-0.000000,6.856902,7.034438,-1.496857
5326.000000,-393.778724,-215.334272,0.000002,6.860100,7.036438,-1.483874
5328.000000,-393.686481,-213.336559,0.000005,6.863299,7.038437,-1.470361
5330.000000,-393.594258,-211.338845,0.000007,6.866499,7.040437,-1.456481
5332.000000,-393.502063,-209.341130,0.000008,6.869697,7.042435,-1.442383
5334.000000,-393.409903,-207.343414,0.000009,6.872896,7.044435,-1.428208
5336.000000,-393.317779,-205.345696,0.000009,6.876095,7.046435,-1.414119
5338.000000,-393.225688,-203.347976,0.000008,6.879294,7.048434,-1.400270
5340.000000,-393.133632,-201.350254,0.000008,6.882493,7.050433,-1.386733
5342.000000,-393.041609,-199.352531,0.000008,6.885692,7.052432,-1.373543
5344.000000,-392.949620,-197.354806,0.000008,6.888891,7.054432,-1.360686
5346.000000,-392.857664,-195.357080,0.000008,6.892090,7.056431,-1.348113
5348.000000,-392.765741,-193.359353,0.000008,6.895289,7.058431,-1.335816
5350.000000,-392.673851,-191.361624,0.000008,6.898488,7.060430,-1.323813
5352.000000,-392.581994,-189.363893,0.000008,6.901687,7.062429,-1.312045
5354.000000,-392.490167,-187.366161,0.000008,6.904886,7.064429,-1.300425
5356.000000,-392.398373,-185.368427,0.000008,6.908084,7.066428,-1.288828
5358.000000,-392.306610,-183.370692,0.000008,6.911284,7.068428,-1.277114
5360.000000,-392.214879,-181.372956,0.000008,6.914483,7.070426,-1.265099
5362.000000,-392.123178,-179.375218,0.000007,6.917681,7.072426,-1.252608
5364.000000,-392.031507,-177.377479,0.000007,6.920881,7.074425,-1.239597
5366.000000,-391.939865,-175.379739,0.000007,6.924080,7.076425,-1.226190
5368.000000,-391.848254,-173.381997,0.000007,6.927278,7.078424,-1.212547
5370.000000,-391.756673,-171.384253,0.000007,6.930478,7.080423,-1.198908
5372.000000,-391.665016,-169.384235,0.000007,6.933680,7.082425,-1.185590
5374.000000,-391.573349,-167.383362,0.000007,6.936884,7.084428,-1.173001
5376.000000,-391.481853,-165.385615,0.000007,6.940083,7.086427,-1.161597
5378.000000,-391.390386,-163.387867,0.000007,6.943281,7.088426,-1.151710
5380.000000,-391.298946,-161.390116,0.000007,6.946481,7.090425,-1.143216
5382.000000,-391.207534,-159.392365,0.000007,6.949680,7.092425,-1.135450
5384.000000,-391.116149,-157.394613,0.000007,6.952878,7.094424,-1.127821
5386.000000,-391.024791,-155.396860,0.000007,6.956078,7.096423,-1.120108
5388.000000,-390.933460,-153.399105,0.000007,6.959277,7.098423,-1.112163
5390.000000,-390.842155,-151.401349,0.000006,6.962475,7.100422,-1.103809
5392.000000,-390.750876,-149.403592,0.000006,6.965675,7.102422,-1.094884
5394.000000,-390.659622,-147.405834,0.000006,6.968873,7.104421,-1.085437
5396.000000,-390.568393,-145.408074,0.000006,6.972072,7.106420,-1.075659
5398.000000,-390.477190,-143.410313,0.000006,6.975272,7.108419,-1.065717
5400.000000,-390.386011,-141.412552,0.000006,6.978470,7.110419,-1.055737
5402.000000,-390.294857,-139.414789,0.000006,6.981669,7.112418,-1.045865
5404.000000,-390.203726,-137.417025,0.000005,6.984868,7.114417,-1.036261
5406.000000,-390.112619,-135.419260,0.000007,6.988067,7.116417,-1.027027
