s_m,x_m,y_m,kappa_radpm,w_tr_right_m,w_tr_left_m,d_m
0.000000,328.357771,105.981831,-0.013614,8.304927,8.304927,5.331076
2.000000,328.703661,104.006391,-0.006166,8.413357,8.413357,5.203477
4.000000,329.060175,102.033113,0.008050,8.510810,8.510810,5.066227
6.000000,329.469375,100.069815,0.005422,8.554501,8.554501,4.981433
8.000000,329.889739,98.108864,0.002637,8.586848,8.586848,4.906784
10.000000,330.320647,96.150205,0.002102,8.608360,8.608360,4.841749
12.000000,330.760770,94.193594,0.001365,8.620322,8.620322,4.783246
14.000000,331.204946,92.237898,0.000904,8.626631,8.626631,4.726218
16.000000,331.653234,90.283141,0.000539,8.628185,8.628185,4.676305
18.000000,332.103428,88.328821,0.000297,8.626659,8.626659,4.621705
20.000000,332.554155,86.374624,0.000411,8.623452,8.623452,4.571741
22.000000,333.006568,84.420817,0.000545,8.616959,8.616959,4.521015
24.000000,333.461526,82.467600,0.000410,8.606395,8.606395,4.469363
26.000000,333.918251,80.514796,0.000059,8.593358,8.593358,4.415175
28.000000,334.375326,78.562074,-0.000297,8.579964,8.579964,4.356604
30.000000,334.830864,76.608994,-0.000400,8.568702,8.568702,4.292906
32.000000,335.284470,74.655463,-0.000227,8.559976,8.559976,4.224290
34.000000,335.737217,72.701733,-0.000066,8.553181,8.553181,4.152010
36.000000,336.190058,70.748025,-0.000052,8.547158,8.547158,4.077949
38.000000,336.642533,68.794232,-0.000057,8.543038,8.543038,4.001546
40.000000,337.094833,66.840398,-0.000082,8.539540,8.539540,3.924392
42.000000,337.546963,64.886525,-0.000157,8.536462,8.536462,3.846785
44.000000,337.998329,62.932475,-0.000150,8.534665,8.534665,3.768001
46.000000,338.448937,60.978251,-0.000016,8.534099,8.534099,3.688855
48.000000,338.899471,59.024009,0.000118,8.535161,8.535161,3.611165
50.000000,339.350655,57.069918,0.000132,8.537790,8.537790,3.535191
52.000000,339.802456,55.115969,0.000079,8.541412,8.541412,3.461980
54.000000,340.254437,53.162061,0.000049,8.545771,8.545771,3.391945
56.000000,340.706684,51.208215,0.000020,8.551002,8.551002,3.325403
58.000000,341.158987,49.254383,-0.000037,8.556775,8.556775,3.261286
60.000000,341.611225,47.300535,-0.000141,8.562800,8.562800,3.200301
62.000000,342.062961,45.346571,-0.000249,8.568594,8.568594,3.142110
64.000000,342.513560,43.392344,-0.000268,8.573497,8.573497,3.086206
66.000000,342.963035,41.437859,-0.000183,8.577494,8.577494,3.032110
68.000000,343.411691,39.483185,-0.000001,8.580689,8.580689,2.979683
70.000000,343.860239,37.528487,0.000192,8.583059,8.583059,2.929038
72.000000,344.309812,35.574024,0.000253,8.584247,8.584247,2.880645
74.000000,344.760447,33.619806,0.000210,8.584590,8.584590,2.833842
76.000000,345.211892,31.665774,0.000168,8.584988,8.584988,2.787857
78.000000,345.663945,29.711884,0.000115,8.586726,8.586726,2.741951
80.000000,346.116602,27.758133,0.000034,8.590481,8.590481,2.695768
82.000000,346.569243,25.804378,-0.000012,8.595551,8.595551,2.648749
84.000000,347.021843,23.850614,0.000003,8.601663,8.601663,2.600895
86.000000,347.474350,21.896828,0.000051,8.608635,8.608635,2.552240
88.000000,347.927135,19.943107,0.000097,8.615906,8.615906,2.503477
90.000000,348.380262,17.989465,0.000106,8.622945,8.622945,2.454962
92.000000,348.833940,16.035951,0.000065,8.629504,8.629504,2.406881
94.000000,349.287832,14.082487,0.000011,8.635695,8.635695,2.358610
96.000000,349.741771,12.129033,-0.000035,8.641553,8.641553,2.309472
98.000000,350.195580,10.175550,-0.000076,8.646962,8.646962,2.259219
100.000000,350.649056,8.221989,-0.000114,8.651790,8.651790,2.207714
102.000000,351.102134,6.268335,-0.000134,8.655806,8.655806,2.155086
104.000000,351.554554,4.314529,-0.000121,8.658586,8.658586,2.101326
106.000000,352.006590,2.360635,-0.000102,8.660317,8.660317,2.047037
108.000000,352.458153,0.406631,-0.000061,8.660969,8.660969,1.992481
110.000000,352.909447,-1.547436,0.000012,8.660822,8.660822,1.938121
112.000000,353.360800,-3.501488,0.000082,8.659644,8.659644,1.884346
114.000000,353.812498,-5.455461,0.000148,8.657277,8.657277,1.831398
116.000000,354.264738,-7.409308,0.000215,8.654328,8.654328,1.779297
118.000000,354.717874,-9.362948,0.000247,8.651286,8.651286,1.728280
120.000000,355.172041,-11.316349,0.000237,8.648294,8.648294,1.678383
122.000000,355.627118,-13.269537,0.000205,8.645384,8.645384,1.629362
124.000000,356.083051,-15.222526,0.000141,8.642285,8.642285,1.580974
126.000000,356.539571,-17.175378,0.000046,8.638990,8.638990,1.532725
128.000000,356.996275,-19.128187,-0.000034,8.635320,8.635320,1.483954
130.000000,357.452746,-21.081050,-0.000059,8.631178,8.631178,1.434044
132.000000,357.908969,-23.033971,-0.000061,8.627290,8.627290,1.382688
134.000000,358.364990,-24.986940,-0.000074,8.623475,8.623475,1.330102
136.000000,358.820703,-26.939980,-0.000100,8.619871,8.619871,1.276271
138.000000,359.276076,-28.893100,-0.000126,8.616511,8.616511,1.221240
140.000000,359.730867,-30.846355,-0.000125,8.613572,8.613572,1.164812
142.000000,360.185192,-32.799719,-0.000113,8.610920,8.610920,1.107193
144.000000,360.639080,-34.753184,-0.000116,8.608580,8.608580,1.048633
146.000000,361.092544,-36.706748,-0.000128,8.606509,8.606509,0.989323
148.000000,361.545480,-38.660434,-0.000139,8.604546,8.604546,0.929364
150.000000,361.997895,-40.614241,-0.000109,8.602623,8.602623,0.868949
152.000000,362.449696,-42.568190,-0.000047,8.600690,8.600690,0.807891
154.000000,362.901535,-44.522131,-0.000037,8.598842,8.598842,0.746604
156.000000,363.353175,-46.476117,-0.000017,8.596949,8.596949,0.684710
158.000000,363.804603,-48.430152,0.000077,8.594831,8.594831,0.622105
160.000000,364.256391,-50.384104,0.000133,8.593123,8.593123,0.559249
162.000000,364.708876,-52.337895,0.000091,8.592055,8.592055,0.496517
164.000000,365.161694,-54.291608,0.000036,8.591118,8.591118,0.433829
166.000000,365.614568,-56.245309,0.000041,8.590301,8.590301,0.371162
168.000000,366.067556,-58.198983,0.000056,8.589612,8.589612,0.308798
170.000000,366.520901,-60.152575,0.000048,8.589484,8.589484,0.247162
172.000000,366.974287,-62.106157,0.000069,8.589653,8.589653,0.185785
174.000000,367.427986,-64.059666,0.000101,8.590254,8.590254,0.124807
176.000000,367.882099,-66.013079,0.000069,8.591530,8.591530,0.064068
178.000000,368.336658,-67.966388,-0.000027,8.593455,8.593455,0.003097
180.000000,368.790998,-69.919748,-0.000060,8.595290,8.595290,-0.059051
182.000000,369.244903,-71.873210,-0.000031,8.596174,8.596174,-0.121715
184.000000,369.698963,-73.826635,-0.000045,8.596638,8.596638,-0.184096
186.000000,370.152667,-75.780143,-0.000046,8.596156,8.596156,-0.246197
188.000000,370.606223,-77.733685,-0.000001,8.594964,8.594964,-0.308933
190.000000,371.059716,-79.687242,0.000037,8.592950,8.592950,-0.372112
192.000000,371.513461,-81.640741,0.000030,8.590254,8.590254,-0.432432
194.000000,371.967350,-83.594206,0.000029,8.586896,8.586896,-0.490347
196.000000,372.421174,-85.547686,0.000069,8.583025,8.583025,-0.547291
198.000000,372.875441,-87.501063,0.000088,8.579291,8.579291,-0.604422
200.000000,373.329960,-89.454382,0.000094,8.575573,8.575573,-0.663068
202.000000,373.784907,-91.407601,0.000062,8.571791,8.571791,-0.723354
204.000000,374.240213,-93.360736,-0.000006,8.568301,8.568301,-0.783810
206.000000,374.695346,-95.313912,-0.000037,8.564717,8.564717,-0.843446
208.000000,375.150379,-97.267111,0.000035,8.561466,8.561466,-0.901168
210.000000,375.605196,-99.220360,0.000133,8.558458,8.558458,-0.957876
212.000000,376.061100,-101.173355,0.000057,8.556686,8.556686,-1.014187
214.000000,376.517133,-103.126321,-0.000070,8.555666,8.555666,-1.072007
216.000000,376.972722,-105.079390,-0.000089,8.554545,8.554545,-1.130683
218.000000,377.427975,-107.032538,-0.000089,8.553336,8.553336,-1.189245
220.000000,377.882948,-108.985751,-0.000102,8.552087,8.552087,-1.247889
222.000000,378.337426,-110.939079,-0.000002,8.550465,8.550465,-1.306567
224.000000,378.791569,-112.892485,0.000141,8.548905,8.548905,-1.365601
226.000000,379.246849,-114.845627,0.000137,8.549065,8.549065,-1.423719
228.000000,379.702402,-116.798704,0.000060,8.550036,8.550036,-1.481910
230.000000,380.158422,-118.751673,-0.000044,8.551891,8.551891,-1.540084
232.000000,380.614180,-120.704703,-0.000136,8.553766,8.553766,-1.599070
234.000000,381.069312,-122.657879,-0.000153,8.555301,8.555301,-1.659249
236.000000,381.523821,-124.611199,-0.000125,8.556380,8.556380,-1.720778
238.000000,381.977809,-126.564641,-0.000082,8.557351,8.557351,-1.783655
240.000000,382.431501,-128.518152,-0.000039,8.558530,8.558530,-1.847527
242.000000,382.885026,-130.471702,0.000055,8.560080,8.560080,-1.912066
244.000000,383.338563,-132.425249,0.000163,8.562103,8.562103,-1.976905
246.000000,383.793111,-134.378561,0.000113,8.565273,8.565273,-2.040848
248.000000,384.248183,-136.331750,0.000014,8.568935,8.568935,-2.104131
250.000000,384.702972,-138.285006,0.000012,8.571967,8.571967,-2.167259
252.000000,385.158030,-140.238199,0.000005,8.575143,8.575143,-2.229487
254.000000,385.613019,-142.191408,-0.000020,8.578334,8.578334,-2.291112
256.000000,386.067949,-144.144631,-0.000029,8.581296,8.581296,-2.352149
258.000000,386.522755,-146.097883,-0.000030,8.584170,8.584170,-2.412733
260.000000,386.977418,-148.051168,-0.000024,8.586926,8.586926,-2.473060
262.000000,387.432028,-150.004466,-0.000026,8.589263,8.589263,-2.533316
264.000000,387.886503,-151.957794,-0.000022,8.591070,8.591070,-2.593695
266.000000,388.340893,-153.911143,-0.000032,8.592235,8.592235,-2.653973
268.000000,388.795237,-155.864502,-0.000034,8.592783,8.592783,-2.713841
270.000000,389.249258,-157.817936,0.000005,8.592448,8.592448,-2.773205
272.000000,389.703433,-159.771335,0.000016,8.591417,8.591417,-2.831201
274.000000,390.157699,-161.724713,-0.000003,8.589850,8.589850,-2.888314
276.000000,390.611885,-163.678109,0.000007,8.587995,8.587995,-2.945734
278.000000,391.066086,-165.631501,0.000046,8.586016,8.586016,-3.003818
280.000000,391.520446,-167.584857,0.000071,8.584170,8.584170,-3.062054
282.000000,391.975189,-169.538123,0.000061,8.582349,8.582349,-3.119620
284.000000,392.430116,-171.491347,0.000060,8.580738,8.580738,-3.175986
286.000000,392.885244,-173.444523,0.000062,8.579352,8.579352,-3.230725
288.000000,393.340726,-175.397618,0.000040,8.578047,8.578047,-3.283659
290.000000,393.796279,-177.350696,0.000044,8.576637,8.576637,-3.335296
292.000000,394.251969,-179.303741,0.000085,8.574977,8.574977,-3.385963
294.000000,394.708002,-181.256707,0.000110,8.573049,8.573049,-3.435904
296.000000,395.164549,-183.209553,0.000094,8.571092,8.571092,-3.485359
298.000000,395.621455,-185.162314,0.000063,8.569016,8.569016,-3.534767
300.000000,396.078596,-187.115021,0.000060,8.566700,8.566700,-3.584416
302.000000,396.535902,-189.067689,0.000083,8.564332,8.564332,-3.634415
304.000000,396.993578,-191.020270,0.000113,8.562013,8.562013,-3.684357
306.000000,397.451653,-192.972758,0.000144,8.559989,8.559989,-3.733756
308.000000,397.910337,-194.925102,0.000154,8.558616,8.558616,-3.781813
310.000000,398.369666,-196.877295,0.000147,8.557566,8.557566,-3.828348
312.000000,398.829505,-198.829368,0.000162,8.556944,8.556944,-3.873635
314.000000,399.289977,-200.781292,0.000182,8.556852,8.556852,-3.917623
316.000000,399.751205,-202.733038,0.000199,8.556987,8.556987,-3.960234
318.000000,400.213135,-204.684617,0.000234,8.557249,8.557249,-4.001620
320.000000,400.676025,-206.635969,0.000242,8.557553,8.557553,-4.041606
322.000000,401.139952,-208.587074,0.000212,8.557530,8.557530,-4.080240
324.000000,401.604632,-210.538000,0.000160,8.557425,8.557425,-4.117916
326.000000,402.070082,-212.488743,0.000074,8.556621,8.556621,-4.154748
328.000000,402.535745,-214.439435,0.000017,8.554619,8.554619,-4.191496
330.000000,403.001363,-216.390138,-0.000026,8.551285,8.551285,-4.228540
332.000000,403.467119,-218.340807,-0.000050,8.546094,8.546094,-4.265797
334.000000,403.932236,-220.291630,0.000041,8.538903,8.538903,-4.304135
336.000000,404.397712,-222.242366,0.000135,8.530123,8.530123,-4.342553
338.000000,404.863751,-224.192968,0.000141,8.519435,8.519435,-4.380937
340.000000,405.330414,-226.143421,0.000124,8.507691,8.507691,-4.419312
342.000000,405.797476,-228.093779,0.000120,8.494402,8.494402,-4.457958
344.000000,406.265057,-230.044012,0.000101,8.480311,8.480311,-4.496737
346.000000,406.733079,-231.994139,0.000062,8.465170,8.465170,-4.535684
348.000000,407.201281,-233.944223,0.000031,8.448888,8.448888,-4.574748
350.000000,407.669648,-235.894267,-0.000006,8.431948,8.431948,-4.613763
352.000000,408.137992,-237.844317,-0.000058,8.414225,8.414225,-4.652772
354.000000,408.606122,-239.794419,-0.000091,8.396141,8.396141,-4.691861
356.000000,409.073799,-241.744629,-0.000090,8.377613,8.377613,-4.731173
358.000000,409.541178,-243.694910,-0.000109,8.359002,8.359002,-4.770391
360.000000,410.008200,-245.645277,-0.000128,8.340547,8.340547,-4.809471
362.000000,410.474536,-247.595808,-0.000118,8.321884,8.321884,-4.848700
364.000000,410.940596,-249.546405,-0.000077,8.303561,8.303561,-4.887693
366.000000,411.406043,-251.497149,0.000020,8.285347,8.285347,-4.926863
368.000000,411.871785,-253.447822,0.000025,8.268268,8.268268,-4.965373
370.000000,412.337856,-255.398416,-0.000068,8.252288,8.252288,-5.003366
372.000000,412.803360,-257.349146,-0.000090,8.236869,8.236869,-5.041881
374.000000,413.268606,-259.299938,-0.000074,8.221748,8.221748,-5.080660
376.000000,413.733523,-261.250807,-0.000034,8.207138,8.207138,-5.119754
378.000000,414.198198,-263.201735,0.000010,8.193124,8.193124,-5.159007
380.000000,414.663147,-265.152597,0.000013,8.180120,8.180120,-5.197984
382.000000,415.127942,-267.103496,0.000065,8.168432,8.168432,-5.237430
384.000000,415.592972,-269.054339,0.000189,8.157514,8.157514,-5.277188
386.000000,416.058701,-271.005015,0.000328,8.147065,8.147065,-5.316595
388.000000,416.525757,-272.955374,0.000397,8.137384,8.137384,-5.354909
390.000000,416.994596,-274.905305,0.000384,8.129027,8.129027,-5.391965
392.000000,417.464756,-276.854917,0.000434,8.121708,8.121708,-5.428587
394.000000,417.936497,-278.804148,0.000589,8.115750,8.115750,-5.464793
396.000000,418.410544,-280.752820,0.000815,8.111080,8.111080,-5.499548
398.000000,418.887598,-282.700757,0.001029,8.108209,8.108209,-5.531082
400.000000,419.369064,-284.647607,0.000966,8.108849,8.108849,-5.556944
402.000000,419.854770,-286.593405,0.000679,8.111420,8.111420,-5.576635
404.000000,420.342672,-288.538654,0.000476,8.115188,8.115188,-5.591830
406.000000,420.832535,-290.483409,0.000253,8.118911,8.118911,-5.603032
408.000000,421.323712,-292.427834,-0.000001,8.121989,8.121989,-5.611446
410.000000,421.814240,-294.372422,0.000035,8.123716,8.123716,-5.619250
412.000000,422.304732,-296.317019,0.000334,8.124319,8.124319,-5.626042
414.000000,422.796485,-298.261298,0.000351,8.126399,8.126399,-5.630677
416.000000,423.290964,-300.204883,-0.000188,8.124613,8.124613,-5.631683
418.000000,423.784199,-302.148784,-0.000573,8.121678,8.121678,-5.633174
420.000000,424.274267,-304.093488,-0.000445,8.118580,8.118580,-5.637117
422.000000,424.762980,-306.038533,-0.000248,8.112759,8.112759,-5.641625
424.000000,425.250635,-307.983844,-0.000132,8.104340,8.104340,-5.646285
426.000000,425.737895,-309.929254,-0.000041,8.094517,8.094517,-5.650501
428.000000,426.224943,-311.874716,0.000010,8.083671,8.083671,-5.654159
430.000000,426.712166,-313.820135,0.000007,8.072477,8.072477,-5.656948
432.000000,427.199407,-315.765550,0.000009,8.061321,8.061321,-5.659024
434.000000,427.686555,-317.710987,-0.000017,8.050513,8.050513,-5.660366
436.000000,428.174006,-319.656349,-0.000107,8.040366,8.040366,-5.660281
438.000000,428.660679,-321.601906,-0.000189,8.030695,8.030695,-5.659403
440.000000,429.146941,-323.547565,-0.000315,8.020369,8.020369,-5.656647
442.000000,429.631858,-325.493560,-0.000522,8.010162,8.010162,-5.651690
444.000000,430.114965,-327.440004,-0.000718,8.000531,8.000531,-5.643295
446.000000,430.594893,-329.387235,-0.000781,7.993368,7.993368,-5.631102
448.000000,431.071781,-331.335213,-0.000653,7.988902,7.988902,-5.613802
450.000000,431.545722,-333.283910,-0.000456,7.986551,7.986551,-5.591341
452.000000,432.018395,-335.232916,-0.000388,7.985750,7.985750,-5.563759
454.000000,432.489416,-337.182320,-0.000403,7.985987,7.985987,-5.531676
456.000000,432.958936,-339.132087,-0.000417,7.986751,7.986751,-5.494354
458.000000,433.426814,-341.082249,-0.000424,7.987119,7.987119,-5.451271
460.000000,433.892958,-343.032826,-0.000435,7.986488,7.986488,-5.401334
462.000000,434.357574,-344.983768,-0.000462,7.985268,7.985268,-5.343298
464.000000,434.820172,-346.935188,-0.000466,7.982859,7.982859,-5.274946
466.000000,435.281103,-348.887004,-0.000501,7.979329,7.979329,-5.195436
468.000000,435.740084,-350.839279,-0.000575,7.974375,7.974375,-5.104488
470.000000,436.196792,-352.792086,-0.000637,7.967477,7.967477,-5.003007
472.000000,436.650983,-354.745481,-0.000661,7.957954,7.957954,-4.892047
474.000000,437.102506,-356.699494,-0.000697,7.944739,7.944739,-4.770950
476.000000,437.551525,-358.654084,-0.000837,7.927907,7.927907,-4.639479
478.000000,437.997286,-360.609419,-0.001032,7.907006,7.907006,-4.498962
480.000000,438.438935,-362.565687,-0.001202,7.882120,7.882120,-4.350146
482.000000,438.875876,-364.523012,-0.001305,7.853347,7.853347,-4.192474
484.000000,439.307481,-366.481520,-0.001211,7.820529,7.820529,-4.024576
486.000000,439.733975,-368.441147,-0.000892,7.784782,7.784782,-3.844599
488.000000,440.157003,-370.401527,-0.000632,7.747995,7.747995,-3.647240
490.000000,440.578050,-372.362333,-0.000351,7.711890,7.711890,-3.420462
492.000000,440.996583,-374.323676,-0.000385,7.675688,7.675688,-3.164440
494.000000,441.416606,-376.284701,-0.001019,7.644027,7.644027,-2.874744
496.000000,441.830105,-378.247112,-0.001266,7.610024,7.610024,-2.556419
498.000000,442.239118,-380.210463,-0.001236,7.578331,7.578331,-2.218435
500.000000,442.643698,-382.174731,-0.001677,7.548358,7.548358,-1.861264
502.000000,443.042155,-384.140251,-0.002677,7.521111,7.521111,-1.488706
504.000000,443.430848,-386.107720,-0.003981,7.496065,7.496065,-1.103099
506.000000,443.802938,-388.078388,-0.005257,7.474183,7.474183,-0.715539
508.000000,444.155086,-390.052711,-0.006807,7.452700,7.452700,-0.331220
510.000000,444.480503,-392.031606,-0.008601,7.429273,7.429273,0.043530
512.000000,444.771336,-394.015862,-0.010093,7.402064,7.402064,0.404730
514.000000,445.021282,-396.005662,-0.011376,7.371968,7.371968,0.746067
516.000000,445.226675,-398.000519,-0.013045,7.335950,7.335950,1.066082
518.000000,445.380218,-400.000049,-0.014198,7.298238,7.298238,1.361285
520.000000,445.472983,-402.003313,-0.014048,7.261545,7.261545,1.629945
522.000000,445.511233,-404.008328,-0.013901,7.231539,7.231539,1.875954
524.000000,445.493490,-406.013639,-0.013451,7.209812,7.209812,2.098893
526.000000,445.418682,-408.017665,-0.011792,7.200043,7.200043,2.301932
528.000000,445.297700,-410.019458,-0.011073,7.208663,7.208663,2.496539
530.000000,445.136664,-412.018417,-0.011718,7.231439,7.231439,2.691343
532.000000,444.924260,-414.012546,-0.010221,7.268524,7.268524,2.882160
534.000000,444.666997,-416.001467,-0.007521,7.316207,7.316207,3.079846
536.000000,444.387427,-417.987360,-0.006841,7.359205,7.359205,3.296953
538.000000,444.077385,-419.968722,-0.006706,7.405180,7.405180,3.517750
540.000000,443.741748,-421.945924,-0.006758,7.450213,7.450213,3.740113
542.000000,443.381276,-423.918729,-0.008382,7.491757,7.491757,3.956200
544.000000,442.989025,-425.885472,-0.010207,7.529433,7.529433,4.161918
546.000000,442.552821,-427.842917,-0.010751,7.563708,7.563708,4.348947
548.000000,442.075724,-429.790768,-0.010925,7.597352,7.597352,4.517882
550.000000,441.556002,-431.727661,-0.011047,7.629254,7.629254,4.666019
552.000000,440.992254,-433.652206,-0.011337,7.656700,7.656700,4.797245
554.000000,440.388081,-435.564491,-0.012095,7.677332,7.677332,4.923953
556.000000,439.734379,-437.460400,-0.012245,7.687554,7.687554,5.048508
558.000000,439.035499,-439.340088,-0.011972,7.685280,7.685280,5.173197
560.000000,438.291081,-441.202197,-0.011666,7.674573,7.674573,5.287005
562.000000,437.503264,-443.046396,-0.011252,7.658364,7.658364,5.375911
564.000000,436.674305,-444.872497,-0.010676,7.637542,7.637542,5.445985
566.000000,435.805323,-446.679911,-0.009820,7.619700,7.619700,5.505802
568.000000,434.901863,-448.470294,-0.008938,7.606496,7.606496,5.561562
570.000000,433.965603,-450.243794,-0.008410,7.601535,7.601535,5.622124
572.000000,433.001551,-452.002352,-0.008133,7.604545,7.604545,5.700095
574.000000,432.006699,-453.743678,-0.007882,7.619611,7.619611,5.799674
576.000000,430.987029,-455.470572,-0.008304,7.641456,7.641456,5.916089
578.000000,429.938162,-457.179866,-0.009399,7.668643,7.668643,6.036529
580.000000,428.858188,-458.869698,-0.010139,7.694857,7.694857,6.150352
582.000000,427.741645,-460.535576,-0.010131,7.718389,7.718389,6.244714
584.000000,426.592937,-462.179443,-0.010371,7.741941,7.741941,6.325195
586.000000,425.410624,-463.799284,-0.011150,7.763309,7.763309,6.392202
588.000000,424.192072,-465.392046,-0.011451,7.779136,7.779136,6.446948
590.000000,422.936068,-466.955452,-0.011184,7.788306,7.788306,6.486646
592.000000,421.646233,-468.491036,-0.011465,7.790831,7.790831,6.513819
594.000000,420.322446,-469.997508,-0.011959,7.786878,7.786878,6.529380
596.000000,418.960652,-471.469701,-0.011496,7.778530,7.778530,6.530289
598.000000,417.565975,-472.910738,-0.010976,7.769991,7.769991,6.519597
600.000000,416.140605,-474.321440,-0.010675,7.763655,7.763655,6.500046
602.000000,414.683997,-475.699806,-0.010198,7.763162,7.763162,6.469534
604.000000,413.201039,-477.049896,-0.010263,7.760278,7.760278,6.439603
606.000000,411.690285,-478.368785,-0.010459,7.756508,7.756508,6.424790
608.000000,410.151690,-479.655052,-0.009909,7.747908,7.747908,6.431055
610.000000,408.587302,-480.909835,-0.009123,7.737826,7.737826,6.455578
612.000000,407.001165,-482.137041,-0.009402,7.726732,7.726732,6.482894
614.000000,405.393365,-483.335730,-0.010398,7.714627,7.714627,6.513167
616.000000,403.759377,-484.498433,-0.010508,7.704777,7.704777,6.554977
618.000000,402.101146,-485.626282,-0.010280,7.699685,7.699685,6.606087
620.000000,400.420952,-486.721151,-0.011467,7.695345,7.695345,6.658707
622.000000,398.717321,-487.779168,-0.012759,7.694095,7.694095,6.696080
624.000000,396.984058,-488.787919,-0.011893,7.696522,7.696522,6.699567
626.000000,395.227860,-489.756111,-0.011373,7.696937,7.696937,6.677424
628.000000,393.452350,-490.688550,-0.011978,7.701275,7.701275,6.640916
630.000000,391.651919,-491.571863,-0.011840,7.692494,7.692494,6.587627
632.000000,389.833460,-492.417364,-0.011984,7.685216,7.685216,6.542616
634.000000,387.993859,-493.215798,-0.012165,7.670201,7.670201,6.494981
636.000000,386.135788,-493.970264,-0.011999,7.653343,7.653343,6.443926
638.000000,384.259927,-494.679377,-0.011740,7.633995,7.633995,6.388087
640.000000,382.367639,-495.343497,-0.010976,7.620969,7.620969,6.334798
642.000000,380.461134,-495.965617,-0.009332,7.609319,7.609319,6.282101
644.000000,378.542607,-496.549599,-0.010742,7.603157,7.603157,6.226381
646.000000,376.616670,-497.108856,-0.013345,7.619566,7.619566,6.183931
648.000000,374.669856,-497.589648,-0.011110,7.600310,7.600310,6.101236
650.000000,372.716742,-498.044732,-0.010098,7.604915,7.604915,6.031560
652.000000,370.754008,-498.456293,-0.011995,7.612979,7.612979,5.962723
654.000000,368.782200,-498.821923,-0.013108,7.620659,7.620659,5.893982
656.000000,366.801151,-499.133598,-0.013501,7.622029,7.622029,5.819945
658.000000,364.812402,-499.391257,-0.013321,7.617714,7.617714,5.737644
660.000000,362.817466,-499.595960,-0.013234,7.607192,7.607192,5.646401
662.000000,360.817832,-499.747783,-0.012986,7.587009,7.587009,5.544524
664.000000,358.814820,-499.846321,-0.012094,7.565702,7.565702,5.430280
666.000000,356.809994,-499.895874,-0.010948,7.539223,7.539223,5.305093
668.000000,354.804582,-499.902308,-0.010400,7.516318,7.516318,5.169599
670.000000,352.799440,-499.867886,-0.010405,7.497967,7.497967,5.032750
672.000000,350.795468,-499.791015,-0.010053,7.485532,7.485532,4.904401
674.000000,348.793498,-499.672600,-0.009354,7.482240,7.482240,4.802891
676.000000,346.794014,-499.518196,-0.009168,7.492294,7.492294,4.729427
678.000000,344.797673,-499.327186,-0.009779,7.512093,7.512093,4.677292
680.000000,342.805310,-499.098452,-0.010726,7.535634,7.535634,4.640070
682.000000,340.818541,-498.825357,-0.011267,7.557801,7.557801,4.615497
684.000000,338.838483,-498.507569,-0.011294,7.577754,7.577754,4.597113
686.000000,336.866240,-498.144302,-0.011332,7.591350,7.591350,4.582635
688.000000,334.902463,-497.737652,-0.011337,7.596712,7.596712,4.575874
690.000000,332.948910,-497.284360,-0.011609,7.596120,7.596120,4.579167
692.000000,331.005491,-496.789614,-0.012885,7.589919,7.589919,4.590011
694.000000,329.076046,-496.243068,-0.014347,7.579608,7.579608,4.590073
696.000000,327.162960,-495.641624,-0.015289,7.565259,7.565259,4.577567
698.000000,325.269572,-494.980795,-0.015330,7.548412,7.548412,4.555412
700.000000,323.398074,-494.260342,-0.014334,7.531854,7.531854,4.524654
702.000000,321.547803,-493.486997,-0.013657,7.516231,7.516231,4.485455
704.000000,319.718650,-492.664960,-0.014445,7.501614,7.501614,4.438897
706.000000,317.913374,-491.791670,-0.015249,7.489587,7.489587,4.380912
708.000000,316.137908,-490.859265,-0.014357,7.476631,7.476631,4.308721
710.000000,314.389346,-489.877363,-0.013562,7.464104,7.464104,4.231293
712.000000,312.666876,-488.850398,-0.014752,7.452813,7.452813,4.161642
714.000000,310.974665,-487.774323,-0.016928,7.441677,7.441677,4.100893
716.000000,309.320979,-486.639984,-0.018400,7.435358,7.435358,4.034727
718.000000,307.710855,-485.444718,-0.019035,7.436991,7.436991,3.942811
720.000000,306.147405,-484.189078,-0.019787,7.446377,7.446377,3.828152
722.000000,304.634424,-482.873148,-0.020826,7.461619,7.461619,3.706677
724.000000,303.178319,-481.494505,-0.022182,7.482318,7.482318,3.579157
726.000000,301.783310,-480.053957,-0.022679,7.506448,7.506448,3.427401
728.000000,300.460442,-478.546878,-0.020917,7.531073,7.531073,3.236531
730.000000,299.199957,-476.987339,-0.018749,7.548566,7.548566,3.035635
732.000000,297.998854,-475.381567,-0.018184,7.559504,7.559504,2.822807
734.000000,296.854100,-473.735085,-0.018997,7.560664,7.560664,2.589144
736.000000,295.774378,-472.045210,-0.019595,7.558942,7.558942,2.334094
738.000000,294.762667,-470.313813,-0.019292,7.554945,7.554945,2.070405
740.000000,293.818734,-468.544578,-0.018921,7.554633,7.554633,1.812790
742.000000,292.941997,-466.741213,-0.018231,7.557755,7.557755,1.573959
744.000000,292.134139,-464.905852,-0.017039,7.564419,7.564419,1.353203
746.000000,291.387032,-463.044824,-0.015696,7.571762,7.571762,1.150284
748.000000,290.701757,-461.160105,-0.014709,7.584162,7.584162,0.953094
750.000000,290.067612,-459.257685,-0.014740,7.596728,7.596728,0.764415
752.000000,289.492738,-457.336495,-0.014828,7.612995,7.612995,0.583979
754.000000,288.974283,-455.399299,-0.015471,7.625634,7.625634,0.427245
756.000000,288.513078,-453.447636,-0.016988,7.637542,7.637542,0.346015
758.000000,288.122360,-451.480695,-0.017607,7.651179,7.651179,0.317269
760.000000,287.800511,-449.501401,-0.017673,7.666805,7.666805,0.291590
762.000000,287.549074,-447.511954,-0.017968,7.681621,7.681621,0.249254
764.000000,287.369222,-445.514779,-0.018654,7.693348,7.693348,0.196316
766.000000,287.263025,-443.512274,-0.018706,7.702329,7.702329,0.144612
768.000000,287.237114,-441.507083,-0.017876,7.705211,7.705211,0.100872
770.000000,287.277574,-439.502163,-0.017784,7.699809,7.699809,0.092687
772.000000,287.392422,-437.500242,-0.017591,7.701612,7.701612,0.134455
774.000000,287.577841,-435.503491,-0.017316,7.708619,7.708619,0.223556
776.000000,287.829812,-433.514100,-0.018083,7.718573,7.718573,0.347707
778.000000,288.154863,-431.535261,-0.019296,7.739292,7.739292,0.490076
780.000000,288.554882,-429.570225,-0.020512,7.751829,7.751829,0.668173
782.000000,289.036887,-427.623825,-0.021054,7.769157,7.769157,0.873449
784.000000,289.601431,-425.699785,-0.022041,7.791424,7.791424,1.131325
786.000000,290.245568,-423.800898,-0.024049,7.809098,7.809098,1.454443
788.000000,290.985314,-421.937498,-0.027244,7.828568,7.828568,1.783243
790.000000,291.816491,-420.112678,-0.031151,7.834784,7.834784,2.090091
792.000000,292.770755,-418.349332,-0.033012,7.854203,7.854203,2.335285
794.000000,293.834387,-416.649484,-0.033409,7.852192,7.852192,2.526163
796.000000,295.014145,-415.028311,-0.032021,7.840928,7.840928,2.645067
798.000000,296.296667,-413.487039,-0.029601,7.834136,7.834136,2.726150
800.000000,297.664571,-412.021633,-0.029290,7.835712,7.835712,2.834990
802.000000,299.116059,-410.638456,-0.030427,7.849102,7.849102,3.025493
804.000000,300.648654,-409.346574,-0.030624,7.863073,7.863073,3.251274
806.000000,302.260663,-408.154524,-0.029581,7.870259,7.870259,3.419716
808.000000,303.938461,-407.056736,-0.028969,7.862544,7.862544,3.535093
810.000000,305.678123,-406.059567,-0.030096,7.859411,7.859411,3.614904
812.000000,307.471970,-405.163410,-0.032570,7.851461,7.851461,3.675844
814.000000,309.322551,-404.391513,-0.035512,7.849564,7.849564,3.694951
816.000000,311.220532,-403.746977,-0.038578,7.832076,7.832076,3.675418
818.000000,313.164490,-403.258183,-0.039144,7.797330,7.797330,3.594767
820.000000,315.140603,-402.925285,-0.037447,7.750278,7.750278,3.454499
822.000000,317.136676,-402.739087,-0.035322,7.703346,7.703346,3.263666
824.000000,319.140601,-402.699020,-0.032218,7.670913,7.670913,3.025334
826.000000,321.143880,-402.785812,-0.030284,7.642884,7.642884,2.755010
828.000000,323.138539,-402.990075,-0.029509,7.592730,7.592730,2.476139
830.000000,325.116601,-403.317750,-0.026873,7.538881,7.538881,2.151788
832.000000,327.074245,-403.751103,-0.022016,7.475375,7.475375,1.775221
834.000000,329.010041,-404.274128,-0.016527,7.415234,7.415234,1.357727
836.000000,330.929001,-404.856624,-0.012635,7.365114,7.365114,0.942269
838.000000,332.832911,-405.486716,-0.009288,7.323695,7.323695,0.552586
840.000000,334.723255,-406.156153,-0.005472,7.306321,7.306321,0.170537
842.000000,336.608219,-406.840928,-0.002982,7.293712,7.293712,-0.191968
844.000000,338.488388,-407.538753,-0.001104,7.291020,7.291020,-0.532925
846.000000,340.367193,-408.240245,0.000451,7.302896,7.302896,-0.853255
848.000000,342.247390,-408.938016,0.001297,7.333961,7.333961,-1.169768
850.000000,344.128703,-409.632773,0.002462,7.383593,7.383593,-1.505823
852.000000,346.013619,-410.317704,0.004407,7.441729,7.441729,-1.870952
854.000000,347.903725,-410.988069,0.007813,7.507726,7.507726,-2.267383
856.000000,349.803499,-411.630560,0.010968,7.584526,7.584526,-2.688767
858.000000,351.719030,-412.224305,0.013290,7.663239,7.663239,-3.143782
860.000000,353.647235,-412.775409,0.017189,7.729095,7.729095,-3.642695
862.000000,355.594016,-413.255311,0.020819,7.786045,7.786045,-4.131771
864.000000,357.559622,-413.652532,0.023671,7.830106,7.830106,-4.603885
866.000000,359.541170,-413.959519,0.026711,7.855713,7.855713,-5.044092
868.000000,361.536780,-414.154756,0.028992,7.869635,7.869635,-5.438733
870.000000,363.539742,-414.237589,0.031909,7.867333,7.867333,-5.786664
872.000000,365.543987,-414.192262,0.039132,7.857160,7.857160,-6.070882
874.000000,367.539603,-414.003298,0.044454,7.839546,7.839546,-6.270010
876.000000,369.503466,-413.603830,0.040035,7.858959,7.858959,-6.347008
878.000000,371.434381,-413.063767,0.035234,7.825847,7.825847,-6.390550
880.000000,373.322148,-412.388858,0.035213,7.802460,7.802460,-6.392066
882.000000,375.158489,-411.585000,0.035404,7.801439,7.801439,-6.376514
884.000000,376.930872,-410.649124,0.033901,7.810356,7.810356,-6.343366
886.000000,378.635877,-409.594372,0.030445,7.801443,7.801443,-6.297720
888.000000,380.272024,-408.435508,0.029394,7.777361,7.777361,-6.259558
890.000000,381.846658,-407.193824,0.030021,7.734981,7.734981,-6.237232
892.000000,383.329815,-405.844173,0.028849,7.731958,7.731958,-6.168356
894.000000,384.745967,-404.424906,0.030060,7.729099,7.729099,-6.081078
896.000000,386.067768,-402.917476,0.031986,7.746481,7.746481,-5.955147
898.000000,387.290114,-401.328898,0.030852,7.775841,7.775841,-5.792733
900.000000,388.408679,-399.665011,0.030028,7.810749,7.810749,-5.603874
902.000000,389.433344,-397.941825,0.031672,7.824584,7.824584,-5.437511
904.000000,390.341924,-396.155006,0.031699,7.814888,7.814888,-5.303984
906.000000,391.129942,-394.311520,0.031277,7.787315,7.787315,-5.198909
908.000000,391.815159,-392.427049,0.033649,7.744662,7.744662,-5.125130
910.000000,392.359216,-390.497106,0.034716,7.732057,7.732057,-5.014450
912.000000,392.773321,-388.535333,0.033641,7.729547,7.729547,-4.871336
914.000000,393.047253,-386.549132,0.032037,7.746879,7.746879,-4.678794
916.000000,393.199364,-384.550203,0.031278,7.768515,7.768515,-4.455217
918.000000,393.223856,-382.545660,0.031027,7.804164,7.804164,-4.217453
920.000000,393.123619,-380.543503,0.031062,7.836315,7.836315,-4.005704
922.000000,392.902333,-378.551000,0.032064,7.848114,7.848114,-3.840902
924.000000,392.550783,-376.577477,0.031271,7.846208,7.846208,-3.695900
926.000000,392.071382,-374.630753,0.028557,7.842969,7.842969,-3.536485
928.000000,391.486105,-372.712849,0.028692,7.837774,7.837774,-3.361805
930.000000,390.797408,-370.829622,0.030638,7.831573,7.831573,-3.177684
932.000000,389.984928,-368.996437,0.030256,7.832529,7.832529,-2.955756
934.000000,389.067467,-367.213908,0.028223,7.831710,7.831710,-2.704584
936.000000,388.045007,-365.489031,0.026989,7.835680,7.835680,-2.434128
938.000000,386.939939,-363.816158,0.029651,7.863919,7.863919,-2.181991
940.000000,385.737723,-362.211903,0.032347,7.865865,7.865865,-1.945744
942.000000,384.425677,-360.696310,0.030310,7.853063,7.853063,-1.670398
944.000000,383.025883,-359.260569,0.025594,7.843899,7.843899,-1.362750
946.000000,381.550154,-357.902784,0.019891,7.843392,7.843392,-1.030474
948.000000,380.024461,-356.601361,0.015979,7.868218,7.868218,-0.690817
950.000000,378.460227,-355.346527,0.015293,7.909348,7.909348,-0.384503
952.000000,376.858696,-354.139673,0.015186,7.952648,7.952648,-0.118984
954.000000,375.219442,-352.984497,0.013868,7.995918,7.995918,0.129534
956.000000,373.548788,-351.875133,0.011936,8.040087,8.040087,0.369617
958.000000,371.852066,-350.806101,0.010131,8.076623,8.076623,0.602535
960.000000,370.134107,-349.771471,0.009382,8.104191,8.104191,0.809375
962.000000,368.398802,-348.766198,0.010112,8.124808,8.124808,0.968603
964.000000,366.642690,-347.797753,0.010529,8.132096,8.132096,1.073028
966.000000,364.865765,-346.868046,0.009801,8.126816,8.126816,1.135296
968.000000,363.071040,-345.973187,0.008857,8.112385,8.112385,1.171682
970.000000,361.260778,-345.110165,0.008211,8.088942,8.088942,1.194296
972.000000,359.436747,-344.276587,0.008047,8.064539,8.064539,1.208212
974.000000,357.599794,-343.471916,0.008160,8.039324,8.039324,1.201396
976.000000,355.749617,-342.698154,0.008364,8.014504,8.014504,1.168883
978.000000,353.887192,-341.954354,0.009145,7.989017,7.989017,1.109228
980.000000,352.011640,-341.244293,0.010243,7.964078,7.964078,1.029662
982.000000,350.121525,-340.574000,0.011001,7.938650,7.938650,0.932026
984.000000,348.217232,-339.945233,0.011543,7.909944,7.909944,0.825419
986.000000,346.298773,-339.361131,0.012136,7.875196,7.875196,0.716413
988.000000,344.366839,-338.823199,0.012996,7.830709,7.830709,0.607792
990.000000,342.421567,-338.335702,0.012625,7.776250,7.776250,0.493280
992.000000,340.463329,-337.903324,0.011457,7.709399,7.709399,0.378981
994.000000,338.497233,-337.507799,0.011542,7.647955,7.647955,0.262794
996.000000,336.521650,-337.163725,0.011923,7.581415,7.581415,0.158023
998.000000,334.538978,-336.862414,0.012554,7.528787,7.528787,0.048155
1000.000000,332.549088,-336.613381,0.013566,7.491469,7.491469,-0.054856
1002.000000,330.553375,-336.417090,0.014315,7.475294,7.475294,-0.146338
1004.000000,328.552716,-336.279911,0.015131,7.477888,7.477888,-0.216667
1006.000000,326.548871,-336.201198,0.015432,7.496528,7.496528,-0.270430
1008.000000,324.543513,-336.189432,0.012649,7.537339,7.537339,-0.315919
1010.000000,322.538599,-336.233411,0.008722,7.595275,7.595275,-0.343928
1012.000000,320.534284,-336.302402,0.008872,7.639913,7.639913,-0.380931
1014.000000,318.531511,-336.405892,0.011990,7.676466,7.676466,-0.424889
1016.000000,316.532023,-336.557908,0.012042,7.707838,7.707838,-0.465579
1018.000000,314.537850,-336.770755,0.010513,7.755183,7.755183,-0.480101
1020.000000,312.546307,-337.006389,0.012251,7.771869,7.771869,-0.499462
1022.000000,310.563149,-337.303637,0.013035,7.792437,7.792437,-0.481467
1024.000000,308.587852,-337.650026,0.012676,7.806034,7.806034,-0.447031
1026.000000,306.621341,-338.043559,0.013285,7.807710,7.807710,-0.410198
1028.000000,304.667741,-338.493898,0.013924,7.811865,7.811865,-0.358614
1030.000000,302.725131,-338.992201,0.015541,7.812798,7.812798,-0.294328
1032.000000,300.800499,-339.555328,0.015229,7.820904,7.820904,-0.197995
1034.000000,298.895412,-340.181756,0.014178,7.834958,7.834958,-0.068513
1036.000000,297.004962,-340.850949,0.015403,7.832604,7.832604,0.069014
1038.000000,295.139636,-341.586991,0.014364,7.840980,7.840980,0.236325
1040.000000,293.296910,-342.378320,0.012865,7.838496,7.838496,0.415266
1042.000000,291.470425,-343.206403,0.013767,7.813827,7.813827,0.596896
1044.000000,289.672886,-344.094764,0.012797,7.797538,7.797538,0.814392
1046.000000,287.896528,-345.025657,0.011418,7.772666,7.772666,1.049864
1048.000000,286.141040,-345.995209,0.011702,7.739171,7.739171,1.298726
1050.000000,284.409439,-347.006747,0.011056,7.702992,7.702992,1.565493
1052.000000,282.702355,-348.059203,0.009971,7.671432,7.671432,1.853075
1054.000000,281.013415,-349.140588,0.010028,7.627371,7.627371,2.148713
1056.000000,279.348866,-350.259083,0.009648,7.580374,7.580374,2.462983
1058.000000,277.705960,-351.409239,0.008929,7.526218,7.526218,2.789862
1060.000000,276.082916,-352.587104,0.008588,7.471634,7.471634,3.129605
1062.000000,274.481886,-353.794839,0.007312,7.423951,7.423951,3.477503
1064.000000,272.899003,-355.026280,0.005478,7.377796,7.377796,3.823906
1066.000000,271.328984,-356.274088,0.004168,7.337602,7.337602,4.160678
1068.000000,269.769365,-357.534882,0.003038,7.306558,7.306558,4.481111
1070.000000,268.217919,-358.805728,0.001731,7.289521,7.289521,4.774479
1072.000000,266.670486,-360.081458,0.000841,7.289499,7.289499,5.040318
1074.000000,265.124486,-361.358926,0.000350,7.307819,7.307819,5.280001
1076.000000,263.580210,-362.638478,-0.000171,7.344476,7.344476,5.494330
1078.000000,262.034641,-363.916466,0.000073,7.395562,7.395562,5.681414
1080.000000,260.488187,-365.193384,0.000550,7.457519,7.457519,5.844979
1082.000000,258.945548,-366.474905,0.001016,7.521732,7.521732,5.987535
1084.000000,257.401837,-367.755078,0.001575,7.591800,7.591800,6.100651
1086.000000,255.866955,-369.045866,0.000909,7.650061,7.650061,6.202256
1088.000000,254.331712,-370.336234,0.000928,7.709440,7.709440,6.282111
1090.000000,252.797710,-371.628083,0.002061,7.765124,7.765124,6.345351
1092.000000,251.271220,-372.928795,0.001944,7.807471,7.807471,6.403374
1094.000000,249.749918,-374.235577,0.000980,7.839940,7.839940,6.455646
1096.000000,248.231016,-375.545148,0.000097,7.866378,7.866378,6.498528
1098.000000,246.712392,-376.855042,-0.000192,7.889089,7.889089,6.528757
1100.000000,245.191830,-378.162685,0.000416,7.911910,7.911910,6.544171
1102.000000,243.672853,-379.472169,0.000968,7.929847,7.929847,6.545688
1104.000000,242.157019,-380.785288,0.000966,7.941432,7.941432,6.536671
1106.000000,240.643497,-382.101074,0.000889,7.948367,7.948367,6.521101
1108.000000,239.132388,-383.419629,0.000794,7.951203,7.951203,6.501726
1110.000000,237.623529,-384.740760,0.000591,7.951375,7.951375,6.477591
1112.000000,236.116163,-386.063593,0.000343,7.950234,7.950234,6.448225
1114.000000,234.609821,-387.387593,0.000064,7.949150,7.949150,6.415056
1116.000000,233.103577,-388.711703,-0.000123,7.949925,7.949925,6.378701
1118.000000,231.596792,-390.035199,-0.000089,7.953440,7.953440,6.339572
1120.000000,230.089686,-391.358328,0.000057,7.958663,7.958663,6.298381
1122.000000,228.582817,-392.681728,0.000172,7.964454,7.964454,6.256026
1124.000000,227.076398,-394.005640,0.000263,7.970469,7.970469,6.212299
1126.000000,225.570672,-395.330340,0.000321,7.975868,7.975868,6.167613
1128.000000,224.065904,-396.656129,0.000338,7.979891,7.979891,6.122515
1130.000000,222.561941,-397.982829,0.000352,7.982041,7.982041,6.077012
1132.000000,221.059002,-399.310691,0.000341,7.981399,7.981399,6.031684
1134.000000,219.556953,-400.639558,0.000299,7.976440,7.976440,5.986624
1136.000000,218.055738,-401.969368,0.000254,7.967363,7.967363,5.942056
1138.000000,216.555153,-403.299888,0.000255,7.954064,7.954064,5.897400
1140.000000,215.055184,-404.631104,0.000301,7.936616,7.936616,5.852275
1142.000000,213.556079,-405.963292,0.000292,7.914682,7.914682,5.806313
1144.000000,212.057844,-407.296459,0.000224,7.889453,7.889453,5.759733
1146.000000,210.560130,-408.630210,0.000198,7.861676,7.861676,5.712373
1148.000000,209.062896,-409.964501,0.000256,7.831143,7.831143,5.664393
1150.000000,207.566303,-411.299511,0.000195,7.798554,7.798554,5.616293
1152.000000,206.070690,-412.635617,0.000025,7.763552,7.763552,5.568535
1154.000000,204.574567,-413.971153,-0.000016,7.730000,7.730000,5.518495
1156.000000,203.078752,-415.307035,-0.000435,7.697698,7.697698,5.466724
1158.000000,201.582661,-416.642607,0.000095,7.667848,7.667848,5.412699
1160.000000,200.082161,-417.973217,0.001226,7.647701,7.647701,5.349337
1162.000000,198.591803,-419.315171,0.000486,7.614862,7.614862,5.298525
1164.000000,197.098717,-420.654101,-0.000101,7.590099,7.590099,5.241990
1166.000000,195.606127,-421.993583,0.000073,7.566289,7.566289,5.183978
1168.000000,194.114177,-423.333780,-0.000149,7.543757,7.543757,5.124779
1170.000000,192.621238,-424.672874,-0.000185,7.524287,7.524287,5.061055
1172.000000,191.128035,-426.011674,-0.000132,7.506529,7.506529,4.993843
1174.000000,189.634358,-427.349946,-0.000052,7.490056,7.490056,4.923525
1176.000000,188.140475,-428.687987,0.000047,7.473444,7.473444,4.851387
1178.000000,186.646921,-430.026395,-0.000027,7.455240,7.455240,4.779327
1180.000000,185.153418,-431.364861,0.000078,7.435437,7.435437,4.708021
1182.000000,183.659194,-432.702521,0.000287,7.415382,7.415382,4.636966
1184.000000,182.167205,-434.042672,0.000144,7.390957,7.390957,4.570933
1186.000000,180.674549,-435.382082,-0.000108,7.365586,7.365586,4.506224
1188.000000,179.182537,-436.722210,-0.000157,7.338646,7.338646,4.444374
1190.000000,177.688749,-438.060355,0.000116,7.314365,7.314365,4.381247
1192.000000,176.196184,-439.399865,0.000160,7.288886,7.288886,4.320402
1194.000000,174.704193,-440.740015,-0.000082,7.263461,7.263461,4.260793
1196.000000,173.211551,-442.079441,-0.000154,7.239597,7.239597,4.199952
1198.000000,171.718750,-443.418689,-0.000204,7.217469,7.217469,4.138277
1200.000000,170.225259,-444.757168,-0.000274,7.197113,7.197113,4.074859
1202.000000,168.731110,-446.094912,-0.000300,7.179503,7.179503,4.009807
1204.000000,167.236026,-447.431612,-0.000279,7.164675,7.164675,3.942770
1206.000000,165.740257,-448.767544,-0.000232,7.151523,7.151523,3.874186
1208.000000,164.243799,-450.102705,-0.000229,7.140244,7.140244,3.804020
1210.000000,162.746922,-451.437395,-0.000246,7.131170,7.131170,3.732682
1212.000000,161.249123,-452.771051,-0.000242,7.123759,7.123759,3.659211
1214.000000,159.750950,-454.104288,-0.000278,7.119308,7.119308,3.584031
1216.000000,158.251854,-455.436486,-0.000278,7.116985,7.116985,3.506651
1218.000000,156.752007,-456.767838,-0.000286,7.116970,7.116970,3.427596
1220.000000,155.251611,-458.098572,-0.000335,7.119693,7.119693,3.347625
1222.000000,153.750010,-459.427946,-0.000283,7.124515,7.124515,3.266163
1224.000000,152.247792,-460.756624,-0.000181,7.132663,7.132663,3.184832
1226.000000,150.744992,-462.084642,-0.000064,7.142252,7.142252,3.104088
1228.000000,149.242040,-463.412488,0.000077,7.152434,7.152434,3.024518
1230.000000,147.739290,-464.740563,0.000148,7.162605,7.162605,2.946472
1232.000000,146.237103,-466.069275,0.000166,7.172689,7.172689,2.870474
1234.000000,144.735170,-467.398273,0.000161,7.181946,7.181946,2.796185
1236.000000,143.233939,-468.728066,0.000021,7.190531,7.190531,2.724458
1238.000000,141.732769,-470.057927,-0.000160,7.197666,7.197666,2.654559
1240.000000,140.231002,-471.387113,-0.000274,7.202397,7.202397,2.586203
1242.000000,138.728662,-472.715652,-0.000305,7.206009,7.206009,2.520564
1244.000000,137.225143,-474.042855,-0.000262,7.207728,7.207728,2.456649
1246.000000,135.721301,-475.369694,-0.000304,7.209229,7.209229,2.396130
1248.000000,134.216497,-476.695441,-0.000282,7.209531,7.209531,2.339257
1250.000000,132.710708,-478.020069,-0.000157,7.208270,7.208270,2.285309
1252.000000,131.204851,-479.344621,-0.000018,7.206145,7.206145,2.235715
1254.000000,129.698449,-480.668552,0.000103,7.202318,7.202318,2.190686
1256.000000,128.193010,-481.993578,0.000167,7.198773,7.198773,2.152197
1258.000000,126.687290,-483.318284,0.000253,7.193867,7.193867,2.118964
1260.000000,125.182947,-484.644555,0.000258,7.190163,7.190163,2.095035
1262.000000,123.678817,-485.971067,0.000135,7.186523,7.186523,2.078002
1264.000000,122.175628,-487.298644,0.000050,7.183628,7.183628,2.068307
1266.000000,120.671787,-488.625484,0.000162,7.180149,7.180149,2.063129
1268.000000,119.168836,-489.953331,0.000137,7.177592,7.177592,2.063539
1270.000000,117.666478,-491.281850,-0.000085,7.175380,7.175380,2.070332
1272.000000,116.163504,-492.609670,-0.000246,7.172714,7.172714,2.085133
1274.000000,114.660264,-493.937190,-0.000482,7.171208,7.171208,2.109461
1276.000000,113.155555,-495.263046,-0.000657,7.169402,7.169402,2.138606
1278.000000,111.648924,-496.586716,-0.000781,7.167258,7.167258,2.170290
1280.000000,110.140628,-497.908487,-0.000994,7.165724,7.165724,2.206440
1282.000000,108.629302,-499.226794,-0.001202,7.164856,7.164856,2.245088
1284.000000,107.115178,-500.541886,-0.001352,7.165123,7.165123,2.286557
1286.000000,105.596984,-501.852277,-0.001378,7.166359,7.166359,2.330349
1288.000000,104.075498,-503.158844,-0.001361,7.169182,7.169182,2.377140
1290.000000,102.550206,-504.460965,-0.001347,7.172309,7.172309,2.427347
1292.000000,101.021576,-505.759167,-0.001237,7.177767,7.177767,2.483696
1294.000000,99.489377,-507.053155,-0.001047,7.186253,7.186253,2.544551
1296.000000,97.954788,-508.344308,-0.000899,7.197512,7.197512,2.609122
1298.000000,96.417687,-509.632469,-0.000805,7.211168,7.211168,2.677245
1300.000000,94.878696,-510.918371,-0.000675,7.226833,7.226833,2.751634
1302.000000,93.337687,-512.201857,-0.000644,7.245115,7.245115,2.831493
1304.000000,91.795649,-513.484103,-0.000466,7.265461,7.265461,2.918303
1306.000000,90.251057,-514.763273,0.000028,7.290912,7.290912,3.010371
1308.000000,88.707812,-516.044068,0.000209,7.315814,7.315814,3.115906
1310.000000,87.164717,-517.325044,0.000206,7.343268,7.343268,3.231686
1312.000000,85.622120,-518.606619,0.000253,7.372566,7.372566,3.358894
1314.000000,84.080495,-519.889363,0.000072,7.401093,7.401093,3.499055
1316.000000,82.539026,-521.172296,-0.000217,7.425224,7.425224,3.652271
1318.000000,80.997011,-522.454571,-0.000622,7.444339,7.444339,3.815869
1320.000000,79.453706,-523.735292,-0.001340,7.459003,7.459003,3.988292
1322.000000,77.907136,-525.012069,-0.002360,7.470897,7.470897,4.165982
1324.000000,76.354669,-526.281662,-0.003526,7.478991,7.478991,4.344933
1326.000000,74.793223,-527.540185,-0.004638,7.483434,7.483434,4.517856
1328.000000,73.219973,-528.783910,-0.005792,7.483371,7.483371,4.679439
1330.000000,71.632867,-530.009910,-0.006929,7.478354,7.478354,4.825883
1332.000000,70.028056,-531.212624,-0.007758,7.465389,7.465389,4.952117
1334.000000,68.405169,-532.390811,-0.008674,7.447172,7.447172,5.057074
1336.000000,66.762212,-533.540799,-0.010069,7.426414,7.426414,5.137526
1338.000000,65.096721,-534.657927,-0.011023,7.405163,7.405163,5.189295
1340.000000,63.405141,-535.735138,-0.010783,7.384534,7.384534,5.206289
1342.000000,61.691329,-536.776589,-0.010251,7.364647,7.364647,5.192758
1344.000000,59.956309,-537.782290,-0.009874,7.348232,7.348232,5.149263
1346.000000,58.201716,-538.753497,-0.009075,7.334480,7.334480,5.078721
1348.000000,56.429045,-539.691337,-0.007603,7.322895,7.322895,4.986038
1350.000000,54.642340,-540.602183,-0.006181,7.311821,7.311821,4.880802
1352.000000,52.845078,-541.492015,-0.005637,7.299030,7.299030,4.768771
1354.000000,51.038171,-542.362104,-0.005782,7.283268,7.283268,4.647108
1356.000000,49.221310,-543.211217,-0.005764,7.265234,7.265234,4.510592
1358.000000,47.394162,-544.037967,-0.005172,7.246685,7.246685,4.358445
1360.000000,45.558746,-544.846190,-0.004482,7.230291,7.230291,4.194985
1362.000000,43.716142,-545.637900,-0.004093,7.216444,7.216444,4.022345
1364.000000,41.867357,-546.415077,-0.003845,7.204636,7.204636,3.842292
1366.000000,40.012333,-547.177253,-0.003765,7.193749,7.193749,3.654740
1368.000000,38.152202,-547.926851,-0.003798,7.182734,7.182734,3.462039
1370.000000,36.285718,-548.660499,-0.003498,7.176840,7.176840,3.259284
1372.000000,34.414448,-549.381861,-0.003117,7.173449,7.173449,3.049440
1374.000000,32.538630,-550.091320,-0.002732,7.173323,7.173323,2.832591
1376.000000,30.658782,-550.790035,-0.002130,7.174361,7.174361,2.610019
1378.000000,28.776070,-551.480998,-0.001647,7.177681,7.177681,2.384089
1380.000000,26.891209,-552.166078,-0.001469,7.180811,7.180811,2.156593
1382.000000,25.004409,-552.845799,-0.001433,7.183947,7.183947,1.928021
1384.000000,23.115593,-553.519901,-0.001353,7.185791,7.185791,1.698410
1386.000000,21.224966,-554.188905,-0.001192,7.184957,7.184957,1.468345
1388.000000,19.332686,-554.853218,-0.000978,7.181695,7.181695,1.237773
1390.000000,17.439145,-555.513933,-0.000844,7.176944,7.176944,1.007465
1392.000000,15.544572,-556.171681,-0.000795,7.171642,7.171642,0.777993
1394.000000,13.648862,-556.826144,-0.000690,7.165327,7.165327,0.549886
1396.000000,11.752273,-557.478058,-0.000554,7.158667,7.158667,0.324133
1398.000000,9.854958,-558.127855,-0.000447,7.152000,7.152000,0.101527
1400.000000,7.957081,-558.776008,-0.000350,7.145335,7.145335,-0.116940
1402.000000,6.058728,-559.422767,-0.000213,7.138933,7.138933,-0.330488
1404.000000,4.160071,-560.068632,-0.000039,7.133542,7.133542,-0.537008
1406.000000,2.261394,-560.714439,0.000092,7.129509,7.129509,-0.736206
1408.000000,0.362856,-561.360654,0.000127,7.127470,7.127470,-0.928007
1410.000000,-1.535463,-562.007514,0.000092,7.127202,7.127202,-1.113012
1412.000000,-3.433699,-562.654617,0.000029,7.128418,7.128418,-1.292382
1414.000000,-5.331843,-563.301986,-0.000081,7.130291,7.130291,-1.465714
1416.000000,-7.230101,-563.949026,-0.000187,7.132531,7.132531,-1.632442
1418.000000,-9.128643,-564.595228,-0.000193,7.135301,7.135301,-1.790621
1420.000000,-11.027472,-565.240589,-0.000086,7.138826,7.138826,-1.938239
1422.000000,-12.926443,-565.885531,0.000061,7.143403,7.143403,-2.074859
1424.000000,-14.825288,-566.530843,0.000180,7.149086,7.149086,-2.202329
1426.000000,-16.723925,-567.176769,0.000263,7.155417,7.155417,-2.323487
1428.000000,-18.622173,-567.823833,0.000298,7.161674,7.161674,-2.438645
1430.000000,-20.520042,-568.472013,0.000281,7.167089,7.167089,-2.549109
1432.000000,-22.417512,-569.121358,0.000227,7.172816,7.172816,-2.655073
1434.000000,-24.314697,-569.771534,0.000229,7.179458,7.179458,-2.756524
1436.000000,-26.211666,-570.422341,0.000288,7.187027,7.187027,-2.853569
1438.000000,-28.108159,-571.074534,0.000271,7.195738,7.195738,-2.945565
1440.000000,-30.004315,-571.727704,0.000272,7.205354,7.205354,-3.033275
1442.000000,-31.900201,-572.381658,0.000332,7.215950,7.215950,-3.116846
1444.000000,-33.795536,-573.037209,0.000300,7.227907,7.227907,-3.195693
1446.000000,-35.690502,-573.693827,0.000276,7.241567,7.241567,-3.270813
1448.000000,-37.585181,-574.351268,0.000278,7.256421,7.256421,-3.343026
1450.000000,-39.479345,-575.010194,0.000188,7.272430,7.272430,-3.412504
1452.000000,-41.373361,-575.669547,0.000153,7.289812,7.289812,-3.481270
1454.000000,-43.267197,-576.329415,0.000235,7.307417,7.307417,-3.549079
1456.000000,-45.160730,-576.990151,0.000286,7.325461,7.325461,-3.614302
1458.000000,-47.053804,-577.652202,0.000275,7.344073,7.344073,-3.675595
1460.000000,-48.946582,-578.315101,0.000305,7.363388,7.363388,-3.732676
1462.000000,-50.838951,-578.979163,0.000412,7.383478,7.383478,-3.785433
1464.000000,-52.730807,-579.644686,0.000658,7.404546,7.404546,-3.833672
1466.000000,-54.621899,-580.312377,0.001000,7.427140,7.427140,-3.876627
1468.000000,-56.511508,-580.984251,0.001207,7.452896,7.452896,-3.913258
1470.000000,-58.399465,-581.660754,0.001291,7.481686,7.481686,-3.943649
1472.000000,-60.285679,-582.342100,0.001379,7.513861,7.513861,-3.967670
1474.000000,-62.169997,-583.028672,0.001288,7.549414,7.549414,-3.984807
1476.000000,-64.052282,-583.720800,0.000801,7.587238,7.587238,-3.994454
1478.000000,-65.933419,-584.416046,-0.000080,7.625586,7.625586,-3.999159
1480.000000,-67.814440,-585.111604,-0.001097,7.660337,7.660337,-4.001914
1482.000000,-69.697282,-585.802212,-0.001637,7.687241,7.687241,-4.008452
1484.000000,-71.582672,-586.485831,-0.001533,7.704785,7.704785,-4.021598
1486.000000,-73.470162,-587.163637,-0.001188,7.713039,7.713039,-4.040450
1488.000000,-75.359288,-587.836866,-0.000810,7.712518,7.712518,-4.063865
1490.000000,-77.249493,-588.507065,-0.000414,7.704485,7.704485,-4.090349
1492.000000,-79.140279,-589.175621,-0.000062,7.692867,7.692867,-4.118827
1494.000000,-81.031054,-589.844210,0.000148,7.679421,7.679421,-4.148007
1496.000000,-82.921606,-590.513431,0.000285,7.664804,7.664804,-4.177599
1498.000000,-84.811820,-591.183603,0.000430,7.649580,7.649580,-4.206869
1500.000000,-86.701398,-591.855567,0.000571,7.634644,7.634644,-4.233981
1502.000000,-88.590268,-592.529517,0.000736,7.620317,7.620317,-4.258449
1504.000000,-90.478104,-593.206360,0.000883,7.606470,7.606470,-4.279632
1506.000000,-92.364723,-593.886585,0.000972,7.594181,7.594181,-4.297778
1508.000000,-94.249998,-594.570527,0.001031,7.581889,7.581889,-4.312579
1510.000000,-96.133858,-595.258359,0.000905,7.568915,7.568915,-4.323306
1512.000000,-98.016216,-595.950288,0.000481,7.553288,7.553288,-4.329596
1514.000000,-99.897990,-596.643807,0.000168,7.534449,7.534449,-4.333991
1516.000000,-101.779767,-597.337318,0.000152,7.511753,7.511753,-4.338063
1518.000000,-103.661187,-598.031796,0.000155,7.485427,7.485427,-4.340094
1520.000000,-105.542470,-598.726645,0.000166,7.454298,7.454298,-4.338639
1522.000000,-107.423519,-599.422126,0.000216,7.419132,7.419132,-4.333823
1524.000000,-109.304246,-600.118480,0.000319,7.379487,7.379487,-4.327228
1526.000000,-111.184646,-600.815714,0.000458,7.336203,7.336203,-4.318894
1528.000000,-113.064235,-601.515132,0.000449,7.290560,7.290560,-4.305548
1530.000000,-114.943205,-602.216212,0.000359,7.243778,7.243778,-4.287980
1532.000000,-116.821704,-602.918553,0.000230,7.196092,7.196092,-4.268204
1534.000000,-118.699741,-603.622127,-0.000095,7.148272,7.148272,-4.247893
1536.000000,-120.577875,-604.325444,-0.000467,7.100490,7.100490,-4.227581
1538.000000,-122.456810,-605.026615,-0.000726,7.055332,7.055332,-4.206537
1540.000000,-124.336676,-605.725289,-0.000999,7.012483,7.012483,-4.176630
1542.000000,-126.217954,-606.420149,-0.001339,6.969912,6.969912,-4.117509
1544.000000,-128.101049,-607.110067,-0.001758,6.927161,6.927161,-4.021269
1546.000000,-129.986520,-607.793465,-0.002175,6.884327,6.884327,-3.888919
1548.000000,-131.875082,-608.468271,-0.002646,6.843214,6.843214,-3.716280
1550.000000,-133.766916,-609.133845,-0.003662,6.803559,6.803559,-3.507650
1552.000000,-135.663296,-609.786343,-0.005060,6.765281,6.765281,-3.263556
1554.000000,-137.566530,-610.418537,-0.006342,6.730833,6.730833,-2.976276
1556.000000,-139.477396,-611.027242,-0.008136,6.700379,6.700379,-2.647853
1558.000000,-141.397487,-611.606143,-0.010088,6.679954,6.679954,-2.265103
1560.000000,-143.329743,-612.142979,-0.011832,6.685540,6.685540,-1.804446
1562.000000,-145.273177,-612.637772,-0.013869,6.721565,6.721565,-1.269258
1564.000000,-147.230403,-613.074635,-0.015223,6.792179,6.792179,-0.669427
1566.000000,-149.199883,-613.452247,-0.017123,6.890830,6.890830,-0.004929
1568.000000,-151.180443,-613.766508,-0.021636,7.006492,7.006492,0.715973
1570.000000,-153.172552,-613.995257,-0.025255,7.127356,7.127356,1.459958
1572.000000,-155.174136,-614.113336,-0.025094,7.249269,7.249269,2.200098
1574.000000,-157.179246,-614.133809,-0.024266,7.356286,7.356286,2.973926
1576.000000,-159.182789,-614.057187,-0.027182,7.455531,7.455531,3.792075
1578.000000,-161.180418,-613.882419,-0.033840,7.541967,7.541967,4.635803
1580.000000,-163.160200,-613.565432,-0.040776,7.631840,7.631840,5.402298
1582.000000,-165.107974,-613.092581,-0.046880,7.728192,7.728192,6.042620
1584.000000,-167.000376,-612.434109,-0.051990,7.844608,7.844608,6.548315
1586.000000,-168.814423,-611.584805,-0.056999,7.951513,7.951513,6.952858
1588.000000,-170.519769,-610.535118,-0.063838,8.003246,8.003246,7.244223
1590.000000,-172.079448,-609.280076,-0.069488,8.015260,8.015260,7.417888
1592.000000,-173.439777,-607.812428,-0.067775,8.027851,8.027851,7.478210
1594.000000,-174.584447,-606.169456,-0.060854,8.027211,8.027211,7.457177
1596.000000,-175.526660,-604.401078,-0.053441,7.978529,7.978529,7.381946
1598.000000,-176.267948,-602.538775,-0.048107,7.882127,7.882127,7.227942
1600.000000,-176.842839,-600.617980,-0.046530,7.756128,7.756128,7.018179
1602.000000,-177.224966,-598.649921,-0.043664,7.637773,7.637773,6.731347
1604.000000,-177.434456,-596.656211,-0.040072,7.532112,7.532112,6.359091
1606.000000,-177.490090,-594.652453,-0.040678,7.439059,7.439059,5.915066
1608.000000,-177.384711,-592.651288,-0.042286,7.371649,7.371649,5.418698
1610.000000,-177.102982,-590.667200,-0.041905,7.333186,7.333186,4.855250
1612.000000,-176.660192,-588.712273,-0.040188,7.300385,7.300385,4.244840
1614.000000,-176.054620,-586.801198,-0.034094,7.316838,7.316838,3.572179
1616.000000,-175.312391,-584.938388,-0.024127,7.371884,7.371884,2.820839
1618.000000,-174.487618,-583.110561,-0.017291,7.442391,7.442391,2.038828
1620.000000,-173.605103,-581.309820,-0.015019,7.506879,7.506879,1.278433
1622.000000,-172.668305,-579.536688,-0.013114,7.563779,7.563779,0.562443
1624.000000,-171.682334,-577.790363,-0.011166,7.626038,7.626038,-0.083807
1626.000000,-170.663404,-576.063026,-0.011442,7.700647,7.700647,-0.665899
1628.000000,-169.603847,-574.360408,-0.010681,7.757199,7.757199,-1.206390
1630.000000,-168.501354,-572.685163,-0.006958,7.785032,7.785032,-1.717273
1632.000000,-167.380191,-571.022337,-0.004342,7.806531,7.806531,-2.187372
1634.000000,-166.245649,-569.368608,-0.003513,7.819522,7.819522,-2.599112
1636.000000,-165.098709,-567.723447,-0.003016,7.824538,7.824538,-2.942390
1638.000000,-163.943426,-566.084136,-0.003217,7.827961,7.827961,-3.237642
1640.000000,-162.777477,-564.452396,-0.003660,7.828908,7.828908,-3.491726
1642.000000,-161.599027,-562.829661,-0.003578,7.832123,7.832123,-3.702617
1644.000000,-160.408481,-561.215781,-0.003197,7.838548,7.838548,-3.885876
1646.000000,-159.208157,-559.609154,-0.003473,7.848478,7.848478,-4.050527
1648.000000,-157.998176,-558.009793,-0.004256,7.860563,7.860563,-4.198593
1650.000000,-156.772688,-556.422292,-0.004590,7.865772,7.865772,-4.328510
1652.000000,-155.533516,-554.845440,-0.004962,7.865055,7.865055,-4.429981
1654.000000,-154.278961,-553.280809,-0.004994,7.859363,7.859363,-4.498601
1656.000000,-153.006388,-551.730787,-0.004123,7.848418,7.848418,-4.542413
1658.000000,-151.722793,-550.189879,-0.003681,7.839180,7.839180,-4.571050
1660.000000,-150.428069,-548.658310,-0.003795,7.834238,7.834238,-4.585212
1662.000000,-149.121272,-547.137031,-0.003703,7.832436,7.832436,-4.587127
1664.000000,-147.803288,-545.625435,-0.003670,7.832184,7.832184,-4.584127
1666.000000,-146.474692,-544.123152,-0.003647,7.834203,7.834203,-4.579024
1668.000000,-145.134150,-542.631520,-0.003299,7.839612,7.839612,-4.567610
1670.000000,-143.784302,-541.148304,-0.003281,7.848642,7.848642,-4.545371
1672.000000,-142.425624,-539.673172,-0.003816,7.861615,7.861615,-4.512227
1674.000000,-141.055008,-538.209129,-0.004088,7.874478,7.874478,-4.472413
1676.000000,-139.672153,-536.756645,-0.004129,7.886538,7.886538,-4.428139
1678.000000,-138.277895,-535.315100,-0.004544,7.897728,7.897728,-4.382122
1680.000000,-136.870767,-533.886120,-0.005014,7.906572,7.906572,-4.336498
1682.000000,-135.448526,-532.472181,-0.004961,7.911122,7.911122,-4.293715
1684.000000,-134.012233,-531.072529,-0.004619,7.912382,7.912382,-4.255119
1686.000000,-132.563144,-529.686116,-0.004441,7.910526,7.910526,-4.218907
1688.000000,-131.102045,-528.312363,-0.004368,7.906423,7.906423,-4.182171
1690.000000,-129.628582,-526.951882,-0.004133,7.901209,7.901209,-4.142116
1692.000000,-128.143941,-525.603610,-0.003865,7.896803,7.896803,-4.098244
1694.000000,-126.649086,-524.266663,-0.003686,7.892117,7.892117,-4.050407
1696.000000,-125.144193,-522.941027,-0.003534,7.887104,7.887104,-3.999006
1698.000000,-123.630215,-521.625780,-0.003560,7.882674,7.882674,-3.944982
1700.000000,-122.107001,-520.321236,-0.003743,7.878426,7.878426,-3.888292
1702.000000,-120.573945,-519.028274,-0.003887,7.874707,7.874707,-3.829454
1704.000000,-119.030823,-517.747344,-0.003947,7.872691,7.872691,-3.771299
1706.000000,-117.477562,-516.478733,-0.004271,7.871010,7.871010,-3.714918
1708.000000,-115.914288,-515.222478,-0.004742,7.866394,7.866394,-3.657850
1710.000000,-114.337979,-513.982623,-0.004747,7.860263,7.860263,-3.603305
1712.000000,-112.750312,-512.757349,-0.004654,7.851206,7.851206,-3.552618
1714.000000,-111.151433,-511.546737,-0.004964,7.840147,7.840147,-3.506464
1716.000000,-109.540873,-510.351714,-0.005241,7.825996,7.825996,-3.461947
1718.000000,-107.917040,-509.174785,-0.005084,7.810981,7.810981,-3.419055
1720.000000,-106.281582,-508.014082,-0.005159,7.791992,7.791992,-3.378266
1722.000000,-104.634944,-506.869274,-0.005490,7.769339,7.769339,-3.342550
1724.000000,-102.974630,-505.744400,-0.005667,7.743478,7.743478,-3.318720
1726.000000,-101.302883,-504.636593,-0.005159,7.712867,7.712867,-3.304953
1728.000000,-99.616985,-503.550494,-0.003443,7.676785,7.676785,-3.306518
1730.000000,-97.925319,-502.473319,-0.003429,7.646874,7.646874,-3.307495
1732.000000,-96.229260,-501.403105,-0.005286,7.630313,7.630313,-3.304252
1734.000000,-94.518384,-500.356741,-0.004863,7.601258,7.601258,-3.317422
1736.000000,-92.796821,-499.328058,-0.002597,7.567841,7.567841,-3.339873
1738.000000,-91.070729,-498.306957,-0.002391,7.538964,7.538964,-3.358593
1740.000000,-89.342893,-497.288838,-0.003243,7.518540,7.518540,-3.364526
1742.000000,-87.603626,-496.290355,-0.001212,7.487694,7.487694,-3.375098
1744.000000,-85.862722,-495.294720,-0.000432,7.462701,7.462701,-3.371195
1746.000000,-84.126713,-494.290613,-0.001919,7.454448,7.454448,-3.339165
1748.000000,-82.379176,-493.306679,-0.000878,7.430943,7.430943,-3.314659
1750.000000,-80.634495,-492.317678,0.000053,7.417932,7.417932,-3.274212
1752.000000,-78.888571,-491.330868,-0.000216,7.406300,7.406300,-3.228766
1754.000000,-77.142681,-490.344000,-0.000119,7.394676,7.394676,-3.176295
1756.000000,-75.396254,-489.358083,0.000011,7.382690,7.382690,-3.119277
1758.000000,-73.649929,-488.371985,0.000081,7.370195,7.370195,-3.056015
1760.000000,-71.904027,-487.385139,-0.000006,7.356588,7.356588,-2.984407
1762.000000,-70.157815,-486.398839,0.000012,7.342052,7.342052,-2.903988
1764.000000,-68.411753,-485.412276,0.000150,7.325597,7.325597,-2.814880
1766.000000,-66.665796,-484.425526,0.000348,7.307946,7.307946,-2.717293
1768.000000,-64.920667,-483.437314,0.000566,7.289580,7.289580,-2.610126
1770.000000,-63.176535,-482.447341,0.000666,7.271635,7.271635,-2.491992
1772.000000,-61.434073,-481.454433,0.000586,7.253705,7.253705,-2.361292
1774.000000,-59.692575,-480.459836,0.000419,7.236822,7.236822,-2.219171
1776.000000,-57.952146,-479.463368,0.000260,7.221184,7.221184,-2.066116
1778.000000,-56.211956,-478.466483,-0.000014,7.208058,7.208058,-1.906880
1780.000000,-54.472297,-477.468673,-0.000301,7.197034,7.197034,-1.744159
1782.000000,-52.731231,-476.473320,-0.000287,7.188859,7.188859,-1.583138
1784.000000,-50.990042,-475.478180,-0.000288,7.185536,7.185536,-1.420916
1786.000000,-49.248210,-474.484168,-0.000409,7.184311,7.184311,-1.258346
1788.000000,-47.505493,-473.491707,-0.000555,7.185526,7.185526,-1.095593
1790.000000,-45.761930,-472.500735,-0.000795,7.190551,7.190551,-0.932756
1792.000000,-44.016530,-471.513002,-0.000877,7.199530,7.199530,-0.772119
1794.000000,-42.269348,-470.528423,-0.000817,7.213989,7.213989,-0.613504
1796.000000,-40.520629,-469.546578,-0.000768,7.232834,7.232834,-0.456847
1798.000000,-38.770322,-468.567567,-0.000681,7.255359,7.255359,-0.302898
1800.000000,-37.018688,-467.590930,-0.000562,7.281113,7.281113,-0.151304
1802.000000,-35.265952,-466.616273,-0.000455,7.309597,7.309597,-0.001789
1804.000000,-33.512343,-465.643186,-0.000444,7.340407,7.340407,0.145958
1806.000000,-31.758027,-464.671376,-0.000473,7.371858,7.371858,0.292374
1808.000000,-30.002537,-463.701688,-0.000337,7.403077,7.403077,0.436662
1810.000000,-28.246422,-462.733132,0.000197,7.432541,7.432541,0.579940
1812.000000,-26.490105,-461.764941,0.000498,7.459775,7.459775,0.723023
1814.000000,-24.736350,-460.792122,0.000198,7.480648,7.480648,0.871407
1816.000000,-22.981554,-459.821178,0.000297,7.502758,7.502758,1.017372
1818.000000,-21.227819,-458.848321,0.000634,7.522014,7.522014,1.165327
1820.000000,-19.475320,-457.873236,0.000733,7.537989,7.537989,1.315238
1822.000000,-17.724244,-456.895600,0.000805,7.551029,7.551029,1.466937
1824.000000,-15.974831,-455.914991,0.000783,7.561069,7.561069,1.620552
1826.000000,-14.226994,-454.931576,0.000713,7.568545,7.568545,1.775985
1828.000000,-12.480506,-453.945768,0.000675,7.573877,7.573877,1.932683
1830.000000,-10.735377,-452.957556,0.000550,7.577202,7.577202,2.090404
1832.000000,-8.991527,-451.967086,0.000309,7.578972,7.578972,2.248696
1834.000000,-7.248117,-450.975844,0.000159,7.580229,7.580229,2.405839
1836.000000,-5.505005,-449.984076,0.000186,7.581615,7.581615,2.561486
1838.000000,-3.762119,-448.991912,0.000335,7.583070,7.583070,2.715320
1840.000000,-2.019963,-447.998468,0.000400,7.582971,7.582971,2.867967
1842.000000,-0.278795,-447.003292,0.000204,7.580838,7.580838,3.019648
1844.000000,1.461893,-446.007276,-0.000084,7.577438,7.577438,3.168561
1846.000000,3.202899,-445.011817,-0.000235,7.574525,7.574525,3.312745
1848.000000,4.944415,-444.017251,-0.000236,7.572198,7.572198,3.451961
1850.000000,6.686464,-443.023619,-0.000220,7.570396,7.570396,3.586719
1852.000000,8.428818,-442.030520,-0.000228,7.568981,7.568981,3.717130
1854.000000,10.171782,-441.038494,-0.000194,7.568594,7.568594,3.842343
1856.000000,11.915037,-440.046978,-0.000181,7.569032,7.569032,3.963555
1858.000000,13.658641,-439.056076,-0.000162,7.570201,7.570201,4.080451
1860.000000,15.402694,-438.065965,-0.000072,7.572280,7.572280,4.192080
1862.000000,17.146787,-437.075924,-0.000128,7.574576,7.574576,4.298226
1864.000000,18.890921,-436.085956,-0.000045,7.576857,7.576857,4.398746
1866.000000,20.635952,-435.097569,0.000382,7.580346,7.580346,4.491289
1868.000000,22.379501,-434.106571,0.000490,7.580463,7.580463,4.576994
1870.000000,24.122084,-433.113876,0.000350,7.578208,7.578208,4.652289
1872.000000,25.864188,-432.120339,0.000370,7.575071,7.575071,4.713181
1874.000000,27.605427,-431.125289,0.000339,7.570989,7.570989,4.758985
1876.000000,29.345922,-430.128936,0.000428,7.566270,7.566270,4.790054
1878.000000,31.086061,-429.131962,0.000670,7.562110,7.562110,4.807109
1880.000000,32.824233,-428.131564,0.000628,7.554649,7.554649,4.817947
1882.000000,34.561327,-427.129293,0.000507,7.545204,7.545204,4.823947
1884.000000,36.297507,-426.125441,0.000563,7.534374,7.534374,4.826017
1886.000000,38.032516,-425.119566,0.000607,7.522169,7.522169,4.816961
1888.000000,39.766239,-424.111477,0.000645,7.508846,7.508846,4.789085
1890.000000,41.498802,-423.101395,0.000731,7.494546,7.494546,4.740883
1892.000000,43.229752,-422.088551,0.000765,7.478835,7.478835,4.673594
1894.000000,44.959158,-421.073074,0.000807,7.462548,7.462548,4.594004
1896.000000,46.687045,-420.055014,0.001001,7.445276,7.445276,4.504707
1898.000000,48.412930,-419.033564,0.001294,7.427426,7.427426,4.403773
1900.000000,50.136141,-418.007611,0.001833,7.409108,7.409108,4.293372
1902.000000,51.856062,-416.976153,0.002363,7.391506,7.391506,4.173354
1904.000000,53.570080,-415.934919,0.002559,7.377044,7.377044,4.044182
1906.000000,55.279531,-414.886199,0.003037,7.370660,7.370660,3.906114
1908.000000,56.982558,-413.827093,0.003562,7.369321,7.369321,3.760772
1910.000000,58.677267,-412.754721,0.003819,7.376020,7.376020,3.606966
1912.000000,60.364569,-411.670739,0.003973,7.394036,7.394036,3.446085
1914.000000,62.041939,-410.571460,0.003370,7.425827,7.425827,3.284037
1916.000000,63.711791,-409.460771,0.002764,7.462023,7.462023,3.114037
1918.000000,65.376828,-408.342888,0.003443,7.495130,7.495130,2.931988
1920.000000,67.034309,-407.213830,0.004353,7.529436,7.529436,2.743050
1922.000000,68.680584,-406.068503,0.004468,7.564892,7.564892,2.551197
1924.000000,70.317073,-404.909232,0.004693,7.595746,7.595746,2.354821
1926.000000,71.943049,-403.735276,0.005505,7.617399,7.617399,2.155781
1928.000000,73.555845,-402.543276,0.006235,7.627918,7.627918,1.956495
1930.000000,75.153156,-401.330622,0.006604,7.629417,7.629417,1.756677
1932.000000,76.734414,-400.097104,0.007225,7.627171,7.627171,1.557291
1934.000000,78.298434,-398.841804,0.007784,7.621834,7.621834,1.357851
1936.000000,79.840730,-397.559903,0.007637,7.619318,7.619318,1.157511
1938.000000,81.364476,-396.256030,0.007718,7.621328,7.621328,0.953753
1940.000000,82.867886,-394.928755,0.007967,7.626116,7.626116,0.749621
1942.000000,84.348979,-393.576618,0.007313,7.631979,7.631979,0.548954
1944.000000,85.809451,-392.202220,0.006338,7.638504,7.638504,0.352933
1946.000000,87.253689,-390.810770,0.006404,7.647566,7.647566,0.156712
1948.000000,88.680799,-389.401757,0.007140,7.658816,7.658816,-0.040502
1950.000000,90.086376,-387.971268,0.007507,7.669564,7.669564,-0.240097
1952.000000,91.470735,-386.520261,0.007848,7.680045,7.680045,-0.440171
1954.000000,92.832272,-385.047808,0.008549,7.689161,7.689161,-0.637934
1956.000000,94.168567,-383.552417,0.009014,7.694821,7.694821,-0.829791
1958.000000,95.476288,-382.031980,0.008940,7.696950,7.696950,-1.008340
1960.000000,96.757345,-380.489021,0.008981,7.692096,7.692096,-1.174217
1962.000000,98.010489,-378.923294,0.009114,7.682117,7.682117,-1.325973
1964.000000,99.234119,-377.334391,0.008868,7.671301,7.671301,-1.464106
1966.000000,100.429399,-375.724057,0.008363,7.658249,7.658249,-1.588038
1968.000000,101.597149,-374.093661,0.008073,7.646895,7.646895,-1.699136
1970.000000,102.739688,-372.445464,0.007909,7.640860,7.640860,-1.801462
1972.000000,103.854051,-370.778087,0.007452,7.640502,7.640502,-1.896076
1974.000000,104.944849,-369.095211,0.007282,7.643980,7.643980,-1.985912
1976.000000,106.010859,-367.396533,0.007735,7.651282,7.651282,-2.071478
1978.000000,107.051221,-365.682012,0.007967,7.661625,7.661625,-2.154423
1980.000000,108.061718,-363.949718,0.007444,7.670699,7.670699,-2.235441
1982.000000,109.047478,-362.203244,0.007193,7.677127,7.677127,-2.317467
1984.000000,110.008780,-360.443181,0.007884,7.681063,7.681063,-2.401334
1986.000000,110.942550,-358.668360,0.008499,7.680472,7.680472,-2.484517
1988.000000,111.843966,-356.876889,0.008523,7.674686,7.674686,-2.565988
1990.000000,112.716036,-355.070973,0.008594,7.665701,7.665701,-2.645223
1992.000000,113.556168,-353.249984,0.008980,7.654398,7.654398,-2.719941
1994.000000,114.364487,-351.414628,0.009230,7.640280,7.640280,-2.791291
1996.000000,115.136654,-349.563773,0.009014,7.623676,7.623676,-2.859888
1998.000000,115.876478,-347.699776,0.008717,7.604195,7.604195,-2.925719
2000.000000,116.582860,-345.822851,0.008520,7.583006,7.583006,-2.986958
2002.000000,117.257697,-343.934330,0.008212,7.564466,7.564466,-3.043194
2004.000000,117.900432,-342.034640,0.007644,7.550113,7.550113,-3.094344
2006.000000,118.514180,-340.125394,0.006987,7.538607,7.538607,-3.138362
2008.000000,119.101278,-338.207784,0.006950,7.531984,7.531984,-3.175966
2010.000000,119.663445,-336.282706,0.007446,7.529670,7.529670,-3.208141
2012.000000,120.194995,-334.348957,0.007517,7.532905,7.532905,-3.230965
2014.000000,120.697446,-332.407450,0.007185,7.539088,7.539088,-3.245620
2016.000000,121.171890,-330.458910,0.007101,7.546500,7.546500,-3.254339
2018.000000,121.619355,-328.503994,0.007466,7.556136,7.556136,-3.263616
2020.000000,122.037605,-326.542617,0.007746,7.567055,7.567055,-3.279721
2022.000000,122.423971,-324.574710,0.007662,7.578257,7.578257,-3.308514
2024.000000,122.781239,-322.601332,0.007625,7.588693,7.588693,-3.350160
2026.000000,123.107473,-320.622582,0.007975,7.597559,7.597559,-3.399478
2028.000000,123.404002,-318.639147,0.008437,7.604983,7.604983,-3.446928
2030.000000,123.664235,-316.650630,0.008418,7.613587,7.613587,-3.477858
2032.000000,123.892349,-314.658184,0.008438,7.622535,7.622535,-3.496432
2034.000000,124.086587,-312.662171,0.008669,7.630497,7.630497,-3.506808
2036.000000,124.245700,-310.663033,0.008635,7.636610,7.636610,-3.513174
2038.000000,124.370040,-308.661421,0.008189,7.643431,7.643431,-3.519645
2040.000000,124.460503,-306.657990,0.007603,7.653034,7.653034,-3.527813
2042.000000,124.521959,-304.653462,0.007482,7.665583,7.665583,-3.540181
2044.000000,124.553094,-302.648249,0.007666,7.679835,7.679835,-3.556166
2046.000000,124.553548,-300.642773,0.007771,7.694080,7.694080,-3.573719
2048.000000,124.522361,-298.637539,0.007672,7.705457,7.705457,-3.591744
2050.000000,124.460137,-296.633035,0.007440,7.714437,7.714437,-3.604907
2052.000000,124.368243,-294.629680,0.007480,7.720638,7.720638,-3.611915
2054.000000,124.247129,-292.627870,0.008126,7.724970,7.724970,-3.613485
2056.000000,124.093970,-290.628255,0.008564,7.723684,7.723684,-3.608564
2058.000000,123.903717,-288.631826,0.008065,7.718249,7.718249,-3.597490
2060.000000,123.682435,-286.638608,0.007445,7.708684,7.708684,-3.585117
2062.000000,123.431237,-284.648939,0.007283,7.696146,7.696146,-3.574720
2064.000000,123.151957,-282.663005,0.007604,7.682811,7.682811,-3.569387
2066.000000,122.842628,-280.681529,0.007855,7.667731,7.667731,-3.568725
2068.000000,122.500491,-278.705456,0.007548,7.655392,7.655392,-3.570815
2070.000000,122.129331,-276.734636,0.007319,7.646008,7.646008,-3.576459
2072.000000,121.729521,-274.769428,0.007596,7.638835,7.638835,-3.585863
2074.000000,121.300495,-272.810382,0.008139,7.633600,7.633600,-3.598270
2076.000000,120.839011,-270.858729,0.008443,7.629882,7.629882,-3.615951
2078.000000,120.344026,-268.915315,0.008391,7.630344,7.630344,-3.640946
2080.000000,119.816616,-266.980455,0.008245,7.631468,7.631468,-3.668482
2082.000000,119.257045,-265.054650,0.008508,7.634837,7.634837,-3.687665
2084.000000,118.666540,-263.138082,0.008941,7.640196,7.640196,-3.693684
2086.000000,118.038985,-261.233328,0.008674,7.651529,7.651529,-3.682339
2088.000000,117.379442,-259.339425,0.008433,7.665733,7.665733,-3.659455
2090.000000,116.688736,-257.456668,0.008656,7.682233,7.682233,-3.627647
2092.000000,115.964634,-255.586511,0.009059,7.698741,7.698741,-3.585845
2094.000000,115.208206,-253.729166,0.009274,7.711805,7.711805,-3.538654
2096.000000,114.414424,-251.887475,0.008631,7.723693,7.723693,-3.490258
2098.000000,113.590069,-250.059278,0.008010,7.732191,7.732191,-3.445473
2100.000000,112.737085,-248.244260,0.008021,7.738825,7.738825,-3.406993
2102.000000,111.854882,-246.443264,0.008024,7.742818,7.742818,-3.374044
2104.000000,110.943416,-244.656882,0.007645,7.742600,7.742600,-3.347894
2106.000000,110.004212,-242.884924,0.007001,7.736978,7.736978,-3.332726
2108.000000,109.040582,-241.126134,0.006473,7.728271,7.728271,-3.327258
2110.000000,108.054353,-239.379917,0.006726,7.716875,7.716875,-3.330608
2112.000000,107.046718,-237.645952,0.007564,7.703877,7.703877,-3.339960
2114.000000,106.010684,-235.928816,0.007743,7.691446,7.691446,-3.345453
2116.000000,104.948239,-234.227898,0.007518,7.679746,7.679746,-3.343685
2118.000000,103.860834,-232.542833,0.007663,7.667713,7.667713,-3.331064
2120.000000,102.747667,-230.874685,0.008062,7.656317,7.656317,-3.305679
2122.000000,101.607952,-229.224541,0.008216,7.646238,7.646238,-3.267799
2124.000000,100.439834,-227.594373,0.008014,7.636173,7.636173,-3.222800
2126.000000,99.246959,-225.982261,0.007964,7.624999,7.624999,-3.181638
2128.000000,98.027786,-224.389942,0.008005,7.612612,7.612612,-3.150343
2130.000000,96.783633,-222.817057,0.008271,7.600455,7.600455,-3.133295
2132.000000,95.514092,-221.264580,0.008553,7.588958,7.588958,-3.128902
2134.000000,94.216688,-219.735315,0.008387,7.580041,7.580041,-3.129568
2136.000000,92.894687,-218.227278,0.008402,7.574082,7.574082,-3.123923
2138.000000,91.547555,-216.741662,0.008672,7.569704,7.569704,-3.103110
2140.000000,90.174466,-215.279986,0.008626,7.567175,7.567175,-3.063407
2142.000000,88.775916,-213.842637,0.008128,7.566929,7.566929,-3.008750
2144.000000,87.353882,-212.428514,0.007506,7.567721,7.567721,-2.945601
2146.000000,85.911220,-211.035461,0.007201,7.569299,7.569299,-2.879235
2148.000000,84.448733,-209.663218,0.007327,7.573108,7.573108,-2.810709
2150.000000,82.966635,-208.312169,0.007552,7.573913,7.573913,-2.736669
2152.000000,81.463575,-206.984483,0.007539,7.570975,7.570975,-2.652142
2154.000000,79.940928,-205.679322,0.007550,7.569345,7.569345,-2.557194
2156.000000,78.398808,-204.397240,0.007799,7.568969,7.568969,-2.458092
2158.000000,76.836912,-203.139312,0.008011,7.569184,7.569184,-2.358210
2160.000000,75.254625,-201.907121,0.007962,7.567814,7.567814,-2.259764
2162.000000,73.652894,-200.700326,0.007655,7.563335,7.563335,-2.163672
2164.000000,72.032537,-199.518662,0.007380,7.558588,7.558588,-2.068320
2166.000000,70.395486,-198.360226,0.007676,7.553030,7.553030,-1.976855
2168.000000,68.741150,-197.226601,0.008063,7.546102,7.546102,-1.890862
2170.000000,67.067606,-196.121528,0.007893,7.537492,7.537492,-1.819450
2172.000000,65.377380,-195.042167,0.007756,7.527421,7.527421,-1.764292
2174.000000,63.670538,-193.989287,0.007900,7.517281,7.517281,-1.717717
2176.000000,61.947310,-192.963430,0.007988,7.508631,7.508631,-1.666556
2178.000000,60.207617,-191.965736,0.007689,7.502326,7.502326,-1.600561
2180.000000,58.452387,-190.995635,0.007028,7.497907,7.497907,-1.517646
2182.000000,56.683910,-190.049906,0.006441,7.495229,7.495229,-1.420209
2184.000000,54.903353,-189.127110,0.006018,7.496077,7.496077,-1.309829
2186.000000,53.111851,-188.225720,0.005282,7.501919,7.501919,-1.188932
2188.000000,51.310206,-187.344765,0.004086,7.511342,7.511342,-1.060732
2190.000000,49.501886,-186.477591,0.003080,7.522039,7.522039,-0.931172
2192.000000,47.688278,-185.621527,0.002360,7.533268,7.533268,-0.803671
2194.000000,45.870577,-184.774181,0.001389,7.544012,7.544012,-0.682128
2196.000000,44.050181,-183.932637,0.000198,7.552959,7.552959,-0.573225
2198.000000,42.229818,-183.091019,-0.000616,7.561803,7.561803,-0.482581
2200.000000,40.410739,-182.246633,-0.000908,7.571756,7.571756,-0.413531
2202.000000,38.593234,-181.398861,-0.001017,7.582017,7.582017,-0.366454
2204.000000,36.777459,-180.547392,-0.000987,7.591022,7.591022,-0.343377
2206.000000,34.963586,-179.691878,-0.000674,7.598509,7.598509,-0.347630
2208.000000,33.150934,-178.833781,-0.000165,7.604751,7.604751,-0.374640
2210.000000,31.338561,-177.975092,0.000197,7.610141,7.610141,-0.418042
2212.000000,29.525541,-177.117770,0.000173,7.615919,7.615919,-0.472731
2214.000000,27.712182,-176.261167,-0.000100,7.622591,7.622591,-0.532788
2216.000000,25.898958,-175.404278,-0.000402,7.629913,7.629913,-0.593803
2218.000000,24.086492,-174.545787,-0.000523,7.637567,7.637567,-0.656897
2220.000000,22.275144,-173.684938,-0.000324,7.645878,7.645878,-0.724853
2222.000000,20.464409,-172.822803,-0.000023,7.652519,7.652519,-0.796954
2224.000000,18.653566,-171.960893,0.000112,7.658329,7.658329,-0.870224
2226.000000,16.842484,-171.099484,0.000091,7.663451,7.663451,-0.942526
2228.000000,15.031214,-170.238473,0.000006,7.667279,7.667279,-1.011257
2230.000000,13.219929,-169.377491,0.000029,7.669763,7.669763,-1.074212
2232.000000,11.408818,-168.516145,0.000140,7.670583,7.670583,-1.130297
2234.000000,9.597172,-167.655924,0.000135,7.668475,7.668475,-1.177115
2236.000000,7.785455,-166.795854,0.000077,7.663296,7.663296,-1.212565
2238.000000,5.973487,-165.936312,-0.000016,7.654009,7.654009,-1.233186
2240.000000,4.161560,-165.076683,-0.000331,7.642280,7.642280,-1.234901
2242.000000,2.349914,-164.216463,-0.000725,7.625821,7.625821,-1.213575
2244.000000,0.539954,-163.352701,-0.000896,7.605977,7.605977,-1.171300
2246.000000,-1.268640,-162.486082,-0.001155,7.583387,7.583387,-1.109187
2248.000000,-3.075434,-161.615720,-0.001611,7.558772,7.558772,-1.022677
2250.000000,-4.879128,-160.738952,-0.002081,7.532369,7.532369,-0.911953
2252.000000,-6.679512,-159.855412,-0.002823,7.505732,7.505732,-0.780372
2254.000000,-8.474894,-158.961754,-0.003899,7.481060,7.481060,-0.629278
2256.000000,-10.263398,-158.054425,-0.005078,7.460373,7.460373,-0.457127
2258.000000,-12.042389,-157.128572,-0.005962,7.444366,7.444366,-0.269904
2260.000000,-13.809768,-156.180872,-0.006306,7.440527,7.440527,-0.077922
2262.000000,-15.564953,-155.210649,-0.006280,7.450023,7.450023,0.109211
2264.000000,-17.307660,-154.218209,-0.006242,7.471930,7.471930,0.291523
2266.000000,-19.038124,-153.204588,-0.006453,7.505785,7.505785,0.469494
2268.000000,-20.755295,-152.168605,-0.006788,7.548335,7.548335,0.640374
2270.000000,-22.458193,-151.109323,-0.006574,7.592659,7.592659,0.802135
2272.000000,-24.145849,-150.025902,-0.005953,7.631064,7.631064,0.956549
2274.000000,-25.821876,-148.924588,-0.006151,7.655604,7.655604,1.120873
2276.000000,-27.484292,-147.802847,-0.006997,7.664565,7.664565,1.307325
2278.000000,-29.130588,-146.657576,-0.007628,7.655966,7.655966,1.531582
2280.000000,-30.758993,-145.487016,-0.008486,7.630953,7.630953,1.792823
2282.000000,-32.368360,-144.290448,-0.010465,7.596983,7.596983,2.061048
2284.000000,-33.952875,-143.061180,-0.012442,7.562527,7.562527,2.314121
2286.000000,-35.503723,-141.789724,-0.012740,7.538296,7.538296,2.544795
2288.000000,-37.021635,-140.479168,-0.012803,7.530428,7.530428,2.756308
2290.000000,-38.507281,-139.132106,-0.013944,7.531520,7.531520,2.952175
2292.000000,-39.953750,-137.743117,-0.014353,7.537063,7.537063,3.123046
2294.000000,-41.357450,-136.310892,-0.013621,7.547374,7.547374,3.262994
2296.000000,-42.723630,-134.842846,-0.013336,7.558922,7.558922,3.381306
2298.000000,-44.049389,-133.338175,-0.012733,7.568134,7.568134,3.479874
2300.000000,-45.334501,-131.798617,-0.011215,7.568755,7.568755,3.565126
2302.000000,-46.586191,-130.231755,-0.010829,7.563968,7.563968,3.642394
2304.000000,-47.805969,-128.639906,-0.011200,7.560113,7.560113,3.713480
2306.000000,-48.985696,-127.018159,-0.010359,7.561690,7.561690,3.779115
2308.000000,-50.133101,-125.373376,-0.009739,7.569481,7.569481,3.847428
2310.000000,-51.249728,-123.707549,-0.010833,7.578650,7.578650,3.924512
2312.000000,-52.330870,-122.018478,-0.012053,7.581841,7.581841,4.006697
2314.000000,-53.367724,-120.301875,-0.012101,7.582533,7.582533,4.083971
2316.000000,-54.363888,-118.561383,-0.011934,7.584839,7.584839,4.146608
2318.000000,-55.317975,-116.797489,-0.011999,7.589433,7.589433,4.190760
2320.000000,-56.229142,-115.011032,-0.012166,7.595705,7.595705,4.225874
2322.000000,-57.097409,-113.203294,-0.012427,7.604658,7.604658,4.262544
2324.000000,-57.919023,-111.373882,-0.012373,7.622292,7.622292,4.304127
2326.000000,-58.695556,-109.524927,-0.012025,7.647184,7.647184,4.338105
2328.000000,-59.426375,-107.657437,-0.011556,7.677513,7.677513,4.362894
2330.000000,-60.114508,-105.773773,-0.011636,7.712762,7.712762,4.386130
2332.000000,-60.759955,-103.875036,-0.012122,7.750279,7.750279,4.411235
2334.000000,-61.356910,-101.960501,-0.011998,7.786659,7.786659,4.437992
2336.000000,-61.908127,-100.032327,-0.011656,7.818760,7.818760,4.463000
2338.000000,-62.414434,-98.091888,-0.011661,7.844852,7.844852,4.484888
2340.000000,-62.875456,-96.140195,-0.012039,7.863217,7.863217,4.501145
2342.000000,-63.289933,-94.178067,-0.012732,7.876783,7.876783,4.504419
2344.000000,-63.653788,-92.205917,-0.013419,7.890362,7.890362,4.488204
2346.000000,-63.964506,-90.224739,-0.013886,7.900783,7.900783,4.455108
2348.000000,-64.219329,-88.235639,-0.013908,7.908628,7.908628,4.412919
2350.000000,-64.417956,-86.240145,-0.013058,7.916847,7.916847,4.371896
2352.000000,-64.562641,-84.239988,-0.011753,7.926251,7.926251,4.337920
2354.000000,-64.662210,-82.237012,-0.011154,7.938412,7.938412,4.318112
2356.000000,-64.717299,-80.232315,-0.011135,7.953846,7.953846,4.314458
2358.000000,-64.727187,-78.226892,-0.011477,7.970471,7.970471,4.320880
2360.000000,-64.692874,-76.221803,-0.011969,7.986213,7.986213,4.332028
2362.000000,-64.607564,-74.218235,-0.011461,8.007744,8.007744,4.337885
2364.000000,-64.476034,-72.217131,-0.010715,8.026505,8.026505,4.339199
2366.000000,-64.303849,-70.219080,-0.010987,8.037356,8.037356,4.337811
2368.000000,-64.087331,-68.225350,-0.011605,8.046110,8.046110,4.329806
2370.000000,-63.824264,-66.237253,-0.012027,8.054870,8.054870,4.317922
2372.000000,-63.513328,-64.256111,-0.012313,8.059907,8.059907,4.308665
2374.000000,-63.153266,-62.283318,-0.012466,8.061237,8.061237,4.300531
2376.000000,-62.744104,-60.320107,-0.012823,8.058875,8.058875,4.292456
2378.000000,-62.285497,-58.367830,-0.013394,8.053681,8.053681,4.284264
2380.000000,-61.773549,-56.428841,-0.013646,8.045109,8.045109,4.272499
2382.000000,-61.208740,-54.504608,-0.013578,8.034061,8.034061,4.260488
2384.000000,-60.591592,-52.596550,-0.013322,8.020199,8.020199,4.249212
2386.000000,-59.923334,-50.705809,-0.012575,8.004771,8.004771,4.240167
2388.000000,-59.206650,-48.832857,-0.011295,7.986946,7.986946,4.232259
2390.000000,-58.447983,-46.976472,-0.010479,7.967281,7.967281,4.224804
2392.000000,-57.652573,-45.135494,-0.010722,7.949466,7.949466,4.214715
2394.000000,-56.817181,-43.312312,-0.011064,7.933489,7.933489,4.198510
2396.000000,-55.940999,-41.508394,-0.011219,7.915216,7.915216,4.179220
2398.000000,-55.025464,-39.724164,-0.011600,7.898504,7.898504,4.159387
2400.000000,-54.068057,-37.962078,-0.011837,7.884551,7.884551,4.135668
2402.000000,-53.068854,-36.223333,-0.011962,7.871053,7.871053,4.108457
2404.000000,-52.028914,-34.508625,-0.012491,7.853494,7.853494,4.079546
2406.000000,-50.946575,-32.820334,-0.012727,7.831200,7.831200,4.049385
2408.000000,-49.819399,-31.161639,-0.012307,7.810774,7.810774,4.021497
2410.000000,-48.653412,-29.530036,-0.012299,7.791332,7.791332,3.997281
2412.000000,-47.447459,-27.927787,-0.012566,7.775615,7.775615,3.972410
2414.000000,-46.200887,-26.356920,-0.012570,7.760346,7.760346,3.941012
2416.000000,-44.915608,-24.817525,-0.012779,7.743489,7.743489,3.900951
2418.000000,-43.591508,-23.311359,-0.012610,7.723490,7.723490,3.848990
2420.000000,-42.227709,-21.841035,-0.011352,7.701695,7.701695,3.787488
2422.000000,-40.831431,-20.401533,-0.010171,7.682284,7.682284,3.725526
2424.000000,-39.407017,-18.989859,-0.009941,7.666501,7.666501,3.669472
2426.000000,-37.954948,-17.606659,-0.010465,7.657023,7.657023,3.624555
2428.000000,-36.474909,-16.253390,-0.011043,7.650693,7.650693,3.596852
2430.000000,-34.963748,-14.934965,-0.011070,7.651464,7.651464,3.585846
2432.000000,-33.424540,-13.649454,-0.011076,7.654369,7.654369,3.580080
2434.000000,-31.856953,-12.398701,-0.011598,7.657214,7.657214,3.569399
2436.000000,-30.261582,-11.183594,-0.012842,7.660782,7.660782,3.545565
2438.000000,-28.635637,-10.009701,-0.013883,7.660945,7.660945,3.499793
2440.000000,-26.976008,-8.883946,-0.013636,7.658689,7.658689,3.428840
2442.000000,-25.286442,-7.803739,-0.012638,7.648992,7.648992,3.336314
2444.000000,-23.569606,-6.767325,-0.011658,7.633056,7.633056,3.225256
2446.000000,-21.829620,-5.770207,-0.010612,7.615436,7.615436,3.099974
2448.000000,-20.067807,-4.812129,-0.009293,7.598972,7.598972,2.964814
2450.000000,-18.289253,-3.885539,-0.008176,7.587386,7.587386,2.828668
2452.000000,-16.495482,-2.988727,-0.007194,7.579279,7.579279,2.700811
2454.000000,-14.688927,-2.117930,-0.005989,7.571934,7.571934,2.593251
2456.000000,-12.871931,-1.269098,-0.004446,7.565698,7.565698,2.519379
2458.000000,-11.047080,-0.437268,-0.002836,7.563786,7.563786,2.478265
2460.000000,-9.218205,0.385682,-0.001730,7.565586,7.565586,2.466472
2462.000000,-7.386304,1.201875,-0.000620,7.568246,7.568246,2.474583
2464.000000,-5.553072,2.015079,0.000397,7.567993,7.567993,2.496288
2466.000000,-3.721454,2.831911,0.000640,7.562200,7.562200,2.533170
2468.000000,-1.890539,3.650318,0.000662,7.555567,7.555567,2.584169
2470.000000,-0.060800,4.471351,0.000760,7.548931,7.548931,2.655362
2472.000000,1.767640,5.295272,0.000739,7.540389,7.540389,2.750731
2474.000000,3.594836,6.121950,0.000717,7.531491,7.531491,2.866590
2476.000000,5.420926,6.951066,0.000773,7.522819,7.522819,2.995546
2478.000000,7.245712,7.783049,0.000749,7.515642,7.515642,3.130613
2480.000000,9.069059,8.618183,0.000661,7.510495,7.510495,3.261370
2482.000000,10.891581,9.455112,0.000739,7.507332,7.507332,3.378588
2484.000000,12.712755,10.294972,0.000803,7.506178,7.506178,3.476151
2486.000000,14.532475,11.137978,0.000752,7.507268,7.507268,3.544097
2488.000000,16.351035,11.983484,0.000763,7.509855,7.509855,3.578797
2490.000000,18.168276,12.831820,0.000809,7.512009,7.512009,3.579817
2492.000000,19.984131,13.683120,0.000807,7.512260,7.512260,3.543515
2494.000000,21.798565,14.537444,0.000758,7.508411,7.508411,3.472429
2496.000000,23.611705,15.394509,0.000679,7.499443,7.499443,3.375366
2498.000000,25.423654,16.254091,0.000632,7.485425,7.485425,3.251677
2500.000000,27.234602,17.115779,0.000818,7.466656,7.466656,3.096812
2502.000000,29.044378,17.979927,0.001516,7.443035,7.443035,2.912843
2504.000000,30.851831,18.848918,0.002559,7.413107,7.413107,2.695827
2506.000000,32.654519,19.727744,0.003528,7.378519,7.378519,2.438946
2508.000000,34.451050,20.619081,0.004596,7.344440,7.344440,2.143780
2510.000000,36.239531,21.526453,0.005876,7.313059,7.313059,1.805156
2512.000000,38.016967,22.455250,0.008024,7.285583,7.285583,1.417449
2514.000000,39.781066,23.409107,0.011471,7.268959,7.268959,0.964875
2516.000000,41.521679,24.405056,0.014532,7.268546,7.268546,0.422020
2518.000000,43.231831,25.452398,0.017188,7.283527,7.283527,-0.208730
2520.000000,44.906458,26.555446,0.020177,7.320790,7.320790,-0.830906
2522.000000,46.533052,27.728116,0.020526,7.390923,7.390923,-1.383880
2524.000000,48.105922,28.972069,0.019199,7.475390,7.475390,-1.893432
2526.000000,49.636405,30.267941,0.019648,7.547377,7.547377,-2.412476
2528.000000,51.109788,31.627454,0.019900,7.618819,7.618819,-2.897543
2530.000000,52.529693,33.043650,0.022461,7.671874,7.671874,-3.357910
2532.000000,53.892869,34.514318,0.030421,7.690929,7.690929,-3.797109
2534.000000,55.159959,36.066583,0.031736,7.709330,7.709330,-4.179770
2536.000000,56.301726,37.715192,0.024777,7.757243,7.757243,-4.535218
2538.000000,57.386993,39.401255,0.026622,7.744467,7.744467,-4.935246
2540.000000,58.382539,41.141523,0.034119,7.713620,7.713620,-5.286612
2542.000000,59.244545,42.951405,0.038530,7.695972,7.695972,-5.536959
2544.000000,59.976012,44.818183,0.040922,7.659363,7.659363,-5.700549
2546.000000,60.533370,46.744200,0.041806,7.649030,7.649030,-5.747176
2548.000000,60.947245,48.704935,0.043706,7.643529,7.643529,-5.720506
2550.000000,61.171024,50.696314,0.041749,7.683517,7.683517,-5.587479
2552.000000,61.226156,52.699940,0.036751,7.736429,7.736429,-5.375950
2554.000000,61.141473,54.702933,0.036005,7.777489,7.777489,-5.136774
2556.000000,60.915349,56.695021,0.036871,7.815765,7.815765,-4.893163
2558.000000,60.535816,58.663629,0.031603,7.854256,7.854256,-4.606462
2560.000000,60.019296,60.601318,0.023892,7.899034,7.899034,-4.216165
2562.000000,59.433541,62.519042,0.024108,7.910169,7.910169,-3.800806
2564.000000,58.753321,64.404910,0.025546,7.914928,7.914928,-3.350195
2566.000000,57.964963,66.248339,0.023472,7.942821,7.942821,-2.830715
2568.000000,57.104730,68.059833,0.024900,7.965851,7.965851,-2.297884
2570.000000,56.151843,69.824114,0.026714,8.000657,8.000657,-1.773330
2572.000000,55.100379,71.531493,0.024481,8.049208,8.049208,-1.258047
2574.000000,53.966807,73.185457,0.021248,8.110849,8.110849,-0.731428
2576.000000,52.764938,74.790613,0.020839,8.179552,8.179552,-0.177087
2578.000000,51.503175,76.349207,0.022201,8.249092,8.249092,0.411978
2580.000000,50.165700,77.843247,0.020574,8.318078,8.318078,1.038281
2582.000000,48.768009,79.281335,0.017778,8.366403,8.366403,1.645984
2584.000000,47.323172,80.671793,0.015849,8.400868,8.400868,2.232166
2586.000000,45.830751,82.011298,0.012041,8.440209,8.440209,2.779632
2588.000000,44.306324,83.314401,0.007834,8.468608,8.468608,3.255502
2590.000000,42.764477,84.596827,0.005483,8.474350,8.474350,3.688560
2592.000000,41.207701,85.861121,0.003891,8.470886,8.470886,4.073885
2594.000000,39.642004,87.114364,0.002886,8.464094,8.464094,4.400289
2596.000000,38.069641,88.359233,0.002471,8.451390,8.451390,4.692148
2598.000000,36.490589,89.595606,0.001756,8.434320,8.434320,4.946440
2600.000000,34.906964,90.826122,0.000878,8.415829,8.415829,5.133770
2602.000000,33.321760,92.054605,0.000469,8.398479,8.398479,5.255043
2604.000000,31.735612,93.281868,0.000397,8.379962,8.379962,5.321320
2606.000000,30.148314,94.507645,0.000316,8.359421,8.359421,5.332990
2608.000000,28.560355,95.732563,0.000204,8.337473,8.337473,5.305567
2610.000000,26.971764,96.956663,0.000116,8.314135,8.314135,5.242935
2612.000000,25.383089,98.180654,0.000088,8.290726,8.290726,5.142119
2614.000000,23.794072,99.404199,0.000134,8.266215,8.266215,5.007028
2616.000000,22.204962,100.627626,0.000392,8.239639,8.239639,4.828535
2618.000000,20.615064,101.850026,0.000789,8.210200,8.210200,4.593903
2620.000000,19.022997,103.069601,0.001202,8.178733,8.178733,4.316206
2622.000000,17.428335,104.285779,0.001746,8.145493,8.145493,3.992758
2624.000000,15.829304,105.496205,0.002399,8.107137,8.107137,3.609341
2626.000000,14.224638,106.699147,0.003272,8.062166,8.062166,3.159848
2628.000000,12.612427,107.891956,0.004131,8.010305,8.010305,2.657722
2630.000000,10.989573,109.070237,0.004541,7.949882,7.949882,2.121516
2632.000000,9.356322,110.234058,0.005187,7.884122,7.884122,1.574504
2634.000000,7.711872,111.381998,0.006469,7.815008,7.815008,1.019903
2636.000000,6.052261,112.507881,0.008194,7.740113,7.740113,0.456770
2638.000000,4.375381,113.607898,0.010697,7.664536,7.664536,-0.114083
2640.000000,2.675546,114.671733,0.014232,7.592312,7.592312,-0.681000
2642.000000,0.946921,115.688386,0.017039,7.530428,7.530428,-1.231794
2644.000000,-0.818680,116.639174,0.016993,7.492801,7.492801,-1.753201
2646.000000,-2.615430,117.529815,0.015788,7.491369,7.491369,-2.266595
2648.000000,-4.438973,118.364173,0.015561,7.509565,7.509565,-2.767262
2650.000000,-6.287201,119.142147,0.016301,7.540854,7.540854,-3.251280
2652.000000,-8.159642,119.859962,0.019203,7.583250,7.583250,-3.713615
2654.000000,-10.056282,120.511093,0.023497,7.632688,7.632688,-4.134822
2656.000000,-11.983535,121.064789,0.027868,7.697330,7.697330,-4.483450
2658.000000,-13.936438,121.519042,0.030537,7.756820,7.756820,-4.755272
2660.000000,-15.915373,121.835132,0.032848,7.830507,7.830507,-4.921491
2662.000000,-17.909711,122.045484,0.040115,7.856548,7.856548,-5.033763
2664.000000,-19.913582,122.082419,0.038948,7.884080,7.884080,-5.039343
2666.000000,-21.913187,121.928874,0.029487,7.918288,7.918288,-4.928431
2668.000000,-23.904683,121.704537,0.028793,7.871569,7.871569,-4.813100
2670.000000,-25.876458,121.340621,0.029740,7.825194,7.825194,-4.621969
2672.000000,-27.825267,120.869569,0.028731,7.766869,7.766869,-4.384094
2674.000000,-29.743183,120.284576,0.027203,7.711954,7.711954,-4.092142
2676.000000,-31.624104,119.589350,0.022442,7.674585,7.674585,-3.744972
2678.000000,-33.473163,118.813312,0.018151,7.642683,7.642683,-3.353060
2680.000000,-35.293590,117.972370,0.015269,7.610662,7.610662,-2.928463
2682.000000,-37.086678,117.074455,0.012118,7.580519,7.580519,-2.474616
2684.000000,-38.857701,116.133606,0.008920,7.557581,7.557581,-1.992486
2686.000000,-40.611991,115.161800,0.006292,7.549050,7.549050,-1.483893
2688.000000,-42.354124,114.168335,0.004270,7.547564,7.547564,-0.961721
2690.000000,-44.088094,113.160688,0.002842,7.545065,7.545065,-0.438002
2692.000000,-45.816451,112.143430,0.001928,7.543705,7.543705,0.077518
2694.000000,-47.541200,111.120064,0.001576,7.549276,7.549276,0.575938
2696.000000,-49.263038,110.091808,0.001671,7.563933,7.563933,1.050597
2698.000000,-50.981332,109.057652,0.001531,7.584725,7.584725,1.501574
2700.000000,-52.695790,108.017136,0.000591,7.607815,7.607815,1.927787
2702.000000,-54.408740,106.974145,0.000661,7.630533,7.630533,2.320806
2704.000000,-56.123582,105.934343,0.001320,7.654730,7.654730,2.676528
2706.000000,-57.830547,104.881591,-0.000292,7.662693,7.662693,3.015152
2708.000000,-59.540332,103.833414,-0.000625,7.674731,7.674731,3.319237
2710.000000,-61.254846,102.793018,0.000217,7.693585,7.693585,3.591935
2712.000000,-62.962302,101.741084,-0.001192,7.695525,7.695525,3.854085
2714.000000,-64.677305,100.701468,-0.001763,7.709117,7.709117,4.075929
2716.000000,-66.394279,99.665109,-0.001274,7.723787,7.723787,4.265632
2718.000000,-68.114503,98.634154,-0.001107,7.739897,7.739897,4.409361
2720.000000,-69.836823,97.606705,-0.001199,7.756466,7.756466,4.519431
2722.000000,-71.560846,96.582117,-0.000653,7.772857,7.772857,4.604058
2724.000000,-73.289201,95.564886,0.000488,7.794597,7.794597,4.661667
2726.000000,-75.012524,94.539125,0.000383,7.805739,7.805739,4.712020
2728.000000,-76.737595,93.516300,0.000522,7.821740,7.821740,4.741264
2730.000000,-78.461086,92.490817,0.001358,7.836376,7.836376,4.754423
2732.000000,-80.181690,91.460497,0.001716,7.846728,7.846728,4.758279
2734.000000,-81.898436,90.423765,0.001627,7.851268,7.851268,4.755322
2736.000000,-83.611547,89.381035,0.001137,7.850465,7.850465,4.745645
2738.000000,-85.322227,88.334319,0.000572,7.846468,7.846468,4.729747
2740.000000,-87.031893,87.285947,0.000283,7.842228,7.842228,4.706846
2742.000000,-88.741219,86.237021,0.000287,7.838832,7.838832,4.676821
2744.000000,-90.449862,85.186984,0.000332,7.835338,7.835338,4.640781
2746.000000,-92.157790,84.135782,0.000184,7.831119,7.831119,4.601062
2748.000000,-93.865033,83.083470,0.000094,7.825814,7.825814,4.557601
2750.000000,-95.572805,82.032016,0.000034,7.821342,7.821342,4.506768
2752.000000,-97.279410,80.978669,-0.000752,7.814250,7.814250,4.452375
2754.000000,-98.987510,79.927807,-0.000524,7.809685,7.809685,4.391635
2756.000000,-100.700033,78.884225,0.000085,7.813149,7.813149,4.316883
2758.000000,-102.406581,77.830809,-0.000189,7.804777,7.804777,4.249513
2760.000000,-104.119991,76.788576,0.000418,7.808993,7.808993,4.164060
2762.000000,-105.827296,75.736379,0.000171,7.800982,7.800982,4.086205
2764.000000,-107.536458,74.687185,-0.000402,7.795820,7.795820,4.004604
2766.000000,-109.246598,73.639587,0.000083,7.791800,7.791800,3.921213
2768.000000,-110.956315,72.591300,0.000257,7.786240,7.786240,3.839274
2770.000000,-112.665198,71.541653,-0.000117,7.778066,7.778066,3.759700
2772.000000,-114.374009,70.491892,-0.000227,7.768955,7.768955,3.679956
2774.000000,-116.084777,69.445327,0.001072,7.762887,7.762887,3.596420
2776.000000,-117.793592,68.395610,0.001352,7.751548,7.751548,3.515365
2778.000000,-119.495267,67.334339,-0.000203,7.725740,7.725740,3.449497
2780.000000,-121.201761,66.280812,-0.000266,7.708140,7.708140,3.375738
2782.000000,-122.907521,65.226099,0.000459,7.688200,7.688200,3.304573
2784.000000,-124.612206,64.169646,0.000436,7.665293,7.665293,3.237357
2786.000000,-126.315885,63.111574,0.000227,7.639660,7.639660,3.173812
2788.000000,-128.018956,62.052522,-0.000093,7.612221,7.612221,3.113428
2790.000000,-129.722323,60.993947,-0.000316,7.585088,7.585088,3.055124
2792.000000,-131.426492,59.936663,-0.000314,7.559337,7.559337,2.997874
2794.000000,-133.131443,58.880642,-0.000220,7.535505,7.535505,2.941597
2796.000000,-134.836691,57.825098,-0.000181,7.513133,7.513133,2.886889
2798.000000,-136.542424,56.770339,-0.000176,7.492621,7.492621,2.833028
2800.000000,-138.248421,55.716008,-0.000186,7.473739,7.473739,2.780102
2802.000000,-139.954895,54.662449,-0.000206,7.457209,7.457209,2.728753
2804.000000,-141.661723,53.609463,-0.000246,7.442654,7.442654,2.679336
2806.000000,-143.369110,52.557384,-0.000400,7.430457,7.430457,2.630815
2808.000000,-145.077103,51.506289,-0.000448,7.420394,7.420394,2.582954
2810.000000,-146.786695,50.457799,-0.000215,7.414064,7.414064,2.533833
2812.000000,-148.496258,49.409259,-0.000170,7.408146,7.408146,2.486372
2814.000000,-150.206089,48.361157,-0.000340,7.403647,7.403647,2.440363
2816.000000,-151.916843,47.314561,-0.000409,7.401208,7.401208,2.394570
2818.000000,-153.628342,46.269185,-0.000438,7.400497,7.400497,2.349652
2820.000000,-155.340857,45.225473,-0.000337,7.401824,7.401824,2.305320
2822.000000,-157.054263,44.183226,-0.000117,7.404774,7.404774,2.261706
2824.000000,-158.767696,43.141022,-0.000023,7.407431,7.407431,2.220343
2826.000000,-160.481165,42.098878,-0.000047,7.409524,7.409524,2.180794
2828.000000,-162.194724,41.056881,-0.000029,7.410741,7.410741,2.142818
2830.000000,-163.908461,40.015179,0.000038,7.411366,7.411366,2.106017
2832.000000,-165.621997,38.973144,0.000104,7.410737,7.410737,2.070766
2834.000000,-167.335442,37.930960,0.000156,7.408131,7.408131,2.036264
2836.000000,-169.048400,36.887978,0.000008,7.402981,7.402981,2.002539
2838.000000,-170.761115,35.844598,-0.000177,7.395833,7.395833,1.968544
2840.000000,-172.474734,34.802700,-0.000091,7.389001,7.389001,1.931669
2842.000000,-174.188269,33.760665,0.000026,7.380050,7.380050,1.894009
2844.000000,-175.901834,32.718679,0.000101,7.369365,7.369365,1.856054
2846.000000,-177.615207,31.676376,0.000209,7.356898,7.356898,1.819023
2848.000000,-179.328088,30.633266,-0.000178,7.342510,7.342510,1.784224
2850.000000,-181.040395,29.589213,-0.000361,7.326442,7.326442,1.752206
2852.000000,-182.755827,28.550310,0.000312,7.315681,7.315681,1.715548
2854.000000,-184.468593,27.507011,0.000441,7.299296,7.299296,1.685096
2856.000000,-186.180961,26.463059,0.000127,7.282071,7.282071,1.656218
2858.000000,-187.893105,25.418740,0.000102,7.264738,7.264738,1.628097
2860.000000,-189.605035,24.374069,0.000104,7.247809,7.247809,1.600436
2862.000000,-191.316767,23.329074,0.000123,7.231812,7.231812,1.573072
2864.000000,-193.028235,22.283647,0.000117,7.216733,7.216733,1.546136
2866.000000,-194.739398,21.237720,0.000065,7.202738,7.202738,1.519923
2868.000000,-196.450454,20.191619,-0.000000,7.189871,7.189871,1.494376
2870.000000,-198.161482,19.145472,-0.000063,7.177941,7.177941,1.469800
2872.000000,-199.872675,18.099594,-0.000090,7.166982,7.166982,1.446115
2874.000000,-201.584091,17.054082,-0.000093,7.157090,7.157090,1.423488
2876.000000,-203.295652,16.008806,-0.000121,7.147760,7.147760,1.402222
2878.000000,-205.007483,14.963974,-0.000183,7.138901,7.138901,1.381590
2880.000000,-206.719643,13.919680,-0.000257,7.130371,7.130371,1.361316
2882.000000,-208.432412,12.876385,-0.000274,7.122525,7.122525,1.340759
2884.000000,-210.145786,11.834086,-0.000273,7.115109,7.115109,1.319637
2886.000000,-211.859633,10.792562,-0.000320,7.108018,7.108018,1.298291
2888.000000,-213.574211,9.752244,-0.000303,7.102096,7.102096,1.276671
2890.000000,-215.289526,8.713141,-0.000224,7.096871,7.096871,1.255227
2892.000000,-217.005163,7.674569,-0.000234,7.092086,7.092086,1.235106
2894.000000,-218.721290,6.636808,-0.000267,7.087612,7.087612,1.216387
2896.000000,-220.438061,5.600113,-0.000237,7.084076,7.084076,1.198965
2898.000000,-222.155277,4.564154,-0.000211,7.080985,7.080985,1.182684
2900.000000,-223.872930,3.528919,-0.000168,7.078500,7.078500,1.167429
2902.000000,-225.591017,2.494406,-0.000059,7.076625,7.076625,1.153509
2904.000000,-227.309196,1.460046,0.000062,7.075437,7.075437,1.140813
2906.000000,-229.027247,0.425473,0.000157,7.074749,7.074749,1.129146
2908.000000,-230.744947,-0.609683,0.000233,7.074410,7.074410,1.118539
2910.000000,-232.462171,-1.645629,0.000291,7.074225,7.074225,1.109014
2912.000000,-234.178765,-2.682617,0.000341,7.073676,7.073676,1.100764
2914.000000,-235.894676,-3.720737,0.000384,7.072708,7.072708,1.094077
2916.000000,-237.609744,-4.760247,0.000420,7.071043,7.071043,1.089829
2918.000000,-239.323980,-5.801129,0.000422,7.069052,7.069052,1.088074
2920.000000,-241.037217,-6.843654,0.000353,7.066073,7.066073,1.089049
2922.000000,-242.749758,-7.887323,0.000248,7.062730,7.062730,1.092250
2924.000000,-244.461738,-8.931912,0.000129,7.059212,7.059212,1.097719
2926.000000,-246.173460,-9.976923,0.000025,7.055971,7.055971,1.104889
2928.000000,-247.885179,-11.021940,-0.000037,7.053294,7.053294,1.113423
2930.000000,-249.596953,-12.066866,-0.000076,7.051501,7.051501,1.123462
2932.000000,-251.308931,-13.111458,-0.000089,7.050367,7.050367,1.134854
2934.000000,-253.021080,-14.155769,-0.000091,7.049802,7.049802,1.147442
2936.000000,-254.733432,-15.199747,-0.000080,7.049976,7.049976,1.161125
2938.000000,-256.445972,-16.243418,-0.000057,7.050494,7.050494,1.176094
2940.000000,-258.158607,-17.286932,-0.000054,7.051686,7.051686,1.192525
2942.000000,-259.871337,-18.330292,-0.000083,7.053088,7.053088,1.210404
2944.000000,-261.584233,-19.373376,-0.000119,7.054853,7.054853,1.229701
2946.000000,-263.297398,-20.416020,-0.000141,7.057356,7.057356,1.250562
2948.000000,-265.010855,-21.458185,-0.000163,7.060504,7.060504,1.272964
2950.000000,-266.724641,-22.499808,-0.000207,7.064423,7.064423,1.296879
2952.000000,-268.438836,-23.540757,-0.000266,7.069080,7.069080,1.322273
2954.000000,-270.153613,-24.580749,-0.000321,7.074415,7.074415,1.349111
2956.000000,-271.869041,-25.619664,-0.000356,7.080534,7.080534,1.376987
2958.000000,-273.585258,-26.657277,-0.000355,7.087150,7.087150,1.405310
2960.000000,-275.302211,-27.693672,-0.000323,7.094426,7.094426,1.433973
2962.000000,-277.019859,-28.728914,-0.000282,7.102329,7.102329,1.462878
2964.000000,-278.738063,-29.763234,-0.000238,7.110735,7.110735,1.491654
2966.000000,-280.456797,-30.796672,-0.000176,7.119812,7.119812,1.519585
2968.000000,-282.175885,-31.829520,-0.000124,7.129335,7.129335,1.546445
2970.000000,-283.895190,-32.862009,-0.000099,7.139241,7.139241,1.572321
2972.000000,-285.614734,-33.894098,-0.000082,7.149272,7.149272,1.597347
2974.000000,-287.334402,-34.925981,-0.000055,7.159650,7.159650,1.622008
2976.000000,-289.054263,-35.957542,-0.000007,7.170350,7.170350,1.646377
2978.000000,-290.774068,-36.989197,0.000036,7.181071,7.181071,1.671231
2980.000000,-292.493849,-38.020893,0.000060,7.191502,7.191502,1.697080
2982.000000,-294.213436,-39.052911,0.000071,7.201753,7.201753,1.724736
2984.000000,-295.932941,-40.085065,0.000093,7.211984,7.211984,1.754413
2986.000000,-297.652219,-41.117598,0.000038,7.221963,7.221963,1.786717
2988.000000,-299.371262,-42.150522,-0.000123,7.231798,7.231798,1.822020
2990.000000,-301.090690,-43.182806,0.000528,7.242558,7.242558,1.858773
2992.000000,-302.810603,-44.214279,0.001023,7.254450,7.254450,1.896632
2994.000000,-304.524755,-45.255274,0.000301,7.255320,7.255320,1.947340
2996.000000,-306.241430,-46.292122,0.000332,7.261086,7.261086,1.994468
2998.000000,-307.956338,-47.331893,0.000159,7.263411,7.263411,2.046425
3000.000000,-309.669499,-48.374539,-0.000551,7.262292,7.262292,2.102358
3002.000000,-311.386590,-49.410699,-0.000083,7.268527,7.268527,2.151348
3004.000000,-313.102158,-50.449380,0.000272,7.271355,7.271355,2.203983
3006.000000,-314.817542,-51.488368,0.000165,7.273322,7.273322,2.257266
3008.000000,-316.532557,-52.527963,0.000204,7.274476,7.274476,2.311560
3010.000000,-318.247118,-53.568306,0.000337,7.274848,7.274848,2.366899
3012.000000,-319.961249,-54.609356,0.000109,7.274501,7.274501,2.423351
3014.000000,-321.673878,-55.652880,-0.000192,7.271560,7.271560,2.482493
3016.000000,-323.389029,-56.692253,0.000125,7.273866,7.273866,2.536646
3018.000000,-325.102246,-57.734812,0.000159,7.272878,7.272878,2.594302
3020.000000,-326.815764,-58.776874,-0.000103,7.272797,7.272797,2.650792
3022.000000,-328.529283,-59.818938,-0.000129,7.272988,7.272988,2.706599
3024.000000,-330.243358,-60.860085,-0.000087,7.274491,7.274491,2.760401
3026.000000,-331.957401,-61.901284,-0.000162,7.276143,7.276143,2.813482
3028.000000,-333.671676,-62.942101,-0.000330,7.278444,7.278444,2.865433
3030.000000,-335.386873,-63.981399,-0.000340,7.282320,7.282320,2.915219
3032.000000,-337.102747,-65.019578,-0.000294,7.286990,7.286990,2.963347
3034.000000,-338.819179,-66.056835,-0.000326,7.292336,7.292336,3.010038
3036.000000,-340.536269,-67.093003,-0.000388,7.298518,7.298518,3.055038
3038.000000,-342.254197,-68.127779,-0.000426,7.305955,7.305955,3.097895
3040.000000,-343.973016,-69.161075,-0.000445,7.314248,7.314248,3.137871
3042.000000,-345.692746,-70.192856,-0.000402,7.323774,7.323774,3.174732
3044.000000,-347.413453,-71.223004,-0.000251,7.334677,7.334677,3.208732
3046.000000,-349.134621,-72.252384,-0.000369,7.345858,7.345858,3.241715
3048.000000,-350.855960,-73.281475,-0.000598,7.357020,7.357020,3.274951
3050.000000,-352.579535,-74.306820,-0.000418,7.371809,7.371809,3.304053
3052.000000,-354.303396,-75.331683,-0.000142,7.386801,7.386801,3.332186
3054.000000,-356.027891,-76.355478,0.000048,7.402320,7.402320,3.358105
3056.000000,-357.751995,-77.379933,0.000185,7.416335,7.416335,3.383364
3058.000000,-359.475855,-78.404798,0.000243,7.429591,7.429591,3.407579
3060.000000,-361.199076,-79.430736,0.000293,7.441624,7.441624,3.431462
3062.000000,-362.921818,-80.457479,0.000360,7.452843,7.452843,3.454781
3064.000000,-364.643747,-81.485583,0.000401,7.463235,7.463235,3.478683
3066.000000,-366.364817,-82.515127,0.000399,7.473128,7.473128,3.503657
3068.000000,-368.085107,-83.545972,0.000403,7.482711,7.482711,3.529160
3070.000000,-369.804516,-84.578287,0.000383,7.492067,7.492067,3.554584
3072.000000,-371.523133,-85.611920,0.000332,7.501423,7.501423,3.580016
3074.000000,-373.241040,-86.646732,0.000269,7.510737,7.510737,3.604797
3076.000000,-374.958402,-87.682448,0.000202,7.519799,7.519799,3.627538
3078.000000,-376.675328,-88.718888,0.000144,7.528358,7.528358,3.645871
3080.000000,-378.391990,-89.755764,0.000105,7.536368,7.536368,3.658173
3082.000000,-380.108416,-90.793031,0.000068,7.543820,7.543820,3.661703
3084.000000,-381.824702,-91.830530,0.000001,7.550491,7.550491,3.654059
3086.000000,-383.540938,-92.868111,-0.000133,7.555958,7.555958,3.632224
3088.000000,-385.257405,-93.905310,-0.000585,7.560439,7.560439,3.594497
3090.000000,-386.974566,-94.941359,-0.001378,7.562979,7.562979,3.538390
3092.000000,-388.694963,-95.972023,-0.002076,7.561209,7.561209,3.454229
3094.000000,-390.419594,-96.995585,-0.002702,7.552307,7.552307,3.340779
3096.000000,-392.149595,-98.010038,-0.003282,7.533517,7.533517,3.191960
3098.000000,-393.886662,-99.012341,-0.003346,7.500347,7.500347,2.994738
3100.000000,-395.630738,-100.002400,-0.002894,7.451226,7.451226,2.748027
3102.000000,-397.380495,-100.982388,-0.002119,7.388811,7.388811,2.444276
3104.000000,-399.134791,-101.954232,-0.000959,7.313842,7.313842,2.066599
3106.000000,-400.890969,-102.922675,0.000597,7.232263,7.232263,1.610882
3108.000000,-402.646335,-103.892586,0.002887,7.148552,7.148552,1.086314
3110.000000,-404.396772,-104.871351,0.006484,7.067352,7.067352,0.499937
3112.000000,-406.135079,-105.871403,0.011421,6.998821,6.998821,-0.149384
3114.000000,-407.850384,-106.910332,0.016258,6.954400,6.954400,-0.841937
3116.000000,-409.528926,-108.007507,0.018577,6.938054,6.938054,-1.563048
3118.000000,-411.163169,-109.169582,0.019029,6.949685,6.949685,-2.310071
3120.000000,-412.754203,-110.390204,0.021177,6.989504,6.989504,-3.102977
3122.000000,-414.294000,-111.674783,0.024132,7.045771,7.045771,-3.927136
3124.000000,-415.765116,-113.037367,0.025013,7.122899,7.122899,-4.750602
3126.000000,-417.167629,-114.470338,0.026924,7.212927,7.212927,-5.554505
3128.000000,-418.495566,-115.972499,0.030223,7.298047,7.298047,-6.305004
3130.000000,-419.722277,-117.558049,0.034110,7.386456,7.386456,-6.988984
3132.000000,-420.850665,-119.215473,0.046645,7.436031,7.436031,-7.610719
3134.000000,-421.831283,-120.963974,0.063616,7.453513,7.453513,-8.035332
3136.000000,-422.557970,-122.831995,0.070462,7.478681,7.478681,-8.257395
3138.000000,-423.010591,-124.784628,0.068783,7.475431,7.475431,-8.374632
3140.000000,-423.189482,-126.780369,0.068060,7.508359,7.508359,-8.393309
3142.000000,-423.105307,-128.781123,0.069044,7.573528,7.573528,-8.330539
3144.000000,-422.734915,-130.748140,0.064867,7.589666,7.589666,-8.158105
3146.000000,-422.105995,-132.650092,0.056203,7.557993,7.557993,-7.839291
3148.000000,-421.274073,-134.471952,0.048165,7.479592,7.479592,-7.387268
3150.000000,-420.265416,-136.203580,0.040103,7.410242,7.410242,-6.793383
3152.000000,-419.123324,-137.850899,0.032327,7.374928,7.374928,-6.084005
3154.000000,-417.876517,-139.421062,0.024973,7.351947,7.351947,-5.305359
3156.000000,-416.551567,-140.926284,0.017966,7.318076,7.318076,-4.550500
3158.000000,-415.176034,-142.385620,0.014109,7.268836,7.268836,-3.857858
3160.000000,-413.764044,-143.809604,0.012666,7.216350,7.216350,-3.178638
3162.000000,-412.312078,-145.192819,0.010061,7.172364,7.172364,-2.493717
3164.000000,-410.833571,-146.547796,0.007217,7.133879,7.133879,-1.846975
3166.000000,-409.336791,-147.882570,0.005579,7.104342,7.104342,-1.295404
3168.000000,-407.824891,-149.200195,0.004278,7.090432,7.090432,-0.826006
3170.000000,-406.302008,-150.505123,0.003129,7.096908,7.096908,-0.431781
3172.000000,-404.771094,-151.800628,0.002310,7.123804,7.123804,-0.107006
3174.000000,-403.234516,-153.089410,0.001685,7.177058,7.177058,0.158819
3176.000000,-401.693315,-154.372661,0.000551,7.252763,7.252763,0.390043
3178.000000,-400.149624,-155.652918,-0.001057,7.343913,7.343913,0.600908
3180.000000,-398.609855,-156.937884,-0.002046,7.441407,7.441407,0.797649
3182.000000,-397.075635,-158.229476,-0.003270,7.537160,7.537160,0.996623
3184.000000,-395.547561,-159.528315,-0.006429,7.619705,7.619705,1.211963
3186.000000,-394.035780,-160.846057,-0.009309,7.682891,7.682891,1.441399
3188.000000,-392.553277,-162.196659,-0.010865,7.711719,7.711719,1.677995
3190.000000,-391.095859,-163.574155,-0.012618,7.705790,7.705790,1.929229
3192.000000,-389.678372,-164.992632,-0.014638,7.682335,7.682335,2.180958
3194.000000,-388.297897,-166.447290,-0.021565,7.639587,7.639587,2.440463
3196.000000,-386.972728,-167.952204,-0.027286,7.594215,7.594215,2.682927
3198.000000,-385.760126,-169.549498,-0.025897,7.594492,7.594492,2.863315
3200.000000,-384.606696,-171.189298,-0.027975,7.572837,7.572837,3.061777
3202.000000,-383.557801,-172.897821,-0.031638,7.572389,7.572389,3.226109
3204.000000,-382.618844,-174.669190,-0.032868,7.576938,7.576938,3.340499
3206.000000,-381.796794,-176.497852,-0.035898,7.578901,7.578901,3.381299
3208.000000,-381.105579,-178.380029,-0.037358,7.573122,7.573122,3.355718
3210.000000,-380.570691,-180.312521,-0.034636,7.574829,7.574829,3.310298
3212.000000,-380.163080,-182.275357,-0.031296,7.560675,7.560675,3.286879
3214.000000,-379.884362,-184.260936,-0.028391,7.544866,7.544866,3.240539
3216.000000,-379.715477,-186.258591,-0.027524,7.550736,7.550736,3.166718
3218.000000,-379.650960,-188.262638,-0.033900,7.582468,7.582468,3.068031
3220.000000,-379.709317,-190.266546,-0.039719,7.624513,7.624513,2.934151
3222.000000,-379.961678,-192.254881,-0.037285,7.698810,7.698810,2.684164
3224.000000,-380.338666,-194.224283,-0.036799,7.783787,7.783787,2.372746
3226.000000,-380.864080,-196.158754,-0.035643,7.814942,7.814942,1.977791
3228.000000,-381.542768,-198.045613,-0.031313,7.865477,7.865477,1.463244
3230.000000,-382.314068,-199.896200,-0.029393,7.891275,7.891275,0.919022
3232.000000,-383.215942,-201.686021,-0.024505,7.912944,7.912944,0.386909
3234.000000,-384.193357,-203.437163,-0.022063,7.906410,7.906410,-0.117971
3236.000000,-385.239849,-205.147612,-0.023037,7.904667,7.904667,-0.685279
3238.000000,-386.378396,-206.798467,-0.020164,7.916494,7.916494,-1.309608
3240.000000,-387.574491,-208.407707,-0.016303,7.927818,7.927818,-1.941398
3242.000000,-388.828260,-209.972863,-0.016930,7.927981,7.927981,-2.555069
3244.000000,-390.117614,-211.508869,-0.018613,7.895572,7.895572,-3.119314
3246.000000,-391.487576,-212.973383,-0.015010,7.890081,7.890081,-3.663762
3248.000000,-392.884854,-214.411611,-0.012464,7.839098,7.839098,-4.145136
3250.000000,-394.323229,-215.809101,-0.012928,7.806700,7.806700,-4.622473
3252.000000,-395.793811,-217.172568,-0.012367,7.781768,7.781768,-5.076174
3254.000000,-397.302206,-218.494173,-0.011635,7.755687,7.755687,-5.476151
3256.000000,-398.836141,-219.785942,-0.012062,7.726899,7.726899,-5.834306
3258.000000,-400.403185,-221.037342,-0.010478,7.695849,7.695849,-6.185923
3260.000000,-402.001194,-222.249053,-0.007928,7.662066,7.662066,-6.506065
3262.000000,-403.608567,-223.448211,-0.009204,7.653752,7.653752,-6.760938
3264.000000,-405.242980,-224.610319,-0.010071,7.643639,7.643639,-6.980943
3266.000000,-406.900631,-225.739055,-0.008939,7.640565,7.640565,-7.154896
3268.000000,-408.577619,-226.838836,-0.008496,7.647516,7.647516,-7.276490
3270.000000,-410.272777,-227.910468,-0.010683,7.657060,7.657060,-7.363847
3272.000000,-411.986250,-228.952439,-0.013296,7.677969,7.677969,-7.416413
3274.000000,-413.734284,-229.935116,-0.012946,7.678723,7.678723,-7.467409
3276.000000,-415.502562,-230.881278,-0.013417,7.681155,7.681155,-7.502604
3278.000000,-417.296456,-231.777519,-0.013303,7.667955,7.667955,-7.535279
3280.000000,-419.117289,-232.618075,-0.011345,7.636167,7.636167,-7.554427
3282.000000,-420.952113,-233.427465,-0.011856,7.613657,7.613657,-7.533317
3284.000000,-422.807418,-234.188714,-0.011885,7.586793,7.586793,-7.483926
3286.000000,-424.681802,-234.901675,-0.011851,7.556719,7.556719,-7.409338
3288.000000,-426.568436,-235.581827,-0.013061,7.533420,7.533420,-7.315633
3290.000000,-428.477149,-236.196947,-0.011101,7.494637,7.494637,-7.231407
3292.000000,-430.397201,-236.776084,-0.010697,7.465144,7.465144,-7.124362
3294.000000,-432.326851,-237.322140,-0.012453,7.447199,7.447199,-6.986625
3296.000000,-434.273337,-237.804933,-0.011872,7.419872,7.419872,-6.855865
3298.000000,-436.227704,-238.253673,-0.011577,7.416534,7.416534,-6.717994
3300.000000,-438.193997,-238.648112,-0.012785,7.413313,7.413313,-6.606411
3302.000000,-440.167669,-239.003158,-0.014718,7.432480,7.432480,-6.486011
3304.000000,-442.152652,-239.289210,-0.014154,7.442251,7.442251,-6.365189
3306.000000,-444.144686,-239.518849,-0.012749,7.453139,7.453139,-6.230508
3308.000000,-446.141491,-239.704699,-0.013981,7.486289,7.486289,-6.068300
3310.000000,-448.142809,-239.830604,-0.013754,7.524216,7.524216,-5.906558
3312.000000,-450.147169,-239.895981,-0.010651,7.552260,7.552260,-5.772495
3314.000000,-452.152474,-239.921455,-0.007583,7.587443,7.587443,-5.626807
3316.000000,-454.157942,-239.916026,-0.005990,7.632554,7.632554,-5.438876
3318.000000,-456.163272,-239.890332,-0.006813,7.672965,7.672965,-5.203249
3320.000000,-458.168050,-239.839716,-0.007398,7.736083,7.736083,-4.933242
3322.000000,-460.171512,-239.749641,-0.008002,7.779862,7.779862,-4.674402
3324.000000,-462.174119,-239.644469,-0.010590,7.821008,7.821008,-4.394914
3326.000000,-464.172785,-239.480428,-0.010576,7.860459,7.860459,-4.127783
3328.000000,-466.168153,-239.279307,-0.009980,7.877163,7.877163,-3.840282
3330.000000,-468.159444,-239.041739,-0.011304,7.908401,7.908401,-3.532732
3332.000000,-470.144190,-238.754631,-0.013164,7.918663,7.918663,-3.226643
3334.000000,-472.121913,-238.422841,-0.014707,7.950204,7.950204,-2.899988
3336.000000,-474.086692,-238.020907,-0.015162,7.965659,7.965659,-2.582436
3338.000000,-476.040968,-237.571422,-0.013236,7.990446,7.990446,-2.273007
3340.000000,-477.977057,-237.049003,-0.009851,8.026862,8.026862,-2.006385
3342.000000,-479.909569,-236.513191,-0.010793,8.070853,8.070853,-1.700470
3344.000000,-481.826439,-235.924051,-0.011472,8.118435,8.118435,-1.385576
3346.000000,-483.728541,-235.288608,-0.010766,8.172316,8.172316,-1.062918
3348.000000,-485.620379,-234.623105,-0.010429,8.200790,8.200790,-0.732146
3350.000000,-487.491085,-233.900318,-0.009584,8.246767,8.246767,-0.428913
3352.000000,-489.356324,-233.164740,-0.012032,8.280459,8.280459,-0.108787
3354.000000,-491.197040,-232.368658,-0.013489,8.331186,8.331186,0.178987
3356.000000,-493.017577,-231.527863,-0.010843,8.374717,8.374717,0.457124
3358.000000,-494.815119,-230.638666,-0.011021,8.390414,8.390414,0.730954
3360.000000,-496.604349,-229.733287,-0.014414,8.424960,8.424960,1.041178
3362.000000,-498.352589,-228.750829,-0.014729,8.444548,8.444548,1.314618
3364.000000,-500.081467,-227.734467,-0.015615,8.452353,8.452353,1.605814
3366.000000,-501.772653,-226.657290,-0.015331,8.478637,8.478637,1.876226
3368.000000,-503.426072,-225.522358,-0.011752,8.460634,8.460634,2.137271
3370.000000,-505.058191,-224.357141,-0.012660,8.477747,8.477747,2.408797
3372.000000,-506.663222,-223.154764,-0.014588,8.497354,8.497354,2.677753
3374.000000,-508.222172,-221.893654,-0.012694,8.531979,8.531979,2.919062
3376.000000,-509.756285,-220.602028,-0.010994,8.544749,8.544749,3.171522
3378.000000,-511.257185,-219.271927,-0.010555,8.570236,8.570236,3.407510
3380.000000,-512.734045,-217.915220,-0.010942,8.599069,8.599069,3.637231
3382.000000,-514.178490,-216.524132,-0.012589,8.630492,8.630492,3.850085
3384.000000,-515.590950,-215.100475,-0.013734,8.634310,8.634310,4.051603
3386.000000,-516.957251,-213.632539,-0.012058,8.658320,8.658320,4.228757
3388.000000,-518.288576,-212.132668,-0.011645,8.662648,8.662648,4.400260
3390.000000,-519.593014,-210.609929,-0.014622,8.673053,8.673053,4.568019
3392.000000,-520.844234,-209.042720,-0.014924,8.671895,8.671895,4.707572
3394.000000,-522.047012,-207.438139,-0.013504,8.677750,8.677750,4.836574
3396.000000,-523.210826,-205.804934,-0.014171,8.662823,8.662823,4.967615
3398.000000,-524.325775,-204.138061,-0.015192,8.662362,8.662362,5.080871
3400.000000,-525.389574,-202.438093,-0.014744,8.655292,8.655292,5.173035
3402.000000,-526.399197,-200.705613,-0.013209,8.639942,8.639942,5.244906
3404.000000,-527.365569,-198.948315,-0.012772,8.629090,8.629090,5.305780
3406.000000,-528.288141,-197.167852,-0.013572,8.636427,8.636427,5.345262
3408.000000,-529.160259,-195.361994,-0.013463,8.637382,8.637382,5.354366
3410.000000,-529.981792,-193.532606,-0.011771,8.622795,8.622795,5.340266
3412.000000,-530.758886,-191.683781,-0.010559,8.616550,8.616550,5.316321
3414.000000,-531.502070,-189.821288,-0.012108,8.616599,8.616599,5.297636
3416.000000,-532.200312,-187.941305,-0.013175,8.616318,8.616318,5.272675
3418.000000,-532.840335,-186.040741,-0.011369,8.624307,8.624307,5.236427
3420.000000,-533.442108,-184.127728,-0.009829,8.641077,8.641077,5.204594
3422.000000,-534.004946,-182.202888,-0.009089,8.653621,8.653621,5.167699
3424.000000,-534.532645,-180.268106,-0.008719,8.661891,8.661891,5.122286
3426.000000,-535.028934,-178.325017,-0.008704,8.669832,8.669832,5.069335
3428.000000,-535.487577,-176.372689,-0.008605,8.669022,8.669022,5.006039
3430.000000,-535.916947,-174.413742,-0.007943,8.662161,8.662161,4.944449
3432.000000,-536.307511,-172.446717,-0.008197,8.658441,8.658441,4.878458
3434.000000,-536.679934,-170.476106,-0.008913,8.647338,8.647338,4.837066
3436.000000,-536.997935,-168.495976,-0.007899,8.644959,8.644959,4.794086
3438.000000,-537.301709,-166.513661,-0.007584,8.624131,8.624131,4.782067
3440.000000,-537.562867,-164.525369,-0.007759,8.617523,8.617523,4.768632
3442.000000,-537.802676,-162.534255,-0.007369,8.602631,8.602631,4.768900
3444.000000,-538.003994,-160.538933,-0.007418,8.591196,8.591196,4.764225
3446.000000,-538.185824,-158.541735,-0.008626,8.579919,8.579919,4.775235
3448.000000,-538.326322,-156.541263,-0.008113,8.579720,8.579720,4.774423
3450.000000,-538.430629,-154.538496,-0.007290,8.568129,8.568129,4.763966
3452.000000,-538.518435,-152.534923,-0.008521,8.571254,8.571254,4.761229
3454.000000,-538.558287,-150.529898,-0.008491,8.557206,8.557206,4.734369
3456.000000,-538.573530,-148.524505,-0.007507,8.557599,8.557599,4.707936
3458.000000,-538.549384,-146.519182,-0.006916,8.549501,8.549501,4.663366
3460.000000,-538.507854,-144.514109,-0.007544,8.560622,8.560622,4.621563
3462.000000,-538.429246,-142.510346,-0.010038,8.570593,8.570593,4.562774
3464.000000,-538.320896,-140.507777,-0.011866,8.588641,8.588641,4.491902
3466.000000,-538.147863,-138.509848,-0.010590,8.591564,8.591564,4.371957
3468.000000,-537.943544,-136.514837,-0.009718,8.587230,8.587230,4.237678
3470.000000,-537.696841,-134.524638,-0.009463,8.592729,8.592729,4.093584
3472.000000,-537.410884,-132.539697,-0.007432,8.609617,8.609617,3.959763
3474.000000,-537.094903,-130.559269,-0.006977,8.629955,8.629955,3.856179
3476.000000,-536.759935,-128.581949,-0.007732,8.649998,8.649998,3.781292
3478.000000,-536.382249,-126.612331,-0.006521,8.670690,8.670690,3.686037
3480.000000,-535.986591,-124.646362,-0.006002,8.667815,8.667815,3.595026
3482.000000,-535.566603,-122.685329,-0.008212,8.660868,8.660868,3.512656
3484.000000,-535.118742,-120.730544,-0.010367,8.678910,8.678910,3.455374
3486.000000,-534.622134,-118.787532,-0.009656,8.670801,8.670801,3.417956
3488.000000,-534.088901,-116.854327,-0.007632,8.684624,8.684624,3.403462
3490.000000,-533.527400,-114.929042,-0.008082,8.681072,8.681072,3.384872
3492.000000,-532.940864,-113.011283,-0.009149,8.712330,8.712330,3.347934
3494.000000,-532.308250,-111.108243,-0.007731,8.709207,8.709207,3.286230
3496.000000,-531.652601,-109.212942,-0.007377,8.716949,8.716949,3.228797
3498.000000,-530.971142,-107.326842,-0.007815,8.722580,8.722580,3.171386
3500.000000,-530.252574,-105.454508,-0.007253,8.725166,8.725166,3.099892
3502.000000,-529.516212,-103.589268,-0.008081,8.751860,8.751860,3.031858
3504.000000,-528.743851,-101.738458,-0.009157,8.758748,8.758748,2.945365
3506.000000,-527.940939,-99.900818,-0.007963,8.749956,8.749956,2.849404
3508.000000,-527.099693,-98.080309,-0.006945,8.767089,8.767089,2.737832
3510.000000,-526.248630,-96.264417,-0.007877,8.761013,8.761013,2.647400
3512.000000,-525.354344,-94.469490,-0.007775,8.767617,8.767617,2.541916
3514.000000,-524.442341,-92.683354,-0.008493,8.757647,8.757647,2.450608
3516.000000,-523.497156,-90.914636,-0.009401,8.747010,8.747010,2.359642
3518.000000,-522.515209,-89.166031,-0.007914,8.737421,8.737421,2.267855
3520.000000,-521.507238,-87.432241,-0.007820,8.719001,8.719001,2.179813
3522.000000,-520.477334,-85.711493,-0.008896,8.688814,8.688814,2.094947
3524.000000,-519.409216,-84.014171,-0.007847,8.666309,8.666309,1.986982
3526.000000,-518.317529,-82.331859,-0.006170,8.627058,8.627058,1.869747
3528.000000,-517.204505,-80.663564,-0.006890,8.580794,8.580794,1.744531
3530.000000,-516.074726,-79.006646,-0.009268,8.528200,8.528200,1.620088
3532.000000,-514.908234,-77.375418,-0.009048,8.495259,8.495259,1.477447
3534.000000,-513.710026,-75.767250,-0.005876,8.437794,8.437794,1.325709
3536.000000,-512.493980,-74.172488,-0.005030,8.396546,8.396546,1.189663
3538.000000,-511.269475,-72.584262,-0.006857,8.353532,8.353532,1.078908
3540.000000,-510.015730,-71.019074,-0.006887,8.293442,8.293442,0.962596
3542.000000,-508.742390,-69.469678,-0.007509,8.241030,8.241030,0.851706
3544.000000,-507.451192,-67.935155,-0.009799,8.195220,8.195220,0.751136
3546.000000,-506.122776,-66.432753,-0.010331,8.149410,8.149410,0.639056
3548.000000,-504.767574,-64.954503,-0.009250,8.104080,8.104080,0.521864
3550.000000,-503.379661,-63.507018,-0.007819,8.049673,8.049673,0.386523
3552.000000,-501.975207,-62.075394,-0.009040,7.999074,7.999074,0.251728
3554.000000,-500.546013,-60.668593,-0.011019,7.960882,7.960882,0.103790
3556.000000,-499.080510,-59.299598,-0.010304,7.916271,7.916271,-0.074573
3558.000000,-497.589745,-57.958146,-0.008988,7.874685,7.874685,-0.270624
3560.000000,-496.073481,-56.645667,-0.008699,7.827602,7.827602,-0.488505
3562.000000,-494.537675,-55.355972,-0.007519,7.794278,7.794278,-0.720822
3564.000000,-492.975728,-54.098277,-0.007150,7.760368,7.760368,-0.977743
3566.000000,-491.408485,-52.846965,-0.007980,7.734904,7.734904,-1.223951
3568.000000,-489.806246,-51.640789,-0.006283,7.710671,7.710671,-1.501180
3570.000000,-488.200535,-50.439330,-0.006015,7.705919,7.705919,-1.755102
3572.000000,-486.575689,-49.263822,-0.005168,7.693783,7.693783,-2.010023
3574.000000,-484.935508,-48.109838,-0.002293,7.672422,7.672422,-2.254521
3576.000000,-483.296433,-46.954237,-0.003002,7.659412,7.659412,-2.460767
3578.000000,-481.649114,-45.810419,-0.003589,7.635947,7.635947,-2.652022
3580.000000,-479.989623,-44.684309,-0.002130,7.600330,7.600330,-2.836048
3582.000000,-478.329924,-43.558530,-0.002399,7.576477,7.576477,-3.000712
3584.000000,-476.663509,-42.442690,-0.001816,7.552238,7.552238,-3.157449
3586.000000,-474.989251,-41.338706,-0.001237,7.522376,7.522376,-3.304799
3588.000000,-473.321191,-40.225388,-0.001559,7.510059,7.510059,-3.419003
3590.000000,-471.637669,-39.135532,0.000207,7.475069,7.475069,-3.539136
3592.000000,-469.965089,-38.029049,0.000674,7.464835,7.464835,-3.624263
3594.000000,-468.287891,-36.929553,-0.000299,7.450163,7.450163,-3.708892
3596.000000,-466.614885,-35.823618,-0.000005,7.447072,7.447072,-3.774459
3598.000000,-464.935436,-34.727564,0.000548,7.434580,7.434580,-3.844994
3600.000000,-463.264712,-33.618299,0.000587,7.439651,7.439651,-3.892867
3602.000000,-461.587888,-32.518243,0.000270,7.435776,7.435776,-3.945808
3604.000000,-459.919701,-31.405075,-0.000126,7.449580,7.449580,-3.978707
3606.000000,-458.242671,-30.305264,-0.000206,7.449150,7.449150,-4.022122
3608.000000,-456.573530,-29.193516,-0.000964,7.464226,7.464226,-4.042779
3610.000000,-454.895624,-28.095053,-0.000049,7.464109,7.464109,-4.072002
3612.000000,-453.218820,-26.994901,0.000460,7.466832,7.466832,-4.092265
3614.000000,-451.548129,-25.885483,-0.000986,7.481456,7.481456,-4.094655
3616.000000,-449.868203,-24.790122,-0.000607,7.480176,7.480176,-4.108160
3618.000000,-448.191941,-23.689178,-0.000513,7.486202,7.486202,-4.109962
3620.000000,-446.512210,-22.593491,-0.001389,7.486800,7.486800,-4.113483
3622.000000,-444.831198,-21.499764,-0.000617,7.485366,7.485366,-4.116009
3624.000000,-443.144028,-20.415591,-0.000398,7.473034,7.473034,-4.127317
3626.000000,-441.465128,-19.318724,-0.001260,7.475558,7.475558,-4.120691
3628.000000,-439.772482,-18.243133,0.000120,7.451650,7.451650,-4.135689
3630.000000,-438.088037,-17.154702,0.000520,7.439900,7.439900,-4.131956
3632.000000,-436.401852,-16.068969,-0.000214,7.422055,7.422055,-4.128919
3634.000000,-434.715420,-14.983617,0.000073,7.401111,7.401111,-4.124870
3636.000000,-433.029356,-13.897695,0.000100,7.379792,7.379792,-4.119829
3638.000000,-431.343442,-12.811538,0.000157,7.359405,7.359405,-4.114679
3640.000000,-429.657730,-11.725069,0.000285,7.340551,7.340551,-4.109588
3642.000000,-427.972834,-10.637334,0.000362,7.323814,7.323814,-4.103534
3644.000000,-426.288593,-9.548585,0.000415,7.308670,7.308670,-4.097003
3646.000000,-424.605385,-8.458241,0.000406,7.295993,7.295993,-4.089544
3648.000000,-422.923085,-7.366497,0.000379,7.285867,7.285867,-4.081775
3650.000000,-421.241488,-6.273669,0.000413,7.278116,7.278116,-4.073924
3652.000000,-419.560897,-5.179295,0.000422,7.272526,7.272526,-4.065221
3654.000000,-417.881212,-4.083530,0.000424,7.268998,7.268998,-4.055508
3656.000000,-416.202413,-2.986410,0.000408,7.267592,7.267592,-4.044506
3658.000000,-414.524667,-1.887679,0.000396,7.267206,7.267206,-4.031598
3660.000000,-412.847518,-0.788037,0.000482,7.267876,7.267876,-4.017387
3662.000000,-411.171609,0.313493,0.000522,7.269302,7.269302,-4.000573
3664.000000,-409.496883,1.416821,0.000535,7.271329,7.271329,-3.981499
3666.000000,-407.823171,2.521687,0.000604,7.274089,7.274089,-3.960834
3668.000000,-406.150985,3.628862,0.000543,7.276964,7.276964,-3.938023
3670.000000,-404.480091,4.737985,0.000357,7.280195,7.280195,-3.913912
3672.000000,-402.809917,5.848191,0.000224,7.283565,7.283565,-3.889712
3674.000000,-401.140188,6.959066,0.000198,7.286497,7.286497,-3.865877
3676.000000,-399.470847,8.070526,0.000214,7.288356,7.288356,-3.842381
3678.000000,-397.802045,9.182795,0.000220,7.289451,7.289451,-3.818956
3680.000000,-396.133686,10.295728,0.000230,7.289975,7.289975,-3.795468
3682.000000,-394.465864,11.409465,0.000231,7.289490,7.289490,-3.771588
3684.000000,-392.798581,12.524008,0.000182,7.288033,7.288033,-3.747152
3686.000000,-391.131752,13.639231,0.000067,7.285573,7.285573,-3.722170
3688.000000,-389.465101,14.754719,-0.000063,7.282491,7.282491,-3.696985
3690.000000,-387.798242,15.869898,-0.000173,7.278848,7.278848,-3.672179
3692.000000,-386.131058,16.984590,-0.000286,7.274739,7.274739,-3.647868
3694.000000,-384.463185,18.098251,-0.000412,7.270913,7.270913,-3.624511
3696.000000,-382.794457,19.210631,-0.000515,7.267352,7.267352,-3.602190
3698.000000,-381.124453,20.321093,-0.000605,7.263731,7.263731,-3.581554
3700.000000,-379.453262,21.429768,-0.000658,7.259942,7.259942,-3.562441
3702.000000,-377.780340,22.535829,-0.000614,7.256603,7.256603,-3.545864
3704.000000,-376.106222,23.640079,-0.000545,7.253451,7.253451,-3.530988
3706.000000,-374.430778,24.742318,-0.000492,7.250565,7.250565,-3.518302
3708.000000,-372.754353,25.843062,-0.000448,7.248118,7.248118,-3.507439
3710.000000,-371.076867,26.942190,-0.000409,7.246336,7.246336,-3.498749
3712.000000,-369.398530,28.040017,-0.000346,7.245440,7.245440,-3.492088
3714.000000,-367.719349,29.136554,-0.000212,7.244945,7.244945,-3.487525
3716.000000,-366.039660,30.232312,-0.000079,7.245148,7.245148,-3.484518
3718.000000,-364.359963,31.328058,-0.000018,7.245717,7.245717,-3.482163
3720.000000,-362.680097,32.423544,0.000025,7.246707,7.246707,-3.480693
3722.000000,-361.000415,33.519313,0.000037,7.247753,7.247753,-3.479259
3724.000000,-359.320756,34.615117,0.000080,7.248880,7.248880,-3.478071
3726.000000,-357.641196,35.711074,0.000158,7.250378,7.250378,-3.476938
3728.000000,-355.962121,36.807771,0.000177,7.251643,7.251643,-3.475158
3730.000000,-354.283365,37.904959,0.000165,7.252806,7.252806,-3.472973
3732.000000,-352.605041,39.002806,0.000123,7.253521,7.253521,-3.470058
3734.000000,-350.926983,40.101061,0.000056,7.253697,7.253697,-3.466645
3736.000000,-349.249046,41.199500,0.000009,7.253101,7.253101,-3.462932
3738.000000,-347.571091,42.297912,0.000014,7.250799,7.250799,-3.458846
3740.000000,-345.893131,43.396315,0.000044,7.247117,7.247117,-3.454026
3742.000000,-344.215325,44.494955,0.000062,7.242317,7.242317,-3.447867
3744.000000,-342.537600,45.593718,0.000088,7.235497,7.235497,-3.440375
3746.000000,-340.860102,46.692827,0.000092,7.227812,7.227812,-3.431184
3748.000000,-339.182845,47.792303,0.000056,7.218398,7.218398,-3.420267
3750.000000,-337.505687,48.891932,0.000048,7.208452,7.208452,-3.408271
3752.000000,-335.828587,49.991649,0.000031,7.197905,7.197905,-3.395454
3754.000000,-334.151694,51.091681,0.000008,7.187277,7.187277,-3.381668
3756.000000,-332.474601,52.191407,0.000051,7.176428,7.176428,-3.367798
3758.000000,-330.797767,53.291531,0.000058,7.166051,7.166051,-3.353227
3760.000000,-329.121067,54.391857,0.000017,7.156010,7.156010,-3.338374
3762.000000,-327.444351,55.492158,-0.000005,7.146997,7.146997,-3.323617
3764.000000,-325.767682,56.592532,-0.000034,7.139107,7.139107,-3.308928
3766.000000,-324.090892,57.692721,-0.000071,7.132874,7.132874,-3.294726
3768.000000,-322.413998,58.792752,-0.000079,7.127305,7.127305,-3.281068
3770.000000,-320.736809,59.892333,-0.000055,7.123108,7.123108,-3.268355
3772.000000,-319.059621,60.991915,-0.000029,7.119754,7.119754,-3.256104
3774.000000,-317.382239,62.091201,-0.000008,7.117365,7.117365,-3.244683
3776.000000,-315.704988,63.190687,-0.000009,7.115729,7.115729,-3.233547
3778.000000,-314.027598,64.289961,0.000016,7.115035,7.115035,-3.223151
3780.000000,-312.350280,65.389345,0.000037,7.114714,7.114714,-3.213055
3782.000000,-310.673098,66.488938,0.000025,7.114893,7.114893,-3.203091
3784.000000,-308.995899,67.588502,0.000025,7.115287,7.115287,-3.193467
3786.000000,-307.318824,68.688257,0.000003,7.115909,7.115909,-3.183910
3788.000000,-305.641738,69.787996,-0.000033,7.116351,7.116351,-3.174649
3790.000000,-303.964571,70.887610,-0.000049,7.116989,7.116989,-3.165843
3792.000000,-302.287283,71.987039,-0.000037,7.117746,7.117746,-3.157648
3794.000000,-300.609889,73.086308,-0.000026,7.118611,7.118611,-3.150095
3796.000000,-298.932501,74.185585,-0.000013,7.119707,7.119707,-3.142982
3798.000000,-297.254976,75.284653,0.000041,7.120551,7.120551,-3.136438
3800.000000,-295.577600,76.383949,0.000087,7.121314,7.121314,-3.129809
3802.000000,-293.900428,77.483556,0.000110,7.122047,7.122047,-3.122929
3804.000000,-292.223469,78.583487,0.000129,7.122498,7.122498,-3.115739
3806.000000,-290.546854,79.683943,0.000122,7.122904,7.122904,-3.107997
3808.000000,-288.870480,80.784765,0.000101,7.122619,7.122619,-3.099853
3810.000000,-287.194359,81.885973,0.000075,7.121765,7.121765,-3.091188
3812.000000,-285.518382,82.987402,0.000041,7.120333,7.120333,-3.082057
3814.000000,-283.842522,84.089007,0.000069,7.118272,7.118272,-3.072335
3816.000000,-282.166651,85.190595,0.000136,7.115932,7.115932,-3.062069
3818.000000,-280.491296,86.292969,0.000109,7.112532,7.112532,-3.050057
3820.000000,-278.816123,87.395618,0.000041,7.109076,7.109076,-3.037026
3822.000000,-277.141038,88.498401,0.000021,7.104425,7.104425,-3.023388
3824.000000,-275.465958,89.601193,0.000043,7.099767,7.099767,-3.009484
3826.000000,-273.790962,90.704111,0.000047,7.094468,7.094468,-2.995286
3828.000000,-272.116172,91.807342,0.000004,7.089384,7.089384,-2.980710
3830.000000,-270.441306,92.910458,-0.000017,7.084065,7.084065,-2.966506
3832.000000,-268.766421,94.013546,-0.000007,7.079044,7.079044,-2.952696
3834.000000,-267.091503,95.116583,0.000013,7.074161,7.074161,-2.939551
3836.000000,-265.416604,96.219649,0.000040,7.069311,7.069311,-2.927361
3838.000000,-263.741818,97.322886,0.000022,7.064556,7.064556,-2.916025
3840.000000,-262.067143,98.426291,-0.000033,7.060096,7.060096,-2.905416
3842.000000,-260.392324,99.529479,-0.000057,7.055707,7.055707,-2.895645
3844.000000,-258.717392,100.632495,-0.000075,7.051426,7.051426,-2.886310
3846.000000,-257.042327,101.735309,-0.000118,7.047268,7.047268,-2.877142
3848.000000,-255.366975,102.837686,-0.000133,7.043203,7.043203,-2.868240
3850.000000,-253.691290,103.939559,-0.000128,7.039207,7.039207,-2.859546
3852.000000,-252.015380,105.041088,-0.000147,7.035444,7.035444,-2.850650
3854.000000,-250.339122,106.142087,-0.000155,7.031656,7.031656,-2.841776
3856.000000,-248.662486,107.242510,-0.000138,7.028094,7.028094,-2.832994
3858.000000,-246.985587,108.342533,-0.000146,7.024771,7.024771,-2.824184
3860.000000,-245.308376,109.442082,-0.000179,7.021640,7.021640,-2.815521
3862.000000,-243.630762,110.541013,-0.000197,7.019017,7.019017,-2.807163
3864.000000,-241.952690,111.639246,-0.000199,7.017095,7.017095,-2.799267
3866.000000,-240.274197,112.736836,-0.000203,7.015947,7.015947,-2.792017
3868.000000,-238.595252,113.833732,-0.000208,7.015405,7.015405,-2.785589
3870.000000,-236.915851,114.929932,-0.000218,7.015331,7.015331,-2.780104
3872.000000,-235.235981,116.025412,-0.000244,7.015790,7.015790,-2.775725
3874.000000,-233.555590,117.120095,-0.000270,7.016602,7.016602,-2.772683
3876.000000,-231.874566,118.213802,-0.000272,7.018259,7.018259,-2.771331
3878.000000,-230.192957,119.306612,-0.000258,7.020670,7.020670,-2.771523
3880.000000,-228.510769,120.398530,-0.000239,7.023373,7.023373,-2.773173
3882.000000,-226.828066,121.489654,-0.000216,7.026511,7.026511,-2.776079
3884.000000,-225.144879,122.580031,-0.000184,7.029914,7.029914,-2.780034
3886.000000,-223.461283,123.669777,-0.000117,7.033522,7.033522,-2.784705
3888.000000,-221.777378,124.759045,-0.000024,7.037016,7.037016,-2.789704
3890.000000,-220.093477,125.848320,0.000036,7.040524,7.040524,-2.794267
3892.000000,-218.409671,126.937740,0.000082,7.043666,7.043666,-2.797997
3894.000000,-216.725987,128.027350,0.000167,7.046519,7.046519,-2.800660
3896.000000,-215.042685,129.117549,0.000248,7.049020,7.049020,-2.801747
3898.000000,-213.359953,130.208629,0.000281,7.051309,7.051309,-2.800928
3900.000000,-211.677865,131.300700,0.000269,7.053457,7.053457,-2.798016
3902.000000,-209.996384,132.393707,0.000239,7.055509,7.055509,-2.793539
3904.000000,-208.315399,133.487475,0.000226,7.057447,7.057447,-2.788092
3906.000000,-206.634914,134.582013,0.000239,7.059227,7.059227,-2.781957
3908.000000,-204.954920,135.677303,0.000272,7.060966,7.060966,-2.775429
3910.000000,-203.275548,136.773547,0.000294,7.062770,7.062770,-2.768546
3912.000000,-201.596829,137.870790,0.000286,7.064858,7.064858,-2.761632
3914.000000,-199.918772,138.969045,0.000262,7.066930,7.066930,-2.754662
3916.000000,-198.241260,140.068134,0.000233,7.068855,7.068855,-2.747364
3918.000000,-196.564301,141.168065,0.000210,7.070644,7.070644,-2.739003
3920.000000,-194.887747,142.268614,0.000199,7.072305,7.072305,-2.729544
3922.000000,-193.211681,143.369905,0.000194,7.073606,7.073606,-2.718905
3924.000000,-191.535986,144.471763,0.000168,7.074890,7.074890,-2.707276
3926.000000,-189.860778,145.574359,0.000109,7.075871,7.075871,-2.694417
3928.000000,-188.185710,146.677168,0.000063,7.076661,7.076661,-2.681395
3930.000000,-186.510840,147.780278,0.000019,7.077022,7.077022,-2.668854
3932.000000,-184.835990,148.883419,-0.000018,7.076714,7.076714,-2.657746
3934.000000,-183.161072,149.986456,-0.000027,7.075775,7.075775,-2.648123
3936.000000,-181.486116,151.089434,-0.000035,7.074209,7.074209,-2.639086
3938.000000,-179.811064,152.192268,-0.000053,7.072044,7.072044,-2.629791
3940.000000,-178.135928,153.294974,-0.000086,7.069539,7.069539,-2.619547
3942.000000,-176.460583,154.397363,-0.000111,7.066815,7.066815,-2.608307
3944.000000,-174.784979,155.499357,-0.000136,7.063809,7.063809,-2.596538
3946.000000,-173.109121,156.600965,-0.000171,7.060482,7.060482,-2.584748
3948.000000,-171.432832,157.701918,-0.000188,7.057179,7.057179,-2.573756
3950.000000,-169.756148,158.802268,-0.000209,7.053698,7.053698,-2.564032
3952.000000,-168.079027,159.901954,-0.000233,7.050296,7.050296,-2.555949
3954.000000,-166.401333,161.000763,-0.000226,7.046922,7.046922,-2.549618
3956.000000,-164.723165,162.098849,-0.000219,7.043833,7.043833,-2.544812
3958.000000,-163.044523,163.196210,-0.000219,7.040987,7.040987,-2.541517
3960.000000,-161.365375,164.292797,-0.000209,7.038222,7.038222,-2.539777
3962.000000,-159.685787,165.388710,-0.000197,7.035497,7.035497,-2.539428
3964.000000,-158.005743,166.483923,-0.000173,7.032960,7.032960,-2.540445
3966.000000,-156.325320,167.578556,-0.000142,7.030332,7.030332,-2.542552
3968.000000,-154.644594,168.672723,-0.000111,7.028024,7.028024,-2.545457
3970.000000,-152.963603,169.766483,-0.000068,7.025865,7.025865,-2.548737
3972.000000,-151.282472,170.860026,-0.000022,7.023813,7.023813,-2.551691
3974.000000,-149.601291,171.953495,0.000025,7.021835,7.021835,-2.553686
3976.000000,-147.920158,173.047036,0.000075,7.019947,7.019947,-2.554384
3978.000000,-146.239194,174.140838,0.000119,7.017966,7.017966,-2.553823
3980.000000,-144.558505,175.235060,0.000147,7.015945,7.015945,-2.552346
3982.000000,-142.878143,176.329786,0.000163,7.013874,7.013874,-2.550175
3984.000000,-141.198141,177.425064,0.000168,7.011665,7.011665,-2.547497
3986.000000,-139.518525,178.520935,0.000170,7.009372,7.009372,-2.544452
3988.000000,-137.839252,179.617331,0.000172,7.007163,7.007163,-2.541280
3990.000000,-136.160399,180.714369,0.000174,7.005162,7.005162,-2.537946
3992.000000,-134.481881,181.811920,0.000156,7.003188,7.003188,-2.534722
3994.000000,-132.803801,182.910140,0.000113,7.001467,7.001467,-2.531338
3996.000000,-131.125885,184.008611,0.000098,6.999565,6.999565,-2.528298
3998.000000,-129.448195,185.107429,0.000106,6.997602,6.997602,-2.525510
4000.000000,-127.770756,186.206628,0.000098,6.995442,6.995442,-2.522940
4002.000000,-126.093525,187.306144,0.000083,6.993112,6.993112,-2.520613
4004.000000,-124.416495,188.405967,0.000077,6.990741,6.990741,-2.518374
4006.000000,-122.739584,189.505971,0.000083,6.988240,6.988240,-2.516224
4008.000000,-121.062909,190.606337,0.000083,6.985449,6.985449,-2.513827
4010.000000,-119.386376,191.706918,0.000097,6.982802,6.982802,-2.511265
4012.000000,-117.710054,192.807820,0.000101,6.980126,6.980126,-2.508262
4014.000000,-116.034024,193.909166,0.000078,6.977260,6.977260,-2.504542
4016.000000,-114.358095,195.010667,0.000071,6.974567,6.974567,-2.500337
4018.000000,-112.682362,196.112465,0.000061,6.971951,6.971951,-2.495414
4020.000000,-111.006765,197.214471,0.000039,6.969337,6.969337,-2.489792
4022.000000,-109.331241,198.316586,0.000027,6.966718,6.966718,-2.483569
4024.000000,-107.655782,199.418802,0.000012,6.964235,6.964235,-2.476917
4026.000000,-105.980355,200.521066,-0.000014,6.961768,6.961768,-2.469961
4028.000000,-104.304910,201.623301,-0.000044,6.959361,6.959361,-2.462881
4030.000000,-102.629347,202.725359,-0.000065,6.956796,6.956796,-2.455995
4032.000000,-100.953646,203.827206,-0.000074,6.954260,6.954260,-2.449431
4034.000000,-99.277765,204.928780,-0.000094,6.951811,6.951811,-2.443306
4036.000000,-97.601730,206.030118,-0.000112,6.949198,6.949198,-2.437596
4038.000000,-95.925353,207.130937,-0.000095,6.946565,6.946565,-2.432709
4040.000000,-94.248827,208.231528,-0.000093,6.943982,6.943982,-2.428379
4042.000000,-92.572101,209.331815,-0.000107,6.941473,6.941473,-2.424720
4044.000000,-90.895102,210.431686,-0.000098,6.939232,6.939232,-2.421859
4046.000000,-89.217902,211.531249,-0.000100,6.936919,6.936919,-2.419572
4048.000000,-87.540517,212.630531,-0.000119,6.934782,6.934782,-2.417650
4050.000000,-85.862822,213.729340,-0.000111,6.932848,6.932848,-2.416282
4052.000000,-84.184883,214.827777,-0.000108,6.930858,6.930858,-2.415349
4054.000000,-82.506764,215.925938,-0.000116,6.929022,6.929022,-2.414681
4056.000000,-80.828302,217.023573,-0.000085,6.927630,6.927630,-2.414550
4058.000000,-79.149689,218.120980,-0.000067,6.926387,6.926387,-2.414609
4060.000000,-77.470970,219.218223,-0.000060,6.925481,6.925481,-2.414825
4062.000000,-75.792027,220.315124,-0.000029,6.924989,6.924989,-2.415460
4064.000000,-74.113111,221.412066,-0.000033,6.924859,6.924859,-2.416081
4066.000000,-72.434107,222.508873,-0.000023,6.925115,6.925115,-2.416861
4068.000000,-70.754965,223.605469,0.000014,6.925734,6.925734,-2.417864
4070.000000,-69.075988,224.702319,-0.000006,6.927076,6.927076,-2.418651
4072.000000,-67.396939,225.799058,-0.000014,6.928736,6.928736,-2.420040
4074.000000,-65.717816,226.895682,0.000020,6.930806,6.930806,-2.421980
4076.000000,-64.038787,227.992452,0.000037,6.933368,6.933368,-2.423824
4078.000000,-62.359821,229.089317,0.000048,6.936164,6.936164,-2.425236
4080.000000,-60.680957,230.186339,0.000072,6.939176,6.939176,-2.425986
4082.000000,-59.002248,231.283598,0.000098,6.942407,6.942407,-2.426007
4084.000000,-57.323764,232.381201,0.000117,6.946057,6.946057,-2.425363
4086.000000,-55.645542,233.479205,0.000106,6.949578,6.949578,-2.424106
4088.000000,-53.967604,234.577641,0.000098,6.953597,6.953597,-2.422207
4090.000000,-52.289770,235.676238,0.000129,6.957769,6.957769,-2.419922
4092.000000,-50.612306,236.775399,0.000132,6.961842,6.961842,-2.416648
4094.000000,-48.935138,237.875012,0.000119,6.966128,6.966128,-2.412311
4096.000000,-47.258175,238.974938,0.000132,6.970383,6.970383,-2.406944
4098.000000,-45.581559,240.075392,0.000140,6.974279,6.974279,-2.400225
4100.000000,-43.905205,241.176246,0.000153,6.978096,6.978096,-2.392059
4102.000000,-42.229217,242.277657,0.000158,6.981831,6.981831,-2.382213
4104.000000,-40.553583,243.379605,0.000144,6.985358,6.985358,-2.371071
4106.000000,-38.878269,244.482040,0.000130,6.988887,6.988887,-2.358994
4108.000000,-37.203231,245.584895,0.000105,6.992112,6.992112,-2.346329
4110.000000,-35.528473,246.688175,0.000073,6.994973,6.994973,-2.333214
4112.000000,-33.853810,247.791599,0.000068,6.997362,6.997362,-2.320198
4114.000000,-32.179326,248.895295,0.000056,6.999188,6.999188,-2.307484
4116.000000,-30.504991,249.999217,0.000035,7.000536,7.000536,-2.295359
4118.000000,-28.830672,251.103163,0.000046,7.001436,7.001436,-2.284355
4120.000000,-27.156485,252.207310,0.000039,7.001874,7.001874,-2.274583
4122.000000,-25.482422,253.311643,0.000014,7.001822,7.001822,-2.265742
4124.000000,-23.808326,254.415928,0.000005,7.001409,7.001409,-2.257854
4126.000000,-22.134298,255.520314,0.000000,7.000677,7.000677,-2.250655
4128.000000,-20.460212,256.624615,0.000010,6.999671,6.999671,-2.244172
4130.000000,-18.786173,257.728986,0.000019,6.998646,6.998646,-2.238240
4132.000000,-17.112184,258.833431,0.000021,6.997597,6.997597,-2.232758
4134.000000,-15.438220,259.937916,0.000025,6.996585,6.996585,-2.227006
4136.000000,-13.764341,261.042529,0.000029,6.995803,6.995803,-2.220107
4138.000000,-12.090485,262.147176,0.000050,6.995288,6.995288,-2.211702
4140.000000,-10.416753,263.252012,0.000053,6.994961,6.994961,-2.202161
4142.000000,-8.743195,264.357112,0.000033,6.994918,6.994918,-2.191684
4144.000000,-7.069633,265.462206,0.000038,6.995245,6.995245,-2.180640
4146.000000,-5.396197,266.567489,0.000045,6.995718,6.995718,-2.169212
4148.000000,-3.722851,267.672910,0.000042,6.996338,6.996338,-2.157637
4150.000000,-2.049602,268.778476,0.000021,6.996962,6.996962,-2.146011
4152.000000,-0.376443,269.884180,-0.000005,6.997541,6.997541,-2.134436
4154.000000,1.296807,270.989746,-0.000005,6.998098,6.998098,-2.123322
4156.000000,2.970013,272.095378,-0.000019,6.998652,6.998652,-2.112491
4158.000000,4.643259,273.200949,-0.000046,6.999103,6.999103,-2.102061
4160.000000,6.316639,274.306319,-0.000052,6.999279,6.999279,-2.092120
4162.000000,7.990123,275.411530,-0.000056,6.999366,6.999366,-2.082605
4164.000000,9.663728,276.516558,-0.000054,6.999201,6.999201,-2.073580
4166.000000,11.337480,277.621364,-0.000052,6.998887,6.998887,-2.065110
4168.000000,13.011297,278.726070,-0.000040,6.998489,6.998489,-2.057106
4170.000000,14.685301,279.830495,-0.000017,6.997999,6.997999,-2.049855
4172.000000,16.359217,280.935051,-0.000011,6.997699,6.997699,-2.042816
4174.000000,18.033269,282.039402,0.000006,6.997531,6.997531,-2.036414
4176.000000,19.707234,283.143886,0.000012,6.997469,6.997469,-2.030319
4178.000000,21.381185,284.248389,-0.000004,6.997455,6.997455,-2.024609
4180.000000,23.055146,285.352878,-0.000010,6.997331,6.997331,-2.019341
4182.000000,24.729132,286.457328,-0.000018,6.997550,6.997550,-2.014665
4184.000000,26.403147,287.561736,-0.000009,6.997618,6.997618,-2.010523
4186.000000,28.077236,288.666031,0.000008,6.997934,6.997934,-2.007026
4188.000000,29.751227,289.770474,0.000001,6.998517,6.998517,-2.003813
4190.000000,31.425270,290.874838,-0.000003,6.999042,6.999042,-2.000788
4192.000000,33.099300,291.979223,-0.000010,6.999820,6.999820,-1.997731
4194.000000,34.773335,293.083599,-0.000025,7.000725,7.000725,-1.994745
4196.000000,36.447465,294.187832,-0.000026,7.001620,7.001620,-1.992294
4198.000000,38.121625,295.292019,-0.000031,7.002643,7.002643,-1.990484
4200.000000,39.795863,296.396088,-0.000042,7.003658,7.003658,-1.989559
4202.000000,41.470187,297.500027,-0.000040,7.004815,7.004815,-1.989344
4204.000000,43.144633,298.603780,-0.000053,7.006047,7.006047,-1.989610
4206.000000,44.819099,299.707504,-0.000076,7.007359,7.007359,-1.989992
4208.000000,46.493870,300.810763,-0.000061,7.008607,7.008607,-1.990961
4210.000000,48.168686,301.913955,-0.000073,7.009707,7.009707,-1.992055
4212.000000,49.843651,303.016921,-0.000107,7.010924,7.010924,-1.993476
4214.000000,51.518919,304.119426,-0.000100,7.012071,7.012071,-1.995486
4216.000000,53.194379,305.221639,-0.000090,7.013191,7.013191,-1.997879
4218.000000,54.870034,306.323557,-0.000089,7.014354,7.014354,-2.000669
4220.000000,56.545907,307.425142,-0.000072,7.015266,7.015266,-2.003855
4222.000000,58.221932,308.526497,-0.000053,7.016150,7.016150,-2.007226
4224.000000,59.898072,309.627676,-0.000033,7.016913,7.016913,-2.010597
4226.000000,61.574296,310.728728,-0.000016,7.017461,7.017461,-2.013476
4228.000000,63.250527,311.829768,-0.000024,7.017898,7.017898,-2.014877
4230.000000,64.926800,312.930745,-0.000022,7.018065,7.018065,-2.013974
4232.000000,66.603195,314.031536,0.000004,7.017797,7.017797,-2.010012
4234.000000,68.279495,315.132471,0.000025,7.017321,7.017321,-2.003249
4236.000000,69.955830,316.233353,0.000059,7.016907,7.016907,-1.993971
4238.000000,71.631973,317.334528,0.000080,7.016241,7.016241,-1.981096
4240.000000,73.307946,318.435961,0.000102,7.015866,7.015866,-1.964963
4242.000000,74.983743,319.537663,0.000130,7.015513,7.015513,-1.946268
4244.000000,76.659164,320.639936,0.000132,7.014700,7.014700,-1.925778
4246.000000,78.334366,321.742542,0.000139,7.014057,7.014057,-1.905292
4248.000000,80.009218,322.845678,0.000157,7.013308,7.013308,-1.885582
4250.000000,81.683756,323.949292,0.000156,7.012492,7.012492,-1.867014
4252.000000,83.357879,325.053536,0.000128,7.011938,7.011938,-1.849329
4254.000000,85.031767,326.158135,0.000133,7.011402,7.011402,-1.832872
4256.000000,86.705407,327.263110,0.000154,7.011065,7.011065,-1.817786
4258.000000,88.378596,328.368768,0.000131,7.010878,7.010878,-1.803839
4260.000000,90.051567,329.474756,0.000119,7.010442,7.010442,-1.791461
4262.000000,91.724265,330.581156,0.000112,7.010247,7.010247,-1.780781
4264.000000,93.396672,331.687997,0.000109,7.009740,7.009740,-1.771855
4266.000000,95.068936,332.795054,0.000113,7.009387,7.009387,-1.764551
4268.000000,96.740810,333.902698,0.000087,7.009121,7.009121,-1.758377
4270.000000,98.412603,335.010466,0.000069,7.008719,7.008719,-1.754013
4272.000000,100.084178,336.118563,0.000061,7.008282,7.008282,-1.750850
4274.000000,101.755659,337.226802,0.000047,7.007628,7.007628,-1.748986
4276.000000,103.427005,338.335244,0.000031,7.006868,7.006868,-1.748318
4278.000000,105.098293,339.443773,0.000014,7.006020,7.006020,-1.748478
4280.000000,106.769554,340.552343,-0.000001,7.005031,7.005031,-1.749209
4282.000000,108.440806,341.660927,-0.000011,7.003973,7.003973,-1.750336
4284.000000,110.112114,342.769426,-0.000028,7.002848,7.002848,-1.751742
4286.000000,111.783415,343.877936,-0.000058,7.001582,7.001582,-1.753145
4288.000000,113.454925,344.986131,-0.000062,7.000041,7.000041,-1.754819
4290.000000,115.126537,346.094172,-0.000082,6.998567,6.998567,-1.756615
4292.000000,116.798287,347.202003,-0.000104,6.996978,6.996978,-1.758695
4294.000000,118.470388,348.309306,-0.000110,6.995773,6.995773,-1.761576
4296.000000,120.142571,349.416485,-0.000133,6.994536,6.994536,-1.764922
4298.000000,121.815216,350.522965,-0.000129,6.993374,6.993374,-1.769510
4300.000000,123.488038,351.629179,-0.000136,6.992231,6.992231,-1.774977
4302.000000,125.161188,352.734896,-0.000148,6.991113,6.991113,-1.781843
4304.000000,126.834712,353.840046,-0.000151,6.989963,6.989963,-1.790147
4306.000000,128.508475,354.944836,-0.000158,6.988860,6.988860,-1.799498
4308.000000,130.182725,356.048887,-0.000139,6.987944,6.987944,-1.810100
4310.000000,131.857163,357.152651,-0.000140,6.986850,6.986850,-1.820965
4312.000000,133.531966,358.255864,-0.000137,6.985944,6.985944,-1.832027
4314.000000,135.207090,359.358588,-0.000119,6.984547,6.984547,-1.843302
4316.000000,136.882421,360.460998,-0.000106,6.983051,6.983051,-1.854747
4318.000000,138.558065,361.562932,-0.000080,6.981353,6.981353,-1.865850
4320.000000,140.233816,362.664702,-0.000063,6.979351,6.979351,-1.874731
4322.000000,141.909747,363.766199,-0.000047,6.977039,6.977039,-1.881269
4324.000000,143.585770,364.867556,-0.000021,6.974469,6.974469,-1.885888
4326.000000,145.261842,365.968840,-0.000003,6.971526,6.971526,-1.889569
4328.000000,146.937909,367.070130,0.000009,6.968220,6.968220,-1.893530
4330.000000,148.613962,368.171441,0.000020,6.964756,6.964756,-1.898612
4332.000000,150.289971,369.272819,0.000023,6.961026,6.961026,-1.905683
4334.000000,151.965902,370.374316,0.000037,6.957046,6.957046,-1.914909
4336.000000,153.641827,371.475824,0.000058,6.952946,6.952946,-1.926400
4338.000000,155.317512,372.577695,0.000058,6.948365,6.948365,-1.939814
4340.000000,156.993168,373.679610,0.000065,6.943715,6.943715,-1.954881
4342.000000,158.668612,374.781849,0.000077,6.938854,6.938854,-1.970361
4344.000000,160.343937,375.884267,0.000093,6.934050,6.934050,-1.985877
4346.000000,162.019033,376.987033,0.000105,6.929166,6.929166,-2.000914
4348.000000,163.693880,378.090178,0.000110,6.924373,6.924373,-2.015273
4350.000000,165.368529,379.193625,0.000118,6.919597,6.919597,-2.028960
4352.000000,167.042849,380.297569,0.000100,6.914898,6.914898,-2.041786
4354.000000,168.716979,381.401802,0.000083,6.910475,6.910475,-2.054288
4356.000000,170.390932,382.506302,0.000068,6.905963,6.905963,-2.066952
4358.000000,172.064696,383.611090,0.000052,6.901822,6.901822,-2.080264
4360.000000,173.738412,384.715950,0.000038,6.897990,6.897990,-2.094366
4362.000000,175.411952,385.821076,0.000003,6.894351,6.894351,-2.108793
4364.000000,177.085551,386.926113,0.000008,6.890853,6.890853,-2.123695
4366.000000,178.759179,388.031107,0.000017,6.887634,6.887634,-2.138615
4368.000000,180.432624,389.136377,-0.000025,6.885048,6.885048,-2.152831
4370.000000,182.106257,390.241363,-0.000026,6.882718,6.882718,-2.166574
4372.000000,183.779920,391.346303,-0.000027,6.880717,6.880717,-2.179531
4374.000000,185.453568,392.451266,-0.000041,6.878902,6.878902,-2.191663
4376.000000,187.127452,393.555872,-0.000023,6.877636,6.877636,-2.203294
4378.000000,188.801241,394.660622,-0.000008,6.876615,6.876615,-2.213824
4380.000000,190.475183,395.765139,0.000006,6.876004,6.876004,-2.223797
4382.000000,192.148987,396.869865,-0.000002,6.876047,6.876047,-2.232688
4384.000000,193.822859,397.974489,0.000007,6.876623,6.876623,-2.240933
4386.000000,195.496752,399.079081,0.000028,6.877762,6.877762,-2.248598
4388.000000,197.170472,400.183936,0.000002,6.879648,6.879648,-2.255403
4390.000000,198.844271,401.288669,-0.000011,6.881874,6.881874,-2.261947
4392.000000,200.518066,402.393410,-0.000006,6.884650,6.884650,-2.268315
4394.000000,202.191885,403.498114,0.000004,6.887902,6.887902,-2.274715
4396.000000,203.865713,404.602805,-0.000001,6.891456,6.891456,-2.281311
4398.000000,205.539464,405.707611,-0.000037,6.895351,6.895351,-2.288096
4400.000000,207.213370,406.812184,-0.000042,6.899899,6.899899,-2.295615
4402.000000,208.887371,407.916611,-0.000040,6.904590,6.904590,-2.303838
4404.000000,210.561403,409.020994,-0.000063,6.909535,6.909535,-2.312484
4406.000000,212.235631,410.125076,-0.000078,6.914382,6.914382,-2.321760
4408.000000,213.909996,411.228954,-0.000098,6.919079,6.919079,-2.331501
4410.000000,215.584586,412.332488,-0.000118,6.923615,6.923615,-2.341769
4412.000000,217.259454,413.435601,-0.000138,6.927648,6.927648,-2.352540
4414.000000,218.934586,414.538313,-0.000152,6.931217,6.931217,-2.363640
4416.000000,220.610134,415.640392,-0.000118,6.934115,6.934115,-2.375272
4418.000000,222.285928,416.742099,-0.000066,6.936429,6.936429,-2.387135
4420.000000,223.961862,417.843592,-0.000040,6.938418,6.938418,-2.399089
4422.000000,225.637853,418.944997,-0.000031,6.940202,6.940202,-2.411122
4424.000000,227.313945,420.046249,-0.000013,6.941899,6.941899,-2.423431
4426.000000,228.990052,421.147479,-0.000014,6.943429,6.943429,-2.436050
4428.000000,230.666140,422.248737,-0.000034,6.944991,6.944991,-2.449005
4430.000000,232.342376,423.349771,-0.000024,6.946040,6.946040,-2.462376
4432.000000,234.018636,424.450766,-0.000012,6.946927,6.946927,-2.476007
4434.000000,235.694916,425.551734,0.000002,6.947815,6.947815,-2.489903
4436.000000,237.371239,426.652634,0.000030,6.948688,6.948688,-2.503766
4438.000000,239.047440,427.753721,0.000044,6.949733,6.949733,-2.516996
4440.000000,240.723575,428.854908,0.000038,6.951039,6.951039,-2.529332
4442.000000,242.399575,429.956299,0.000028,6.952415,6.952415,-2.540628
4444.000000,244.075574,431.057693,0.000061,6.953754,6.953754,-2.551170
4446.000000,245.751466,432.159250,0.000077,6.955070,6.955070,-2.561011
4448.000000,247.427035,433.261297,0.000075,6.956362,6.956362,-2.570180
4450.000000,249.102679,434.363232,0.000097,6.957296,6.957296,-2.579642
4452.000000,250.777834,435.465909,0.000062,6.958688,6.958688,-2.588608
4454.000000,252.453038,436.568512,0.000053,6.959712,6.959712,-2.598140
4456.000000,254.128085,437.671353,0.000050,6.960822,6.960822,-2.607822
4458.000000,255.802927,438.774505,0.000013,6.961277,6.961277,-2.617589
4460.000000,257.477891,439.877471,0.000030,6.961533,6.961533,-2.628005
4462.000000,259.152697,440.980678,0.000043,6.961169,6.961169,-2.638418
4464.000000,260.827432,442.083994,0.000033,6.960305,6.960305,-2.648919
4466.000000,262.502088,443.187428,0.000026,6.959197,6.959197,-2.659477
4468.000000,264.176677,444.290965,0.000003,6.958070,6.958070,-2.670059
4470.000000,265.851249,445.394527,-0.000032,6.956885,6.956885,-2.680729
4472.000000,267.525900,446.497970,-0.000055,6.955738,6.955738,-2.691585
4474.000000,269.200694,447.601195,-0.000058,6.954536,6.954536,-2.702658
4476.000000,270.875605,448.704243,-0.000078,6.953363,6.953363,-2.713876
4478.000000,272.550648,449.807090,-0.000094,6.952287,6.952287,-2.725259
4480.000000,274.226001,450.909467,-0.000081,6.951567,6.951567,-2.737135
4482.000000,275.901430,452.011727,-0.000094,6.951013,6.951013,-2.749070
4484.000000,277.577117,453.113595,-0.000099,6.951038,6.951038,-2.761389
4486.000000,279.253044,454.215099,-0.000080,6.951688,6.951688,-2.774058
4488.000000,280.929106,455.316396,-0.000092,6.952491,6.952491,-2.786865
4490.000000,282.605368,456.417389,-0.000112,6.953531,6.953531,-2.799896
4492.000000,284.281907,457.517961,-0.000101,6.954958,6.954958,-2.813292
4494.000000,285.958682,458.618174,-0.000089,6.956367,6.956367,-2.827000
4496.000000,287.635601,459.718166,-0.000103,6.957948,6.957948,-2.840871
4498.000000,289.312778,460.817765,-0.000099,6.959920,6.959920,-2.855147
4500.000000,290.990202,461.916987,-0.000075,6.962001,6.962001,-2.869846
4502.000000,292.667748,463.016024,-0.000074,6.964149,6.964149,-2.884773
4504.000000,294.345466,464.114797,-0.000088,6.966385,6.966385,-2.900066
4506.000000,296.023372,465.213284,-0.000082,6.968559,6.968559,-2.915783
4508.000000,297.701503,466.311426,-0.000053,6.970412,6.970412,-2.932032
4510.000000,299.379715,467.409445,-0.000033,6.972127,6.972127,-2.948649
4512.000000,301.058006,468.507344,-0.000017,6.973845,6.973845,-2.965637
4514.000000,302.736346,469.605167,0.000000,6.975478,6.975478,-2.982935
4516.000000,304.414653,470.703040,-0.000010,6.977176,6.977176,-3.000468
4518.000000,306.092974,471.800892,-0.000019,6.978925,6.978925,-3.018429
4520.000000,307.771388,472.898602,0.000001,6.980605,6.980605,-3.037152
4522.000000,309.449771,473.996360,0.000022,6.982274,6.982274,-3.056739
4524.000000,311.128112,475.094182,0.000059,6.983953,6.983953,-3.077266
4526.000000,312.806373,476.192126,0.000077,6.985655,6.985655,-3.098246
4528.000000,314.484314,477.290558,0.000051,6.987531,6.987531,-3.118580
4530.000000,316.162294,478.388932,0.000052,6.989129,6.989129,-3.138757
4532.000000,317.840067,479.487622,0.000064,6.990671,6.990671,-3.158896
4534.000000,319.517753,480.586444,0.000082,6.991981,6.991981,-3.179777
4536.000000,321.195259,481.685542,0.000089,6.993174,6.993174,-3.201543
4538.000000,322.872490,482.785059,0.000052,6.994325,6.994325,-3.223694
4540.000000,324.549668,483.884656,0.000045,6.995268,6.995268,-3.246386
4542.000000,326.226765,484.984377,0.000056,6.996146,6.996146,-3.269317
4544.000000,327.903681,486.084375,0.000063,6.996956,6.996956,-3.291960
4546.000000,329.580545,487.184451,0.000073,6.997822,6.997822,-3.314305
4548.000000,331.257136,488.284943,0.000045,6.999099,6.999099,-3.335720
4550.000000,332.933684,489.385501,0.000002,7.000641,7.000641,-3.356625
4552.000000,334.610198,490.486110,-0.000011,7.002548,7.002548,-3.377007
4554.000000,336.286806,491.586577,-0.000014,7.004682,7.004682,-3.397013
4556.000000,337.963362,492.687123,-0.000025,7.007264,7.007264,-3.416450
4558.000000,339.640050,493.787467,-0.000028,7.010002,7.010002,-3.435874
4560.000000,341.316747,494.887799,-0.000039,7.013387,7.013387,-3.455368
4562.000000,342.993545,495.987976,-0.000054,7.017358,7.017358,-3.475503
4564.000000,344.670478,497.087947,-0.000057,7.021662,7.021662,-3.496584
4566.000000,346.347514,498.187761,-0.000070,7.026516,7.026516,-3.518745
4568.000000,348.024710,499.287331,-0.000104,7.031377,7.031377,-3.541998
4570.000000,349.702099,500.386607,-0.000144,7.036243,7.036243,-3.565762
4572.000000,351.379859,501.485316,-0.000155,7.040956,7.040956,-3.589623
4574.000000,353.057950,502.583520,-0.000175,7.045324,7.045324,-3.613220
4576.000000,354.736371,503.681219,-0.000184,7.049327,7.049327,-3.637223
4578.000000,356.415342,504.778078,-0.000147,7.052503,7.052503,-3.662579
4580.000000,358.094505,505.874641,-0.000134,7.055316,7.055316,-3.689094
4582.000000,359.774023,506.970661,-0.000134,7.057407,7.057407,-3.716513
4584.000000,361.453818,508.066257,-0.000104,7.058674,7.058674,-3.744429
4586.000000,363.133882,509.161440,-0.000050,7.059026,7.059026,-3.773124
4588.000000,364.814044,510.256472,-0.000000,7.058620,7.058620,-3.802712
4590.000000,366.494182,511.351543,0.000023,7.057585,7.057585,-3.833293
4592.000000,368.174274,512.446682,0.000035,7.056263,7.056263,-3.865154
4594.000000,369.854281,513.541953,0.000057,7.054804,7.054804,-3.898345
4596.000000,371.534196,514.637364,0.000116,7.053403,7.053403,-3.932780
4598.000000,373.213883,515.733126,0.000191,7.052208,7.052208,-3.968264
4600.000000,374.893098,516.829609,0.000243,7.051395,7.051395,-4.004318
4602.000000,376.571807,517.926869,0.000285,7.050987,7.050987,-4.040492
4604.000000,378.249859,519.025133,0.000283,7.051023,7.051023,-4.076324
4606.000000,379.927221,520.124448,0.000227,7.051163,7.051163,-4.111655
4608.000000,381.604126,521.224462,0.000195,7.051081,7.051081,-4.146650
4610.000000,383.280630,522.325088,0.000185,7.051119,7.051119,-4.181454
4612.000000,384.956676,523.426410,0.000162,7.051289,7.051289,-4.216105
4614.000000,386.632407,524.528211,0.000172,7.051835,7.051835,-4.250678
4616.000000,388.307791,525.630540,0.000184,7.052904,7.052904,-4.285022
4618.000000,389.982660,526.733652,0.000126,7.054598,7.054598,-4.318864
4620.000000,391.657276,527.837148,0.000070,7.056943,7.056943,-4.352597
4622.000000,393.331801,528.940782,0.000043,7.059818,7.059818,-4.386491
4624.000000,395.006140,530.044697,-0.000004,7.063486,7.063486,-4.420643
4626.000000,396.680563,531.148485,-0.000049,7.067687,7.067687,-4.455870
4628.000000,398.355035,532.252200,-0.000110,7.072330,7.072330,-4.492366
4630.000000,400.029763,533.355525,-0.000152,7.076934,7.076934,-4.531011
4632.000000,401.704902,534.458226,-0.000131,7.081818,7.081818,-4.572425
4634.000000,403.380308,535.560522,-0.000100,7.086351,7.086351,-4.616063
4636.000000,405.055928,536.662492,-0.000064,7.089974,7.089974,-4.661780
4638.000000,406.731740,537.764170,-0.000027,7.092521,7.092521,-4.709452
4640.000000,408.407517,538.865902,-0.000049,7.093543,7.093543,-4.758314
4642.000000,410.083412,539.967453,-0.000127,7.093518,7.093518,-4.808410
4644.000000,411.759536,541.068657,-0.000230,7.092466,7.092466,-4.859723
4646.000000,413.436209,542.169024,-0.000286,7.090860,7.090860,-4.912616
4648.000000,415.113587,543.268317,-0.000242,7.088945,7.088945,-4.967184
4650.000000,416.791534,544.366742,-0.000138,7.086805,7.086805,-5.023030
4652.000000,418.469773,545.464719,-0.000045,7.084044,7.084044,-5.079553
4654.000000,420.148073,546.562603,0.000044,7.080625,7.080625,-5.136265
4656.000000,421.826358,547.660511,0.000181,7.076045,7.076045,-5.192923
4658.000000,423.504225,548.759056,0.000285,7.070749,7.070749,-5.248569
4660.000000,425.181352,549.858731,0.000275,7.064654,7.064654,-5.302545
4662.000000,426.857866,550.959341,0.000209,7.058107,7.058107,-5.354923
4664.000000,428.533920,552.060651,0.000170,7.050979,7.050979,-5.405791
4666.000000,430.209660,553.162440,0.000229,7.043455,7.043455,-5.455691
4668.000000,431.884985,554.264858,0.000375,7.034713,7.034713,-5.504733
4670.000000,433.559431,555.368611,0.000519,7.025135,7.025135,-5.552188
4672.000000,435.232728,556.474106,0.000567,7.014987,7.014987,-5.597694
4674.000000,436.904603,557.581749,0.000500,7.004074,7.004074,-5.640842
4676.000000,438.575440,558.690958,0.000439,6.992826,6.992826,-5.682274
4678.000000,440.245329,559.801592,0.000403,6.981182,6.981182,-5.722076
4680.000000,441.914245,560.913690,0.000331,6.968613,6.968613,-5.760095
4682.000000,443.582463,562.026835,0.000313,6.955147,6.955147,-5.796832
4684.000000,445.250098,563.140851,0.000412,6.941228,6.941228,-5.832574
4686.000000,446.916802,564.256260,0.000595,6.927564,6.927564,-5.866668
4688.000000,448.582267,565.373519,0.000745,6.914835,6.914835,-5.898432
4690.000000,450.245810,566.493637,0.000745,6.904120,6.904120,-5.926423
4692.000000,451.907753,567.616128,0.000692,6.895404,6.895404,-5.951024
4694.000000,453.568116,568.740955,0.000660,6.888602,6.888602,-5.971994
4696.000000,455.227006,569.867952,0.000634,6.883612,6.883612,-5.989145
4698.000000,456.884461,570.997059,0.000685,6.880517,6.880517,-6.002758
4700.000000,458.540522,572.128211,0.000759,6.880168,6.880168,-6.013148
4702.000000,460.194594,573.262267,0.000781,6.884672,6.884672,-6.019496
4704.000000,461.847143,574.398542,0.000764,6.894752,6.894752,-6.022457
4706.000000,463.497610,575.537839,0.000579,6.909569,6.909569,-6.020904
4708.000000,465.146793,576.678994,0.000319,6.928066,6.928066,-6.015981
4710.000000,466.795331,577.821081,0.000196,6.947750,6.947750,-6.008352
4712.000000,468.443522,578.963669,0.000043,6.965990,6.965990,-5.997736
4714.000000,470.091253,580.106920,-0.000289,6.983458,6.983458,-5.985214
4716.000000,471.739856,581.248914,-0.000537,6.999117,6.999117,-5.973955
4718.000000,473.389823,582.388935,-0.000619,7.012438,7.012438,-5.964900
4720.000000,475.041108,583.527047,-0.000739,7.022026,7.022026,-5.956830
4722.000000,476.694044,584.662758,-0.001016,7.026561,7.026561,-5.949011
4724.000000,478.349094,585.795388,-0.001089,7.024209,7.024209,-5.941606
4726.000000,480.007497,586.923102,-0.000556,7.012984,7.012984,-5.937266
4728.000000,481.666958,588.049259,0.000117,6.996866,6.996866,-5.933739
4730.000000,483.325989,589.176050,0.000392,6.976579,6.976579,-5.929224
4732.000000,484.983765,590.304685,0.000373,6.952279,6.952279,-5.922595
4734.000000,486.640938,591.434207,0.000352,6.922737,6.922737,-5.913036
4736.000000,488.297199,592.565065,0.000516,6.889886,6.889886,-5.896021
4738.000000,489.952693,593.697046,0.000816,6.853297,6.853297,-5.868208
4740.000000,491.605941,594.832303,0.000728,6.813274,6.813274,-5.825683
4742.000000,493.257024,595.970708,0.000302,6.770632,6.770632,-5.769030
4744.000000,494.908054,597.109189,0.000087,6.724731,6.724731,-5.700790
4746.000000,496.558598,598.248375,0.000084,6.678600,6.678600,-5.618215
4748.000000,498.209368,599.387233,0.000160,6.630487,6.630487,-5.518231
4750.000000,499.859409,600.527148,-0.000197,6.581395,6.581395,-5.383698
4752.000000,501.509221,601.667391,-0.000854,6.530160,6.530160,-5.186518
4754.000000,503.162012,602.803315,-0.001192,6.471529,6.471529,-4.930434
4756.000000,504.816864,603.936232,-0.001642,6.406592,6.406592,-4.606017
4758.000000,506.475457,605.063664,-0.002813,6.334875,6.334875,-4.199064
4760.000000,508.139364,606.183231,-0.005245,6.261144,6.261144,-3.727745
4762.000000,509.814135,607.286453,-0.008076,6.195894,6.195894,-3.199754
4764.000000,511.508224,608.359727,-0.010129,6.155608,6.155608,-2.550899
4766.000000,513.222857,609.399833,-0.012858,6.143103,6.143103,-1.744443
4768.000000,514.962488,610.397475,-0.018474,6.162134,6.162134,-0.771807
4770.000000,516.735372,611.334348,-0.026362,6.219951,6.219951,0.274615
4772.000000,518.556368,612.173062,-0.033792,6.340730,6.340730,1.280579
4774.000000,520.430151,612.886490,-0.038757,6.532614,6.532614,2.213286
4776.000000,522.355258,613.446254,-0.041509,6.781292,6.781292,3.099707
4778.000000,524.318952,613.847619,-0.044199,7.074632,7.074632,3.963937
4780.000000,526.310109,614.072198,-0.047558,7.402219,7.402219,4.773899
4782.000000,528.313057,614.108187,-0.050272,7.755181,7.755181,5.529855
4784.000000,530.308513,613.937814,-0.051074,8.116005,8.116005,6.239943
4786.000000,532.277216,613.564735,-0.061862,8.473154,8.473154,6.903929
4788.000000,534.195229,612.993986,-0.128579,8.807465,8.807465,7.422097
4790.000000,535.964380,612.074936,-0.175351,9.144574,9.144574,7.468496
4792.000000,537.008935,610.362936,-0.119803,8.851668,8.851668,7.317355
4794.000000,537.832543,608.534660,-0.075550,8.562070,8.562070,6.943702
4796.000000,538.335354,606.594451,-0.071741,8.293668,8.293668,6.420064
4798.000000,538.558699,604.602886,-0.060722,8.101413,8.101413,5.692349
4800.000000,538.538807,602.598656,-0.051289,7.986639,7.986639,4.802291
4802.000000,538.315548,600.606325,-0.044273,7.957023,7.957023,3.785660
4804.000000,537.921331,598.640451,-0.038631,8.023719,8.023719,2.715738
4806.000000,537.369757,596.712723,-0.030096,8.184301,8.184301,1.632961
4808.000000,536.699854,594.822852,-0.017518,8.408757,8.408757,0.548242
4810.000000,535.960988,592.958431,-0.008401,8.656730,8.656730,-0.475657
4812.000000,535.212390,591.097883,-0.006878,8.870419,8.870419,-1.374032
4814.000000,534.426219,589.252974,-0.005276,9.102390,9.102390,-2.161471
4816.000000,533.622786,587.415440,-0.004102,9.344233,9.344233,-2.789736
4818.000000,532.813281,585.580589,-0.006164,9.568928,9.568928,-3.310726
4820.000000,531.972846,583.759714,-0.008305,9.764553,9.764553,-3.742899
4822.000000,531.110194,581.949501,-0.010570,9.943640,9.943640,-4.101691
4824.000000,530.202248,580.161316,-0.010683,10.074007,10.074007,-4.426882
4826.000000,529.254727,578.393822,-0.008543,10.160715,10.160715,-4.699688
4828.000000,528.278946,576.641732,-0.008130,10.218076,10.218076,-4.916543
4830.000000,527.278466,574.903657,-0.008967,10.248191,10.248191,-5.069652
4832.000000,526.241952,573.186798,-0.007926,10.238328,10.238328,-5.196985
4834.000000,525.178004,571.486855,-0.006166,10.199548,10.199548,-5.318282
4836.000000,524.096091,569.798225,-0.006250,10.144285,10.144285,-5.408511
4838.000000,522.993647,568.122963,-0.007077,10.069530,10.069530,-5.468204
4840.000000,521.866002,566.464549,-0.006729,9.968432,9.968432,-5.509013
4842.000000,520.714712,564.822446,-0.005158,9.842916,9.842916,-5.525162
4844.000000,519.546700,563.192188,-0.003564,9.700239,9.700239,-5.521270
4846.000000,518.367921,561.569687,-0.003262,9.549360,9.549360,-5.496448
4848.000000,517.180828,559.953267,-0.004111,9.395690,9.395690,-5.444301
4850.000000,515.978790,558.347941,-0.005006,9.232184,9.232184,-5.374327
4852.000000,514.761904,556.753831,-0.005831,9.061178,9.061178,-5.286763
4854.000000,513.525478,555.174849,-0.005264,8.891214,8.891214,-5.196653
4856.000000,512.268859,553.611883,-0.003444,8.725338,8.725338,-5.119449
4858.000000,511.005668,552.054196,-0.002746,8.553029,8.553029,-5.037163
4860.000000,509.732596,550.504599,-0.002058,8.394802,8.394802,-4.951009
4862.000000,508.451644,548.961488,-0.001389,8.247855,8.247855,-4.866150
4864.000000,507.170748,547.418328,-0.000266,8.122911,8.122911,-4.770703
4866.000000,505.880420,545.883047,-0.000725,8.026978,8.026978,-4.674494
4868.000000,504.605728,544.334926,-0.003822,7.923042,7.923042,-4.538669
4870.000000,503.300667,542.812595,-0.005482,7.871467,7.871467,-4.413967
4872.000000,501.993892,541.291360,-0.007328,7.815517,7.815517,-4.275867
4874.000000,500.653849,539.799388,-0.008451,7.782563,7.782563,-4.169892
4876.000000,499.293599,538.325702,-0.009981,7.743081,7.743081,-4.084537
4878.000000,497.906361,536.877526,-0.011813,7.689287,7.689287,-4.025381
4880.000000,496.477105,535.470826,-0.010973,7.644641,7.644641,-4.013899
4882.000000,495.023572,534.089072,-0.011313,7.585164,7.585164,-4.020343
4884.000000,493.537547,532.742459,-0.011717,7.526344,7.526344,-4.049609
4886.000000,492.017453,531.434414,-0.009948,7.470891,7.470891,-4.097571
4888.000000,490.472972,530.155120,-0.008847,7.416707,7.416707,-4.154171
4890.000000,488.907596,528.901596,-0.008196,7.360173,7.360173,-4.220214
4892.000000,487.318538,527.678139,-0.005893,7.311135,7.311135,-4.301474
4894.000000,485.716067,526.472287,-0.003302,7.268193,7.268193,-4.385702
4896.000000,484.106244,525.276251,-0.001829,7.232084,7.232084,-4.466066
4898.000000,482.492574,524.085408,-0.001112,7.202804,7.202804,-4.540866
4900.000000,480.876387,522.897982,-0.000834,7.179378,7.179378,-4.612551
4902.000000,479.258459,521.712930,-0.000735,7.161291,7.161291,-4.683694
4904.000000,477.638594,520.530528,-0.000624,7.148978,7.148978,-4.754071
4906.000000,476.017364,519.349996,-0.000477,7.144072,7.144072,-4.817908
4908.000000,474.394885,518.171183,-0.000342,7.147959,7.147959,-4.871280
4910.000000,472.771751,516.993271,-0.000381,7.159091,7.159091,-4.914202
4912.000000,471.147944,515.816287,-0.000596,7.177006,7.177006,-4.947084
4914.000000,469.522536,514.641514,-0.000722,7.198549,7.198549,-4.971654
4916.000000,467.895387,513.469155,-0.000771,7.220222,7.220222,-4.990812
4918.000000,466.266529,512.299171,-0.000722,7.240078,7.240078,-5.005908
4920.000000,464.635591,511.132089,-0.000469,7.256043,7.256043,-5.018133
4922.000000,463.003756,509.966261,-0.000183,7.268988,7.268988,-5.027809
4924.000000,461.371403,508.801159,0.000088,7.278567,7.278567,-5.035319
4926.000000,459.739268,507.635750,0.000303,7.284740,7.284740,-5.039540
4928.000000,458.108038,506.469076,0.000339,7.286968,7.286968,-5.037305
4930.000000,456.477617,505.301271,0.000319,7.286652,7.286652,-5.027000
4932.000000,454.847847,504.132557,0.000346,7.284738,7.284738,-5.006279
4934.000000,453.218951,502.962627,0.000275,7.281627,7.281627,-4.972729
4936.000000,451.590899,501.791521,0.000032,7.276973,7.276973,-4.925204
4938.000000,449.962861,500.620397,-0.000181,7.271198,7.271198,-4.866361
4940.000000,448.334248,499.450072,-0.000200,7.265401,7.265401,-4.800496
4942.000000,446.705069,498.280535,-0.000165,7.260456,7.260456,-4.729488
4944.000000,445.075718,497.111237,-0.000232,7.258120,7.258120,-4.654429
4946.000000,443.445732,495.942825,-0.000318,7.258648,7.258648,-4.579033
4948.000000,441.815014,494.775435,-0.000341,7.262501,7.262501,-4.504104
4950.000000,440.183415,493.609277,-0.000231,7.269695,7.269695,-4.428706
4952.000000,438.551122,492.444090,-0.000020,7.279616,7.279616,-4.351425
4954.000000,436.918934,491.278756,0.000123,7.291258,7.291258,-4.269959
4956.000000,435.287047,490.113001,0.000150,7.303849,7.303849,-4.182871
4958.000000,433.655604,488.946625,0.000138,7.316179,7.316179,-4.087589
4960.000000,432.024373,487.779951,0.000200,7.326882,7.326882,-3.984828
4962.000000,430.393564,486.612687,0.000297,7.335298,7.335298,-3.874812
4964.000000,428.763570,485.444288,0.000315,7.340974,7.340974,-3.757632
4966.000000,427.134309,484.274864,0.000269,7.343681,7.343681,-3.632641
4968.000000,425.505723,483.104502,0.000193,7.343337,7.343337,-3.499832
4970.000000,423.877581,481.933522,0.000120,7.340252,7.340252,-3.359827
4972.000000,422.249693,480.762188,0.000059,7.334651,7.334651,-3.214081
4974.000000,420.621982,479.590610,-0.000020,7.326698,7.326698,-3.065085
4976.000000,418.994219,478.419102,-0.000082,7.316943,7.316943,-2.913586
4978.000000,417.366194,477.247959,-0.000067,7.305499,7.305499,-2.760480
4980.000000,415.737977,476.077084,-0.000034,7.293121,7.293121,-2.605693
4982.000000,414.109780,474.906180,-0.000057,7.280265,7.280265,-2.448804
4984.000000,412.481415,473.735510,-0.000108,7.267961,7.267961,-2.289914
4986.000000,410.852831,472.565144,-0.000120,7.256822,7.256822,-2.129000
4988.000000,409.223841,471.395344,-0.000066,7.247411,7.247411,-1.966355
4990.000000,407.594757,470.225674,-0.000040,7.239611,7.239611,-1.800972
4992.000000,405.965646,469.056043,-0.000075,7.233478,7.233478,-1.632322
4994.000000,404.336308,467.886728,-0.000119,7.228853,7.228853,-1.461111
4996.000000,402.706748,466.717722,-0.000162,7.225818,7.225818,-1.287949
4998.000000,401.076747,465.549330,-0.000186,7.224316,7.224316,-1.114130
5000.000000,399.446335,464.381513,-0.000218,7.224123,7.224123,-0.940756
5002.000000,397.815446,463.214362,-0.000275,7.225249,7.225249,-0.768521
5004.000000,396.183877,462.048162,-0.000302,7.228077,7.228077,-0.598002
5006.000000,394.551575,460.882988,-0.000292,7.232410,7.232410,-0.429259
5008.000000,392.918593,459.718766,-0.000310,7.238099,7.238099,-0.261983
5010.000000,391.284975,458.555438,-0.000352,7.244938,7.244938,-0.095813
5012.000000,389.650411,457.393438,-0.000349,7.253184,7.253184,0.068831
5014.000000,388.015091,456.232504,-0.000354,7.262510,7.262510,0.232123
5016.000000,386.378977,455.072689,-0.000424,7.273063,7.273063,0.394013
5018.000000,384.741912,453.914216,-0.000563,7.284550,7.284550,0.554164
5020.000000,383.103597,452.757513,-0.000690,7.297729,7.297729,0.711745
5022.000000,381.463510,451.603323,-0.000748,7.313469,7.313469,0.865840
5024.000000,379.821819,450.451415,-0.000991,7.331611,7.331611,1.016725
5026.000000,378.178187,449.302279,-0.001473,7.352769,7.352769,1.163623
5028.000000,376.530906,448.158391,-0.000839,7.379780,7.379780,1.302956
5030.000000,374.879341,447.020689,0.000334,7.414000,7.414000,1.433982
5032.000000,373.232301,445.876449,-0.000031,7.440054,7.440054,1.571587
5034.000000,371.583544,444.734683,-0.000501,7.469210,7.469210,1.704080
5036.000000,369.933404,443.594911,-0.000057,7.500678,7.500678,1.832079
5038.000000,368.283154,442.455299,0.000428,7.532626,7.532626,1.957639
5040.000000,366.633988,441.314120,0.000820,7.563361,7.563361,2.082596
5042.000000,364.986685,440.170252,0.001111,7.592009,7.592009,2.207924
5044.000000,363.342097,439.022486,0.001263,7.616804,7.616804,2.334695
5046.000000,361.700435,437.870538,0.001241,7.637956,7.637956,2.463156
5048.000000,360.061854,436.714213,0.001091,7.655110,7.655110,2.594273
5050.000000,358.425672,435.554494,0.000869,7.669869,7.669869,2.727435
5052.000000,356.791742,434.391605,0.000656,7.682896,7.682896,2.862896
5054.000000,355.158996,433.227053,0.000586,7.695409,7.695409,2.999117
5056.000000,353.527754,432.060396,0.000512,7.705567,7.705567,3.136806
5058.000000,351.897795,430.891945,0.000298,7.712789,7.712789,3.275415
5060.000000,350.268555,429.722494,-0.000115,7.717074,7.717074,3.413608
5062.000000,348.639385,428.552944,-0.000645,7.717617,7.717617,3.549660
5064.000000,347.008283,427.386092,-0.001026,7.716697,7.716697,3.678876
5066.000000,345.374941,426.222377,-0.001327,7.713274,7.713274,3.799715
5068.000000,343.738428,425.063128,-0.001585,7.708068,7.708068,3.910194
5070.000000,342.098142,423.909224,-0.001579,7.699611,7.699611,4.008668
5072.000000,340.453873,422.761002,-0.001357,7.686942,7.686942,4.093829
5074.000000,338.806753,421.616872,-0.001089,7.666211,7.666211,4.166493
5076.000000,337.156834,420.476781,-0.000810,7.642292,7.642292,4.227365
5078.000000,335.505375,419.338922,-0.000677,7.613687,7.613687,4.279885
5080.000000,333.852386,418.203286,-0.000529,7.579850,7.579850,4.324406
5082.000000,332.197827,417.069939,-0.000447,7.539550,7.539550,4.360353
5084.000000,330.543120,415.936811,-0.000643,7.492584,7.492584,4.389508
5086.000000,328.886214,414.806897,-0.000572,7.445044,7.445044,4.408988
5088.000000,327.228018,413.678879,-0.000190,7.397610,7.397610,4.420620
5090.000000,325.569420,412.551451,0.000114,7.350377,7.350377,4.426214
5092.000000,323.911193,411.423479,0.000239,7.303204,7.303204,4.428517
5094.000000,322.253659,410.294486,0.000332,7.256684,7.256684,4.427938
5096.000000,320.596532,409.164899,0.000599,7.213126,7.213126,4.423803
5098.000000,318.940910,408.033105,0.000819,7.171378,7.171378,4.417339
5100.000000,317.287308,406.898362,0.000888,7.129630,7.129630,4.409075
5102.000000,315.635609,405.760856,0.001030,7.089453,7.089453,4.398424
5104.000000,313.986183,404.620051,0.001044,7.052565,7.052565,4.384981
5106.000000,312.339722,403.474971,0.000826,7.017171,7.017171,4.367875
5108.000000,310.694623,402.327939,0.000765,6.983556,6.983556,4.345699
5110.000000,309.051428,401.178177,0.000724,6.949879,6.949879,4.319613
5112.000000,307.410112,400.025735,0.000530,6.917659,6.917659,4.289930
5114.000000,305.769819,398.871839,0.000294,6.888150,6.888150,4.255617
5116.000000,304.130507,397.716548,0.000040,6.857992,6.857992,4.217742
5118.000000,302.490933,396.561628,-0.000041,6.829701,6.829701,4.171755
5120.000000,300.851270,395.406836,0.000016,6.803271,6.803271,4.107506
5122.000000,299.211663,394.251963,0.000049,6.777215,6.777215,4.014209
5124.000000,297.572181,393.096914,-0.000082,6.752482,6.752482,3.881445
5126.000000,295.932845,391.941658,-0.000208,6.730510,6.730510,3.690570
5128.000000,294.292330,390.788076,0.000327,6.713203,6.713203,3.435887
5130.000000,292.652099,389.634091,0.001339,6.699354,6.699354,3.111573
5132.000000,291.015514,388.474942,0.002335,6.689391,6.689391,2.717740
5134.000000,289.383804,387.308949,0.003523,6.685470,6.685470,2.292963
5136.000000,287.760534,386.131243,0.005089,6.689358,6.689358,1.862708
5138.000000,286.148738,384.937884,0.006946,6.702022,6.702022,1.424911
5140.000000,284.554152,383.721649,0.009153,6.726157,6.726157,0.970630
5142.000000,282.981123,382.477738,0.011668,6.759934,6.759934,0.507458
5144.000000,281.438655,381.196221,0.013926,6.804805,6.804805,0.050237
5146.000000,279.932359,379.872357,0.016144,6.857639,6.857639,-0.401086
5148.000000,278.469188,378.500978,0.017325,6.909661,6.909661,-0.852609
5150.000000,277.058759,377.075352,0.017868,6.954878,6.954878,-1.291146
5152.000000,275.694118,375.606163,0.021140,6.991527,6.991527,-1.705903
5154.000000,274.393219,374.080250,0.026784,7.017110,7.017110,-2.078183
5156.000000,273.175041,372.487883,0.034684,7.046814,7.046814,-2.393709
5158.000000,272.065123,370.818091,0.040166,7.099658,7.099658,-2.639521
5160.000000,271.114104,369.053019,0.040232,7.164513,7.164513,-2.797348
5162.000000,270.290527,367.225246,0.047217,7.186509,7.186509,-2.906312
5164.000000,269.632290,365.333361,0.056031,7.200989,7.200989,-2.926123
5166.000000,269.226182,363.372510,0.050640,7.294111,7.294111,-2.765766
5168.000000,269.015722,361.378797,0.037425,7.413535,7.413535,-2.449780
5170.000000,268.959482,359.374389,0.026389,7.537212,7.537212,-2.003366
5172.000000,268.997308,357.369467,0.021087,7.679036,7.679036,-1.512367
5174.000000,269.116717,355.367921,0.018404,7.844096,7.844096,-1.037312
5176.000000,269.317634,353.372734,0.013674,8.003659,8.003659,-0.590851
5178.000000,269.569065,351.383102,0.010777,8.146942,8.146942,-0.186081
5180.000000,269.856714,349.398396,0.010834,8.268184,8.268184,0.167512
5182.000000,270.193199,347.421408,0.009254,8.371010,8.371010,0.494878
5184.000000,270.567919,345.451259,0.006447,8.461078,8.461078,0.803755
5186.000000,270.963976,343.485265,0.006176,8.524960,8.524960,1.091683
5188.000000,271.380987,341.523613,0.006974,8.563156,8.563156,1.368788
5190.000000,271.831991,339.569497,0.005539,8.577185,8.577185,1.652990
5192.000000,272.303592,337.620242,0.002991,8.579392,8.579392,1.934018
5194.000000,272.786813,335.673827,0.000860,8.577215,8.577215,2.199069
5196.000000,273.272982,333.728145,-0.000540,8.577715,8.577715,2.432502
5198.000000,273.755068,331.781447,-0.000855,8.585107,8.585107,2.620122
5200.000000,274.233940,329.833956,-0.000780,8.596345,8.596345,2.775052
5202.000000,274.709970,327.885769,-0.000584,8.608412,8.608412,2.902331
5204.000000,275.182703,325.936778,-0.000129,8.617622,8.617622,3.000913
5206.000000,275.655737,323.987860,0.000252,8.621250,8.621250,3.075856
5208.000000,276.129452,322.039108,0.000407,8.619892,8.619892,3.128329
5210.000000,276.605450,320.090913,0.000397,8.612409,8.612409,3.164577
5212.000000,277.082570,318.142991,0.000278,8.601677,8.601677,3.194950
5214.000000,277.561369,316.195482,0.000161,8.588146,8.588146,3.225415
5216.000000,278.040034,314.247940,0.000106,8.573298,8.573298,3.252458
5218.000000,278.519802,312.300669,-0.000002,8.555652,8.555652,3.278099
5220.000000,278.999158,310.353297,0.000111,8.536885,8.536885,3.304287
5222.000000,279.478196,308.405846,0.000511,8.517898,8.517898,3.331996
5224.000000,279.960011,306.459081,0.000723,8.498508,8.498508,3.364041
5226.000000,280.444576,304.512999,0.000779,8.480600,8.480600,3.400540
5228.000000,280.932150,302.567668,0.000899,8.463249,8.463249,3.442126
5230.000000,281.423111,300.623190,0.001054,8.445740,8.445740,3.490256
5232.000000,281.918316,298.679788,0.001210,8.427284,8.427284,3.547105
5234.000000,282.418086,296.737556,0.001359,8.405552,8.405552,3.612595
5236.000000,282.923342,294.796743,0.001336,8.378499,8.378499,3.686271
5238.000000,283.434227,292.857405,0.001037,8.345302,8.345302,3.764928
5240.000000,283.949161,290.919137,0.000574,8.306375,8.306375,3.844712
5242.000000,284.466498,288.981509,-0.000035,8.262940,8.262940,3.923530
5244.000000,284.983908,287.043900,-0.000557,8.217184,8.217184,3.998093
5246.000000,285.498232,285.105470,-0.000722,8.171280,8.171280,4.065209
5248.000000,286.009990,283.166361,-0.000685,8.126117,8.126117,4.127125
5250.000000,286.518740,281.226461,-0.000534,8.081994,8.081994,4.183523
5252.000000,287.025409,279.286016,-0.000346,8.038037,8.038037,4.235103
5254.000000,287.530940,277.345274,-0.000232,7.993326,7.993326,4.282057
5256.000000,288.035438,275.404263,0.000107,7.949397,7.949397,4.324893
5258.000000,288.539532,273.463148,-0.000359,7.906223,7.906223,4.365095
5260.000000,289.047124,271.522970,-0.000874,7.859974,7.859974,4.406428
5262.000000,289.542517,269.579653,-0.000020,7.826973,7.826973,4.434555
5264.000000,290.045191,267.638178,0.000094,7.786949,7.786949,4.469587
5266.000000,290.545215,265.696010,-0.000264,7.750613,7.750613,4.501841
5268.000000,291.044728,263.753710,-0.000208,7.715312,7.715312,4.534138
5270.000000,291.543807,261.811299,-0.000589,7.681154,7.681154,4.567165
5272.000000,292.041026,259.868411,-0.001073,7.649818,7.649818,4.599858
5274.000000,292.533218,257.924244,-0.001120,7.623698,7.623698,4.629201
5276.000000,293.020598,255.978865,-0.000925,7.603305,7.603305,4.655322
5278.000000,293.505162,254.032782,-0.000665,7.586463,7.586463,4.679874
5280.000000,293.985728,252.085709,-0.000594,7.574620,7.574620,4.701470
5282.000000,294.466726,250.138743,-0.000875,7.562969,7.562969,4.724628
5284.000000,294.941584,248.190269,-0.000748,7.558649,7.558649,4.742694
5286.000000,295.414612,246.241351,-0.000362,7.557435,7.557435,4.760369
5288.000000,295.885754,244.291975,0.000023,7.559052,7.559052,4.777750
5290.000000,296.356839,242.342585,0.000441,7.562098,7.562098,4.796892
5292.000000,296.830277,240.393766,0.000545,7.562965,7.562965,4.820814
5294.000000,297.305963,238.445494,0.000618,7.562513,7.562513,4.849244
5296.000000,297.783321,236.497631,0.000702,7.560247,7.560247,4.881397
5298.000000,298.264745,234.550771,0.000437,7.554388,7.554388,4.919216
5300.000000,298.747331,232.604196,0.000088,7.546783,7.546783,4.959047
5302.000000,299.230357,230.657731,0.000065,7.539073,7.539073,4.999612
5304.000000,299.712721,228.711102,0.000227,7.531958,7.531958,5.039241
5306.000000,300.196990,226.764946,0.000240,7.521944,7.521944,5.080127
5308.000000,300.681661,224.818890,0.000142,7.510596,7.510596,5.120667
5310.000000,301.167369,222.873092,-0.000046,7.497441,7.497441,5.161975
5312.000000,301.652825,220.927231,-0.000275,7.482539,7.482539,5.203048
5314.000000,302.137032,218.981060,-0.000479,7.467466,7.467466,5.243264
5316.000000,302.619698,217.034506,-0.000716,7.452454,7.452454,5.282817
5318.000000,303.099215,215.087173,-0.000847,7.436699,7.436699,5.320693
5320.000000,303.575391,213.139022,-0.000838,7.421894,7.421894,5.357038
5322.000000,304.048170,211.190043,-0.000703,7.409522,7.409522,5.391996
5324.000000,304.517985,209.240347,-0.000511,7.398915,7.398915,5.425373
5326.000000,304.986126,207.290248,-0.000443,7.390055,7.390055,5.457702
5328.000000,305.452587,205.339747,-0.000389,7.383585,7.383585,5.487858
5330.000000,305.917151,203.388793,-0.000144,7.378259,7.378259,5.514970
5332.000000,306.381107,201.437694,0.000063,7.373390,7.373390,5.540510
5334.000000,306.845923,199.486800,0.000065,7.368660,7.368660,5.566096
5336.000000,307.310609,197.535876,0.000062,7.364518,7.364518,5.590882
5338.000000,307.775718,195.585051,0.000042,7.361248,7.361248,5.615804
5340.000000,308.241078,193.634287,0.000004,7.359154,7.359154,5.640773
5342.000000,308.706170,191.683459,0.000029,7.357950,7.357950,5.665322
5344.000000,309.171616,189.732715,0.000049,7.357506,7.357506,5.690126
5346.000000,309.637082,187.781976,0.000109,7.358447,7.358447,5.714883
5348.000000,310.102925,185.831328,0.000155,7.359035,7.359035,5.740019
5350.000000,310.569694,183.880900,0.000132,7.359817,7.359817,5.766030
5352.000000,311.036666,181.930521,0.000153,7.360169,7.360169,5.792359
5354.000000,311.504365,179.980316,0.000133,7.360466,7.360466,5.819888
5356.000000,311.972797,178.030288,0.000036,7.361106,7.361106,5.848426
5358.000000,312.441110,176.080230,-0.000036,7.362433,7.362433,5.876854
5360.000000,312.909490,174.130189,-0.000081,7.365409,7.365409,5.904898
5362.000000,313.377292,172.180009,-0.000033,7.370104,7.370104,5.931188
5364.000000,313.844922,170.229787,0.000071,7.375937,7.375937,5.955648
5366.000000,314.312961,168.279664,0.000093,7.382583,7.382583,5.978708
5368.000000,314.781464,166.329653,0.000047,7.389742,7.389742,6.000653
5370.000000,315.250085,164.379669,-0.000026,7.397218,7.397218,6.021444
5372.000000,315.718739,162.429694,-0.000063,7.405777,7.405777,6.041156
5374.000000,316.186807,160.479577,-0.000049,7.414776,7.414776,6.059398
5376.000000,316.655021,158.529496,-0.000122,7.424014,7.424014,6.076955
5378.000000,317.122762,156.579301,-0.000230,7.433603,7.433603,6.093143
5380.000000,317.589387,154.628840,-0.000320,7.443094,7.443094,6.107312
5382.000000,318.055124,152.678165,-0.000438,7.453288,7.453288,6.119666
5384.000000,318.518748,150.726988,-0.000470,7.462082,7.462082,6.128921
5386.000000,318.980628,148.775397,-0.000458,7.470354,7.470354,6.135429
5388.000000,319.440756,146.823392,-0.000433,7.478286,7.478286,6.139153
5390.000000,319.898958,144.870934,-0.000426,7.485842,7.485842,6.140202
5392.000000,320.355982,142.918201,-0.000536,7.492494,7.492494,6.139825
5394.000000,320.810616,140.964909,-0.000527,7.498147,7.498147,6.136963
5396.000000,321.262806,139.011050,-0.000408,7.501956,7.501956,6.131379
5398.000000,321.714020,137.056965,-0.000362,7.504916,7.504916,6.124497
5400.000000,322.163227,135.102418,-0.000294,7.506469,7.506469,6.115192
5402.000000,322.611753,133.147715,-0.000446,7.508382,7.508382,6.104539
5404.000000,323.059036,131.192727,-0.000953,7.511692,7.511692,6.091350
5406.000000,323.502482,129.236866,-0.001580,7.519301,7.519301,6.072222
5408.000000,323.939893,127.279647,-0.002101,7.533047,7.533047,6.045041
5410.000000,324.368413,125.320464,-0.002343,7.554467,7.554467,6.006841
5412.000000,324.787746,123.359293,-0.001875,7.584743,7.584743,5.957564
5414.000000,325.197497,121.396100,-0.001661,7.625146,7.625146,5.897207
5416.000000,325.606096,119.432668,-0.002301,7.667676,7.667676,5.835238
5418.000000,326.000412,117.466319,-0.002083,7.725682,7.725682,5.758877
5420.000000,326.388165,115.498658,-0.001351,7.791155,7.791155,5.674818
5422.000000,326.770470,113.529933,-0.000914,7.863321,7.863321,5.584536
5424.000000,327.148901,111.560458,-0.000156,7.940615,7.940615,5.488755
5426.000000,327.526095,109.590746,0.009218,8.020411,8.020411,5.389279
5428.000000,327.907165,107.621781,0.007191,8.105187,8.105187,5.285121
