s_m,x_m,y_m,kappa_radpm,w_tr_right_m,w_tr_left_m,d_m
0.000000,-447.277242,-330.778632,0.000011,7.556000,7.536000,-5.164164
2.000000,-446.105588,-329.159516,0.000009,7.556869,7.536449,-5.141307
4.000000,-444.933965,-327.540376,0.000010,7.557626,7.536818,-5.115852
6.000000,-443.758924,-325.916448,0.000009,7.558385,7.537190,-5.086747
8.000000,-442.587364,-324.297266,0.000009,7.559184,7.537591,-5.045859
10.000000,-441.415832,-322.678061,0.000009,7.559999,7.537999,-5.001791
12.000000,-440.244330,-321.058835,0.000009,7.560805,7.538396,-4.952635
14.000000,-439.069406,-319.434822,0.000008,7.561603,7.538795,-4.900138
16.000000,-437.897960,-317.815556,0.000008,7.562395,7.539210,-4.841812
18.000000,-436.726539,-316.196271,0.000008,7.563190,7.539627,-4.779909
20.000000,-435.555144,-314.576968,0.000008,7.563998,7.539999,-4.709032
22.000000,-434.380327,-312.952879,0.000007,7.564823,7.540315,-4.629793
24.000000,-433.208981,-311.333539,0.000007,7.565622,7.540712,-4.547291
26.000000,-432.037660,-309.714182,0.000007,7.566356,7.541363,-4.462794
28.000000,-430.866361,-308.094808,0.000007,7.567090,7.542215,-4.376232
30.000000,-429.691638,-306.470652,0.000007,7.567999,7.542999,-4.287286
32.000000,-428.520383,-304.851247,0.000006,7.569181,7.543507,-4.196526
34.000000,-427.349149,-303.231827,0.000006,7.570432,7.543841,-4.103900
36.000000,-426.177935,-301.612392,0.000006,7.571484,7.544176,-4.009752
38.000000,-425.003302,-299.988191,0.000006,7.572285,7.544576,-3.914212
40.000000,-423.832115,-298.368715,0.000006,7.572998,7.544999,-3.818251
42.000000,-422.660957,-296.749240,0.000005,7.573770,7.545407,-3.722041
44.000000,-421.489815,-295.129754,0.000005,7.574586,7.545801,-3.625265
46.000000,-420.315256,-293.505505,0.000005,7.575405,7.546198,-3.529063
48.000000,-419.144133,-291.885978,0.000005,7.576205,7.546598,-3.434601
50.000000,-417.973038,-290.266458,0.000004,7.576998,7.546999,-3.342177
52.000000,-416.801957,-288.646927,0.000004,7.577795,7.547399,-3.252571
54.000000,-415.627457,-287.022642,0.000004,7.578598,7.547800,-3.166491
56.000000,-414.456386,-285.403070,0.000004,7.579398,7.548199,-3.085403
58.000000,-413.285342,-283.783512,0.000003,7.580198,7.548598,-3.009981
60.000000,-412.114310,-282.163947,0.000003,7.580997,7.548998,-2.941018
62.000000,-410.943288,-280.544373,0.000003,7.581795,7.549400,-2.879197
64.000000,-409.768828,-278.920025,0.000003,7.582598,7.549801,-2.824670
66.000000,-408.597825,-277.300439,0.000003,7.583398,7.550196,-2.777608
68.000000,-407.426828,-275.680846,0.000002,7.584199,7.550591,-2.737428
70.000000,-406.255841,-274.061248,0.000002,7.584996,7.550998,-2.703663
72.000000,-405.081415,-272.436877,0.000002,7.585792,7.551422,-2.675611
74.000000,-403.910443,-270.817268,0.000002,7.586591,7.551822,-2.652752
76.000000,-402.739477,-269.197653,0.000002,7.587408,7.552156,-2.634364
78.000000,-401.568519,-267.578034,0.000002,7.588225,7.552491,-2.619860
80.000000,-400.394120,-265.953642,0.000002,7.588998,7.552998,-2.608671
82.000000,-399.223174,-264.334013,0.000002,7.589712,7.553780,-2.600339
84.000000,-398.052234,-262.714380,0.000002,7.590510,7.554632,-2.594233
86.000000,-396.881300,-261.094743,0.000002,7.591559,7.555284,-2.589770
88.000000,-395.706925,-259.470335,0.000001,7.592814,7.555684,-2.586400
90.000000,-394.536001,-257.850691,0.000001,7.593995,7.555999,-2.583678
92.000000,-393.365082,-256.231044,0.000001,7.594903,7.556369,-2.581173
94.000000,-392.194166,-254.611392,0.000001,7.595638,7.556787,-2.578508
96.000000,-391.019847,-252.987022,0.000001,7.596374,7.557205,-2.575434
98.000000,-389.848902,-251.367314,0.000001,7.597174,7.557605,-2.571838
100.000000,-388.677999,-249.747654,0.000001,7.597996,7.557998,-2.567651
102.000000,-387.507099,-248.127993,0.000001,7.598803,7.558396,-2.562824
104.000000,-386.332795,-246.503617,0.000001,7.599600,7.558798,-2.557376
106.000000,-385.161861,-244.883896,0.000001,7.600395,7.559198,-2.551456
108.000000,-383.990968,-243.264229,0.000001,7.601194,7.559598,-2.545222
110.000000,-382.820078,-241.644560,0.000001,7.601995,7.559998,-2.538875
112.000000,-381.645787,-240.020183,0.000000,7.602797,7.560397,-2.532588
114.000000,-380.474857,-238.400452,0.000000,7.603596,7.560797,-2.526584
116.000000,-379.303971,-236.780779,0.000000,7.604396,7.561199,-2.521013
118.000000,-378.133086,-235.161107,0.000000,7.605195,7.561599,-2.515879
120.000000,-376.958802,-233.536731,0.000000,7.605997,7.561998,-2.511094
122.000000,-375.787871,-231.916992,-0.000000,7.606795,7.562392,-2.506572
124.000000,-374.616987,-230.297320,-0.000000,7.607594,7.562792,-2.502085
126.000000,-373.446102,-228.677647,-0.000000,7.608395,7.563208,-2.497387
128.000000,-372.275216,-227.057976,-0.000000,7.609196,7.563626,-2.492264
130.000000,-371.100883,-225.433536,-0.000000,7.609996,7.563998,-2.486603
132.000000,-369.929996,-223.813865,-0.000001,7.610789,7.564312,-2.480497
134.000000,-368.759107,-222.194196,-0.000001,7.611587,7.564710,-2.474008
136.000000,-367.588216,-220.574528,-0.000001,7.612404,7.565359,-2.467217
138.000000,-366.413876,-218.950094,-0.000001,7.613223,7.566212,-2.460199
140.000000,-365.242980,-217.330428,-0.000001,7.613994,7.566994,-2.453094
142.000000,-364.072083,-215.710766,-0.000001,7.614709,7.567504,-2.445986
144.000000,-362.901180,-214.091105,-0.000001,7.615506,7.567840,-2.438941
146.000000,-361.726830,-212.466680,-0.000001,7.616557,7.568175,-2.431967
148.000000,-360.555921,-210.847023,-0.000001,7.617808,7.568574,-2.425153
150.000000,-359.385009,-209.227371,-0.000001,7.618990,7.568997,-2.418496
152.000000,-358.214092,-207.607721,-0.000001,7.619899,7.569404,-2.412011
154.000000,-357.039724,-205.983307,-0.000001,7.620636,7.569800,-2.405696
156.000000,-355.868798,-204.363664,-0.000002,7.621370,7.570195,-2.399601
158.000000,-354.697867,-202.744025,-0.000002,7.622170,7.570595,-2.393700
160.000000,-353.526931,-201.124390,-0.000002,7.622992,7.570996,-2.387981
162.000000,-352.352609,-199.500086,-0.000002,7.623801,7.571397,-2.382483
164.000000,-351.181593,-197.880365,-0.000002,7.624596,7.571797,-2.377432
166.000000,-350.010638,-196.260742,-0.000002,7.625391,7.572195,-2.373061
168.000000,-348.839677,-194.641126,-0.000002,7.626190,7.572595,-2.369636
170.000000,-347.665333,-193.016845,-0.000002,7.626993,7.572997,-2.367423
172.000000,-346.494286,-191.397139,-0.000002,7.627793,7.573398,-2.366713
174.000000,-345.323304,-189.777537,-0.000002,7.628592,7.573797,-2.367764
176.000000,-344.152313,-188.157941,-0.000003,7.629391,7.574193,-2.370781
178.000000,-342.977941,-186.533688,-0.000003,7.630192,7.574589,-2.375913
180.000000,-341.806859,-184.914000,-0.000003,7.630992,7.574996,-2.383305
182.000000,-340.635843,-183.294422,-0.000003,7.631793,7.575419,-2.393127
184.000000,-339.464817,-181.674852,-0.000003,7.632592,7.575819,-2.405525
186.000000,-338.293783,-180.055287,-0.000003,7.633387,7.576155,-2.420605
188.000000,-337.119292,-178.430962,-0.000003,7.634184,7.576489,-2.438614
190.000000,-335.948238,-176.811412,-0.000003,7.634991,7.576994,-2.459746
192.000000,-334.777174,-175.191868,-0.000003,7.635813,7.577772,-2.484360
194.000000,-333.606098,-173.572334,-0.000003,7.636613,7.578624,-2.512761
196.000000,-332.431565,-171.948039,-0.000003,7.637350,7.579280,-2.545268
198.000000,-331.260469,-170.328519,-0.000004,7.638084,7.579681,-2.581735
200.000000,-330.089360,-168.709009,-0.000004,7.638988,7.579997,-2.622252
202.000000,-328.918240,-167.089506,-0.000004,7.640166,7.580366,-2.666818
204.000000,-327.743661,-165.465246,-0.000004,7.641421,7.580784,-2.715407
206.000000,-326.572516,-163.845760,-0.000004,7.642475,7.581201,-2.767369
208.000000,-325.401360,-162.226285,-0.000004,7.643276,7.581601,-2.822435
210.000000,-324.230190,-160.606818,-0.000004,7.643990,7.581995,-2.880177
212.000000,-323.055559,-158.982594,-0.000004,7.644762,7.582394,-2.940323
214.000000,-321.884363,-157.363147,-0.000004,7.645578,7.582794,-3.002113
216.000000,-320.713152,-155.743710,-0.000004,7.646396,7.583195,-3.065371
218.000000,-319.541928,-154.124282,-0.000004,7.647194,7.583595,-3.129812
220.000000,-318.367337,-152.500232,-0.000005,7.647990,7.583995,-3.195542
222.000000,-317.195988,-150.880693,-0.000005,7.648787,7.584395,-3.262279
224.000000,-316.024719,-149.261297,-0.000005,7.649589,7.584795,-3.330343
226.000000,-314.853436,-147.641914,-0.000005,7.650389,7.585194,-3.399913
228.000000,-313.678788,-146.017911,-0.000005,7.651190,7.585594,-3.471372
230.000000,-312.507373,-144.398413,-0.000005,7.651989,7.585995,-3.544449
232.000000,-311.336041,-142.779064,-0.000005,7.652788,7.586396,-3.619393
234.000000,-310.164694,-141.159726,-0.000005,7.653588,7.586795,-3.696267
236.000000,-308.989983,-139.535775,-0.000005,7.654389,7.587192,-3.775417
238.000000,-307.818497,-137.916320,-0.000005,7.655189,7.587587,-3.856493
240.000000,-306.647098,-136.297021,-0.000005,7.655989,7.587994,-3.939662
242.000000,-305.475681,-134.677733,-0.000006,7.656789,7.588417,-4.024652
244.000000,-304.300904,-133.053838,-0.000006,7.657591,7.588818,-4.111259
246.000000,-303.129343,-131.434431,-0.000006,7.658386,7.589154,-4.198366
248.000000,-301.957871,-129.815184,-0.000005,7.659180,7.589487,-4.285529
250.000000,-300.786383,-128.195948,-0.000003,7.659988,7.589991,-4.372125
252.000000,-299.614883,-126.576719,0.000001,7.660810,7.590768,-4.457553
254.000000,-298.439939,-124.952722,0.000007,7.661612,7.591623,-4.541419
256.000000,-297.268466,-123.333475,0.000012,7.662348,7.592278,-4.622601
258.000000,-296.097032,-121.714199,0.000017,7.663080,7.592680,-4.700859
260.000000,-294.925653,-120.094884,0.000022,7.663983,7.592995,-4.775714
262.000000,-293.750898,-118.470751,0.000027,7.665164,7.593365,-4.846930
264.000000,-292.579677,-116.851320,0.000032,7.666416,7.593782,-4.913715
266.000000,-291.408560,-115.231816,0.000037,7.667471,7.594199,-4.975988
268.000000,-290.237562,-113.612224,0.000042,7.668272,7.594599,-5.033536
270.000000,-289.063254,-111.987767,0.000047,7.668990,7.594994,-5.086365
272.000000,-287.892546,-110.367968,0.000052,7.669759,7.595392,-5.134162
274.000000,-286.722004,-108.748047,0.000057,7.670575,7.595792,-5.177176
276.000000,-285.551649,-107.127992,0.000062,7.671392,7.596194,-5.215466
278.000000,-284.378049,-105.503023,0.000067,7.672194,7.596595,-5.249153
280.000000,-283.208112,-103.882665,0.000072,7.672987,7.596994,-5.278036
282.000000,-282.038408,-102.262140,0.000077,7.673785,7.597391,-5.302270
284.000000,-280.868954,-100.641433,0.000082,7.674586,7.597792,-5.321945
286.000000,-279.696452,-99.015939,0.000087,7.675387,7.598197,-5.337242
288.000000,-278.527421,-97.394662,0.000092,7.676186,7.598601,-5.348215
290.000000,-277.358815,-95.773343,0.000097,7.676986,7.598993,-5.354934
292.000000,-276.190524,-94.151800,0.000102,7.677790,7.599371,-5.357369
294.000000,-275.019256,-92.525422,0.000107,7.678592,7.599771,-5.355476
296.000000,-273.851515,-90.903208,0.000112,7.679379,7.600233,-5.349221
298.000000,-272.684268,-89.280912,0.000117,7.680164,7.600695,-5.338573
300.000000,-271.517401,-87.658342,0.000122,7.680985,7.600996,-5.323476
302.000000,-270.347630,-86.030896,0.000127,7.681916,7.601218,-5.303716
304.000000,-269.181439,-84.407558,0.000132,7.683158,7.602487,-5.279068
306.000000,-268.015813,-82.784099,0.000137,7.684946,7.606141,-5.248898
308.000000,-266.850630,-81.160318,0.000142,7.687285,7.612111,-5.212532
310.000000,-265.685911,-79.536207,0.000147,7.689948,7.618868,-5.169381
312.000000,-264.518243,-77.906970,0.000152,7.692730,7.625155,-5.118802
314.000000,-263.354497,-76.282160,0.000157,7.695540,7.630996,-5.060600
316.000000,-262.191263,-74.656985,0.000163,7.698351,7.636831,-4.994218
318.000000,-261.028555,-73.031431,0.000167,7.701146,7.642824,-4.919493
320.000000,-259.862972,-71.400703,0.000172,7.703949,7.648891,-4.836128
322.000000,-258.701370,-69.774359,0.000177,7.706751,7.654905,-4.744486
324.000000,-257.540346,-68.147604,0.000182,7.709550,7.660888,-4.644234
326.000000,-256.379913,-66.520426,0.000187,7.712333,7.666872,-4.535263
328.000000,-255.216677,-64.888022,0.000193,7.715122,7.672885,-4.417099
330.000000,-254.057485,-63.259961,0.000198,7.717944,7.678881,-4.290293
332.000000,-252.898938,-61.631441,0.000201,7.720816,7.684869,-4.154308
334.000000,-251.741046,-60.002454,0.000205,7.723617,7.690863,-4.008923
336.000000,-250.580410,-58.368200,0.000214,7.726202,7.696894,-3.853430
338.000000,-249.423874,-56.738251,0.000223,7.728577,7.702909,-3.688457
340.000000,-248.268080,-55.107774,0.000202,7.730947,7.708870,-3.513166
342.000000,-247.113014,-53.476784,0.000127,7.733505,7.714764,-3.327130
344.000000,-245.955133,-51.840900,0.000017,7.736367,7.720769,-3.129662
346.000000,-244.800416,-50.209339,-0.000108,7.739584,7.727054,-2.921803
348.000000,-243.645508,-48.578234,-0.000242,7.742752,7.733545,-2.703078
350.000000,-242.489813,-46.947690,-0.000376,7.744956,7.739852,-2.473443
352.000000,-241.329631,-45.313442,-0.000506,7.745998,7.745755,-2.232130
354.000000,-240.170890,-43.684728,-0.000637,7.748718,7.751679,-1.980229
356.000000,-239.010247,-42.057702,-0.000776,7.756449,7.758238,-1.716851
358.000000,-237.847092,-40.432470,-0.000920,7.764389,7.764891,-1.441684
360.000000,-236.677659,-38.804833,-0.001046,7.759198,7.769910,-1.153684
362.000000,-235.507883,-37.184005,-0.001129,7.731516,7.772065,-0.854119
364.000000,-234.334591,-35.566072,-0.001051,7.690243,7.772660,-0.541648
366.000000,-233.157524,-33.950919,-0.000593,7.648848,7.773604,-0.215341
368.000000,-231.974837,-32.332931,0.000280,7.612380,7.775379,0.128765
370.000000,-230.796003,-30.718634,0.001524,7.577517,7.776977,0.494051
372.000000,-229.621709,-29.101277,0.003133,7.541178,7.777755,0.887680
374.000000,-228.457605,-27.476710,0.004246,7.504474,7.778823,1.319127
376.000000,-227.309628,-25.840973,0.003363,7.469477,7.781639,1.797758
378.000000,-226.171491,-24.191146,0.000267,7.434881,7.784840,2.319997
380.000000,-225.038090,-22.544693,-0.004708,7.396284,7.784089,2.866110
382.000000,-223.891528,-20.906933,-0.011615,7.352170,7.778067,3.412866
384.000000,-222.708126,-19.296219,-0.018960,7.315264,7.778643,3.921327
386.000000,-221.462216,-17.732944,-0.024414,7.302628,7.800460,4.359516
388.000000,-220.138826,-16.233466,-0.027675,7.340789,7.834524,4.717202
390.000000,-218.734194,-14.809925,-0.029568,7.466536,7.845915,4.990600
392.000000,-217.246675,-13.473066,-0.030383,7.687065,7.819141,5.178417
394.000000,-215.680325,-12.229194,-0.030495,7.886573,7.824278,5.284072
396.000000,-214.040776,-11.083346,-0.030262,7.923716,7.948718,5.308914
398.000000,-212.334782,-10.039070,-0.029556,7.827580,8.152711,5.253957
400.000000,-210.570131,-9.098516,-0.027458,7.792215,8.273458,5.120617
402.000000,-208.755650,-8.259501,-0.023247,7.942399,8.199195,4.909818
404.000000,-206.903339,-7.506128,-0.017926,8.144729,8.008384,4.632406
406.000000,-205.025693,-6.819419,-0.012629,8.216185,7.820708,4.307839
408.000000,-203.126789,-6.178652,-0.007806,8.136490,7.708285,3.956592
410.000000,-201.223229,-5.568200,-0.004395,8.023574,7.704149,3.602735
412.000000,-199.315787,-4.971465,-0.003064,7.968949,7.809957,3.267018
414.000000,-197.404978,-4.385710,-0.003059,7.961723,7.936618,2.955342
416.000000,-195.485504,-3.809600,-0.003613,7.968961,7.979989,2.666620
418.000000,-193.566873,-3.248388,-0.004513,7.973763,7.928942,2.399755
420.000000,-191.643656,-2.704638,-0.005456,7.973888,7.857063,2.148973
422.000000,-189.714549,-2.182054,-0.006303,7.965877,7.826852,1.909081
424.000000,-187.778997,-1.683825,-0.007108,7.939569,7.849207,1.675773
426.000000,-185.830817,-1.211667,-0.008011,7.884015,7.921870,1.444351
428.000000,-183.881059,-0.772019,-0.008985,7.808415,8.028773,1.211731
430.000000,-181.923718,-0.367560,-0.009789,7.740154,8.142007,0.972332
432.000000,-179.958688,-0.001907,-0.010273,7.701593,8.235388,0.721771
434.000000,-177.981154,0.324006,-0.010452,7.693666,8.291530,0.456969
436.000000,-176.002159,0.607195,-0.010232,7.711836,8.296202,0.178176
438.000000,-174.018152,0.849376,-0.009634,7.747807,8.261550,-0.113318
440.000000,-172.029831,1.053335,-0.008969,7.790152,8.222673,-0.413850
442.000000,-170.038239,1.221742,-0.008355,7.835308,8.200146,-0.720649
444.000000,-168.038709,1.357206,-0.007786,7.905676,8.164190,-1.032542
446.000000,-166.042299,1.461170,-0.007213,8.025851,8.077514,-1.345942
448.000000,-164.045060,1.536324,-0.006606,8.172893,7.959201,-1.659480
450.000000,-162.047001,1.585109,-0.006009,8.284387,7.874838,-1.971111
452.000000,-160.048530,1.609919,-0.005410,8.318207,7.869331,-2.278839
454.000000,-158.044025,1.613096,-0.004826,8.297062,7.920829,-2.581698
456.000000,-156.045479,1.596940,-0.004252,8.256786,7.992985,-2.876404
458.000000,-154.047154,1.563821,-0.003673,8.221272,8.052272,-3.162492
460.000000,-152.049123,1.516043,-0.003095,8.204999,8.067108,-3.438607
462.000000,-150.045562,1.455713,-0.002526,8.214717,8.021925,-3.704225
464.000000,-148.048210,1.385448,-0.001965,8.235500,7.948549,-3.956438
466.000000,-146.051154,1.307359,-0.001407,8.248158,7.887218,-4.194748
468.000000,-144.054328,1.223667,-0.000853,8.236478,7.862189,-4.418015
470.000000,-142.051771,1.136299,-0.000290,8.186464,7.884928,-4.625703
472.000000,-140.055146,1.047996,0.000290,8.096000,7.955221,-4.815369
474.000000,-138.058469,0.960853,0.000855,7.997306,8.039511,-4.986384
476.000000,-136.061638,0.877218,0.001349,7.928287,8.098931,-5.137499
478.000000,-134.059189,0.798842,0.001741,7.897729,8.123797,-5.268093
480.000000,-132.061390,0.727780,0.001926,7.889973,8.128981,-5.376694
482.000000,-130.063801,0.664877,0.001815,7.891032,8.127663,-5.463577
484.000000,-128.065989,0.609314,0.001549,7.897057,8.122988,-5.530220
486.000000,-126.062625,0.559765,0.001294,7.906642,8.115708,-5.578246
488.000000,-124.064047,0.515478,0.001070,7.920249,8.105107,-5.608645
490.000000,-122.065868,0.475477,0.000849,7.940086,8.089106,-5.622517
492.000000,-120.067627,0.438881,0.000616,7.967775,8.066372,-5.620647
494.000000,-118.063954,0.404659,0.000379,8.002904,8.038119,-5.603557
496.000000,-116.065146,0.372036,0.000143,8.043864,8.006598,-5.571828
498.000000,-114.066827,0.339990,-0.000091,8.082391,7.977067,-5.525938
500.000000,-112.068512,0.307579,-0.000326,8.104114,7.957637,-5.466351
502.000000,-110.070218,0.273870,-0.000561,8.098217,7.954398,-5.393534
504.000000,-108.066082,0.237813,-0.000797,8.066347,7.966426,-5.307727
506.000000,-106.067888,0.198672,-0.001034,8.013528,7.990940,-5.210014
508.000000,-104.069776,0.155404,-0.001271,7.946829,8.023850,-5.100637
510.000000,-102.071781,0.107063,-0.001505,7.875297,8.059870,-4.980156
512.000000,-100.068057,0.052544,-0.001741,7.805997,8.094794,-4.849521
514.000000,-98.070415,-0.008784,-0.001980,7.740647,8.127392,-4.711380
516.000000,-96.073031,-0.078008,-0.002217,7.679427,8.157273,-4.567349
518.000000,-94.075969,-0.156073,-0.002450,7.629712,8.180422,-4.419349
520.000000,-92.073437,-0.244196,-0.002684,7.604737,8.189864,-4.268949
522.000000,-90.077276,-0.342809,-0.002910,7.611386,8.182049,-4.119076
524.000000,-88.081728,-0.453042,-0.003055,7.635172,8.164799,-3.971290
526.000000,-86.086910,-0.575706,-0.003011,7.657944,8.147895,-3.827611
528.000000,-84.087530,-0.710957,-0.002804,7.674081,8.134414,-3.689027
530.000000,-82.093759,-0.857090,-0.002548,7.688121,8.122033,-3.556827
532.000000,-80.101289,-1.013317,-0.002291,7.703811,8.108802,-3.431186
534.000000,-78.109554,-1.178659,-0.002035,7.720746,8.094925,-3.312602
536.000000,-76.113181,-1.352575,-0.001782,7.737727,8.081008,-3.201395
538.000000,-74.122244,-1.533183,-0.001530,7.754166,8.067387,-3.098818
540.000000,-72.132396,-1.719824,-0.001276,7.770211,8.053986,-3.005291
542.000000,-70.143033,-1.911531,-0.001021,7.786051,8.040743,-2.921332
544.000000,-68.148746,-2.107829,-0.000770,7.802078,8.027567,-2.847198
546.000000,-66.159550,-2.306725,-0.000519,7.818546,8.014452,-2.783707
548.000000,-64.171096,-2.507627,-0.000267,7.835160,8.001076,-2.731052
550.000000,-62.182749,-2.709589,-0.000016,7.851058,7.986965,-2.689468
552.000000,-60.189095,-2.912156,0.000235,7.866179,7.972206,-2.659033
554.000000,-58.200121,-3.113300,0.000486,7.882729,7.958829,-2.639986
556.000000,-56.211491,-3.312457,0.000736,7.903083,7.948773,-2.632230
558.000000,-54.222569,-3.508688,0.000987,7.922806,7.938367,-2.635556
560.000000,-52.233264,-3.701001,0.001236,7.931846,7.919274,-2.649691
562.000000,-50.237630,-3.888945,0.001491,7.923585,7.888572,-2.674238
564.000000,-48.247304,-4.070392,0.001745,7.903032,7.861356,-2.708268
566.000000,-46.256353,-4.244888,0.001988,7.877698,7.855870,-2.750762
568.000000,-44.264723,-4.411463,0.002233,7.853805,7.881534,-2.800571
570.000000,-42.266505,-4.569652,0.002545,7.836432,7.940388,-2.856641
572.000000,-40.273378,-4.717377,0.002963,7.824964,8.028230,-2.917146
574.000000,-38.279418,-4.853342,0.003443,7.800252,8.124287,-2.980111
576.000000,-36.284560,-4.975620,0.003946,7.741462,8.203841,-3.043237
578.000000,-34.282919,-5.082470,0.004474,7.666441,8.243206,-3.104240
580.000000,-32.286275,-5.171110,0.005013,7.627621,8.219153,-3.160280
582.000000,-30.288824,-5.239750,0.005543,7.658694,8.125169,-3.209230
584.000000,-28.290737,-5.286271,0.006068,7.730662,8.006176,-3.248985
586.000000,-26.286909,-5.308589,0.006608,7.802378,7.915830,-3.277647
588.000000,-24.287685,-5.304391,0.007162,7.869563,7.859294,-3.293203
590.000000,-22.289287,-5.271590,0.007693,7.960945,7.798284,-3.294291
592.000000,-20.291586,-5.208040,0.008205,8.087777,7.710613,-3.279818
594.000000,-18.295225,-5.111713,0.008506,8.202390,7.629933,-3.248881
596.000000,-16.294998,-4.980374,0.008357,8.247053,7.600321,-3.200612
598.000000,-14.303123,-4.815526,0.007795,8.212914,7.632178,-3.137028
600.000000,-12.314043,-4.619677,0.007082,8.132813,7.707131,-3.061899
602.000000,-10.327983,-4.395720,0.006367,8.037821,7.805520,-2.979266
604.000000,-8.339700,-4.145816,0.005672,7.948886,7.907366,-2.892991
606.000000,-6.359047,-3.874001,0.005006,7.885128,7.992236,-2.807579
608.000000,-4.381807,-3.582508,0.004339,7.859413,8.047392,-2.726801
610.000000,-2.407178,-3.273847,0.003619,7.880376,8.065412,-2.654308
612.000000,-0.429665,-2.949910,0.002837,7.942972,8.045550,-2.593357
614.000000,1.541365,-2.615542,0.002197,8.002134,8.006073,-2.547927
616.000000,3.510428,-2.273260,0.001998,8.008304,7.968402,-2.521244
618.000000,5.478183,-1.923597,0.002248,7.959836,7.942817,-2.513789
620.000000,7.444386,-1.565268,0.002803,7.893278,7.930749,-2.523919
622.000000,9.414420,-1.195231,0.003636,7.837460,7.931509,-2.549333
624.000000,11.375943,-0.812064,0.004602,7.794533,7.939261,-2.585801
626.000000,13.333874,-0.410812,0.005537,7.761274,7.946507,-2.628995
628.000000,15.287254,0.012120,0.006420,7.750229,7.938246,-2.674888
630.000000,17.240773,0.461442,0.007306,7.786795,7.893217,-2.719864
632.000000,19.181831,0.937907,0.008209,7.881093,7.806375,-2.759939
634.000000,21.114827,1.446125,0.009118,7.997278,7.720144,-2.791515
636.000000,23.038334,1.989446,0.010087,8.091228,7.683991,-2.810845
638.000000,24.950535,2.571366,0.010991,8.143345,7.700272,-2.814007
640.000000,26.854892,3.197362,0.011525,8.153756,7.733624,-2.796919
642.000000,28.738469,3.866091,0.011476,8.127800,7.757757,-2.757087
644.000000,30.606211,4.578008,0.011041,8.083486,7.778215,-2.695521
646.000000,32.457697,5.331068,0.010486,8.039632,7.807409,-2.613911
648.000000,34.292934,6.122818,0.009836,7.993163,7.862056,-2.514506
650.000000,36.117585,6.952972,0.009206,7.923999,7.962434,-2.399704
652.000000,37.921293,7.814037,0.008625,7.830869,8.103477,-2.272881
654.000000,39.709910,8.706027,0.008045,7.764007,8.213263,-2.136197
656.000000,41.483929,9.626648,0.007450,7.779526,8.212634,-1.992044
658.000000,43.248607,10.576103,0.006868,7.870149,8.110110,-1.842468
660.000000,44.996083,11.547492,0.006350,7.978727,7.982977,-1.690615
662.000000,46.730572,12.540511,0.005906,8.059105,7.894004,-1.538395
664.000000,48.453236,13.553900,0.005553,8.100499,7.858521,-1.387389
666.000000,50.164616,14.586224,0.005284,8.100757,7.880110,-1.239080
668.000000,51.870027,15.639604,0.005102,8.073567,7.938814,-1.093974
670.000000,53.559599,16.707226,0.004937,8.045493,7.995330,-0.953326
672.000000,55.238543,17.791479,0.004742,8.035588,8.021746,-0.817071
674.000000,56.907140,18.891589,0.004532,8.040551,8.023459,-0.685698
676.000000,58.570568,20.010071,0.004331,8.052446,8.012762,-0.559361
678.000000,60.219371,21.139617,0.004139,8.065212,7.998666,-0.439281
680.000000,61.858780,22.282751,0.003939,8.074482,7.987362,-0.325422
682.000000,63.489138,23.438749,0.003734,8.076496,7.983801,-0.218163
684.000000,65.115032,24.609940,0.003533,8.069030,7.989749,-0.117645
686.000000,66.728944,25.789942,0.003336,8.050282,8.006291,-0.024753
688.000000,68.334406,26.980264,0.003134,8.018931,8.035002,0.060322
690.000000,69.932385,28.180614,0.002929,7.974048,8.077831,0.137189
692.000000,71.527429,29.393456,0.002728,7.922577,8.128123,0.205600
694.000000,73.112247,30.612252,0.002531,7.894132,8.154454,0.264777
696.000000,74.690337,31.838620,0.002331,7.920048,8.123312,0.314335
698.000000,76.262699,33.072322,0.002130,7.999241,8.034785,0.353760
700.000000,77.833855,34.315938,0.001929,8.105844,7.914602,0.382611
702.000000,79.396672,35.562815,0.001727,8.213519,7.791204,0.400280
704.000000,80.954641,36.814641,0.001525,8.300693,7.693957,0.406402
706.000000,82.508799,38.071188,0.001342,8.348358,7.650150,0.400546
708.000000,84.059594,39.331885,0.001179,8.360992,7.654332,0.382387
710.000000,85.611987,40.599933,0.001063,8.361189,7.675871,0.351588
712.000000,87.157183,41.867485,0.001008,8.365947,7.691445,0.308295
714.000000,88.699837,43.138129,0.000978,8.374477,7.701917,0.252862
716.000000,90.239997,44.411793,0.000945,8.382500,7.712809,0.185758
718.000000,91.782267,45.692134,0.000908,8.388821,7.725768,0.107096
720.000000,93.317686,46.971510,0.000870,8.394574,7.739282,0.017713
722.000000,94.850882,48.253549,0.000833,8.400720,7.752274,-0.082080
724.000000,96.381944,49.538137,0.000796,8.407275,7.764901,-0.191726
726.000000,97.915456,50.828953,0.000760,8.414080,7.777600,-0.310996
728.000000,99.442505,52.118307,0.000725,8.420919,7.790406,-0.438531
730.000000,100.967687,53.409869,0.000688,8.427638,7.803242,-0.573824
732.000000,102.491093,54.703526,0.000650,8.434130,7.816027,-0.715956
734.000000,104.017294,56.002978,0.000614,8.440479,7.828851,-0.864431
736.000000,105.537419,57.300488,0.000578,8.446758,7.841705,-1.017353
738.000000,107.056046,58.599752,0.000541,8.453105,7.854552,-1.174058
740.000000,108.573266,59.900657,0.000504,8.459653,7.867212,-1.333437
742.000000,110.093080,61.206452,0.000468,8.466464,7.879640,-1.494794
744.000000,111.608318,62.510785,0.000432,8.473300,7.891995,-1.656273
746.000000,113.121876,63.815948,0.000395,8.479932,7.904565,-1.817260
748.000000,114.634405,65.122307,0.000358,8.486327,7.917372,-1.977175
750.000000,116.149888,66.433117,0.000322,8.492623,7.930278,-2.135824
752.000000,117.661191,67.742016,0.000286,8.498918,7.943097,-2.291864
754.000000,119.171189,69.051296,0.000249,8.505351,7.955868,-2.445000
756.000000,120.680536,70.361327,0.000212,8.512036,7.968644,-2.594777
758.000000,122.193209,71.675372,0.000176,8.518897,7.981469,-2.741119
760.000000,123.702096,72.987063,0.000140,8.525655,7.994270,-2.882889
762.000000,125.210057,74.298689,0.000103,8.532155,8.007061,-3.020000
764.000000,126.717749,75.610625,0.000067,8.538475,8.019849,-3.152248
766.000000,128.225266,76.922761,0.000030,8.544745,8.032636,-3.279478
768.000000,129.737141,78.238851,-0.000006,8.551108,8.045461,-3.402009
770.000000,131.244597,79.551060,-0.000043,8.557658,8.058253,-3.519180
772.000000,132.752163,80.863140,-0.000079,8.564450,8.071048,-3.631536
774.000000,134.259938,82.174981,-0.000116,8.571281,8.083834,-3.739309
776.000000,135.772456,83.490333,-0.000152,8.577931,8.096641,-3.843059
778.000000,137.280934,84.801364,-0.000189,8.584324,8.109414,-3.942480
780.000000,138.789907,86.111827,-0.000225,8.590602,8.122238,-4.038092
782.000000,140.299469,87.421611,-0.000261,8.596892,8.135107,-4.129920
784.000000,141.814161,88.734458,-0.000298,8.603341,8.147913,-4.218240
786.000000,143.325188,90.042551,-0.000335,8.610023,8.160420,-4.302615
788.000000,144.837090,91.349634,-0.000372,8.616865,8.172753,-4.383436
790.000000,146.349961,92.655593,-0.000407,8.623619,8.185181,-4.460862
792.000000,147.868355,93.964159,-0.000442,8.630137,8.197919,-4.535266
794.000000,149.383446,95.267542,-0.000479,8.636455,8.210774,-4.606356
796.000000,150.899779,96.569483,-0.000519,8.642722,8.223616,-4.674476
798.000000,152.417457,97.869854,-0.000555,8.649065,8.236397,-4.739741
800.000000,153.940479,99.171833,-0.000559,8.655627,8.249192,-4.802267
802.000000,155.461717,100.469237,-0.000513,8.662418,8.261974,-4.861398
804.000000,156.983702,101.764564,-0.000436,8.669247,8.274762,-4.916555
806.000000,158.506823,103.058556,-0.000348,8.675876,8.287550,-4.967005
808.000000,160.034738,104.354782,-0.000253,8.682285,8.300365,-5.012012
810.000000,161.560016,105.647441,-0.000158,8.688563,8.313151,-5.050382
812.000000,163.085102,106.939114,-0.000065,8.694851,8.325932,-5.081374
814.000000,164.610356,108.230592,0.000027,8.701279,8.338716,-5.104508
816.000000,166.139427,109.525444,0.000120,8.707975,8.351538,-5.119561
818.000000,167.664901,110.817880,0.000213,8.714819,8.364332,-5.126357
820.000000,169.189223,112.110457,0.000307,8.721572,8.377109,-5.124961
822.000000,170.712752,113.403967,0.000400,8.728071,8.389876,-5.115692
824.000000,172.239123,114.701993,0.000493,8.734409,8.402701,-5.099043
826.000000,173.760938,115.998744,0.000586,8.740692,8.415559,-5.075640
828.000000,175.280631,117.296762,0.000678,8.747045,8.428402,-5.046095
830.000000,176.798565,118.596833,0.000773,8.753572,8.441071,-5.010973
832.000000,178.314498,119.899242,0.000873,8.760318,8.453494,-4.970288
834.000000,179.832608,121.208138,0.000968,8.767183,8.465880,-4.923058
836.000000,181.343706,122.516149,0.001046,8.773973,8.478378,-4.868334
838.000000,182.852057,123.827328,0.001116,8.780494,8.491132,-4.803748
840.000000,184.357515,125.141834,0.001234,8.786490,8.504161,-4.726147
842.000000,185.864228,126.463844,0.001421,8.792134,8.517364,-4.631061
844.000000,187.362736,127.786262,0.001473,8.798720,8.530079,-4.513017
846.000000,188.856934,129.113537,0.001097,8.807538,8.541806,-4.364699
848.000000,190.347924,130.444420,0.000303,8.816036,8.553794,-4.179947
850.000000,191.842392,131.780261,-0.000777,8.818704,8.568716,-3.953027
852.000000,193.334299,133.110135,-0.002102,8.815891,8.586210,-3.679757
854.000000,194.831731,134.433774,-0.003531,8.824431,8.597916,-3.356359
856.000000,196.338539,135.746775,-0.004911,8.860482,8.595800,-2.981751
858.000000,197.862076,137.048153,-0.006246,8.889408,8.597333,-2.553742
860.000000,199.398540,138.327681,-0.007585,8.837536,8.639455,-2.072346
862.000000,200.953619,139.583323,-0.008928,8.681683,8.733510,-1.533481
864.000000,202.530836,140.810997,-0.010245,8.536197,8.820854,-0.935252
866.000000,204.132978,142.006046,-0.011431,8.531519,8.835012,-0.278163
868.000000,205.766954,143.167466,-0.012627,8.646240,8.791148,0.437619
870.000000,207.424799,144.284209,-0.014192,8.742351,8.766904,1.201215
872.000000,209.113283,145.354307,-0.016296,8.732192,8.805409,1.998893
874.000000,210.835585,146.369026,-0.018886,8.678343,8.848097,2.809728
876.000000,212.595072,147.318738,-0.021957,8.670294,8.820491,3.615082
878.000000,214.394427,148.190827,-0.025485,8.716343,8.735696,4.392528
880.000000,216.235794,148.970311,-0.029348,8.755788,8.681153,5.116458
882.000000,218.120176,149.641104,-0.033552,8.739382,8.717430,5.762963
884.000000,220.045345,150.184270,-0.038024,8.665149,8.808930,6.313067
886.000000,222.007737,150.580039,-0.042929,8.545991,8.898094,6.755271
888.000000,223.991063,150.806089,-0.047593,8.437234,8.947516,7.082760
890.000000,225.991566,150.840752,-0.050050,8.425229,8.936681,7.295748
892.000000,227.981479,150.670682,-0.049309,8.540171,8.863319,7.408271
894.000000,229.949539,150.304163,-0.046598,8.684725,8.763905,7.432072
896.000000,231.868075,149.756114,-0.042496,8.751465,8.679336,7.370489
898.000000,233.738312,149.044349,-0.037557,8.741153,8.623928,7.230353
900.000000,235.550853,148.194980,-0.033879,8.714393,8.598306,7.021277
902.000000,237.297918,147.230171,-0.032015,8.706387,8.602018,6.762150
904.000000,238.982797,146.154671,-0.031411,8.691305,8.633963,6.457349
906.000000,240.598654,144.975740,-0.031914,8.636349,8.691651,6.112897
908.000000,242.136653,143.696906,-0.033256,8.556806,8.756154,5.729872
910.000000,243.586412,142.318568,-0.034833,8.504898,8.796060,5.300777
912.000000,244.936981,140.842111,-0.036318,8.513535,8.796835,4.815791
914.000000,246.176276,139.271795,-0.036770,8.560226,8.789695,4.264366
916.000000,247.293377,137.613259,-0.034805,8.612750,8.810593,3.628377
918.000000,248.288542,135.883382,-0.030550,8.662619,8.844613,2.900587
920.000000,249.177401,134.092841,-0.025052,8.717479,8.843420,2.094041
922.000000,249.974237,132.259518,-0.018706,8.776737,8.785957,1.236498
924.000000,250.703959,130.392001,-0.012403,8.822239,8.710347,0.370107
926.000000,251.386479,128.513207,-0.007153,8.834204,8.661918,-0.446720
928.000000,252.042939,126.625544,-0.003104,8.810047,8.650558,-1.176127
930.000000,252.688880,124.734291,-0.000649,8.757360,8.664941,-1.791691
932.000000,253.336487,122.838680,-0.000024,8.688365,8.692362,-2.280956
934.000000,253.983397,120.946345,-0.000250,8.625523,8.718527,-2.657280
936.000000,254.628622,119.054776,-0.000367,8.590367,8.730408,-2.943385
938.000000,255.272238,117.162670,-0.000291,8.581949,8.727945,-3.155099
940.000000,255.914794,115.270206,-0.000207,8.584466,8.719636,-3.301204
942.000000,256.558566,113.371940,-0.000197,8.586360,8.711671,-3.384319
944.000000,257.199719,111.478996,-0.000220,8.586895,8.704413,-3.405418
946.000000,257.840015,109.585763,-0.000229,8.587342,8.697077,-3.366707
948.000000,258.479428,107.692231,-0.000223,8.588142,8.689458,-3.272712
950.000000,259.119877,105.792839,-0.000216,8.589191,8.681695,-3.131219
952.000000,259.757632,103.898749,-0.000215,8.590370,8.673994,-2.948912
954.000000,260.394575,102.004385,-0.000215,8.591595,8.666456,-2.725427
956.000000,261.030701,100.109747,-0.000215,8.592795,8.659175,-2.458016
958.000000,261.667881,98.209257,-0.000213,8.593983,8.652011,-2.144026
960.000000,262.302382,96.314075,-0.000212,8.595216,8.644749,-1.786523
962.000000,262.936082,94.418622,-0.000210,8.596492,8.637225,-1.388799
964.000000,263.568985,92.522905,-0.000209,8.597659,8.629561,-0.958510
966.000000,264.202955,90.621342,-0.000208,8.598565,8.621889,-0.504374
968.000000,264.834275,88.725097,-0.000207,8.599309,8.614301,-0.038675
970.000000,265.464811,86.828591,-0.000206,8.600169,8.606742,0.434268
972.000000,266.094566,84.931825,-0.000204,8.601296,8.599179,0.910603
974.000000,266.724989,83.030455,-0.000203,8.602571,8.591556,1.386520
976.000000,267.353611,81.131941,-0.000203,8.603827,8.583881,1.853746
978.000000,267.981055,79.234411,-0.000202,8.605020,8.576245,2.308128
980.000000,268.607730,77.336625,-0.000200,8.606191,8.568816,2.746364
982.000000,269.235075,75.434243,-0.000192,8.607375,8.561625,3.163783
984.000000,269.860656,73.534720,-0.000154,8.608585,8.554456,3.547548
986.000000,270.485157,71.636217,-0.000052,8.609830,8.547034,3.889233
988.000000,271.109401,69.737632,0.000102,8.611055,8.539399,4.185085
990.000000,271.735464,67.834832,0.000266,8.612163,8.531779,4.431725
992.000000,272.361531,65.935464,0.000423,8.613079,8.524295,4.624004
994.000000,272.988790,64.037871,0.000585,8.613796,8.516665,4.758327
996.000000,273.618236,62.141003,0.000767,8.614375,8.508632,4.831172
998.000000,274.252018,60.240766,0.000953,8.615339,8.500733,4.840103
1000.000000,274.888448,58.344835,0.001089,8.617498,8.494083,4.783327
1002.000000,275.528694,56.451579,0.001156,8.620421,8.488335,4.658934
1004.000000,276.173286,54.559804,0.001317,8.620896,8.479973,4.464558
1006.000000,276.822427,52.669598,0.001777,8.616271,8.466070,4.196390
1008.000000,277.479940,50.776055,0.002674,8.613843,8.454506,3.849534
1010.000000,278.144989,48.891316,0.004373,8.627410,8.460241,3.425003
1012.000000,278.825084,47.011910,0.007063,8.658098,8.476468,2.925131
1014.000000,279.531352,45.142232,0.010210,8.678799,8.448348,2.361522
1016.000000,280.277589,43.283014,0.013328,8.657445,8.323951,1.752419
1018.000000,281.072040,41.447292,0.016380,8.566900,8.163682,1.128465
1020.000000,281.925647,39.639674,0.019390,8.383953,8.098802,0.505623
1022.000000,282.848798,37.866181,0.022393,8.130239,8.168631,-0.104467
1024.000000,283.850434,36.135848,0.025178,7.920903,8.215487,-0.693028
1026.000000,284.938813,34.458081,0.027469,7.867737,8.075305,-1.249392
1028.000000,286.118076,32.842691,0.029528,7.919431,7.821128,-1.764574
1030.000000,287.389903,31.299754,0.032017,7.927621,7.667303,-2.232091
1032.000000,288.756972,29.840764,0.035256,7.834662,7.718629,-2.643810
1034.000000,290.224248,28.480188,0.040698,7.780128,7.840208,-2.992587
1036.000000,291.789081,27.241792,0.050858,7.919443,7.868475,-3.269145
1038.000000,293.470932,26.161710,0.064487,8.187834,7.813070,-3.445419
1040.000000,295.281019,25.309200,0.076147,8.352814,7.814269,-3.491613
1042.000000,297.196130,24.750137,0.082800,8.290127,7.931088,-3.389986
1044.000000,299.180186,24.513880,0.083724,8.171161,8.002044,-3.141397
1046.000000,301.171414,24.624566,0.075483,8.192824,7.861589,-2.722486
1048.000000,303.129290,25.042421,0.061137,8.298121,7.630944,-2.143073
1050.000000,305.018199,25.689499,0.048847,8.302987,7.574875,-1.494056
1052.000000,306.840159,26.513891,0.040544,8.155425,7.775503,-0.858643
1054.000000,308.589453,27.482457,0.034347,7.979728,8.074155,-0.286155
1056.000000,310.268749,28.567509,0.029153,7.895249,8.310109,0.196091
1058.000000,311.882810,29.748348,0.024580,7.905424,8.441278,0.589508
1060.000000,313.436638,31.007142,0.019951,7.967085,8.474092,0.910164
1062.000000,314.938044,32.326708,0.015134,8.056511,8.420464,1.174572
1064.000000,316.399241,33.690759,0.011346,8.179186,8.298365,1.390209
1066.000000,317.831589,35.084893,0.009988,8.334033,8.131895,1.555570
1068.000000,319.239826,36.508646,0.010839,8.463306,7.975019,1.680502
1070.000000,320.616615,37.960600,0.013356,8.482934,7.895659,1.780315
1072.000000,321.954609,39.446139,0.017213,8.375944,7.910145,1.874084
1074.000000,323.240300,40.976556,0.020725,8.232958,7.952511,1.986082
1076.000000,324.459062,42.560981,0.022173,8.143599,7.958312,2.133756
1078.000000,325.605332,44.199221,0.021806,8.107281,7.936141,2.318094
1080.000000,326.678428,45.886141,0.020391,8.081508,7.928484,2.538207
1082.000000,327.680792,47.615707,0.018231,8.046556,7.957977,2.793861
1084.000000,328.619483,49.380737,0.015808,8.016307,8.018095,3.079283
1086.000000,329.504634,51.179540,0.013606,8.005169,8.097004,3.385057
1088.000000,330.338072,52.996296,0.011594,8.010942,8.173287,3.703862
1090.000000,331.129256,54.831800,0.009625,8.024715,8.223035,4.030953
1092.000000,331.884993,56.682072,0.007706,8.043339,8.231356,4.356811
1094.000000,332.612166,58.543773,0.005781,8.071328,8.195551,4.670487
1096.000000,333.319763,60.419222,0.003855,8.110524,8.119933,4.963468
1098.000000,334.010817,62.294529,0.002106,8.144919,8.037576,5.226932
1100.000000,334.694647,64.172492,0.000986,8.152133,7.991631,5.456916
1102.000000,335.375830,66.051403,0.000654,8.127474,7.995599,5.654062
1104.000000,336.056725,67.936670,0.000734,8.091983,8.019771,5.823724
1106.000000,336.732990,69.817355,0.000952,8.066802,8.034378,5.969287
1108.000000,337.405747,71.699300,0.001235,8.053983,8.040148,6.094528
1110.000000,338.073840,73.582906,0.001513,8.047148,8.051136,6.200117
1112.000000,338.738137,75.474094,0.001768,8.041992,8.067371,6.285891
1114.000000,339.393800,77.362065,0.002021,8.037695,8.067219,6.351789
1116.000000,340.041861,79.252663,0.002287,8.034055,8.031072,6.399571
1118.000000,340.681291,81.146198,0.002548,8.031964,7.963494,6.431544
1120.000000,341.312851,83.048574,0.002767,8.032679,7.879902,6.449726
1122.000000,341.931952,84.948857,0.002926,8.034109,7.798813,6.456019
1124.000000,342.539910,86.852734,0.003023,8.029368,7.740887,6.452824
1126.000000,343.136276,88.760275,0.003055,8.012549,7.722342,6.441969
1128.000000,343.722056,90.675113,0.003047,7.985492,7.734648,6.425200
1130.000000,344.295629,92.591762,0.003043,7.953557,7.758630,6.408246
1132.000000,344.856974,94.509901,0.003049,7.921313,7.782723,6.393051
1134.000000,345.406629,96.431422,0.003056,7.892114,7.806432,6.378810
1136.000000,345.945556,98.359965,0.003062,7.868623,7.830461,6.364436
1138.000000,346.472172,100.290050,0.003070,7.850973,7.854554,6.349349
1140.000000,346.986407,102.221353,0.003076,7.838038,7.878181,6.333083
1142.000000,347.488762,104.155780,0.003085,7.828071,7.901603,6.314800
1144.000000,347.979189,106.093266,0.003089,7.818528,7.926116,6.293401
1146.000000,348.459028,108.039460,0.003099,7.808178,7.951651,6.267811
1148.000000,348.925403,109.982875,0.003113,7.802942,7.970219,6.237384
1150.000000,349.379689,111.929153,0.003122,7.811466,7.971089,6.201603
1152.000000,349.821831,113.878224,0.003128,7.836252,7.952485,6.160607
1154.000000,350.253018,115.835774,0.003140,7.871119,7.925375,6.114328
1156.000000,350.670654,117.790243,0.003156,7.908096,7.900776,6.062936
1158.000000,351.075962,119.747307,0.003168,7.937743,7.880358,6.005822
1160.000000,351.468880,121.706894,0.003177,7.950047,7.861878,5.942315
1162.000000,351.850444,123.674719,0.003192,7.942807,7.843636,5.871492
1164.000000,352.218333,125.639161,0.003211,7.925204,7.825097,5.792870
1166.000000,352.573613,127.605922,0.003220,7.907109,7.805961,5.705136
1168.000000,352.916231,129.574928,0.003224,7.894894,7.787358,5.607068
1170.000000,353.246758,131.549859,0.003221,7.893337,7.770967,5.497210
1172.000000,353.564249,133.525177,0.003212,7.906378,7.757611,5.374762
1174.000000,353.868732,135.500440,0.003197,7.936693,7.746680,5.238536
1176.000000,354.160597,137.477607,0.003179,7.984390,7.737542,5.087133
1178.000000,354.440414,139.460352,0.003163,8.037256,7.730406,4.919122
1180.000000,354.707433,141.443128,0.003151,8.077504,7.725890,4.734086
1182.000000,354.961688,143.425481,0.003136,8.095549,7.724313,4.532059
1184.000000,355.203516,145.409389,0.003122,8.093522,7.725605,4.313494
1186.000000,355.432970,147.394765,0.003101,8.075528,7.729509,4.079074
1188.000000,355.650728,149.387377,0.003086,8.048230,7.735067,3.828449
1190.000000,355.855562,151.375444,0.003074,8.019601,7.740968,3.563392
1192.000000,356.048188,153.364731,0.003057,7.993762,7.746415,3.283394
1194.000000,356.228662,155.355157,0.003036,7.969745,7.751270,2.988772
1196.000000,356.397525,157.352505,0.003019,7.945875,7.755686,2.679290
1198.000000,356.553842,159.344975,0.003006,7.920769,7.760722,2.357472
1200.000000,356.698196,161.338345,0.002990,7.893011,7.767780,2.023023
1202.000000,356.830646,163.332542,0.002971,7.864701,7.775394,1.676459
1204.000000,356.951582,165.333364,0.002953,7.842733,7.778077,1.317069
1206.000000,357.060345,167.328993,0.002932,7.833354,7.770716,0.947010
1208.000000,357.157416,169.325225,0.002907,7.835478,7.752704,0.565178
1210.000000,357.242917,171.321982,0.002903,7.845021,7.725621,0.171400
1212.000000,357.317000,173.322965,0.002952,7.858565,7.697438,-0.235443
1214.000000,357.379303,175.322703,0.003202,7.873634,7.685309,-0.654745
1216.000000,357.429290,177.320689,0.003811,7.887346,7.702146,-1.086390
1218.000000,357.464329,179.318981,0.004677,7.894118,7.735230,-1.528387
1220.000000,357.480691,181.321287,0.005599,7.887231,7.761188,-1.978117
1222.000000,357.474576,183.322034,0.006514,7.862744,7.770536,-2.430877
1224.000000,357.442437,185.320420,0.007425,7.820760,7.774293,-2.882881
1226.000000,357.380676,187.318163,0.008353,7.765399,7.780597,-3.330661
1228.000000,357.285609,189.314595,0.009240,7.718516,7.770850,-3.770042
1230.000000,357.153087,191.314780,0.010022,7.708595,7.715872,-4.198167
1232.000000,356.980728,193.306063,0.010698,7.733273,7.623909,-4.609524
1234.000000,356.765943,195.293259,0.011493,7.746302,7.555079,-5.003407
1236.000000,356.506164,197.275154,0.012718,7.709303,7.560860,-5.376830
1238.000000,356.196471,199.249842,0.014532,7.647905,7.618963,-5.723940
1240.000000,355.829514,201.220792,0.017519,7.614397,7.675884,-6.038747
1242.000000,355.396717,203.172406,0.021856,7.627327,7.701704,-6.305500
1244.000000,354.879351,205.103751,0.027003,7.654622,7.703153,-6.508627
1246.000000,354.259823,207.002884,0.032748,7.668229,7.688060,-6.634347
1248.000000,353.517610,208.858498,0.037778,7.694609,7.646570,-6.670665
1250.000000,352.633370,210.650953,0.038760,7.783517,7.562022,-6.606276
1252.000000,351.606001,212.366632,0.034536,7.927400,7.455752,-6.429920
1254.000000,350.460840,214.008028,0.027743,8.034620,7.404503,-6.144485
1256.000000,349.226785,215.581517,0.020207,8.027723,7.471562,-5.760441
1258.000000,347.930501,217.102926,0.012937,7.944652,7.625821,-5.296381
1260.000000,346.597279,218.592264,0.007967,7.868987,7.797906,-4.784017
1262.000000,345.241220,220.065443,0.005904,7.832326,7.940163,-4.257378
1264.000000,343.869291,221.521819,0.005253,7.795822,8.034066,-3.728696
1266.000000,342.483892,222.962297,0.004920,7.726213,8.068283,-3.201243
1268.000000,341.084461,224.389212,0.004714,7.653539,8.046002,-2.676294
1270.000000,339.671625,225.802859,0.004492,7.632774,7.976488,-2.154732
1272.000000,338.241897,227.207797,0.004228,7.682776,7.871885,-1.636090
1274.000000,336.804550,228.596480,0.003954,7.772284,7.749464,-1.124838
1276.000000,335.356301,229.973782,0.003683,7.867291,7.627472,-0.620976
1278.000000,333.897964,231.340399,0.003417,7.946004,7.530713,-0.125910
1280.000000,332.425988,232.700994,0.003154,7.992555,7.485419,0.360461
1282.000000,330.949790,234.048288,0.002893,8.006023,7.493226,0.834048
1284.000000,329.465834,235.387032,0.002624,8.006142,7.522107,1.295323
1286.000000,327.974884,236.717977,0.002357,8.011051,7.542593,1.743524
1288.000000,326.474982,238.044259,0.002090,8.022217,7.552788,2.178719
1290.000000,324.970526,239.363384,0.001827,8.034245,7.561985,2.599148
1292.000000,323.462987,240.675502,0.001561,8.044435,7.574764,3.003843
1294.000000,321.951368,241.982916,0.001295,8.053824,7.589167,3.392037
1296.000000,320.433650,243.288755,0.001033,8.063610,7.602968,3.762948
1298.000000,318.914220,244.590606,0.000773,8.073731,7.615973,4.114195
1300.000000,317.394514,245.888608,0.000501,8.083659,7.628874,4.444112
1302.000000,315.873498,247.185072,0.000222,8.093237,7.642029,4.751493
1304.000000,314.349192,248.483205,-0.000016,8.102794,7.655328,5.035285
1306.000000,312.825997,249.780654,-0.000161,8.112606,7.668577,5.293647
1308.000000,311.305012,251.077155,-0.000231,8.122647,7.681751,5.526235
1310.000000,309.784648,252.374385,-0.000253,8.132777,7.694902,5.733428
1312.000000,308.262252,253.674749,-0.000240,8.142868,7.708092,5.916110
1314.000000,306.741456,254.975019,-0.000216,8.152759,7.721323,6.074884
1316.000000,305.222964,256.274438,-0.000200,8.162370,7.734592,6.210942
1318.000000,303.704986,257.574459,-0.000189,8.171910,7.747796,6.325639
1320.000000,302.187500,258.875053,-0.000178,8.181676,7.760768,6.420164
1322.000000,300.666013,260.180020,-0.000164,8.191738,7.773562,6.495978
1324.000000,299.149420,261.481656,-0.000151,8.201726,7.786353,6.553933
1326.000000,297.633218,262.783747,-0.000137,8.211415,7.799395,6.595554
1328.000000,296.117372,264.086253,-0.000124,8.220944,7.812632,6.621985
1330.000000,294.597388,265.392970,-0.000111,8.230645,7.825930,6.634247
1332.000000,293.082154,266.696189,-0.000098,8.240587,7.839126,6.633183
1334.000000,291.567175,267.999702,-0.000084,8.250687,7.852293,6.619717
1336.000000,290.052416,269.303471,-0.000071,8.260804,7.865471,6.594698
1338.000000,288.533383,270.611295,-0.000058,8.270829,7.878701,6.558665
1340.000000,287.018960,271.915455,-0.000045,8.280572,7.891900,6.512295
1342.000000,285.504653,273.219750,-0.000032,8.290112,7.905094,6.456003
1344.000000,283.990429,274.524141,-0.000018,8.299732,7.918276,6.390363
1346.000000,282.471796,275.832428,-0.000004,8.309687,7.931482,6.315739
1348.000000,280.957633,277.136889,0.000009,8.319742,7.944668,6.233164
1350.000000,279.443443,278.441320,0.000020,8.329594,7.957912,6.143071
1352.000000,277.929197,279.745686,0.000028,8.339166,7.971171,6.046257
1354.000000,276.412193,281.052279,0.000032,8.348749,7.984303,5.943379
1356.000000,274.896013,282.357984,0.000033,8.358574,7.997161,5.835499
1358.000000,273.381517,283.662060,0.000032,8.368612,8.009900,5.723485
1360.000000,271.866939,284.966039,0.000031,8.378738,8.022804,5.608002
1362.000000,270.349597,286.272233,0.000030,8.388830,8.035989,5.489702
1364.000000,268.833083,287.577557,0.000030,8.398725,8.049272,5.369825
1366.000000,267.318266,288.881260,0.000029,8.408338,8.062498,5.249371
1368.000000,265.803373,290.184874,0.000029,8.417879,8.075675,5.129087
1370.000000,264.285728,291.490706,0.000028,8.427662,8.088872,5.009619
1372.000000,262.768905,292.795682,0.000027,8.437706,8.102080,4.892086
1374.000000,261.253794,294.099041,0.000027,8.447697,8.115269,4.777317
1376.000000,259.738612,295.402320,0.000026,8.457386,8.128440,4.665750
1378.000000,258.223363,296.705520,0.000025,8.466917,8.141623,4.557858
1380.000000,256.703587,298.012479,0.000025,8.476617,8.154906,4.453687
1382.000000,255.188207,299.315526,0.000024,8.486559,8.168164,4.354140
1384.000000,253.672762,300.618500,0.000024,8.496658,8.181274,4.259187
1386.000000,252.157258,301.921403,0.000023,8.506776,8.194117,4.169098
1388.000000,250.637232,303.228072,0.000022,8.516802,8.206893,4.083718
1390.000000,249.121609,304.530837,0.000022,8.526546,8.219797,4.003404
1392.000000,247.605931,305.833537,0.000021,8.536085,8.232958,3.927581
1394.000000,246.090196,307.136174,0.000020,8.545705,8.246226,3.855931
1396.000000,244.569948,308.442582,0.000020,8.555659,8.259492,3.788100
1398.000000,243.054109,309.745097,0.000019,8.565714,8.272670,3.724437
1400.000000,241.538221,311.047553,0.000019,8.575566,8.285838,3.664775
1402.000000,240.022284,312.349953,0.000018,8.585139,8.299024,3.609210
1404.000000,238.501838,313.656133,0.000017,8.594733,8.312259,3.557694
1406.000000,236.985810,314.958427,0.000017,8.604545,8.325457,3.510526
1408.000000,235.469739,316.260671,0.000016,8.614582,8.338646,3.467264
1410.000000,233.953627,317.562867,0.000015,8.624708,8.351819,3.427580
1412.000000,232.434822,318.867294,0.000015,8.634800,8.365012,3.391096
1414.000000,230.916821,320.170953,0.000014,8.644696,8.378239,3.357593
1416.000000,229.400593,321.473016,0.000014,8.654311,8.391507,3.326760
1418.000000,227.884331,322.775036,0.000013,8.663850,8.404713,3.298200
1420.000000,226.365386,324.079292,0.000012,8.673632,8.417712,3.270864
1422.000000,224.847244,325.382797,0.000012,8.683676,8.430485,3.243806
1424.000000,223.330886,326.684707,0.000011,8.693667,8.443274,3.217097
1426.000000,221.814501,327.986584,0.000010,8.703357,8.456316,3.191071
1428.000000,220.295443,329.290701,0.000010,8.712903,8.469575,3.166066
1430.000000,218.777186,330.594080,0.000009,8.722588,8.482851,3.142522
1432.000000,217.260726,331.895869,0.000008,8.732530,8.496048,3.120814
1434.000000,215.744244,333.197634,0.000008,8.742627,8.509215,3.101247
1436.000000,214.225100,334.501642,0.000007,8.752755,8.522415,3.084029
1438.000000,212.706755,335.804926,0.000006,8.762762,8.535623,3.069326
1440.000000,211.190217,337.106626,0.000006,8.772526,8.548821,3.057237
1442.000000,209.673664,338.408309,0.000005,8.782089,8.562015,3.047770
1444.000000,208.157097,339.709975,0.000005,8.791681,8.575197,3.040871
1446.000000,206.636054,341.015459,0.000004,8.801534,8.588404,3.036387
1448.000000,205.119465,342.317100,0.000003,8.811567,8.601588,3.034174
1450.000000,203.602868,343.618731,0.000003,8.821686,8.614832,3.034037
1452.000000,202.086264,344.920354,0.000002,8.831760,8.628090,3.035770
1454.000000,200.565191,346.225802,0.000001,8.841676,8.641239,3.039095
1456.000000,199.048576,347.527415,0.000001,8.851291,8.654083,3.043608
1458.000000,197.531962,348.829025,0.000000,8.860831,8.666821,3.048872
1460.000000,196.015346,350.130635,-0.000001,8.870594,8.679723,3.054432
1462.000000,194.494267,351.436077,-0.000001,8.880655,8.692921,3.059892
1464.000000,192.977656,352.737692,-0.000002,8.890646,8.706189,3.064931
1466.000000,191.461050,354.039312,-0.000002,8.900338,8.719417,3.069315
1468.000000,189.944449,355.340939,-0.000003,8.909868,8.732594,3.072815
1470.000000,188.423392,356.646408,-0.000004,8.919567,8.745802,3.075277
1472.000000,186.906810,357.948056,-0.000004,8.929507,8.758987,3.076645
1474.000000,185.390238,359.249716,-0.000005,8.939605,8.772183,3.076986
1476.000000,183.873679,360.551392,-0.000006,8.949723,8.785380,3.076374
1478.000000,182.354522,361.855328,-0.000006,8.959738,8.798592,3.074885
1480.000000,180.836143,363.158629,-0.000007,8.969495,8.811781,3.072599
1482.000000,179.319633,364.460361,-0.000007,8.979035,8.824952,3.069602
1484.000000,177.803142,365.762116,-0.000008,8.988653,8.838162,3.065992
1486.000000,176.284063,367.066135,-0.000009,8.998593,8.851452,3.061875
1488.000000,174.765762,368.369535,-0.000009,9.008661,8.864675,3.057453
1490.000000,173.249340,369.671368,-0.000010,9.018514,8.877653,3.052991
1492.000000,171.732943,370.973234,-0.000011,9.028088,8.890410,3.048728
1494.000000,170.213969,372.277367,-0.000011,9.037669,8.903221,3.044843
1496.000000,168.695771,373.580895,-0.000012,9.047491,8.916278,3.041499
1498.000000,167.179463,374.882862,-0.000013,9.057527,8.929513,3.038849
1500.000000,165.663187,376.184868,-0.000013,9.067653,8.942773,3.037030
1502.000000,164.146945,377.486913,-0.000014,9.077728,8.955971,3.036179
1504.000000,162.626277,378.792833,-0.000015,9.087643,8.969176,3.036376
1506.000000,161.110109,380.094965,-0.000015,9.097258,8.982353,3.037445
1508.000000,159.593981,381.397142,-0.000016,9.106798,8.995545,3.038893
1510.000000,158.077893,382.699367,-0.000016,9.116561,9.008743,3.040130
1512.000000,156.557386,384.005474,-0.000017,9.126620,9.021976,3.040795
1514.000000,155.041384,385.307800,-0.000018,9.136613,9.035158,3.040743
1516.000000,153.525430,386.610178,-0.000018,9.146305,9.048325,3.039866
1518.000000,152.009522,387.912613,-0.000019,9.155835,9.061509,3.038057
1520.000000,150.489201,389.218938,-0.000020,9.165533,9.074792,3.035256
1522.000000,148.973394,390.521489,-0.000020,9.175473,9.088051,3.031590
1524.000000,147.457639,391.824101,-0.000021,9.185571,9.101162,3.027250
1526.000000,145.941938,393.126775,-0.000021,9.195689,9.114007,3.022470
1528.000000,144.421831,394.433350,-0.000022,9.205716,9.126783,3.017497
1530.000000,142.906244,395.736156,-0.000023,9.215463,9.139684,3.012630
1532.000000,141.390715,397.039031,-0.000023,9.225003,9.152843,3.008104
1534.000000,139.875247,398.341977,-0.000024,9.234619,9.166110,3.004079
1536.000000,138.357267,399.647210,-0.000024,9.244558,9.179361,3.000542
1538.000000,136.840039,400.951923,-0.000023,9.254627,9.192554,2.997413
1540.000000,135.324758,402.255086,-0.000023,9.264481,9.205724,2.994589
1542.000000,133.809537,403.558318,-0.000022,9.274055,9.218908,2.991952
1544.000000,132.291802,404.863829,-0.000021,9.283636,9.232127,2.989349
1546.000000,130.774803,406.168817,-0.000020,9.293457,9.245341,2.986667
1548.000000,129.259747,407.472242,-0.000020,9.303494,9.258530,2.983889
1550.000000,127.744742,408.775726,-0.000019,9.313619,9.271703,2.981105
1552.000000,126.227220,410.081475,-0.000018,9.323712,9.284895,2.978505
1554.000000,124.710418,411.386699,-0.000017,9.333609,9.298122,2.976311
1556.000000,123.195553,412.690345,-0.000016,9.343226,9.311390,2.974735
1558.000000,121.680730,413.994042,-0.000015,9.352765,9.324597,2.973957
1560.000000,120.163385,415.299989,-0.000015,9.362543,9.337598,2.974167
1562.000000,118.646745,416.605409,-0.000014,9.372586,9.350372,2.975580
1564.000000,117.132036,417.909238,-0.000013,9.382580,9.363161,2.978367
1566.000000,115.617362,419.213106,-0.000012,9.392272,9.376200,2.982666
1568.000000,114.102719,420.517011,-0.000011,9.401802,9.389435,2.988616
1570.000000,112.583648,421.824788,-0.000010,9.411501,9.402733,2.996390
1572.000000,111.069062,423.128759,-0.000010,9.421442,9.415929,3.006070
1574.000000,109.554501,424.432760,-0.000009,9.431537,9.429098,3.017734
1576.000000,108.039963,425.736787,-0.000008,9.441648,9.442282,3.031414
1578.000000,106.520990,427.044678,-0.000007,9.451674,9.455514,3.047093
1580.000000,105.006492,428.348751,-0.000006,9.461440,9.468694,3.064540
1582.000000,103.492012,429.652845,-0.000006,9.471004,9.481864,3.083625
1584.000000,101.977546,430.956955,-0.000005,9.480595,9.495073,3.104138
1586.000000,100.458635,432.264919,-0.000004,9.490446,9.508379,3.125856
1588.000000,98.944192,433.569056,-0.000003,9.500477,9.521586,3.148309
1590.000000,97.429757,434.873202,-0.000002,9.510596,9.534566,3.171247
1592.000000,95.915328,436.177355,-0.000002,9.520672,9.547325,3.194427
1594.000000,94.396445,437.485353,-0.000001,9.530589,9.560150,3.217668
1596.000000,92.882022,438.789512,0.000000,9.540207,9.573189,3.240634
1598.000000,91.367599,440.093672,0.000001,9.549746,9.586424,3.263303
1600.000000,89.853174,441.397830,0.000002,9.559506,9.599684,3.285643
1602.000000,88.336210,442.704163,0.000003,9.569553,9.612904,3.307666
1604.000000,86.819849,444.009964,0.000003,9.579559,9.626088,3.329301
1606.000000,85.305402,445.314098,0.000004,9.589253,9.639265,3.350549
1608.000000,83.790945,446.618218,0.000005,9.598784,9.652457,3.371502
1610.000000,82.273946,447.924502,0.000006,9.608468,9.665677,3.392248
1612.000000,80.757532,449.230250,0.000007,9.618418,9.678888,3.412787
1614.000000,79.243030,450.534317,0.000007,9.628516,9.692070,3.433123
1616.000000,77.728507,451.838362,0.000008,9.638634,9.705238,3.453301
1618.000000,76.211438,453.144556,0.000009,9.648651,9.718443,3.473371
1620.000000,74.694937,454.450213,0.000010,9.658411,9.731704,3.493327
1622.000000,73.180343,455.754175,0.000011,9.667951,9.744962,3.513187
1624.000000,71.665722,457.058103,0.000012,9.677567,9.758075,3.533009
1626.000000,70.151070,458.361998,0.000012,9.687490,9.770926,3.552803
1628.000000,68.631927,459.669692,0.000013,9.697575,9.783702,3.572563
1630.000000,67.117207,460.973509,0.000014,9.707427,9.796595,3.592087
1632.000000,65.602453,462.277283,0.000015,9.716995,9.809743,3.611351
1634.000000,64.087658,463.581012,0.000016,9.726566,9.823020,3.630302
1636.000000,62.568364,464.888530,0.000016,9.736430,9.836323,3.648967
1638.000000,61.053486,466.192162,0.000017,9.746472,9.849508,3.667282
1640.000000,59.538562,467.495741,0.000018,9.756526,9.862588,3.685354
1642.000000,58.023592,468.799265,0.000019,9.766510,9.875658,3.703229
1644.000000,56.504112,470.106569,0.000020,9.776527,9.889018,3.721002
1646.000000,54.989041,471.409975,0.000021,9.786531,9.902697,3.738605
1648.000000,53.473916,472.713320,0.000022,9.796167,9.916007,3.756126
1650.000000,51.958734,474.016599,0.000022,9.804933,9.927943,3.773669
1652.000000,50.439035,475.323646,0.000023,9.813690,9.939530,3.791441
1654.000000,48.923736,476.626788,0.000024,9.825087,9.954486,3.809503
1656.000000,47.408374,477.929858,0.000025,9.840167,9.974460,3.827998
1658.000000,45.892949,479.232853,0.000025,9.851048,9.989352,3.846935
1660.000000,44.374958,480.537920,0.000026,9.846152,9.984198,3.866353
1662.000000,42.857436,481.842444,0.000027,9.819615,9.951532,3.886227
1664.000000,41.341804,483.145199,0.000028,9.773825,9.894713,3.906544
1666.000000,39.826100,484.447870,0.000029,9.712661,9.818953,3.927351
1668.000000,38.307825,485.752598,0.000030,9.642602,9.732425,3.948761
1670.000000,36.790002,487.056782,0.000030,9.571423,9.644777,3.970822
1672.000000,35.274066,488.359183,0.000031,9.503082,9.560811,3.993531
1674.000000,33.758049,489.661490,0.000032,9.436086,9.478417,4.016860
1676.000000,32.239456,490.965840,0.000033,9.368583,9.395099,4.040749
1678.000000,30.721300,492.269642,0.000034,9.300427,9.310844,4.065005
1680.000000,29.205025,493.571650,0.000035,9.232050,9.226513,4.089407
1682.000000,27.688661,494.873553,0.000035,9.163648,9.142468,4.113743
1684.000000,26.169717,496.177485,0.000036,9.095258,9.058580,4.137754
1686.000000,24.651192,497.480866,0.000037,9.027114,8.974946,4.161076
1688.000000,23.134546,498.782441,0.000038,8.959207,8.891453,4.183349
1690.000000,21.617801,500.083899,0.000039,8.891303,8.807760,4.204273
1692.000000,20.100956,501.385243,0.000039,8.823346,8.723823,4.223520
1694.000000,18.579544,502.690295,0.000040,8.755208,8.639614,4.240895
1696.000000,17.062491,503.991396,0.000041,8.687339,8.555799,4.256308
1698.000000,15.545331,505.292372,0.000042,8.619418,8.471918,4.269986
1700.000000,14.028064,506.593221,0.000043,8.551266,8.387615,4.282062
1702.000000,12.506218,507.897769,0.000043,8.482842,8.302925,4.292744
1704.000000,10.988726,509.198356,0.000044,8.415196,8.219538,4.302227
1706.000000,9.471117,510.498809,0.000045,8.348408,8.137774,4.310805
1708.000000,7.953393,511.799124,0.000046,8.280762,8.054765,4.318742
1710.000000,6.431079,513.103128,0.000047,8.209720,7.966309,4.326317
1712.000000,4.913113,514.403161,0.000048,8.139701,7.879400,4.333732
1714.000000,3.395022,515.703050,0.000048,8.083417,7.814921,4.341258
1716.000000,1.876806,517.002792,0.000049,8.051038,7.789747,4.349140
1718.000000,0.355993,518.304498,0.000050,8.034540,7.792047,4.357647
1720.000000,-1.164483,519.605651,0.000051,8.018258,7.797657,4.367004
1722.000000,-2.683090,520.904937,0.000052,7.996427,7.794501,4.377339
1724.000000,-4.201831,522.204065,0.000053,7.977461,7.787982,4.388749
1726.000000,-5.723176,523.505139,0.000054,7.969399,7.784374,4.401312
1728.000000,-7.244204,524.805656,0.000055,7.970052,7.783859,4.415053
1730.000000,-8.763368,526.104290,0.000056,7.972722,7.783913,4.429979
1732.000000,-10.282679,527.402753,0.000057,7.973769,7.783206,4.446133
1734.000000,-11.804601,528.703144,0.000059,7.973978,7.782161,4.463573
1736.000000,-13.326224,530.002972,0.000060,7.974475,7.781302,4.482264
1738.000000,-14.845992,531.300900,0.000061,7.975365,7.780563,4.502137
1740.000000,-16.365916,532.598644,0.000062,7.976309,7.779625,4.523159
1742.000000,-17.888460,533.898299,0.000063,7.977127,7.778407,4.545334
1744.000000,-19.410725,535.197384,0.000064,7.977885,7.777180,4.568631
1746.000000,-20.931141,536.494554,0.000065,7.978662,7.776198,4.592888
1748.000000,-22.451724,537.791525,0.000066,7.979468,7.775440,4.617716
1750.000000,-23.972480,539.088296,0.000067,7.980278,7.774770,4.642888
1752.000000,-25.497886,540.388679,0.000068,7.981081,7.774047,4.668532
1754.000000,-27.018993,541.685036,0.000070,7.981877,7.773152,4.694690
1756.000000,-28.540280,542.981183,0.000071,7.982674,7.772006,4.721714
1758.000000,-30.061751,544.277114,0.000072,7.983474,7.770761,4.749916
1760.000000,-31.587886,545.576643,0.000073,7.984278,7.769657,4.779704
1762.000000,-33.109730,546.872134,0.000074,7.985078,7.768807,4.811219
1764.000000,-34.631767,548.167401,0.000075,7.985876,7.768104,4.844797
1766.000000,-36.153997,549.462440,0.000076,7.986670,7.767423,4.880638
1768.000000,-37.680905,550.761060,0.000077,7.987470,7.766630,4.918974
1770.000000,-39.203532,552.055632,0.000078,7.988284,7.765605,4.959605
1772.000000,-40.726361,553.349966,0.000079,7.989102,7.764372,5.002628
1774.000000,-42.249396,554.644058,0.000080,7.989881,7.763178,5.048025
1776.000000,-43.777123,555.941715,0.000081,7.990605,7.762230,5.095822
1778.000000,-45.300576,557.235315,0.000083,7.991384,7.761476,5.145538
1780.000000,-46.824243,558.528663,0.000084,7.992389,7.760733,5.197093
1782.000000,-48.348126,559.821756,0.000085,7.993617,7.759924,5.250237
1784.000000,-49.874666,561.116658,0.000086,7.994821,7.759122,5.304753
1786.000000,-51.401041,562.410970,0.000087,7.995776,7.758388,5.360214
1788.000000,-52.925590,563.703277,0.000088,7.996530,7.757612,5.416238
1790.000000,-54.450368,564.995316,0.000089,7.997259,7.756616,5.472654
1792.000000,-55.977809,566.289146,0.000090,7.998050,7.755391,5.529430
1794.000000,-57.505105,567.582378,0.000091,7.998871,7.754181,5.586429
1796.000000,-59.030581,568.873591,0.000092,7.999681,7.753206,5.643577
1798.000000,-60.556296,570.164523,0.000094,8.000477,7.752446,5.700941
1800.000000,-62.084684,571.457226,0.000095,8.001273,7.751770,5.758606
1802.000000,-63.612945,572.749325,0.000095,8.002073,7.751048,5.816499
1804.000000,-65.139393,574.039391,0.000096,8.002874,7.750155,5.874627
1806.000000,-66.666087,575.329164,0.000099,8.003674,7.749011,5.933138
1808.000000,-68.195465,576.620688,0.000100,8.004474,7.747763,5.992179
1810.000000,-69.724742,577.911593,0.000098,8.005274,7.746661,6.051711
1812.000000,-71.252210,579.200449,0.000089,8.006073,7.745810,6.111709
1814.000000,-72.779911,580.489030,0.000076,8.006873,7.745107,6.172267
1816.000000,-74.307811,581.777375,0.000056,8.007673,7.744424,6.233383
1818.000000,-75.840357,583.069336,0.000033,8.008474,7.743631,6.295151
1820.000000,-77.368490,584.357405,0.000011,8.009274,7.742612,6.356906
1822.000000,-78.896649,585.645441,-0.000011,8.010073,7.741386,6.418452
1824.000000,-80.424779,586.933513,-0.000033,8.010872,7.740184,6.479431
1826.000000,-81.957323,588.225477,-0.000055,8.011674,7.739209,6.539617
1828.000000,-83.485229,589.513815,-0.000077,8.012473,7.738448,6.598076
1830.000000,-85.012937,590.802388,-0.000099,8.013272,7.737772,6.654156
1832.000000,-86.540390,592.091261,-0.000120,8.014071,7.737053,6.706941
1834.000000,-88.072029,593.384298,-0.000142,8.014873,7.736157,6.755660
1836.000000,-89.598805,594.673975,-0.000164,8.015674,7.735006,6.799107
1838.000000,-91.125158,595.964153,-0.000186,8.016474,7.733758,6.836560
1840.000000,-92.651031,597.254897,-0.000208,8.017269,7.732674,6.867188
1842.000000,-94.178771,598.548310,-0.000230,8.018065,7.731845,6.890315
1844.000000,-95.705598,599.842159,-0.000252,8.018870,7.731116,6.905391
1846.000000,-97.229686,601.135011,-0.000273,8.019691,7.730336,6.911959
1848.000000,-98.753069,602.428695,-0.000294,8.020495,7.729520,6.909681
1850.000000,-100.278089,603.725305,-0.000318,8.021243,7.728753,6.898390
1852.000000,-101.801981,605.022619,-0.000345,8.021972,7.728019,6.878169
1854.000000,-103.322889,606.319212,-0.000365,8.022845,7.727154,6.849265
1856.000000,-104.842831,607.616935,-0.000365,8.023982,7.726025,6.811905
1858.000000,-106.364200,608.917820,-0.000340,8.025234,7.724773,6.766171
1860.000000,-107.884359,610.219515,-0.000276,8.026329,7.723662,6.711927
1862.000000,-109.401674,611.520309,-0.000170,8.027164,7.722809,6.648742
1864.000000,-110.918543,612.821623,-0.000049,8.027885,7.722108,6.576093
1866.000000,-112.437669,614.125116,0.000067,8.028641,7.721430,6.493277
1868.000000,-113.956684,615.428154,0.000178,8.029453,7.720640,6.399110
1870.000000,-115.474075,616.728861,0.000290,8.030279,7.719609,6.291933
1872.000000,-116.992216,618.028690,0.000404,8.031089,7.718368,6.169867
1874.000000,-118.511406,619.327295,0.000517,8.031873,7.717181,6.031178
1876.000000,-120.036415,620.628146,0.000630,8.032635,7.716272,5.873627
1878.000000,-121.558584,621.923257,0.000744,8.033425,7.715528,5.696440
1880.000000,-123.082675,623.216107,0.000858,8.034320,7.714685,5.497852
1882.000000,-124.608979,624.506345,0.000971,8.035247,7.713741,5.277079
1884.000000,-126.142289,625.797401,0.001084,8.035919,7.713076,5.032861
1886.000000,-127.673894,627.081342,0.001195,8.036198,7.712846,4.766492
1888.000000,-129.208560,628.361622,0.001305,8.036853,7.711852,4.477460
1890.000000,-130.746550,629.637909,0.001424,8.038969,7.708438,4.165849
1892.000000,-132.292701,630.913565,0.001555,8.041550,7.704458,3.830941
1894.000000,-133.838274,632.180659,0.001666,8.040536,7.706938,3.475093
1896.000000,-135.388105,633.442540,0.001724,8.034100,7.718966,3.097695
1898.000000,-136.942293,634.699055,0.001790,8.032881,7.721720,2.698211
1900.000000,-138.505452,635.953815,0.002013,8.051723,7.688204,2.273918
1902.000000,-140.068879,637.198818,0.002539,8.068493,7.638358,1.826112
1904.000000,-141.638320,638.436235,0.003893,8.007817,7.659637,1.353986
1906.000000,-143.216032,639.663096,0.006688,7.822262,7.812327,0.860224
1908.000000,-144.811856,640.871454,0.010607,7.633267,7.982553,0.357452
1910.000000,-146.432948,642.045989,0.015072,7.634146,7.981869,-0.133496
1912.000000,-148.086436,643.170128,0.019669,7.847378,7.784552,-0.590522
1914.000000,-149.782716,644.227465,0.022983,8.047637,7.601222,-0.991916
1916.000000,-151.527854,645.202294,0.023593,8.037280,7.617993,-1.322424
1918.000000,-153.318419,646.092350,0.022001,7.891688,7.769302,-1.585989
1920.000000,-155.146563,646.901806,0.019107,7.801439,7.882808,-1.793006
1922.000000,-157.004365,647.639377,0.015302,7.835898,7.886339,-1.958219
1924.000000,-158.883937,648.319997,0.011556,7.897667,7.845890,-2.102017
1926.000000,-160.783659,648.960132,0.008783,7.893446,7.829067,-2.244679
1928.000000,-162.688358,649.565599,0.007062,7.836839,7.838121,-2.399702
1930.000000,-164.601092,650.145364,0.006585,7.785907,7.847125,-2.578958
1932.000000,-166.520782,650.701656,0.007372,7.765464,7.835339,-2.787686
1934.000000,-168.451314,651.230543,0.008617,7.753071,7.789719,-3.023377
1936.000000,-170.390667,651.725709,0.009725,7.726525,7.705178,-3.279357
1938.000000,-172.336567,652.182258,0.010565,7.691444,7.608851,-3.546295
1940.000000,-174.291735,652.597197,0.010987,7.665471,7.540963,-3.814339
1942.000000,-176.255693,652.968518,0.010938,7.663348,7.527171,-4.075473
1944.000000,-178.233155,653.297604,0.010684,7.695581,7.572662,-4.324355
1946.000000,-180.211353,653.583382,0.010386,7.765927,7.672827,-4.554164
1948.000000,-182.195051,653.828051,0.010103,7.851569,7.792474,-4.763136
1950.000000,-184.183281,654.032874,0.010053,7.918630,7.884088,-4.950952
1952.000000,-186.175179,654.198108,0.010247,7.947415,7.925615,-5.117534
1954.000000,-188.175900,654.322845,0.010584,7.938173,7.930702,-5.263960
1956.000000,-190.172966,654.404925,0.010965,7.896522,7.915799,-5.391685
1958.000000,-192.171360,654.443263,0.011337,7.840822,7.890205,-5.504782
1960.000000,-194.170122,654.436311,0.011729,7.794466,7.859762,-5.607873
1962.000000,-196.168195,654.382540,0.012093,7.769527,7.825613,-5.706192
1964.000000,-198.170252,654.280089,0.012470,7.762280,7.782345,-5.804322
1966.000000,-200.163290,654.128088,0.012857,7.768196,7.725907,-5.905235
1968.000000,-202.151770,653.924960,0.013211,7.787456,7.659736,-6.011682
1970.000000,-204.134201,653.669404,0.013582,7.821686,7.591095,-6.124653
1972.000000,-206.108990,653.360151,0.013964,7.859367,7.533757,-6.243443
1974.000000,-208.077332,652.995392,0.014461,7.871153,7.510203,-6.366858
1976.000000,-210.034352,652.574087,0.015199,7.834468,7.537061,-6.490880
1978.000000,-211.974856,652.094337,0.016108,7.767063,7.599305,-6.609883
1980.000000,-213.898987,651.552430,0.017097,7.702337,7.669160,-6.718702
1982.000000,-215.803593,650.945149,0.018161,7.646571,7.729723,-6.812087
1984.000000,-217.684895,650.269176,0.019274,7.568238,7.779406,-6.885932
1986.000000,-219.538887,649.521229,0.020428,7.448987,7.812439,-6.935572
1988.000000,-221.360843,648.698237,0.021650,7.351495,7.795499,-6.957007
1990.000000,-223.145677,647.797238,0.022897,7.369831,7.685679,-6.946890
1992.000000,-224.892623,646.812456,0.024211,7.511352,7.490783,-6.902060
1994.000000,-226.584546,645.747186,0.025250,7.661912,7.290952,-6.818880
1996.000000,-228.220070,644.597079,0.025575,7.720365,7.162673,-6.694528
1998.000000,-229.794556,643.364445,0.025431,7.693517,7.140542,-6.530134
2000.000000,-231.304239,642.053311,0.025083,7.631969,7.238650,-6.328147
2002.000000,-232.746104,640.668069,0.024628,7.572248,7.417938,-6.092878
2004.000000,-234.118105,639.213554,0.024209,7.532314,7.573153,-5.830061
2006.000000,-235.418254,637.694515,0.023940,7.521901,7.623193,-5.545355
2008.000000,-236.644295,636.115108,0.023801,7.525625,7.612096,-5.243432
2010.000000,-237.793865,634.479237,0.023750,7.519241,7.629179,-4.928239
2012.000000,-238.864554,632.790696,0.023782,7.496389,7.694535,-4.600270
2014.000000,-239.853889,631.053146,0.023935,7.473174,7.741156,-4.256833
2016.000000,-240.759218,629.270246,0.024243,7.468290,7.712149,-3.891370
2018.000000,-241.577112,627.445713,0.024404,7.501353,7.628061,-3.494434
2020.000000,-242.304037,625.583353,0.023766,7.590394,7.538986,-3.055275
2022.000000,-242.940468,623.688084,0.022184,7.721505,7.477508,-2.564729
2024.000000,-243.492130,621.766273,0.020153,7.841945,7.454436,-2.021366
2026.000000,-243.965674,619.824085,0.017950,7.908500,7.473408,-1.427165
2028.000000,-244.369656,617.863501,0.015674,7.928002,7.519692,-0.786186
2030.000000,-244.712033,615.890960,0.013484,7.924963,7.572135,-0.107678
2032.000000,-245.000730,613.913149,0.011370,7.915621,7.616443,0.596407
2034.000000,-245.244429,611.929283,0.009256,7.906536,7.646357,1.314230
2036.000000,-245.451309,609.941369,0.007102,7.901895,7.658929,2.031782
2038.000000,-245.630174,607.947988,0.005051,7.900490,7.660897,2.734059
2040.000000,-245.789386,605.952566,0.003411,7.899300,7.662105,3.403821
2042.000000,-245.935372,603.959319,0.002254,7.896993,7.666952,4.027532
2044.000000,-246.072587,601.965460,0.001500,7.894223,7.673468,4.597044
2046.000000,-246.204588,599.968488,0.001151,7.891659,7.679566,5.105873
2048.000000,-246.332244,597.970851,0.001047,7.889328,7.684991,5.548736
2050.000000,-246.455437,595.976074,0.000931,7.887016,7.690174,5.922995
2052.000000,-246.574804,593.981064,0.000734,7.884621,7.695371,6.230045
2054.000000,-246.691397,591.983138,0.000514,7.882189,7.700594,6.474075
2056.000000,-246.805987,589.984707,0.000314,7.879774,7.705819,6.664609
2058.000000,-246.919157,587.989337,0.000128,7.877374,7.711029,6.811038
2060.000000,-247.031812,585.993937,-0.000062,7.874962,7.716229,6.920779
2062.000000,-247.144704,583.998551,-0.000256,7.872542,7.721431,6.999547
2064.000000,-247.258956,581.997349,-0.000453,7.870145,7.726682,7.052044
2066.000000,-247.374683,580.002125,-0.000649,7.867797,7.731958,7.081856
2068.000000,-247.492997,578.007052,-0.000843,7.865395,7.737177,7.092063
2070.000000,-247.614670,576.012181,-0.001033,7.862819,7.742223,7.084760
2072.000000,-247.740842,574.011694,-0.001222,7.860225,7.747271,7.061673
2074.000000,-247.871525,572.017391,-0.001416,7.858106,7.752760,7.024827
2076.000000,-248.007840,570.023464,-0.001612,7.856551,7.758795,6.976064
2078.000000,-248.150572,568.029986,-0.001801,7.854187,7.764031,6.917531
2080.000000,-248.300962,566.031170,-0.001969,7.849390,7.766882,6.851321
2082.000000,-248.458804,564.038830,-0.002126,7.844673,7.769592,6.780043
2084.000000,-248.625070,562.047173,-0.002326,7.847026,7.778690,6.705903
2086.000000,-248.800441,560.056297,-0.002625,7.860835,7.798932,6.631399
2088.000000,-248.986444,558.063658,-0.003048,7.879695,7.827440,6.558157
2090.000000,-249.184442,556.071704,-0.003664,7.893258,7.858618,6.487369
2092.000000,-249.396438,554.084371,-0.004474,7.890734,7.888066,6.419307
2094.000000,-249.626161,552.099015,-0.005346,7.860923,7.912955,6.353143
2096.000000,-249.877468,550.113511,-0.006206,7.798609,7.930735,6.288427
2098.000000,-250.153510,548.130821,-0.007072,7.722953,7.939451,6.225778
2100.000000,-250.457061,546.155342,-0.007963,7.661272,7.937813,6.167544
2102.000000,-250.791961,544.184905,-0.008890,7.617622,7.930855,6.116150
2104.000000,-251.161773,542.220723,-0.009827,7.566977,7.931569,6.073979
2106.000000,-251.571354,540.258373,-0.010805,7.494442,7.945227,6.043232
2108.000000,-252.021960,538.311071,-0.011824,7.442052,7.940955,6.026601
2110.000000,-252.518419,536.374911,-0.012840,7.469722,7.877234,6.025931
2112.000000,-253.064389,534.452065,-0.013888,7.563620,7.778135,6.040534
2114.000000,-253.663493,532.545108,-0.014938,7.616797,7.750220,6.066763
2116.000000,-254.320210,530.654275,-0.015980,7.555570,7.857655,6.100033
2118.000000,-255.037299,528.784937,-0.017031,7.469642,7.970398,6.134912
2120.000000,-255.816489,526.944048,-0.018025,7.499596,7.900776,6.165723
2122.000000,-256.661570,525.132373,-0.018946,7.648423,7.660921,6.189180
2124.000000,-257.574665,523.353995,-0.019828,7.773112,7.474882,6.202268
2126.000000,-258.557639,521.613133,-0.020661,7.775109,7.498358,6.202586
2128.000000,-259.611692,519.914369,-0.021340,7.728967,7.624150,6.187176
2130.000000,-260.737653,518.262330,-0.021670,7.752157,7.678019,6.153138
2132.000000,-261.934507,516.660777,-0.021542,7.862967,7.616157,6.099190
2134.000000,-263.201148,515.110624,-0.020733,7.990048,7.512766,6.025324
2136.000000,-264.532394,513.614994,-0.019058,8.062486,7.443576,5.932146
2138.000000,-265.917840,512.173695,-0.016916,8.029780,7.464485,5.825392
2140.000000,-267.350909,510.779883,-0.014911,7.854840,7.618777,5.713574
2142.000000,-268.824433,509.429328,-0.013285,7.600980,7.858604,5.604008
2144.000000,-270.333034,508.117984,-0.012459,7.439745,8.037865,5.502547
2146.000000,-271.872610,506.843121,-0.012872,7.494221,8.048856,5.415305
2148.000000,-273.448577,505.604158,-0.014258,7.656409,7.971348,5.341396
2150.000000,-275.054499,504.413886,-0.016110,7.734116,7.952856,5.275415
2152.000000,-276.697796,503.275515,-0.018122,7.682526,8.021492,5.209624
2154.000000,-278.381293,502.197721,-0.019787,7.633458,8.061525,5.135331
2156.000000,-280.106860,501.188317,-0.020652,7.689941,7.985301,5.045154
2158.000000,-281.872936,500.251326,-0.020890,7.802538,7.844556,4.937401
2160.000000,-283.676703,499.389291,-0.020723,7.877853,7.731659,4.812733
2162.000000,-285.514774,498.603028,-0.020230,7.885237,7.686606,4.673141
2164.000000,-287.388733,497.889654,-0.019841,7.852349,7.700620,4.523434
2166.000000,-289.283803,497.252770,-0.019788,7.807731,7.754882,4.369101
2168.000000,-291.202453,496.691130,-0.019933,7.769245,7.811427,4.211585
2170.000000,-293.141933,496.206208,-0.020262,7.751977,7.829488,4.052824
2172.000000,-295.099455,495.800040,-0.020757,7.773154,7.803135,3.895506
2174.000000,-297.072181,495.475289,-0.021463,7.852042,7.761976,3.741718
2176.000000,-299.057127,495.235058,-0.022439,7.983887,7.740989,3.592327
2178.000000,-301.050743,495.083949,-0.023478,8.079261,7.784318,3.445698
2180.000000,-303.049232,495.026999,-0.024196,8.028135,7.933064,3.298338
2182.000000,-305.048278,495.067294,-0.024493,7.838672,8.142249,3.148112
2184.000000,-307.042933,495.205574,-0.024433,7.648163,8.273196,2.996182
2186.000000,-309.028339,495.441641,-0.024010,7.563176,8.232047,2.846080
2188.000000,-311.000121,495.772869,-0.023245,7.560779,8.088869,2.706687
2190.000000,-312.956543,496.196261,-0.022126,7.585240,7.955148,2.588507
2192.000000,-314.893104,496.706558,-0.020763,7.646724,7.858954,2.502511
2194.000000,-316.803588,497.295792,-0.019386,7.811538,7.755943,2.457324
2196.000000,-318.689698,497.958327,-0.018130,8.092265,7.629837,2.453603
2198.000000,-320.550580,498.688673,-0.017073,8.346507,7.552899,2.488770
2200.000000,-322.385586,499.481731,-0.016331,8.405813,7.610106,2.559270
2202.000000,-324.193817,500.333868,-0.015930,8.264833,7.768851,2.659733
2204.000000,-325.974112,501.242979,-0.015832,8.071932,7.885964,2.784928
2206.000000,-327.727098,502.208730,-0.016062,7.944413,7.868257,2.932456
2208.000000,-329.449084,503.230748,-0.016510,7.862792,7.813331,3.097559
2210.000000,-331.133398,504.307285,-0.016932,7.766903,7.870154,3.275614
2212.000000,-332.780315,505.440296,-0.017259,7.643060,8.053786,3.464088
2214.000000,-334.387157,506.629460,-0.017536,7.526184,8.241553,3.659358
2216.000000,-335.951296,507.874287,-0.017774,7.459066,8.323118,3.857360
2218.000000,-337.470250,509.173864,-0.017920,7.497116,8.258512,4.053983
2220.000000,-338.945858,510.531177,-0.018029,7.687238,8.038516,4.247099
2222.000000,-340.367267,511.936813,-0.018091,7.941442,7.765854,4.436291
2224.000000,-341.736891,513.392928,-0.018000,8.061168,7.633393,4.623987
2226.000000,-343.053062,514.897517,-0.017774,7.947197,7.731619,4.811384
2228.000000,-344.314939,516.447960,-0.017474,7.762229,7.884242,4.997886
2230.000000,-345.521910,518.041493,-0.017190,7.704962,7.880941,5.180104
2232.000000,-346.673444,519.675508,-0.016930,7.769019,7.742096,5.354622
2234.000000,-347.770317,521.349499,-0.016703,7.798815,7.655718,5.520079
2236.000000,-348.811260,523.060242,-0.016558,7.707507,7.725035,5.675115
2238.000000,-349.793245,524.801416,-0.016465,7.585723,7.835929,5.817257
2240.000000,-350.717474,526.573926,-0.016403,7.549827,7.843490,5.944228
2242.000000,-351.583136,528.375755,-0.016394,7.617534,7.731348,6.053203
2244.000000,-352.389331,530.204973,-0.016443,7.732227,7.579782,6.142617
2246.000000,-353.135085,532.059659,-0.016504,7.838706,7.459525,6.213914
2248.000000,-353.821155,533.943501,-0.016632,7.894269,7.405564,6.269639
2250.000000,-354.442313,535.843557,-0.016830,7.865027,7.439152,6.310769
2252.000000,-354.999299,537.763413,-0.017036,7.779445,7.525815,6.336646
2254.000000,-355.490631,539.701119,-0.017299,7.717111,7.585541,6.344911
2256.000000,-355.914743,541.654677,-0.017614,7.729182,7.569582,6.333705
2258.000000,-356.269852,543.621934,-0.017971,7.778869,7.524212,6.300435
2260.000000,-356.554107,545.600680,-0.018338,7.808885,7.515683,6.242716
2262.000000,-356.765871,547.590790,-0.018717,7.794420,7.551679,6.159533
2264.000000,-356.903044,549.588843,-0.019208,7.740249,7.586886,6.050012
2266.000000,-356.963412,551.587152,-0.019824,7.662840,7.592524,5.914876
2268.000000,-356.944616,553.586215,-0.020329,7.605581,7.596734,5.752037
2270.000000,-356.844006,555.582787,-0.020393,7.612689,7.640246,5.557639
2272.000000,-356.661507,557.573638,-0.019948,7.661659,7.736504,5.327871
2274.000000,-356.399543,559.555562,-0.019069,7.673342,7.875182,5.061035
2276.000000,-356.061609,561.525790,-0.017770,7.606412,8.029934,4.755562
2278.000000,-355.653797,563.482805,-0.016215,7.525147,8.136773,4.411959
2280.000000,-355.181376,565.431196,-0.014726,7.509503,8.133317,4.031853
2282.000000,-354.653372,567.359048,-0.013338,7.555271,8.051397,3.620289
2284.000000,-354.074230,569.272147,-0.011961,7.595185,7.992605,3.179411
2286.000000,-353.449580,571.170772,-0.010623,7.591316,8.010324,2.714382
2288.000000,-352.784793,573.055724,-0.009279,7.580465,8.038450,2.231711
2290.000000,-352.083052,574.933455,-0.007957,7.610696,7.996147,1.737148
2292.000000,-351.353648,576.794247,-0.006693,7.689763,7.894089,1.239736
2294.000000,-350.599582,578.645198,-0.005599,7.796466,7.808211,0.741348
2296.000000,-349.825258,580.487722,-0.004785,7.908274,7.783236,0.247799
2298.000000,-349.032583,582.324790,-0.004149,8.002602,7.783064,-0.236210
2300.000000,-348.224131,584.156620,-0.003601,8.058967,7.759148,-0.706774
2302.000000,-347.404084,585.979227,-0.003104,8.077419,7.708077,-1.160359
2304.000000,-346.572751,587.796714,-0.002612,8.073531,7.659968,-1.597359
2306.000000,-345.731005,589.611792,-0.002108,8.057972,7.636257,-2.017757
2308.000000,-344.880947,591.424680,-0.001592,8.028201,7.633632,-2.420385
2310.000000,-344.026682,593.231488,-0.001059,7.980413,7.643155,-2.802844
2312.000000,-343.168584,595.036475,-0.000521,7.923985,7.655878,-3.164409
2314.000000,-342.308652,596.840590,-0.000041,7.878268,7.662920,-3.503997
2316.000000,-341.446170,598.650007,0.000339,7.854833,7.659123,-3.821984
2318.000000,-340.587498,600.454721,0.000604,7.845422,7.648529,-4.115863
2320.000000,-339.731187,602.260556,0.000710,7.838002,7.636772,-4.385507
2322.000000,-338.877593,604.067678,0.000679,7.828272,7.626002,-4.630223
2324.000000,-338.023945,605.881280,0.000621,7.817684,7.615696,-4.850372
2326.000000,-337.175011,607.690597,0.000591,7.807518,7.605422,-5.044990
2328.000000,-336.328204,609.500908,0.000574,7.797673,7.594973,-5.216008
2330.000000,-335.483483,611.312194,0.000552,7.787816,7.584261,-5.365069
2332.000000,-334.638293,613.129752,0.000525,7.777800,7.573380,-5.494242
2334.000000,-333.797489,614.942861,0.000497,7.767727,7.562679,-5.604393
2336.000000,-332.958483,616.756801,0.000471,7.757645,7.552267,-5.697460
2338.000000,-332.121181,618.571529,0.000445,7.747692,7.541926,-5.774557
2340.000000,-331.283037,620.392348,0.000419,7.737965,7.531349,-5.836418
2342.000000,-330.448878,622.208521,0.000393,7.728425,7.520555,-5.883077
2344.000000,-329.616145,624.025350,0.000367,7.718780,7.509645,-5.915004
2346.000000,-328.784745,625.842789,0.000341,7.708873,7.498756,-5.932606
2348.000000,-327.953694,627.662741,0.000314,7.698803,7.488000,-5.936347
2350.000000,-327.123125,629.484674,0.000289,7.688734,7.477485,-5.926626
2352.000000,-326.295159,631.303681,0.000263,7.678744,7.467141,-5.903840
2354.000000,-325.468148,633.123121,0.000237,7.668785,7.456705,-5.868082
2356.000000,-324.641115,634.944897,0.000211,7.658810,7.446006,-5.819465
2358.000000,-323.814184,636.768489,0.000185,7.648788,7.435120,-5.758496
2360.000000,-322.989474,638.588974,0.000158,7.638723,7.424199,-5.686079
2362.000000,-322.165340,640.409720,0.000132,7.628681,7.413360,-5.603027
2364.000000,-321.340809,642.232623,0.000103,7.618824,7.402731,-5.510268
2366.000000,-320.515989,644.057178,0.000074,7.609212,7.392343,-5.408996
2368.000000,-319.692985,645.878434,0.000044,7.599651,7.381972,-5.300881
2370.000000,-318.870140,647.699762,0.000013,7.589870,7.371320,-5.187017
2372.000000,-318.046468,649.523048,-0.000017,7.579847,7.360451,-5.068267
2374.000000,-317.222060,651.347795,-0.000047,7.569761,7.349703,-4.945394
2376.000000,-316.399027,653.169038,-0.000078,7.559757,7.339286,-4.819206
2378.000000,-315.575711,654.990153,-0.000108,7.549777,7.328943,-4.689775
2380.000000,-314.752002,656.811090,-0.000138,7.539755,7.318379,-4.557153
2382.000000,-313.925362,658.637159,-0.000169,7.529701,7.307536,-4.420621
2384.000000,-313.100533,660.457591,-0.000199,7.519789,7.296659,-4.280599
2386.000000,-312.274981,662.277693,-0.000230,7.510074,7.285845,-4.136208
2388.000000,-311.448595,664.097418,-0.000259,7.500554,7.275071,-3.986829
2390.000000,-310.618827,665.922068,-0.000290,7.491137,7.264276,-3.831216
2392.000000,-309.790440,667.740882,-0.000320,7.481398,7.253746,-3.669373
2394.000000,-308.960889,669.559165,-0.000351,7.470540,7.243847,-3.500019
2396.000000,-308.130065,671.376869,-0.000380,7.458884,7.234285,-3.322419
2398.000000,-307.295407,673.199286,-0.000410,7.449434,7.223011,-3.135416
2400.000000,-306.461708,675.015673,-0.000441,7.444846,7.208403,-2.939606
2402.000000,-305.626408,676.831323,-0.000472,7.438626,7.194986,-2.733939
2404.000000,-304.789397,678.646185,-0.000501,7.417515,7.191998,-2.517862
2406.000000,-303.949687,680.462106,-0.000532,7.373901,7.204997,-2.290456
2408.000000,-303.107340,682.278676,-0.000608,7.315074,7.229862,-2.050853
2410.000000,-302.264516,684.090848,-0.000796,7.250910,7.260480,-1.798839
2412.000000,-301.418930,685.901731,-0.001087,7.182350,7.293596,-1.533693
2414.000000,-300.568531,687.712667,-0.001414,7.103876,7.328045,-1.255829
2416.000000,-299.712280,689.522735,-0.001747,7.018716,7.362523,-0.967018
2418.000000,-298.851341,691.326375,-0.002083,6.952690,7.395162,-0.670456
2420.000000,-297.982906,693.126420,-0.002418,6.933352,7.424405,-0.368135
2422.000000,-297.104868,694.924122,-0.002751,6.962600,7.450924,-0.062310
2424.000000,-296.216175,696.718499,-0.003089,7.022210,7.477103,0.244406
2426.000000,-295.318114,698.503959,-0.003431,7.097076,7.503483,0.548770
2428.000000,-294.407837,700.283223,-0.003773,7.183382,7.526083,0.849157
2430.000000,-293.484181,702.055584,-0.004109,7.278415,7.541325,1.143780
2432.000000,-292.543202,703.825481,-0.004452,7.368115,7.559224,1.432026
2434.000000,-291.589287,705.581749,-0.004803,7.428856,7.599948,1.710927
2436.000000,-290.618563,707.328794,-0.005148,7.449520,7.673019,1.980145
2438.000000,-289.629933,709.065768,-0.005485,7.448363,7.760312,2.238702
2440.000000,-288.619309,710.796867,-0.005831,7.448200,7.839501,2.486325
2442.000000,-287.591562,712.511007,-0.006187,7.453839,7.902788,2.720326
2444.000000,-286.542706,714.212308,-0.006523,7.456989,7.954155,2.940142
2446.000000,-285.471741,715.899793,-0.006847,7.469182,7.980840,3.144535
2448.000000,-284.376649,717.574189,-0.007170,7.550243,7.929849,3.332592
2450.000000,-283.256660,719.234202,-0.007540,7.755868,7.753042,3.503180
2452.000000,-282.113973,720.874011,-0.007886,8.021775,7.514379,3.654629
2454.000000,-280.945421,722.495454,-0.007974,8.201376,7.354701,3.786250
2456.000000,-279.750716,724.097730,-0.007656,8.212565,7.351493,3.898319
2458.000000,-278.527856,725.686089,-0.007100,8.127545,7.431074,3.993636
2460.000000,-277.286121,727.252200,-0.006443,8.041091,7.496765,4.074577
2462.000000,-276.024288,728.802133,-0.005706,7.970298,7.520464,4.144733
2464.000000,-274.744878,730.337590,-0.004971,7.879129,7.521394,4.207340
2466.000000,-273.449005,731.861820,-0.004262,7.753035,7.520182,4.265160
2468.000000,-272.138991,733.376308,-0.003577,7.632246,7.536483,4.320506
2470.000000,-270.820719,734.878484,-0.002896,7.563035,7.587810,4.375451
2472.000000,-269.493786,736.373005,-0.002209,7.545755,7.676750,4.432211
2474.000000,-268.158910,737.863163,-0.001520,7.548099,7.794865,4.492873
2476.000000,-266.818283,739.350595,-0.000846,7.549438,7.925882,4.559411
2478.000000,-265.477770,740.832936,-0.000344,7.561060,8.035499,4.633659
2480.000000,-264.136673,742.314748,-0.000276,7.599069,8.090594,4.717464
2482.000000,-262.793771,743.797658,-0.000615,7.660427,8.096390,4.810126
2484.000000,-261.447835,745.280295,-0.001103,7.727264,8.087827,4.909318
2486.000000,-260.101242,746.757123,-0.001611,7.787463,8.090340,5.012644
2488.000000,-258.749906,748.229608,-0.002119,7.845839,8.101881,5.118155
2490.000000,-257.392330,749.696346,-0.002605,7.909468,8.114558,5.223764
2492.000000,-256.023080,751.160265,-0.003086,7.973548,8.123390,5.327788
2494.000000,-254.648877,752.611458,-0.003616,8.023545,8.125594,5.427634
2496.000000,-253.264298,754.052777,-0.004203,8.051803,8.120293,5.521539
2498.000000,-251.867665,755.482399,-0.004669,8.066697,8.110740,5.607279
2500.000000,-250.453210,756.902698,-0.004774,8.079427,8.100727,5.683225
2502.000000,-249.029124,758.304995,-0.004506,8.094766,8.091321,5.749304
2504.000000,-247.592358,759.694292,-0.003937,8.112894,8.081443,5.807638
2506.000000,-246.144452,761.071942,-0.003100,8.131986,8.070891,5.860829
2508.000000,-244.683669,762.444545,-0.002142,8.146113,8.061609,5.913210
2510.000000,-243.221368,763.806908,-0.001216,8.149048,8.055879,5.969047
2512.000000,-241.755812,765.165752,-0.000336,8.140207,8.054364,6.032814
2514.000000,-240.289360,766.523621,0.000510,8.122905,8.056635,6.108550
2516.000000,-238.822857,767.884366,0.001332,8.100853,8.061382,6.200275
2518.000000,-237.358590,769.250314,0.002195,8.078407,8.065324,6.311742
2520.000000,-235.903019,770.619914,0.003184,8.059246,8.065627,6.446290
2522.000000,-234.456100,771.998647,0.004109,8.039699,8.066646,6.608632
2524.000000,-233.019647,773.391046,0.004266,8.011042,8.077741,6.803805
2526.000000,-231.595075,774.798309,0.003224,7.974770,8.097214,7.031668
2528.000000,-230.182659,776.212361,0.001388,7.957667,8.096058,7.283020
2530.000000,-228.774431,777.630605,-0.000852,7.988201,8.043355,7.549058
2532.000000,-227.364064,779.046657,-0.003337,8.063885,7.941714,7.818795
2534.000000,-225.940064,780.457356,-0.005851,8.158464,7.819389,8.081874
2536.000000,-224.503702,781.847126,-0.008291,8.236930,7.713951,8.326881
2538.000000,-223.044490,783.212941,-0.010778,8.248098,7.679453,8.546019
2540.000000,-221.556273,784.547462,-0.013564,8.144061,7.766259,8.731185
2542.000000,-220.032646,785.841473,-0.016414,7.943863,7.952268,8.873527
2544.000000,-218.462355,787.087745,-0.018577,7.718041,8.159717,8.965316
2546.000000,-216.850185,788.269982,-0.019528,7.542409,8.314181,9.002064
2548.000000,-215.192763,789.387895,-0.019096,7.492607,8.361828,8.984106
2550.000000,-213.493034,790.439604,-0.016938,7.628625,8.264855,8.911288
2552.000000,-211.757725,791.431700,-0.013382,7.879899,8.084621,8.787645
2554.000000,-209.996449,792.377279,-0.009633,8.086792,7.949974,8.624256
2556.000000,-208.216173,793.290016,-0.006319,8.154128,7.934560,8.435141
2558.000000,-206.422934,794.181297,-0.003792,8.135529,7.985211,8.233800
2560.000000,-204.627317,795.058861,-0.002600,8.107003,8.030268,8.035456
2562.000000,-202.827764,795.928314,-0.002562,8.095656,8.044864,7.848878
2564.000000,-201.022075,796.789442,-0.002918,8.095648,8.035524,7.673579
2566.000000,-199.209562,797.640916,-0.003326,8.099559,8.012401,7.507507
2568.000000,-197.395015,798.478649,-0.003727,8.099040,7.991294,7.348671
2570.000000,-195.574239,799.302770,-0.004058,8.085352,7.988176,7.194181
2572.000000,-193.745047,800.112808,-0.004322,8.047745,8.013784,7.041708
2574.000000,-191.907027,800.907769,-0.004549,7.974784,8.074813,6.889478
2576.000000,-190.065475,801.684383,-0.004744,7.880974,8.157595,6.736296
2578.000000,-188.216641,802.443501,-0.004924,7.835564,8.205952,6.580481
2580.000000,-186.360431,803.184418,-0.005100,7.905022,8.166071,6.420651
2582.000000,-184.491264,803.908465,-0.005293,8.056513,8.062864,6.254894
2584.000000,-182.620038,804.610600,-0.005505,8.189075,7.975075,6.082763
2586.000000,-180.741204,805.292137,-0.005717,8.229563,7.959792,5.902457
2588.000000,-178.854708,805.952168,-0.005924,8.166855,8.025423,5.712653
2590.000000,-176.958703,806.590381,-0.006093,8.009391,8.165160,5.511793
2592.000000,-175.053056,807.206011,-0.006213,7.826650,8.325168,5.298591
2594.000000,-173.143684,807.796615,-0.006206,7.728768,8.420230,5.072725
2596.000000,-171.227064,808.363252,-0.006012,7.772546,8.406219,4.833059
2598.000000,-169.301924,808.907277,-0.005727,7.898353,8.328488,4.579850
2600.000000,-167.368664,809.429748,-0.005453,8.029313,8.245464,4.314125
2602.000000,-165.433692,809.930110,-0.005193,8.126132,8.185469,4.037917
2604.000000,-163.493635,810.410368,-0.004931,8.175900,8.155910,3.751914
2606.000000,-161.548948,810.871486,-0.004654,8.178177,8.156416,3.457371
2608.000000,-159.594307,811.315753,-0.004381,8.157668,8.171244,3.154740
2610.000000,-157.641598,811.741603,-0.004115,8.141053,8.183493,2.847215
2612.000000,-155.685460,812.151393,-0.003843,8.134207,8.189535,2.535328
2614.000000,-153.726235,812.546157,-0.003567,8.129902,8.194083,2.220467
2616.000000,-151.758471,812.928031,-0.003295,8.123043,8.200341,1.903056
2618.000000,-149.794011,813.295831,-0.003029,8.113916,8.207761,1.586300
2620.000000,-147.827367,813.651739,-0.002758,8.103853,8.215296,1.270621
2622.000000,-145.858793,813.996805,-0.002489,8.095453,8.222514,0.957323
2624.000000,-143.886686,814.332387,-0.002218,8.092036,8.229388,0.646866
2626.000000,-141.910995,814.659555,-0.001951,8.094655,8.235809,0.339328
2628.000000,-139.938005,814.978367,-0.001686,8.099641,8.241491,0.035848
2630.000000,-137.963954,815.290537,-0.001418,8.103190,8.246361,-0.263571
2632.000000,-135.987186,815.597393,-0.001152,8.106035,8.251826,-0.558472
2634.000000,-134.007584,815.900015,-0.000887,8.111649,8.260137,-0.848157
2636.000000,-132.031426,816.198524,-0.000627,8.119498,8.270155,-1.130865
2638.000000,-130.054897,816.494578,-0.000410,8.120812,8.273924,-1.406041
2640.000000,-128.076309,816.789424,-0.000294,8.106962,8.263700,-1.672869
2642.000000,-126.095420,817.083519,-0.000265,8.080566,8.241872,-1.930972
2644.000000,-124.118357,817.375979,-0.000261,8.051427,8.217292,-2.179547
2646.000000,-122.141142,817.667406,-0.000259,8.025714,8.195619,-2.419112
2648.000000,-120.163775,817.957811,-0.000256,8.002065,8.175862,-2.649743
2650.000000,-118.180440,818.248052,-0.000254,7.977992,8.155998,-2.872225
2652.000000,-116.202778,818.536436,-0.000252,7.953112,8.135580,-3.085364
2654.000000,-114.224972,818.823827,-0.000249,7.928042,8.114876,-3.289908
2656.000000,-112.247023,819.110233,-0.000246,7.903226,8.094128,-3.485920
2658.000000,-110.263110,819.396504,-0.000244,7.878455,8.073279,-3.674043
2660.000000,-108.284881,819.680969,-0.000242,7.853668,8.052430,-3.853293
2662.000000,-106.306514,819.964480,-0.000239,7.828850,8.031616,-4.024289
2664.000000,-104.328014,820.247045,-0.000236,7.804220,8.011003,-4.187013
2666.000000,-102.343554,820.529502,-0.000234,7.779783,7.990573,-4.341874
2668.000000,-100.364787,820.810203,-0.000232,7.755443,7.970225,-4.487931
2670.000000,-98.385891,821.089990,-0.000229,7.730870,7.949663,-4.625589
2672.000000,-96.406867,821.368871,-0.000226,7.706071,7.928870,-4.754816
2674.000000,-94.421891,821.647672,-0.000224,7.681145,7.907911,-4.875930
2676.000000,-92.442616,821.924768,-0.000222,7.656354,7.887040,-4.988193
2678.000000,-90.463218,822.200988,-0.000219,7.631600,7.866321,-5.091941
2680.000000,-88.483701,822.476342,-0.000217,7.606840,7.845852,-5.187201
2682.000000,-86.502259,822.751089,-0.000214,7.582040,7.825503,-5.274121
2684.000000,-84.518482,823.025293,-0.000211,7.557209,7.805020,-5.352800
2686.000000,-82.538612,823.298105,-0.000209,7.532432,7.784327,-5.423192
2688.000000,-80.558628,823.570089,-0.000207,7.507657,7.763463,-5.485732
2690.000000,-78.576733,823.841502,-0.000204,7.482857,7.742534,-5.540733
2692.000000,-76.592497,824.112410,-0.000201,7.458029,7.721673,-5.588450
2694.000000,-74.612182,824.381970,-0.000199,7.433253,7.701087,-5.629007
2696.000000,-72.631760,824.650744,-0.000197,7.408480,7.680744,-5.662771
2698.000000,-70.649438,824.918981,-0.000194,7.383677,7.660353,-5.690026
2700.000000,-68.664771,825.186751,-0.000191,7.358830,7.639637,-5.711020
2702.000000,-66.684037,825.453219,-0.000189,7.334041,7.618781,-5.725946
2704.000000,-64.703203,825.718938,-0.000186,7.309299,7.598107,-5.735088
2706.000000,-62.720479,825.984158,-0.000184,7.284567,7.577742,-5.738732
2708.000000,-60.735408,826.248950,-0.000181,7.259701,7.557340,-5.737305
2710.000000,-58.754281,826.512484,-0.000179,7.234879,7.536789,-5.731308
2712.000000,-56.773062,826.775309,-0.000177,7.212046,7.517679,-5.721227
2714.000000,-54.791748,827.037436,-0.000174,7.194376,7.502779,-5.707529
2716.000000,-52.804512,827.299642,-0.000171,7.182971,7.493126,-5.690616
2718.000000,-50.823019,827.560399,-0.000169,7.174571,7.486112,-5.670958
2720.000000,-48.841437,827.820488,-0.000166,7.165426,7.478689,-5.648484
2722.000000,-46.859770,828.079919,-0.000164,7.154828,7.470166,-5.622987
2724.000000,-44.872184,828.339462,-0.000161,7.143995,7.461343,-5.594261
2726.000000,-42.890348,828.597603,-0.000159,7.133811,7.452841,-5.562632
2728.000000,-40.908430,828.855115,-0.000156,7.124020,7.444555,-5.528382
2730.000000,-38.926433,829.112009,-0.000154,7.114232,7.436304,-5.491878
2732.000000,-36.938520,829.369047,-0.000151,7.104232,7.427917,-5.453366
2734.000000,-34.956366,829.624731,-0.000149,7.094026,7.419333,-5.413435
2736.000000,-32.974136,829.879826,-0.000146,7.083617,7.410523,-5.372362
2738.000000,-30.991831,830.134342,-0.000144,7.073208,7.401709,-5.330528
2740.000000,-29.007693,830.388514,-0.000141,7.062997,7.393115,-5.288227
2742.000000,-27.021168,830.642421,-0.000139,7.052997,7.384729,-5.245722
2744.000000,-25.038649,830.895257,-0.000136,7.043123,7.376411,-5.203447
2746.000000,-23.056060,831.147555,-0.000134,7.033231,7.368034,-5.161566
2748.000000,-21.071649,831.399546,-0.000131,7.023167,7.359613,-5.120177
2750.000000,-19.084846,831.651311,-0.000128,7.012819,7.351187,-5.079315
2752.000000,-17.102060,831.902049,-0.000126,7.002364,7.342795,-5.039130
2754.000000,-15.119211,832.152288,-0.000124,6.992084,7.334406,-4.999539
2756.000000,-13.134550,832.402257,-0.000121,6.982094,7.326005,-4.960440
2758.000000,-11.147491,832.652040,-0.000118,6.972113,7.317592,-4.921621
2760.000000,-9.164460,832.900839,-0.000116,6.961874,7.309197,-4.883010
2762.000000,-7.181373,833.149179,-0.000113,6.951423,7.300803,-4.844341
2764.000000,-5.196484,833.397287,-0.000111,6.941056,7.292401,-4.805327
2766.000000,-3.209192,833.645248,-0.000108,6.930952,7.283990,-4.765663
2768.000000,-1.225939,833.892267,-0.000106,6.921048,7.275595,-4.725135
2770.000000,0.757366,834.138867,-0.000103,6.911181,7.267201,-4.683307
2772.000000,2.740722,834.385058,-0.000101,6.901221,7.258807,-4.639881
2774.000000,4.729966,834.631572,-0.000098,6.891017,7.250388,-4.594594
2776.000000,6.713419,834.876973,-0.000096,6.880615,7.241994,-4.547747
2778.000000,8.696921,835.121995,-0.000093,6.870198,7.233599,-4.499469
2780.000000,10.680467,835.366646,-0.000091,6.859992,7.225205,-4.450293
2782.000000,12.669897,835.611656,-0.000088,6.849983,7.216787,-4.400470
2784.000000,14.653530,835.855598,-0.000086,6.840112,7.208393,-4.350636
2786.000000,16.637206,836.099200,-0.000083,6.830220,7.199998,-4.301030
2788.000000,18.620922,836.342473,-0.000081,6.820166,7.191604,-4.252030
2790.000000,20.610517,836.586140,-0.000078,6.809809,7.183186,-4.203812
2792.000000,22.594311,836.828782,-0.000076,6.799353,7.174792,-4.156912
2794.000000,24.578140,837.071125,-0.000073,6.789075,7.166399,-4.111372
2796.000000,26.562005,837.313178,-0.000071,6.779096,7.158005,-4.067342
2798.000000,28.551744,837.555662,-0.000068,6.769107,7.149586,-4.024771
2800.000000,30.535676,837.797164,-0.000065,6.758869,7.141193,-3.983931
2802.000000,32.519640,838.038408,-0.000063,6.748419,7.132800,-3.944719
2804.000000,34.503634,838.279402,-0.000060,6.738062,7.124406,-3.907134
2806.000000,36.489367,838.520363,-0.000058,6.727971,7.116006,-3.871144
2808.000000,38.477549,838.761388,-0.000055,6.718047,7.107595,-3.836792
2810.000000,40.461626,839.001692,-0.000053,6.708182,7.099202,-3.804248
2812.000000,42.445730,839.241787,-0.000050,6.698224,7.090810,-3.773415
2814.000000,44.431560,839.481888,-0.000048,6.688043,7.082408,-3.744135
2816.000000,46.419847,839.722094,-0.000045,6.677621,7.073997,-3.716232
2818.000000,48.404020,839.961619,-0.000043,6.667206,7.065605,-3.689610
2820.000000,50.388212,840.200973,-0.000040,6.657001,7.057217,-3.664021
2822.000000,52.374123,840.440373,-0.000037,6.647014,7.048821,-3.639264
2824.000000,54.362494,840.679920,-0.000037,6.637125,7.040400,-3.615274
2826.000000,56.346740,840.918827,-0.000040,6.627236,7.031987,-3.592236
2828.000000,58.331006,841.157574,-0.000046,6.617184,7.023604,-3.570176
2830.000000,60.315293,841.396141,-0.000052,6.606860,7.015286,-3.549037
2832.000000,62.305447,841.635203,-0.000059,6.596377,7.006911,-3.528688
2834.000000,64.289787,841.873329,-0.000066,6.586100,6.998358,-3.509180
2836.000000,66.274159,842.111195,-0.000073,6.576121,6.989556,-3.490350
2838.000000,68.258565,842.348773,-0.000079,6.566165,6.980738,-3.472007
2840.000000,70.248850,842.586735,-0.000086,6.555903,6.972124,-3.454043
2842.000000,72.233334,842.823658,-0.000092,6.545457,6.963759,-3.436678
2844.000000,74.217863,843.060215,-0.000099,6.535096,6.955445,-3.419984
2846.000000,76.202437,843.296378,-0.000106,6.525006,6.947068,-3.404081
2848.000000,78.192904,843.532814,-0.000113,6.515080,6.938633,-3.388984
2850.000000,80.177582,843.768109,-0.000120,6.505247,6.930237,-3.374790
2852.000000,82.162317,844.002930,-0.000126,6.495308,6.921851,-3.361402
2854.000000,84.147109,844.237252,-0.000133,6.485076,6.913448,-3.348644
2856.000000,86.137808,844.471734,-0.000139,6.474529,6.905001,-3.336230
2858.000000,88.122728,844.704976,-0.000146,6.464172,6.896624,-3.323986
2860.000000,90.107716,844.937637,-0.000153,6.454375,6.888342,-3.311696
2862.000000,92.092776,845.169692,-0.000160,6.444637,6.880016,-3.299297
2864.000000,94.079573,845.401308,-0.000166,6.433893,6.871384,-3.286811
2866.000000,96.068963,845.632555,-0.000173,6.422798,6.862759,-3.274433
2868.000000,98.054253,845.862630,-0.000180,6.415820,6.855721,-3.262623
2870.000000,100.039626,846.091992,-0.000186,6.417273,6.851767,-3.251789
2872.000000,102.026741,846.320805,-0.000193,6.425662,6.850414,-3.242350
2874.000000,104.016474,846.549141,-0.000200,6.435646,6.849866,-3.234738
2876.000000,106.002112,846.776202,-0.000207,6.443708,6.848875,-3.229364
2878.000000,107.987841,847.002445,-0.000213,6.450737,6.847483,-3.226583
2880.000000,109.975321,847.228029,-0.000220,6.458225,6.845944,-3.226745
2882.000000,111.965439,847.453025,-0.000227,6.466357,6.844350,-3.230118
2884.000000,113.951467,847.676646,-0.000233,6.474414,6.842692,-3.236718
2886.000000,115.937598,847.899342,-0.000240,6.482030,6.841006,-3.246333
2888.000000,117.925484,848.121269,-0.000247,6.489554,6.839450,-3.258573
2890.000000,119.916031,848.342497,-0.000253,6.497399,6.838169,-3.272919
2892.000000,121.902489,848.562251,-0.000260,6.505468,6.837034,-3.288836
2894.000000,123.889062,848.780973,-0.000267,6.513389,6.835730,-3.306185
2896.000000,125.875751,848.998635,-0.000273,6.520982,6.834121,-3.325076
2898.000000,127.868409,849.215846,-0.000280,6.528553,6.832481,-3.345827
2900.000000,129.855337,849.431304,-0.000287,6.536383,6.831124,-3.368621
2902.000000,131.842391,849.645624,-0.000294,6.544435,6.829982,-3.393826
2904.000000,133.829568,849.858774,-0.000300,6.552401,6.828752,-3.421792
2906.000000,135.822725,850.071353,-0.000307,6.560114,6.827244,-3.452926
2908.000000,137.810160,850.282088,-0.000314,6.567619,6.825556,-3.487320
2910.000000,139.797728,850.491578,-0.000322,6.575079,6.823823,-3.525292
2912.000000,141.785430,850.699794,-0.000329,6.582636,6.822185,-3.566913
2914.000000,143.779120,850.907304,-0.000333,6.590447,6.820775,-3.612264
2916.000000,145.767098,851.112870,-0.000332,6.598477,6.819610,-3.660903
2918.000000,147.755211,851.317113,-0.000325,6.606486,6.818423,-3.712712
2920.000000,149.743459,851.520055,-0.000309,6.614206,6.816948,-3.767457
2922.000000,151.737684,851.722353,-0.000287,6.621757,6.815277,-3.825400
2924.000000,153.726172,851.922915,-0.000265,6.629433,6.813757,-3.886234
2926.000000,155.714766,852.122429,-0.000243,6.637414,6.812544,-3.949790
2928.000000,157.703457,852.320977,-0.000222,6.645461,6.811395,-4.015678
2930.000000,159.693849,852.518801,-0.000201,6.653297,6.810028,-4.083564
2932.000000,161.686947,852.716084,-0.000180,6.660896,6.808410,-4.153098
2934.000000,163.675876,852.912232,-0.000158,6.668362,6.806682,-4.223638
2936.000000,165.664866,853.107750,-0.000137,6.675855,6.804979,-4.294920
2938.000000,167.655519,853.302882,-0.000116,6.683518,6.803441,-4.366656
2940.000000,169.648854,853.497809,-0.000095,6.691467,6.802172,-4.438656
2942.000000,171.637981,853.691945,-0.000073,6.699528,6.801036,-4.510492
2944.000000,173.627135,853.885789,-0.000052,6.707408,6.799725,-4.582146
2946.000000,175.617913,854.079584,-0.000031,6.714992,6.798113,-4.653493
2948.000000,177.611352,854.273515,-0.000009,6.722572,6.796475,-4.724386
2950.000000,179.600540,854.466994,0.000012,6.730436,6.795120,-4.794392
2952.000000,181.589726,854.660521,0.000033,6.738503,6.793978,-4.863466
2954.000000,183.578898,854.854179,0.000054,6.746413,6.792747,-4.931359
2956.000000,185.573905,855.048625,0.000076,6.754024,6.791238,-4.997981
2958.000000,187.563026,855.242803,0.000097,6.761577,6.789549,-5.062636
2960.000000,189.552111,855.437366,0.000118,6.769410,6.787817,-5.124993
2962.000000,191.541149,855.632399,0.000139,6.777462,6.786179,-5.184374
2964.000000,193.535988,855.828564,0.000161,6.785448,6.784770,-5.240260
2966.000000,195.524908,856.024792,0.000182,6.793136,6.783606,-5.291672
2968.000000,197.513757,856.221744,0.000203,6.800639,6.782420,-5.338298
2970.000000,199.502526,856.419504,0.000224,6.808097,6.780946,-5.379829
2972.000000,201.497059,856.618742,0.000246,6.815673,6.779275,-5.416109
2974.000000,203.485642,856.818374,0.000267,6.823459,6.777755,-5.446750
2976.000000,205.474117,857.019066,0.000288,6.831485,6.776540,-5.471698
2978.000000,207.462477,857.220903,0.000309,6.839488,6.775393,-5.490799
2980.000000,209.456563,857.424569,0.000330,6.847222,6.774034,-5.503971
2982.000000,211.444663,857.628952,0.000352,6.854744,6.772427,-5.511046
2984.000000,213.432618,857.834731,0.000373,6.862416,6.770680,-5.511967
2986.000000,215.420419,858.041990,0.000394,6.870398,6.768940,-5.506582
2988.000000,217.409623,858.250979,0.000415,6.878438,6.767419,-5.494668
2990.000000,219.401371,858.461908,0.000436,6.886244,6.766285,-5.475958
2992.000000,221.388651,858.674118,0.000458,6.893797,6.765231,-5.450120
2994.000000,223.375735,858.888142,0.000478,6.901324,6.763640,-5.416503
2996.000000,225.364174,859.104238,0.000498,6.908944,6.761486,-5.374301
2998.000000,227.355125,859.322616,0.000519,6.916544,6.760096,-5.322511
3000.000000,229.341560,859.542586,0.000543,6.924002,6.760599,-5.260284
3002.000000,231.327756,859.764707,0.000565,6.931768,6.760599,-5.186450
3004.000000,233.315254,859.989251,0.000583,6.940609,6.755447,-5.099840
3006.000000,235.305225,860.216440,0.000575,6.950063,6.746325,-4.999083
3008.000000,237.290631,860.445505,0.000345,6.956805,6.747908,-4.882912
3010.000000,239.275797,860.676639,-0.000390,6.957375,6.775734,-4.749347
3012.000000,241.262631,860.906924,-0.001567,6.950947,6.832596,-4.598777
3014.000000,243.252935,861.131306,-0.002890,6.938566,6.912369,-4.433976
3016.000000,245.240222,861.343730,-0.004228,6.922052,7.007381,-4.258837
3018.000000,247.229226,861.539360,-0.005573,6.904629,7.108553,-4.076498
3020.000000,249.220327,861.712854,-0.006907,6.889224,7.207364,-3.890645
3022.000000,251.219525,861.859214,-0.008262,6.873698,7.304485,-3.704702
3024.000000,253.215019,861.972191,-0.009682,6.852689,7.405854,-3.524037
3026.000000,255.212405,862.046668,-0.011144,6.827487,7.511786,-3.352560
3028.000000,257.210941,862.076619,-0.012553,6.815067,7.607170,-3.195518
3030.000000,259.209717,862.056111,-0.013683,6.833216,7.675973,-3.058421
3032.000000,261.213098,861.980330,-0.014450,6.883709,7.716856,-2.945310
3034.000000,263.207392,861.846352,-0.014483,6.957046,7.737862,-2.860229
3036.000000,265.196841,861.653306,-0.013537,7.043786,7.747286,-2.804106
3038.000000,267.180441,861.406269,-0.012175,7.134185,7.752466,-2.772506
3040.000000,269.157380,861.111242,-0.010881,7.220189,7.759655,-2.760074
3042.000000,271.128840,860.773165,-0.009681,7.305868,7.768537,-2.762326
3044.000000,273.096162,860.396397,-0.008534,7.402687,7.774681,-2.775509
3046.000000,275.052441,859.987009,-0.007400,7.522723,7.770262,-2.795836
3048.000000,277.002466,859.548744,-0.006250,7.680376,7.740990,-2.819506
3050.000000,278.946814,859.086135,-0.005062,7.882292,7.679027,-2.842731
3052.000000,280.892052,858.602396,-0.003951,8.080072,7.629722,-2.861334
3054.000000,282.827809,858.105099,-0.003227,8.190581,7.670222,-2.870348
3056.000000,284.760509,857.596122,-0.003036,8.178091,7.825017,-2.866202
3058.000000,286.690119,857.075600,-0.003160,8.102598,8.008878,-2.848338
3060.000000,288.622113,856.541439,-0.003427,8.032795,8.130036,-2.816474
3062.000000,290.544767,855.995733,-0.003780,7.983862,8.182503,-2.771196
3064.000000,292.463242,855.435508,-0.004131,7.936147,8.216049,-2.713168
3066.000000,294.377023,854.859421,-0.004457,7.879583,8.261774,-2.643002
3068.000000,296.287013,854.265861,-0.004763,7.825517,8.309699,-2.560977
3070.000000,298.194034,853.653216,-0.005077,7.788990,8.343425,-2.467324
3072.000000,300.090562,853.022615,-0.005398,7.785184,8.350382,-2.362878
3074.000000,301.980185,852.371599,-0.005704,7.828805,8.320829,-2.248116
3076.000000,303.863662,851.698565,-0.005990,7.925293,8.251345,-2.123959
3078.000000,305.741660,851.001951,-0.006248,8.061274,8.151266,-1.991406
3080.000000,307.606663,850.283401,-0.006446,8.215904,8.035746,-1.852201
3082.000000,309.462243,849.540838,-0.006589,8.344054,7.941131,-1.707103
3084.000000,311.307898,848.773928,-0.006711,8.386568,7.915959,-1.556947
3086.000000,313.148485,847.979952,-0.006850,8.321501,7.978472,-1.402213
3088.000000,314.972639,847.163212,-0.007008,8.202190,8.085426,-1.244911
3090.000000,316.785191,846.321023,-0.007158,8.086524,8.189855,-1.085836
3092.000000,318.585516,845.453000,-0.007319,7.989428,8.279108,-0.926318
3094.000000,320.374265,844.558088,-0.007480,7.900469,8.360774,-0.767581
3096.000000,322.152048,843.635117,-0.007663,7.821881,8.430949,-0.610880
3098.000000,323.911571,842.687092,-0.007848,7.782550,8.461711,-0.458210
3100.000000,325.656004,841.711566,-0.008008,7.809491,8.427123,-0.310541
3102.000000,327.384609,840.708249,-0.008132,7.891713,8.337615,-0.168970
3104.000000,329.101671,839.673855,-0.008248,7.995593,8.225283,-0.034063
3106.000000,330.796418,838.614334,-0.008359,8.090146,8.121631,0.092587
3108.000000,332.473234,837.526663,-0.008442,8.153612,8.052795,0.210707
3110.000000,334.131457,836.410849,-0.008521,8.169110,8.040283,0.319629
3112.000000,335.771617,835.266126,-0.008586,8.146079,8.076717,0.418759
3114.000000,337.394295,834.091606,-0.008674,8.109162,8.137802,0.507565
3116.000000,338.992810,832.891780,-0.008783,8.074152,8.200914,0.585301
3118.000000,340.570005,831.664091,-0.008848,8.038614,8.248496,0.651729
3120.000000,342.125150,830.408623,-0.008801,7.998556,8.265624,0.706528
3122.000000,343.662399,829.122088,-0.008884,7.956748,8.250892,0.750531
3124.000000,345.172618,827.812806,-0.009735,7.920456,8.210807,0.785053
3126.000000,346.658113,826.475558,-0.011626,7.902063,8.148682,0.809210
3128.000000,348.112436,825.104391,-0.014339,7.924409,8.061694,0.816147
3130.000000,349.527894,823.692458,-0.017789,8.000482,7.948332,0.797596
3132.000000,350.892666,822.231537,-0.021502,8.064691,7.822659,0.741336
3134.000000,352.192420,820.712661,-0.024160,8.007172,7.708297,0.632166
3136.000000,353.415753,819.130803,-0.025079,7.799653,7.640310,0.458600
3138.000000,354.558289,817.488098,-0.024052,7.578301,7.676286,0.218281
3140.000000,355.618568,815.788379,-0.020520,7.483584,7.859161,-0.088374
3142.000000,356.604190,814.049174,-0.015277,7.509866,8.106909,-0.444391
3144.000000,357.537347,812.280923,-0.010529,7.568273,8.270262,-0.824324
3146.000000,358.434709,810.494942,-0.007265,7.603274,8.278617,-1.206707
3148.000000,359.306453,808.696581,-0.005192,7.624703,8.212662,-1.579747
3150.000000,360.163413,806.884561,-0.004294,7.649730,8.163426,-1.935312
3152.000000,361.003172,805.070929,-0.004240,7.680842,8.147193,-2.270157
3154.000000,361.827419,803.250194,-0.004269,7.712642,8.137586,-2.588036
3156.000000,362.635821,801.422380,-0.004090,7.742167,8.118341,-2.891121
3158.000000,363.431518,799.582589,-0.003839,7.771553,8.093323,-3.181232
3160.000000,364.210826,797.742186,-0.003636,7.802738,8.068942,-3.457716
3162.000000,364.976789,795.896193,-0.003467,7.833644,8.047355,-3.722830
3164.000000,365.729935,794.044937,-0.003301,7.859763,8.028550,-3.978069
3166.000000,366.471329,792.187500,-0.003115,7.877964,8.012705,-4.224513
3168.000000,367.202281,790.322493,-0.002928,7.887732,8.000445,-4.462365
3170.000000,367.920664,788.457476,-0.002748,7.889356,7.992235,-4.690410
3172.000000,368.628805,786.588548,-0.002566,7.886006,7.986704,-4.908910
3174.000000,369.327819,784.714761,-0.002382,7.882365,7.981571,-5.117920
3176.000000,370.018989,782.834651,-0.002200,7.882510,7.975449,-5.317510
3178.000000,370.700325,780.955789,-0.002020,7.889296,7.968673,-5.506777
3180.000000,371.374076,779.074196,-0.001840,7.904763,7.961635,-5.686114
3182.000000,372.040908,777.190140,-0.001658,7.926844,7.953831,-5.855425
3184.000000,372.703419,775.298327,-0.001475,7.951304,7.944289,-6.015031
3186.000000,373.358405,773.410124,-0.001291,7.974510,7.934053,-6.163767
3188.000000,374.008525,771.520238,-0.001111,7.994647,7.927641,-6.301651
3190.000000,374.654477,769.628926,-0.000948,8.010399,7.929289,-6.428162
3192.000000,375.298742,767.730826,-0.000814,8.022762,7.938102,-6.543202
3194.000000,375.938080,765.837267,-0.000738,8.033844,7.950259,-6.645743
3196.000000,376.574723,763.942801,-0.000728,8.044677,7.963076,-6.736019
3198.000000,377.208625,762.047417,-0.000745,8.054027,7.975884,-6.814243
3200.000000,377.841544,760.145503,-0.000758,8.060125,7.988299,-6.880829
3202.000000,378.469720,758.248212,-0.000766,8.059687,7.999624,-6.935647
3204.000000,379.094995,756.349964,-0.000772,8.048783,8.009175,-6.979342
3206.000000,379.717345,754.450755,-0.000780,8.026881,8.016797,-7.012480
3208.000000,380.338549,752.544983,-0.000790,7.999753,8.023418,-7.035702
3210.000000,380.954923,750.643826,-0.000800,7.973592,8.029962,-7.049540
3212.000000,381.568258,748.741687,-0.000809,7.949526,8.036765,-7.054745
3214.000000,382.178518,746.838558,-0.000818,7.926088,8.043782,-7.052011
3216.000000,382.786063,744.933196,-0.000826,7.902272,8.050955,-7.042024
3218.000000,383.391445,743.023703,-0.000835,7.878050,8.058201,-7.025470
3220.000000,383.992260,741.117571,-0.000845,7.853696,8.065412,-7.003144
3222.000000,384.589855,739.210428,-0.000854,7.829602,8.072597,-6.975638
3224.000000,385.184580,737.301032,-0.000862,7.806446,8.079807,-6.943448
3226.000000,385.776981,735.387465,-0.000871,7.787907,8.087432,-6.907003
3228.000000,386.364695,733.477253,-0.000881,7.783355,8.096449,-6.866922
3230.000000,386.949046,731.566011,-0.000890,7.800772,8.107755,-6.823573
3232.000000,387.530372,729.652497,-0.000898,7.834599,8.120818,-6.777285
3234.000000,388.109208,727.734778,-0.000907,7.871757,8.134321,-6.728316
3236.000000,388.683241,725.820411,-0.000917,7.904092,8.147330,-6.677157
3238.000000,389.253765,723.904996,-0.000927,7.933623,8.159881,-6.623898
3240.000000,389.820743,721.988527,-0.000934,7.963375,8.172133,-6.568643
3242.000000,390.385791,720.065355,-0.000943,7.994312,8.184468,-6.511249
3244.000000,390.945557,718.146768,-0.000954,8.025897,8.197254,-6.452033
3246.000000,391.501666,716.227117,-0.000963,8.057611,8.210451,-6.390863
3248.000000,392.054082,714.306401,-0.000971,8.088414,8.223010,-6.327890
3250.000000,392.604377,712.378956,-0.000980,8.116654,8.233242,-6.263288
3252.000000,393.149285,710.456096,-0.000990,8.136291,8.235883,-6.198052
3254.000000,393.690389,708.532162,-0.001000,8.139406,8.223972,-6.132469
3256.000000,394.227652,706.607151,-0.001007,8.124114,8.195877,-6.066645
3258.000000,394.762599,704.675390,-0.001016,8.100142,8.160088,-6.000400
3260.000000,395.292057,702.748218,-0.001027,8.077884,8.125812,-5.934163
3262.000000,395.817560,700.819965,-0.001036,8.059241,8.094701,-5.867785
3264.000000,396.339074,698.890627,-0.001044,8.041551,8.064462,-5.801288
3266.000000,396.858076,696.954522,-0.001052,8.023007,8.033472,-5.734390
3268.000000,397.371486,695.023013,-0.001063,8.003860,8.001967,-5.667342
3270.000000,397.880793,693.090418,-0.001072,7.984466,7.970193,-5.599906
3272.000000,398.385960,691.156736,-0.001081,7.965203,7.938833,-5.532149
3274.000000,398.887262,689.220755,-0.001089,7.946412,7.908702,-5.464148
3276.000000,399.385178,687.280413,-0.001098,7.927963,7.879007,-5.395955
3278.000000,399.877688,685.343468,-0.001109,7.908950,7.846085,-5.327957
3280.000000,400.365908,683.405439,-0.001118,7.888614,7.807491,-5.260071
3282.000000,400.850101,681.465114,-0.001125,7.868761,7.772962,-5.192201
3284.000000,401.330729,679.520411,-0.001132,7.852572,7.758816,-5.124151
3286.000000,401.805842,677.579126,-0.001137,7.841292,7.770996,-5.056037
3288.000000,402.276546,675.636768,-0.001138,7.832248,7.795626,-4.987504
3290.000000,402.743119,673.692135,-0.001138,7.822622,7.817880,-4.918206
3292.000000,403.206043,671.743137,-0.001138,7.812007,7.834760,-4.847713
3294.000000,403.663464,669.797608,-0.001140,7.801395,7.849835,-4.776083
3296.000000,404.116453,667.851043,-0.001141,7.791175,7.865941,-4.703065
3298.000000,404.565282,665.902243,-0.001140,7.780714,7.884114,-4.628597
3300.000000,405.010419,663.949100,-0.001140,7.769341,7.905057,-4.552601
3302.000000,405.450073,661.999480,-0.001142,7.757233,7.928713,-4.475410
3304.000000,405.885278,660.048861,-0.001143,7.744926,7.954793,-4.396964
3306.000000,406.316029,658.097253,-0.001142,7.732683,7.982758,-4.317460
3308.000000,406.743568,656.138917,-0.001142,7.720161,8.011783,-4.236813
3310.000000,407.165384,654.185359,-0.001145,7.707164,8.040745,-4.155568
3312.000000,407.582734,652.230842,-0.001146,7.694181,8.068881,-4.073516
3314.000000,407.995611,650.275375,-0.001144,7.682135,8.095456,-3.990680
3316.000000,408.405205,648.313207,-0.001145,7.670638,8.121602,-3.906853
3318.000000,408.809112,646.355867,-0.001147,7.656970,8.151589,-3.822574
3320.000000,409.208533,644.397608,-0.001148,7.639262,8.188237,-3.737673
3322.000000,409.603466,642.438437,-0.001147,7.624188,8.220088,-3.652281
3324.000000,409.995044,640.472595,-0.001147,7.623009,8.228057,-3.566293
3326.000000,410.380971,638.511631,-0.001149,7.640250,8.204426,-3.480349
3328.000000,410.762395,636.549787,-0.001149,7.667676,8.163162,-3.394340
3330.000000,411.139312,634.587071,-0.001151,7.696272,8.119567,-3.308399
3332.000000,411.511939,632.622310,-0.001151,7.723606,8.077958,-3.222605
3334.000000,411.880672,630.653281,-0.001153,7.750924,8.036518,-3.136948
3336.000000,412.244011,628.688006,-0.001157,7.778690,7.994581,-3.051840
3338.000000,412.602808,626.721898,-0.001159,7.806213,7.953184,-2.967059
3340.000000,412.957263,624.753782,-0.001160,7.832864,7.913235,-2.882400
3342.000000,413.307754,622.781419,-0.001162,7.860011,7.872397,-2.797618
3344.000000,413.652849,620.812859,-0.001166,7.889884,7.826932,-2.712961
3346.000000,413.993359,618.843501,-0.001168,7.921323,7.778833,-2.628157
3348.000000,414.329473,616.872175,-0.001169,7.946382,7.741533,-2.543238
3350.000000,414.661549,614.896623,-0.001171,7.957640,7.727557,-2.458358
3352.000000,414.988228,612.924923,-0.001175,7.957916,7.732077,-2.374150
3354.000000,415.310278,610.952463,-0.001177,7.955740,7.740634,-2.290702
3356.000000,415.627878,608.978074,-0.001178,7.956318,7.744440,-2.208217
3358.000000,415.941366,606.999482,-0.001181,7.958447,7.745693,-2.126762
3360.000000,416.249455,605.024793,-0.001184,7.960224,7.747738,-2.046802
3362.000000,416.552871,603.049379,-0.001187,7.961314,7.751139,-1.968221
3364.000000,416.851605,601.073252,-0.001188,7.962247,7.754897,-1.891014
3366.000000,417.146500,599.090600,-0.001189,7.963374,7.758321,-1.814947
3368.000000,417.435822,597.113074,-0.001194,7.964659,7.761304,-1.740445
3370.000000,417.720430,595.134862,-0.001197,7.965980,7.763945,-1.667184
3372.000000,418.000308,593.155977,-0.001199,7.966904,7.766934,-1.594926
3374.000000,418.276238,591.170598,-0.001198,7.966815,7.771315,-1.523246
3376.000000,418.546600,589.190389,-0.001194,7.964879,7.778287,-1.452456
3378.000000,418.812233,587.209542,-0.001183,7.959840,7.789429,-1.382223
3380.000000,419.073177,585.228070,-0.001163,7.950701,7.805940,-1.312413
3382.000000,419.330252,583.240162,-0.001139,7.938599,7.826232,-1.242652
3384.000000,419.582053,581.257508,-0.001116,7.925986,7.846950,-1.173175
3386.000000,419.829434,579.274299,-0.001093,7.914240,7.866308,-1.103766
3388.000000,420.072485,577.290553,-0.001071,7.902907,7.885144,-1.034477
3390.000000,420.311427,575.305143,-0.001047,7.891355,7.904616,-0.965212
3392.000000,420.546625,573.315694,-0.001024,7.879642,7.925378,-0.895654
3394.000000,420.777200,571.330460,-0.001002,7.868273,7.947661,-0.825867
3396.000000,421.003801,569.344770,-0.000979,7.857415,7.971415,-0.755477
3398.000000,421.226643,567.357493,-0.000955,7.846740,7.995778,-0.684228
3400.000000,421.446075,565.366239,-0.000932,7.835906,8.019888,-0.611818
3402.000000,421.661282,563.379280,-0.000911,7.825049,8.043435,-0.538362
3404.000000,421.872874,561.391935,-0.000887,7.814454,8.066658,-0.463648
3406.000000,422.081062,559.403075,-0.000864,7.803920,8.090023,-0.387661
3408.000000,422.286176,557.410290,-0.000841,7.792247,8.114524,-0.310248
3410.000000,422.487460,555.421873,-0.000819,7.778895,8.140470,-0.231572
3412.000000,422.685491,553.433131,-0.000796,7.768219,8.164124,-0.151279
3414.000000,422.880470,551.442938,-0.000772,7.767287,8.179428,-0.069221
3416.000000,423.072717,549.448864,-0.000749,7.778594,8.184243,0.014763
3418.000000,423.261525,547.459225,-0.000727,7.795577,8.184106,0.100331
3420.000000,423.447444,545.469313,-0.000704,7.811319,8.184970,0.187672
3422.000000,423.630562,543.479142,-0.000681,7.824524,8.188057,0.276793
3424.000000,423.811497,541.482864,-0.000658,7.837123,8.191931,0.367950
3426.000000,423.989281,539.492210,-0.000636,7.850225,8.195474,0.460588
3428.000000,424.164537,537.501331,-0.000613,7.863570,8.198367,0.554997
3430.000000,424.337356,535.510239,-0.000589,7.876763,8.200546,0.651240
3432.000000,424.508326,533.513083,-0.000566,7.890219,8.203019,0.749687
3434.000000,424.676536,531.521597,-0.000544,7.904643,8.207319,0.849857
3436.000000,424.842581,529.529929,-0.000522,7.919625,8.212805,0.952083
3438.000000,425.006551,527.538088,-0.000498,7.932333,8.214600,1.056424
3440.000000,425.169010,525.540222,-0.000475,7.939870,8.207637,1.163214
3442.000000,425.329098,523.548067,-0.000453,7.941122,8.190136,1.271669
3444.000000,425.487384,521.555768,-0.000430,7.936124,8.162136,1.381836
3446.000000,425.643958,519.563332,-0.000407,7.925885,8.125357,1.493351
3448.000000,425.798997,517.569664,-0.000384,7.913309,8.084666,1.605919
3450.000000,425.952782,515.572226,-0.000361,7.901236,8.044797,1.719285
3452.000000,426.104760,513.579436,-0.000339,7.890214,8.006724,1.832335
3454.000000,426.255390,511.586542,-0.000316,7.879377,7.968896,1.944643
3456.000000,426.404844,509.592453,-0.000293,7.868217,7.930481,2.055606
3458.000000,426.553400,507.594613,-0.000270,7.856920,7.891941,2.164715
3460.000000,426.700525,505.601458,-0.000248,7.845781,7.853980,2.270986
3462.000000,426.846662,503.608232,-0.000225,7.834657,7.815878,2.374288
3464.000000,426.991986,501.613841,-0.000202,7.823225,7.776373,2.474437
3466.000000,427.136770,499.615720,-0.000180,7.811568,7.736070,2.571606
3468.000000,427.280493,497.622317,-0.000161,7.800644,7.699515,2.665576
3470.000000,427.423584,495.628869,-0.000150,7.791401,7.671176,2.756745
3472.000000,427.566161,493.634286,-0.000145,7.784483,7.653280,2.845277
3474.000000,427.708421,491.635978,-0.000141,7.780325,7.646687,2.931388
3476.000000,427.849780,489.642407,-0.000137,7.778720,7.650072,3.014861
3478.000000,427.990592,487.648796,-0.000133,7.778159,7.657913,3.096135
3480.000000,428.130877,485.655149,-0.000128,7.777144,7.664763,3.175429
3482.000000,428.271060,483.655596,-0.000124,7.775441,7.669660,3.252845
3484.000000,428.410337,481.661878,-0.000120,7.773554,7.674148,3.327517
3486.000000,428.549133,479.668126,-0.000116,7.771835,7.679217,3.399216
3488.000000,428.687466,477.674343,-0.000112,7.770348,7.684606,3.467505
3490.000000,428.825760,475.674658,-0.000108,7.769095,7.689938,3.532146
3492.000000,428.963216,473.680813,-0.000104,7.767941,7.695114,3.592326
3494.000000,429.100258,471.686940,-0.000100,7.766658,7.700262,3.647733
3496.000000,429.236904,469.693040,-0.000095,7.765128,7.705451,3.697762
3498.000000,429.373570,467.693244,-0.000091,7.763438,7.710679,3.741915
3500.000000,429.509470,465.699293,-0.000087,7.761718,7.715887,3.779401
3502.000000,429.645023,463.705319,-0.000083,7.760092,7.721084,3.809913
3504.000000,429.780245,461.711321,-0.000079,7.758685,7.726279,3.833025
3506.000000,429.915549,459.711432,-0.000075,7.757501,7.731492,3.848333
3508.000000,430.050157,457.717393,-0.000071,7.756321,7.736690,3.855335
3510.000000,430.184484,455.723336,-0.000067,7.754919,7.741889,3.853688
3512.000000,430.318546,453.729260,-0.000062,7.753294,7.747086,3.842978
3514.000000,430.452430,451.734112,-0.000058,7.751572,7.752287,3.822760
3516.000000,430.586334,449.735190,-0.000054,7.749879,7.757497,3.792564
3518.000000,430.719698,447.741066,-0.000050,7.748351,7.762694,3.752146
3520.000000,430.852864,445.746931,-0.000046,7.747076,7.767890,3.701067
3522.000000,430.985918,443.751733,-0.000042,7.745927,7.773089,3.638923
3524.000000,431.119056,441.752754,-0.000037,7.744653,7.778297,3.565346
3526.000000,431.251725,439.758585,-0.000033,7.743125,7.783493,3.480521
3528.000000,431.384260,437.764408,-0.000029,7.741436,7.788689,3.384160
3530.000000,431.516748,435.769177,-0.000025,7.739715,7.793886,3.276189
3532.000000,431.649386,433.770159,-0.000021,7.738087,7.799093,3.156455
3534.000000,431.781621,431.775962,-0.000017,7.736684,7.804286,3.025524
3536.000000,431.913788,429.781760,-0.000013,7.735505,7.809480,2.883224
3538.000000,432.045973,427.786515,-0.000009,7.734325,7.814675,2.729623
3540.000000,432.178375,425.787476,-0.000004,7.732919,7.819881,2.564660
3542.000000,432.310440,423.793267,0.000000,7.731296,7.825073,2.389311
3544.000000,432.442506,421.799059,0.000004,7.729582,7.830262,2.203475
3546.000000,432.574589,419.804851,0.000006,7.727902,7.835449,2.007433
3548.000000,432.707086,417.804774,0.000011,7.726364,7.840656,1.800820
3550.000000,432.839230,415.810570,0.000019,7.725064,7.845859,1.585116
3552.000000,432.971446,413.816371,0.000027,7.723905,7.851054,1.359911
3554.000000,433.103781,411.822181,0.000024,7.722697,7.856211,1.125050
3556.000000,433.236626,409.822128,0.000010,7.721271,7.861361,0.879505
3558.000000,433.369108,407.827946,0.000030,7.719526,7.866579,0.624366
3560.000000,433.501578,405.833764,0.000138,7.717505,7.871954,0.358565
3562.000000,433.634519,403.839613,0.000326,7.716318,7.877235,0.082250
3564.000000,433.769120,401.839676,0.000570,7.717679,7.882000,-0.204929
3566.000000,433.905529,399.845759,0.000862,7.722193,7.885954,-0.500316
3568.000000,434.045366,397.852079,0.001172,7.728265,7.889195,-0.801503
3570.000000,434.189887,395.858731,0.001476,7.734169,7.891983,-1.104626
3572.000000,434.340371,393.864809,0.001769,7.739638,7.895551,-1.408166
3574.000000,434.498220,391.867583,0.002064,7.745266,7.901653,-1.711535
3576.000000,434.663910,389.875875,0.002367,7.751067,7.909180,-2.012410
3578.000000,434.839012,387.884976,0.002669,7.755918,7.911232,-2.310517
3580.000000,435.024821,385.894031,0.002969,7.758552,7.901175,-2.604993
3582.000000,435.222852,383.900371,0.003273,7.758022,7.881339,-2.895227
3584.000000,435.433424,381.912900,0.003582,7.753672,7.859569,-3.179002
3586.000000,435.658207,379.926980,0.003888,7.747410,7.838882,-3.456135
3588.000000,435.898531,377.941873,0.004191,7.746477,7.812386,-3.725809
3590.000000,436.156011,375.954995,0.004501,7.758354,7.772290,-3.987219
3592.000000,436.430706,373.975351,0.004817,7.785641,7.716414,-4.238013
3594.000000,436.724442,371.998439,0.005126,7.828126,7.645519,-4.477667
3596.000000,437.038407,370.024631,0.005421,7.884089,7.561089,-4.705064
3598.000000,437.374780,368.048548,0.005728,7.949104,7.465473,-4.919732
3600.000000,437.732718,366.082223,0.006063,8.016264,7.365168,-5.119317
3602.000000,438.114429,364.120373,0.006382,8.068855,7.287950,-5.303179
3604.000000,438.521201,362.163567,0.006638,8.084459,7.273830,-5.470024
3606.000000,438.954246,360.211388,0.006780,8.056684,7.335788,-5.619071
3608.000000,439.414713,358.261464,0.006831,8.010164,7.434419,-5.750130
3610.000000,439.900767,356.322823,0.006771,7.970460,7.526835,-5.862472
3612.000000,440.413083,354.390951,0.006617,7.937558,7.601437,-5.956873
3614.000000,440.951139,352.465074,0.006450,7.897953,7.663102,-6.034043
3616.000000,441.515108,350.542535,0.006315,7.843611,7.718051,-6.094608
3618.000000,442.101887,348.631973,0.006197,7.777521,7.774111,-6.138788
3620.000000,442.712276,346.728825,0.006070,7.705185,7.837200,-6.167245
3622.000000,443.345690,344.833217,0.005929,7.642130,7.896527,-6.180562
3624.000000,444.003510,342.939712,0.005798,7.608920,7.932736,-6.179385
3626.000000,444.681267,341.059509,0.005681,7.619280,7.932667,-6.164412
3628.000000,445.380312,339.187116,0.005554,7.673672,7.895456,-6.136313
3630.000000,446.100093,337.322601,0.005435,7.767359,7.824996,-6.095716
3632.000000,446.840428,335.465126,0.005308,7.871236,7.747498,-6.043133
3634.000000,447.601986,333.611952,0.005191,7.943633,7.700690,-5.978874
3636.000000,448.380830,331.771333,0.005081,7.961289,7.705228,-5.903358
3638.000000,449.178312,329.938711,0.004968,7.936411,7.749239,-5.816381
3640.000000,449.994325,328.113231,0.004852,7.888152,7.814713,-5.717723
3642.000000,450.829704,326.292145,0.004745,7.853505,7.869247,-5.606751
3644.000000,451.680243,324.483544,0.004641,7.878251,7.873153,-5.483441
3646.000000,452.547519,322.682912,0.004531,7.968122,7.818459,-5.346980
3648.000000,453.431045,320.890198,0.004423,8.052906,7.756901,-5.196851
3650.000000,454.333034,319.100114,0.004348,8.060923,7.741700,-5.032067
3652.000000,455.247857,317.323171,0.004319,7.985330,7.777959,-4.853012
3654.000000,456.177921,315.554154,0.004351,7.856013,7.843575,-4.658486
3656.000000,457.123215,313.793229,0.004455,7.714417,7.915333,-4.447562
3658.000000,458.087007,312.035648,0.004601,7.623403,7.968604,-4.217994
3660.000000,459.064082,310.292150,0.004753,7.637767,7.981667,-3.969377
3662.000000,460.057668,308.558009,0.004886,7.729240,7.958139,-3.699260
3664.000000,461.068155,306.833663,0.005003,7.824881,7.915225,-3.405820
3666.000000,462.096333,305.118732,0.005090,7.881843,7.867107,-3.087139
3668.000000,463.144049,303.410915,0.005218,7.915807,7.821824,-2.741051
3670.000000,464.206791,301.718243,0.005447,7.947555,7.786571,-2.367608
3672.000000,465.287825,300.037204,0.005650,7.979849,7.766321,-1.963847
3674.000000,466.388054,298.368696,0.005500,8.005634,7.765058,-1.527004
3676.000000,467.510473,296.707920,0.004863,8.021822,7.784052,-1.053938
3678.000000,468.645852,295.063102,0.003745,8.032697,7.819212,-0.549102
3680.000000,469.794158,293.427339,0.002035,8.042464,7.866758,-0.014117
3682.000000,470.949465,291.796523,-0.000080,8.047493,7.928131,0.544037
3684.000000,472.107854,290.160650,-0.002217,8.040151,8.007573,1.117457
3686.000000,473.255454,288.524360,-0.004250,8.018575,8.099948,1.693448
3688.000000,474.389103,286.878387,-0.006252,7.991216,8.185124,2.265168
3690.000000,475.502216,285.218352,-0.008310,7.965365,8.243060,2.824141
3692.000000,476.588154,283.539329,-0.010375,7.931791,8.268985,3.361908
3694.000000,477.641104,281.834492,-0.012401,7.873229,8.265961,3.870946
3696.000000,478.648887,280.108144,-0.014326,7.800327,8.232695,4.341809
3698.000000,479.606624,278.353677,-0.015809,7.772584,8.159674,4.769523
3700.000000,480.507400,276.569248,-0.016502,7.841868,8.042846,5.150497
3702.000000,481.348364,274.755688,-0.016617,7.970204,7.920263,5.487130
3704.000000,482.129070,272.914393,-0.016618,8.074595,7.850568,5.781881
3706.000000,482.849618,271.044345,-0.016725,8.108070,7.857911,6.036862
3708.000000,483.505533,269.156006,-0.016903,8.089585,7.903492,6.252003
3710.000000,484.097347,267.246579,-0.017082,8.044656,7.945450,6.428990
3712.000000,484.623657,265.318046,-0.017307,7.986853,7.972231,6.568355
3714.000000,485.083013,263.372455,-0.017600,7.923603,7.988301,6.670724
3716.000000,485.473765,261.411906,-0.017973,7.865634,7.999434,6.736411
3718.000000,485.794006,259.437783,-0.018301,7.829979,8.013439,6.765267
3720.000000,486.042007,257.448986,-0.018548,7.830524,8.035974,6.757143
3722.000000,486.215475,255.457364,-0.018644,7.852704,8.055304,6.711957
3724.000000,486.314279,253.460742,-0.018331,7.867072,8.051161,6.629801
3726.000000,486.339167,251.461856,-0.017570,7.857206,8.023905,6.511689
3728.000000,486.293781,249.463249,-0.016622,7.830983,8.012149,6.360851
3730.000000,486.182103,247.467359,-0.015719,7.800614,8.047021,6.180669
3732.000000,486.007871,245.476018,-0.014821,7.786437,8.077738,5.973529
3734.000000,485.773898,243.484920,-0.013950,7.812283,8.013250,5.740867
3736.000000,485.485254,241.507025,-0.013102,7.872139,7.844089,5.486245
3738.000000,485.144959,239.537338,-0.012248,7.908725,7.701877,5.211283
3740.000000,484.756628,237.576614,-0.011456,7.871705,7.710239,4.917928
3742.000000,484.323577,235.625312,-0.010643,7.795159,7.832286,4.607820
3744.000000,483.847513,233.678032,-0.009743,7.754282,7.952555,4.281406
3746.000000,483.334876,231.746197,-0.008720,7.785566,8.004162,3.942358
3748.000000,482.788641,229.823576,-0.007600,7.856241,8.009665,3.592523
3750.000000,482.213243,227.909540,-0.006455,7.929681,7.998686,3.235075
3752.000000,481.612961,226.002380,-0.005279,7.996235,7.981280,2.873237
3754.000000,480.991207,224.097546,-0.004114,8.059755,7.957688,2.509958
3756.000000,480.355443,222.202773,-0.002965,8.117896,7.931479,2.150717
3758.000000,479.708473,220.311795,-0.001808,8.158326,7.911768,1.798471
3760.000000,479.054413,218.422464,-0.000641,8.170119,7.906671,1.457077
3762.000000,478.396491,216.529868,0.000525,8.160982,7.912794,1.130064
3764.000000,477.742259,214.641391,0.001666,8.148053,7.920896,0.822757
3766.000000,477.094364,212.750717,0.002731,8.141267,7.925606,0.537860
3768.000000,476.456955,210.856510,0.003415,8.137751,7.928414,0.278776
3770.000000,475.831735,208.952059,0.003367,8.133562,7.931415,0.047582
3772.000000,475.221698,207.048837,0.002770,8.128112,7.935097,-0.156273
3774.000000,474.622182,205.142270,0.002041,8.122456,7.939165,-0.337704
3776.000000,474.030416,203.233305,0.001334,8.117203,7.943305,-0.500768
3778.000000,473.442026,201.317149,0.000647,8.112097,7.947218,-0.649629
3780.000000,472.857820,199.405867,-0.000029,8.106849,7.950667,-0.786872
3782.000000,472.273494,197.494619,-0.000714,8.101257,7.954121,-0.916235
3784.000000,471.686499,195.584179,-0.001444,8.095212,7.958339,-1.040939
3786.000000,471.092322,193.669794,-0.002216,8.089172,7.963131,-1.164821
3788.000000,470.491350,191.763711,-0.002818,8.084658,7.966582,-1.291094
3790.000000,469.879066,189.861228,-0.003005,8.082478,7.967454,-1.423699
3792.000000,469.255067,187.962542,-0.002840,8.078481,7.969825,-1.563772
3794.000000,468.619918,186.066789,-0.002438,8.066141,7.980324,-1.711515
3796.000000,467.973826,184.170080,-0.001849,8.042547,8.002213,-1.866761
3798.000000,467.322375,182.280648,-0.001198,8.011494,8.032494,-2.027241
3800.000000,466.666475,180.392760,-0.000582,7.976208,8.068388,-2.191762
3802.000000,466.008176,178.504943,-0.000002,7.932246,8.112215,-2.359029
3804.000000,465.348406,176.612946,0.000577,7.871686,8.168603,-2.528086
3806.000000,464.692498,174.725065,0.001167,7.809500,8.225268,-2.696807
3808.000000,464.040987,172.835658,0.001772,7.801171,8.240244,-2.864330
3810.000000,463.395903,170.943276,0.002392,7.894110,8.177540,-3.029361
3812.000000,462.758471,169.043617,0.002989,8.042332,8.070304,-3.190681
3814.000000,462.134180,167.145037,0.003441,8.150273,7.988414,-3.346050
3816.000000,461.523229,165.242108,0.003695,8.172572,7.965751,-3.495089
3818.000000,460.926377,163.334708,0.003833,8.155089,7.970779,-3.638014
3820.000000,460.342527,161.417136,0.003933,8.148570,7.968256,-3.775538
3822.000000,459.775489,159.500660,0.004015,8.157872,7.954631,-3.907395
3824.000000,459.223834,157.579699,0.004090,8.164352,7.942504,-4.034561
3826.000000,458.687878,155.654296,0.004162,8.158510,7.938564,-4.157408
3828.000000,458.166474,153.718809,0.004233,8.147197,7.938861,-4.276489
3830.000000,457.663001,151.784658,0.004293,8.139079,7.939600,-4.391241
3832.000000,457.176144,149.846257,0.004341,8.141310,7.945871,-4.502186
3834.000000,456.706084,147.903711,0.004425,8.160266,7.966813,-4.609537
3836.000000,456.252997,145.956422,0.004546,8.197407,8.005238,-4.713481
3838.000000,455.816667,144.000706,0.004721,8.246189,8.053541,-4.814183
3840.000000,455.399828,142.046038,0.004964,8.297710,8.102497,-4.911045
3842.000000,455.002349,140.087342,0.005244,8.336628,8.142461,-5.003842
3844.000000,454.625283,138.123909,0.005522,8.344711,8.163548,-5.091997
3846.000000,454.269169,136.151980,0.005803,8.317510,8.164243,-5.175193
3848.000000,453.936844,134.181168,0.006094,8.274321,8.157259,-5.252732
3850.000000,453.628519,132.206449,0.006390,8.234465,8.154754,-5.324797
3852.000000,453.345407,130.227955,0.006683,8.202319,8.155265,-5.391593
3854.000000,453.088052,128.240008,0.006990,8.174789,8.150640,-5.453538
3856.000000,452.859208,126.254486,0.007317,8.149894,8.136048,-5.510490
3858.000000,452.659402,124.265833,0.007637,8.127153,8.112612,-5.562841
3860.000000,452.489959,122.274346,0.007973,8.106496,8.082481,-5.610579
3862.000000,452.352200,120.279743,0.008299,8.088711,8.049864,-5.653416
3864.000000,452.247385,118.278579,0.008643,8.075078,8.020022,-5.691271
3866.000000,452.177378,116.281093,0.009006,8.068806,7.997830,-5.724019
3868.000000,452.143317,114.282675,0.009365,8.076484,7.986803,-5.751767
3870.000000,452.146632,112.283948,0.009707,8.103609,7.989651,-5.774590
3872.000000,452.188950,110.279775,0.010063,8.144376,8.003753,-5.792454
3874.000000,452.271386,108.282729,0.010448,8.186578,8.023402,-5.805201
3876.000000,452.395464,106.287814,0.010824,8.224189,8.041847,-5.812719
3878.000000,452.562675,104.296055,0.011191,8.261947,8.050183,-5.814427
3880.000000,452.774453,102.308513,0.011469,8.305224,8.040648,-5.809683
3882.000000,453.032661,100.320526,0.011674,8.354612,8.015036,-5.798108
3884.000000,453.336511,98.344974,0.011754,8.407710,7.980314,-5.779381
3886.000000,453.686908,96.377135,0.011643,8.462044,7.942131,-5.753596
3888.000000,454.083024,94.417969,0.011479,8.514153,7.904236,-5.721273
3890.000000,454.523938,92.468410,0.011343,8.559365,7.870906,-5.682717
3892.000000,455.009040,90.528745,0.011205,8.585922,7.851176,-5.638172
3894.000000,455.538792,88.595992,0.011085,8.578955,7.856128,-5.587788
3896.000000,456.109796,86.680515,0.010978,8.536311,7.886583,-5.532057
3898.000000,456.722665,84.778017,0.010865,8.476327,7.926821,-5.471036
3900.000000,457.376654,82.889266,0.010740,8.417828,7.961968,-5.404486
3902.000000,458.073176,81.009513,0.010635,8.369297,7.993138,-5.331761
3904.000000,458.807397,79.150487,0.010555,8.334839,8.028258,-5.252744
3906.000000,459.580637,77.307357,0.010459,8.314211,8.070537,-5.166493
3908.000000,460.392232,75.480787,0.010385,8.301105,8.115052,-5.072199
3910.000000,461.241521,73.671444,0.010296,8.289359,8.157342,-4.968931
3912.000000,462.130562,71.874733,0.010226,8.277598,8.201005,-4.855446
3914.000000,463.053480,70.101817,0.010180,8.266694,8.252481,-4.731432
3916.000000,464.012250,68.348035,0.010120,8.255925,8.306375,-4.595479
3918.000000,465.006289,66.614000,0.010084,8.242172,8.337327,-4.446537
3920.000000,466.035024,64.900326,0.010040,8.222510,8.323356,-4.283555
3922.000000,467.101147,63.202707,0.010014,8.196742,8.276699,-4.104797
3924.000000,468.197881,61.531723,0.009996,8.166324,8.225727,-3.910046
3926.000000,469.327784,59.882978,0.009918,8.135784,8.185338,-3.697417
3928.000000,470.490205,58.257034,0.009644,8.115240,8.148657,-3.465569
3930.000000,471.684540,56.653736,0.008946,8.114236,8.107701,-3.212931
3932.000000,472.910570,55.068511,0.007961,8.134825,8.062666,-2.939388
3934.000000,474.158377,53.507169,0.006928,8.175245,8.017906,-2.648408
3936.000000,475.427607,51.963280,0.005901,8.234644,7.973338,-2.341351
3938.000000,476.714940,50.434456,0.004872,8.313434,7.921999,-2.020190
3940.000000,478.020953,48.913834,0.003850,8.407426,7.859904,-1.685927
3942.000000,479.334775,47.407762,0.002832,8.478409,7.809573,-1.342520
3944.000000,480.657093,45.909144,0.001810,8.474082,7.804820,-0.991060
3946.000000,481.984806,44.415329,0.000790,8.378121,7.856962,-0.633803
3948.000000,483.315249,42.923204,-0.000230,8.237292,7.937817,-0.272931
3950.000000,484.648192,41.426896,-0.001253,8.100800,8.017191,0.090051
3952.000000,485.973841,39.931243,-0.002284,7.988242,8.080208,0.450982
3954.000000,487.292661,38.429554,-0.003322,7.903135,8.120419,0.808460
3956.000000,488.601871,36.918731,-0.004359,7.850877,8.129887,1.160421
3958.000000,489.900940,35.392883,-0.005410,7.839850,8.098179,1.505593
3960.000000,491.180033,33.857135,-0.006479,7.873610,8.021013,1.840398
3962.000000,492.439149,32.304961,-0.007553,7.921853,7.934044,2.163873
3964.000000,493.674721,30.733957,-0.008606,7.939072,7.891048,2.474148
3966.000000,494.886593,29.137144,-0.009663,7.922587,7.891545,2.770108
3968.000000,496.063888,27.521934,-0.010742,7.942206,7.843548,3.047961
3970.000000,497.206328,25.881758,-0.011810,8.050725,7.675699,3.306478
3972.000000,498.309730,24.215080,-0.012798,8.151356,7.501583,3.543261
3974.000000,499.369813,22.520558,-0.013388,8.084665,7.512706,3.756047
3976.000000,500.386526,20.792744,-0.013554,7.826340,7.749651,3.945179
3978.000000,501.353098,19.043065,-0.013541,7.563570,8.017238,4.111425
3980.000000,502.271933,17.267878,-0.013455,7.464477,8.136154,4.257091
3982.000000,503.142680,15.468629,-0.013364,7.493789,8.126397,4.383952
3984.000000,503.965093,13.646780,-0.013303,7.534013,8.088868,4.493958
3986.000000,504.739036,11.803278,-0.013249,7.529174,8.076141,4.588912
3988.000000,505.465547,9.935329,-0.013234,7.515493,8.068229,4.670233
3990.000000,506.140519,8.053867,-0.013256,7.531890,8.042564,4.738790
3992.000000,506.765450,6.155194,-0.013270,7.583526,7.999492,4.795794
3994.000000,507.339823,4.240618,-0.013322,7.661472,7.948746,4.842291
3996.000000,507.863089,2.311444,-0.013364,7.754106,7.892333,4.879263
3998.000000,508.335901,0.363235,-0.013439,7.845961,7.819932,4.907631
4000.000000,508.754915,-1.591242,-0.013556,7.920307,7.727223,4.927934
4002.000000,509.120865,-3.556344,-0.013664,7.960836,7.649034,4.940940
4004.000000,509.433031,-5.530715,-0.013800,7.951479,7.637068,4.947519
4006.000000,509.690652,-7.512950,-0.013963,7.902357,7.708292,4.948306
4008.000000,509.892946,-9.502051,-0.014111,7.866374,7.822754,4.943588
4010.000000,510.039286,-11.501041,-0.014286,7.889728,7.933158,4.933598
4012.000000,510.128172,-13.497985,-0.014497,7.945086,7.980775,4.918494
4014.000000,510.159225,-15.496683,-0.014714,7.972772,7.904939,4.898021
4016.000000,510.131533,-17.495453,-0.014968,7.947368,7.720128,4.871304
4018.000000,510.044044,-19.492477,-0.015178,7.900266,7.565110,4.837057
4020.000000,509.895796,-21.486355,-0.015215,7.864140,7.564831,4.794101
4022.000000,509.686207,-23.479787,-0.015151,7.842686,7.675373,4.741319
4024.000000,509.416930,-25.460523,-0.015030,7.826828,7.777437,4.677603
4026.000000,509.088206,-27.432246,-0.014815,7.810973,7.812816,4.601553
4028.000000,508.701242,-29.393380,-0.014591,7.795364,7.817376,4.512355
4030.000000,508.257283,-31.342378,-0.014393,7.778327,7.833399,4.409237
4032.000000,507.757391,-33.278200,-0.014179,7.743640,7.887741,4.291114
4034.000000,507.201298,-35.203899,-0.013988,7.669741,8.000134,4.156401
4036.000000,506.593171,-37.108042,-0.013821,7.568113,8.153107,4.004933
4038.000000,505.932716,-38.994677,-0.013635,7.496730,8.277572,3.835609
4040.000000,505.221111,-40.862603,-0.013479,7.505594,8.313909,3.647984
4042.000000,504.459496,-42.710699,-0.013303,7.576866,8.281786,3.441832
4044.000000,503.646510,-44.543210,-0.013154,7.666911,8.230960,3.216628
4046.000000,502.788088,-46.348360,-0.013039,7.744683,8.189310,2.974105
4048.000000,501.882952,-48.130546,-0.012910,7.799001,8.152631,2.713983
4050.000000,500.932155,-49.888787,-0.012806,7.823763,8.114728,2.436558
4052.000000,499.936684,-51.622122,-0.012722,7.833553,8.071837,2.142077
4054.000000,498.897306,-53.329914,-0.012619,7.850597,8.021104,1.830595
4056.000000,497.812296,-55.015203,-0.012538,7.887950,7.959270,1.501296
4058.000000,496.688442,-56.668183,-0.012506,7.945078,7.883279,1.155897
4060.000000,495.523701,-58.292619,-0.012498,8.014562,7.797828,0.793275
4062.000000,494.318778,-59.887464,-0.012507,8.054837,7.753883,0.412753
4064.000000,493.074304,-61.451623,-0.012375,8.012892,7.817933,0.013458
4066.000000,491.787488,-62.988825,-0.012107,7.895168,7.977288,-0.406095
4068.000000,490.467632,-64.489925,-0.011711,7.795666,8.102655,-0.842519
4070.000000,489.112858,-65.959509,-0.011110,7.795584,8.083548,-1.295566
4072.000000,487.725701,-67.398578,-0.010410,7.870311,7.960137,-1.762022
4074.000000,486.308963,-68.808513,-0.009689,7.954733,7.830214,-2.237543
4076.000000,484.860935,-70.194743,-0.009012,8.020904,7.736972,-2.718908
4078.000000,483.392461,-71.550634,-0.008368,8.093928,7.645582,-3.198363
4080.000000,481.901558,-72.881770,-0.007711,8.191999,7.531399,-3.672300
4082.000000,480.390325,-74.189771,-0.007063,8.265355,7.469607,-4.136013
4084.000000,478.860547,-75.476509,-0.006389,8.239355,7.571564,-4.584811
4086.000000,477.310377,-76.746845,-0.005719,8.100092,7.845983,-5.014723
4088.000000,475.750126,-77.995911,-0.005134,7.924605,8.147682,-5.418978
4090.000000,474.177311,-79.229094,-0.004696,7.790786,8.340889,-5.795461
4092.000000,472.592820,-80.447734,-0.004376,7.745885,8.402309,-6.142428
4094.000000,470.993547,-81.655644,-0.004135,7.823406,8.354122,-6.458711
4096.000000,469.388853,-82.847018,-0.003958,7.988497,8.250932,-6.741272
4098.000000,467.774792,-84.025673,-0.003790,8.110330,8.192066,-6.990089
4100.000000,466.151845,-85.192050,-0.003600,8.079746,8.256857,-7.204758
4102.000000,464.515717,-86.350079,-0.003401,7.953424,8.392314,-7.385555
4104.000000,462.876566,-87.493571,-0.003202,7.850891,8.495111,-7.531659
4106.000000,461.230139,-88.626551,-0.002996,7.831714,8.513723,-7.644477
4108.000000,459.576965,-89.749666,-0.002796,7.875825,8.465021,-7.725293
4110.000000,457.912660,-90.866803,-0.002622,7.958769,8.370357,-7.775741
4112.000000,456.247424,-91.971948,-0.002483,8.063061,8.249507,-7.797893
4114.000000,454.576762,-93.068872,-0.002397,8.174822,8.120357,-7.794505
4116.000000,452.900915,-94.157856,-0.002364,8.281085,7.998599,-7.768061
4118.000000,451.214982,-95.242073,-0.002355,8.370553,7.896498,-7.720595
4120.000000,449.528915,-96.315165,-0.002345,8.431392,7.826979,-7.654983
4122.000000,447.837839,-97.380345,-0.002325,8.452992,7.802349,-7.574090
4124.000000,446.141828,-98.437651,-0.002302,8.425156,7.834689,-7.480949
4126.000000,444.440730,-99.487290,-0.002271,8.354004,7.917057,-7.378566
4128.000000,442.730342,-100.531959,-0.002260,8.266778,8.017865,-7.269047
4130.000000,441.020064,-101.566032,-0.002290,8.188151,8.108612,-7.155189
4132.000000,439.305085,-102.592283,-0.002297,8.116903,8.191370,-7.039074
4134.000000,437.585091,-103.610648,-0.002162,8.043563,8.277856,-6.923276
4136.000000,435.855991,-104.624048,-0.001854,7.970250,8.362205,-6.809751
4138.000000,434.127949,-105.628147,-0.001385,7.915367,8.414186,-6.700813
4140.000000,432.397000,-106.627209,-0.000726,7.892510,8.410879,-6.597954
4142.000000,430.664315,-107.623805,0.000048,7.887153,8.373274,-6.502312
4144.000000,428.927112,-108.623261,0.000822,7.875154,8.337502,-6.414643
4146.000000,427.196436,-109.622805,0.001568,7.854241,8.315423,-6.336422
4148.000000,425.468903,-110.627766,0.002302,7.851297,8.285543,-6.268227
4150.000000,423.745999,-111.640659,0.003031,7.894498,8.225228,-6.210606
4152.000000,422.024221,-112.667012,0.003777,8.007624,8.117916,-6.164441
4154.000000,420.315230,-113.703276,0.004575,8.208909,7.952225,-6.130989
4156.000000,418.615725,-114.755067,0.005415,8.441919,7.767815,-6.109846
4158.000000,416.927734,-115.825156,0.006228,8.551210,7.672452,-6.099449
4160.000000,415.248368,-116.919519,0.006992,8.423433,7.744954,-6.097408
4162.000000,413.589322,-118.034046,0.007890,8.197076,7.891286,-6.101247
4164.000000,411.947511,-119.174209,0.009265,8.086960,7.964928,-6.108554
4166.000000,410.326623,-120.344000,0.010909,8.146448,7.932376,-6.114430
4168.000000,408.732553,-121.549489,0.010822,8.232761,7.897323,-6.110664
4170.000000,407.163829,-122.797026,0.007405,8.218890,7.949761,-6.091999
4172.000000,405.619041,-124.065342,0.002576,8.109298,8.074313,-6.074284
4174.000000,404.079067,-125.339470,-0.000493,7.948829,8.224124,-6.080768
4176.000000,402.535997,-126.609497,-0.001008,7.791250,8.354638,-6.123251
4178.000000,400.985023,-127.879337,0.000897,7.700576,8.424156,-6.199308
4180.000000,399.437945,-129.145096,0.005528,7.726895,8.402130,-6.299320
4182.000000,397.904375,-130.426780,0.010953,7.849710,8.311245,-6.396953
4184.000000,396.401723,-131.744210,0.013876,8.027387,8.189762,-6.466076
4186.000000,394.938684,-133.106154,0.013765,8.221927,8.063723,-6.496681
4188.000000,393.509386,-134.512319,0.012831,8.399947,7.944362,-6.491283
4190.000000,392.120222,-135.949728,0.012450,8.530256,7.844576,-6.452556
4192.000000,390.767169,-137.420898,0.012371,8.599212,7.783117,-6.380373
4194.000000,389.451073,-138.925164,0.012218,8.598181,7.780371,-6.273535
4196.000000,388.172216,-140.461317,0.011923,8.534977,7.836372,-6.131216
4198.000000,386.930130,-142.027676,0.011578,8.435954,7.928223,-5.953611
4200.000000,385.721373,-143.626721,0.011299,8.327053,8.031365,-5.740452
4202.000000,384.552429,-145.248048,0.010992,8.230031,8.117851,-5.493198
4204.000000,383.419646,-146.894786,0.010439,8.163427,8.161122,-5.211227
4206.000000,382.321708,-148.564959,0.009624,8.128676,8.159031,-4.895187
4208.000000,381.253055,-150.261005,0.008723,8.109030,8.135073,-4.546480
4210.000000,380.217299,-151.970373,0.007817,8.090219,8.109889,-4.170181
4212.000000,379.208367,-153.695700,0.006889,8.070614,8.086515,-3.768908
4214.000000,378.223279,-155.434724,0.005986,8.051567,8.063384,-3.347020
4216.000000,377.258959,-157.185525,0.005087,8.026054,8.035713,-2.909174
4218.000000,376.309921,-158.950931,0.004201,7.978369,7.995316,-2.459254
4220.000000,375.378437,-160.719183,0.003321,7.899339,7.937533,-2.005286
4222.000000,374.458700,-162.493573,0.002443,7.805260,7.870578,-1.551648
4224.000000,373.547602,-164.272408,0.001594,7.719031,7.805905,-1.103578
4226.000000,372.639492,-166.059361,0.000810,7.655700,7.747021,-0.664427
4228.000000,371.736821,-167.842476,0.000239,7.622576,7.689670,-0.241019
4230.000000,370.834513,-169.625774,0.000013,7.621842,7.631128,0.164313
4232.000000,369.932114,-171.409025,-0.000006,7.638198,7.579305,0.550665
4234.000000,369.027059,-173.197525,-0.000007,7.651899,7.544628,0.919147
4236.000000,368.124658,-174.980778,-0.000028,7.655255,7.529127,1.267616
4238.000000,367.222159,-176.763978,-0.000053,7.654053,7.525045,1.597261
4240.000000,366.319461,-178.547079,-0.000071,7.653625,7.525246,1.908470
4242.000000,365.413850,-180.335298,-0.000087,7.654415,7.526977,2.202715
4244.000000,364.510590,-182.118114,-0.000104,7.655478,7.528752,2.479042
4246.000000,363.606962,-183.900743,-0.000124,7.656331,7.529968,2.739072
4248.000000,362.702891,-185.683148,-0.000138,7.656982,7.530969,2.983493
4250.000000,361.795650,-187.470542,-0.000142,7.657469,7.532080,3.213623
4252.000000,360.890562,-189.252429,-0.000138,7.657837,7.533317,3.428726
4254.000000,359.984979,-191.034065,-0.000130,7.658138,7.534621,3.629974
4256.000000,359.078927,-192.815465,-0.000119,7.658472,7.535889,3.817729
4258.000000,358.172388,-194.596776,-0.000107,7.658984,7.536975,3.992288
4260.000000,357.262930,-196.382882,-0.000095,7.659760,7.537795,4.154344
4262.000000,356.355738,-198.163700,-0.000085,7.660611,7.538545,4.303320
4264.000000,355.448243,-199.944363,-0.000074,7.661283,7.539488,4.440032
4266.000000,354.540422,-201.725017,-0.000063,7.661705,7.540685,4.564959
4268.000000,353.629830,-203.510549,-0.000052,7.661994,7.541971,4.679119
4270.000000,352.721662,-205.290870,-0.000041,7.662281,7.543201,4.782650
4272.000000,351.813350,-207.071117,-0.000030,7.662693,7.544384,4.876637
4274.000000,350.904869,-208.851428,-0.000019,7.663349,7.545566,4.961818
4276.000000,349.993768,-210.636707,-0.000008,7.664197,7.546768,5.039096
4278.000000,349.085252,-212.416850,0.000003,7.664984,7.547973,5.108724
4280.000000,348.176745,-214.196998,0.000014,7.665518,7.549174,5.171590
4282.000000,347.268288,-215.977170,0.000025,7.665858,7.550372,5.228463
4284.000000,346.357244,-217.762629,0.000036,7.666129,7.551572,5.280039
4286.000000,345.449003,-219.542911,0.000046,7.666460,7.552771,5.326154
4288.000000,344.540926,-221.323279,0.000057,7.666984,7.553970,5.366749
4290.000000,343.633052,-223.103748,0.000069,7.667770,7.555169,5.401524
4292.000000,342.722752,-224.889586,0.000080,7.668620,7.556372,5.430223
4294.000000,341.815413,-226.670330,0.000089,7.669269,7.557571,5.452382
4296.000000,340.908392,-228.451235,0.000094,7.669667,7.558770,5.468092
4298.000000,340.001708,-230.232311,0.000096,7.669991,7.559968,5.477675
4300.000000,339.092704,-232.018809,0.000095,7.670384,7.561168,5.481544
4302.000000,338.186708,-233.800237,0.000093,7.670801,7.562367,5.480194
4304.000000,337.281045,-235.581832,0.000091,7.671156,7.563570,5.474165
4306.000000,336.375703,-237.363592,0.000089,7.671490,7.564774,5.464044
4308.000000,335.468014,-239.150758,0.000087,7.671984,7.565970,5.450367
4310.000000,334.563301,-240.932836,0.000086,7.672751,7.567146,5.433563
4312.000000,333.658893,-242.715069,0.000084,7.673605,7.568343,5.413836
4314.000000,332.754782,-244.497454,0.000082,7.674282,7.569605,5.391476
4316.000000,331.850919,-246.280072,0.000080,7.674704,7.570872,5.366815
4318.000000,330.944768,-248.067910,0.000078,7.674993,7.571973,5.340124
4320.000000,330.041511,-249.850728,0.000076,7.675278,7.572797,5.311974
4322.000000,329.138526,-251.633683,0.000074,7.675689,7.573541,5.282826
4324.000000,328.235765,-253.416854,0.000072,7.676344,7.574481,5.253229
4326.000000,327.330689,-255.205241,0.000071,7.677191,7.575679,5.223596
4328.000000,326.428480,-256.988590,0.000069,7.677979,7.576962,5.194459
4330.000000,325.526517,-258.772061,0.000067,7.678515,7.578193,5.165983
4332.000000,324.624753,-260.555731,0.000065,7.678855,7.579375,5.138402
4334.000000,323.720646,-262.344615,0.000063,7.679128,7.580559,5.111895
4336.000000,322.819380,-264.128440,0.000061,7.679460,7.581757,5.086790
4338.000000,321.918332,-265.912375,0.000060,7.679980,7.582962,5.063046
4340.000000,321.017462,-267.696489,0.000058,7.680757,7.584163,5.040676
4342.000000,320.114219,-269.485816,0.000056,7.681608,7.585365,5.019157
4344.000000,319.213790,-271.270063,0.000054,7.682280,7.586563,4.996532
4346.000000,318.313553,-273.054407,0.000052,7.682702,7.587762,4.971488
4348.000000,317.413503,-274.838846,0.000050,7.682992,7.588961,4.944018
4350.000000,316.510985,-276.628628,0.000048,7.683276,7.590163,4.914187
4352.000000,315.611288,-278.413246,0.000047,7.683685,7.591362,4.882430
4354.000000,314.711759,-280.197946,0.000045,7.684348,7.592562,4.848940
4356.000000,313.812388,-281.982726,0.000043,7.685200,7.593761,4.814089
4358.000000,312.910525,-283.772839,0.000041,7.685980,7.594963,4.778216
4360.000000,312.011455,-285.557772,0.000039,7.686478,7.596158,4.741997
4362.000000,311.112526,-287.342775,0.000038,7.686815,7.597357,4.705812
4364.000000,310.213730,-289.127846,0.000036,7.687191,7.598567,4.669886
4366.000000,309.312418,-290.918235,0.000034,7.687638,7.599780,4.634088
4368.000000,308.413870,-292.703431,0.000032,7.687991,7.600963,4.598566
4370.000000,307.515436,-294.488684,0.000030,7.688183,7.602108,4.563184
4372.000000,306.617109,-296.273990,0.000028,7.688561,7.603303,4.527924
4374.000000,305.716239,-298.064604,0.000026,7.689564,7.604654,4.492641
4376.000000,304.818108,-299.850008,0.000025,7.690808,7.606013,4.457385
4378.000000,303.920063,-301.635457,0.000023,7.691023,7.606978,4.421853
4380.000000,303.022101,-303.420947,0.000021,7.689238,7.607255,4.385879
4382.000000,302.124193,-305.206513,0.000019,7.685998,7.607107,4.349352
4384.000000,301.223749,-306.997291,0.000017,7.682247,7.606948,4.312072
4386.000000,300.325990,-308.782883,0.000015,7.678575,7.606944,4.274192
4388.000000,299.428286,-310.568502,0.000013,7.675116,7.606998,4.235652
4390.000000,298.530612,-312.354180,0.000012,7.671930,7.607020,4.196524
4392.000000,297.630371,-314.145067,0.000010,7.668773,7.607009,4.156729
4394.000000,296.732791,-315.930749,0.000008,7.665363,7.606993,4.116591
4396.000000,295.835239,-317.716445,0.000006,7.661697,7.606988,4.076144
4398.000000,294.937694,-319.502182,0.000004,7.658123,7.606999,4.035425
4400.000000,294.037552,-321.293124,0.000002,7.654885,7.607023,3.994301
4402.000000,293.140046,-323.078842,0.000000,7.651761,7.607025,3.952973
4404.000000,292.242540,-324.864563,-0.000001,7.648374,7.606961,3.911273
4406.000000,291.345031,-326.650280,-0.000003,7.644709,7.606893,3.869245
4408.000000,290.444869,-328.441249,-0.000005,7.641117,7.606991,3.826883
4410.000000,289.547330,-330.226953,-0.000007,7.637886,7.607367,3.784501
4412.000000,288.649768,-332.012642,-0.000009,7.634763,7.607821,3.742034
4414.000000,287.752174,-333.798317,-0.000011,7.631379,7.608083,3.699541
4416.000000,286.851901,-335.589230,-0.000012,7.627703,7.608088,3.656956
4418.000000,285.954224,-337.374865,-0.000014,7.624121,7.608003,3.614576
4420.000000,285.056498,-339.160473,-0.000016,7.620889,7.607971,3.572251
4422.000000,284.158714,-340.946053,-0.000018,7.617766,7.607988,3.529882
4424.000000,283.258224,-342.736856,-0.000020,7.614372,7.608006,3.487187
4426.000000,282.360306,-344.522368,-0.000022,7.610707,7.608006,3.444320
4428.000000,281.462310,-346.307842,-0.000024,7.607124,7.608000,3.401182
4430.000000,280.564231,-348.093273,-0.000025,7.603892,7.607998,3.357808
4432.000000,279.663416,-349.883914,-0.000027,7.600760,7.607999,3.314139
4434.000000,278.765149,-351.669250,-0.000029,7.597376,7.608000,3.270578
4436.000000,277.866778,-353.454535,-0.000031,7.593711,7.608001,3.227149
4438.000000,276.968298,-355.239763,-0.000033,7.590127,7.608000,3.183986
4440.000000,276.069701,-357.024935,-0.000034,7.586895,7.607999,3.141138
4442.000000,275.168335,-358.815297,-0.000036,7.583763,7.607999,3.098455
4444.000000,274.269485,-360.600341,-0.000038,7.580381,7.608001,3.056156
4446.000000,273.370499,-362.385314,-0.000040,7.576715,7.608002,3.014090
4448.000000,272.471369,-364.170218,-0.000042,7.573131,7.608000,2.972283
4450.000000,271.569442,-365.960298,-0.000044,7.569889,7.607994,2.930728
4452.000000,270.670006,-367.745046,-0.000046,7.566766,7.607994,2.889760
4454.000000,269.770406,-369.529712,-0.000047,7.563384,7.608010,2.849211
4456.000000,268.870639,-371.314292,-0.000049,7.559718,7.608029,2.809002
4458.000000,267.968046,-373.104038,-0.000051,7.556125,7.608002,2.769012
4460.000000,267.067919,-374.888437,-0.000053,7.552892,7.607917,2.729506
4462.000000,266.167603,-376.672742,-0.000055,7.549771,7.607910,2.690294
4464.000000,265.267092,-378.456947,-0.000057,7.546388,7.608149,2.651268
4466.000000,264.363727,-380.246303,-0.000059,7.542711,7.608600,2.612208
4468.000000,263.462805,-382.030301,-0.000061,7.539128,7.608990,2.573301
4470.000000,262.561667,-383.814190,-0.000062,7.535896,7.609108,2.534542
4472.000000,261.660306,-385.597967,-0.000064,7.532774,7.609045,2.496067
4474.000000,260.756064,-387.386878,-0.000066,7.529381,7.608978,2.457892
4476.000000,259.854240,-389.170422,-0.000068,7.525715,7.608977,2.420299
4478.000000,258.952174,-390.953841,-0.000069,7.522132,7.608999,2.383182
4480.000000,258.049859,-392.737136,-0.000069,7.518901,7.609006,2.346552
4482.000000,257.144642,-394.525547,-0.000069,7.515769,7.609001,2.310288
4484.000000,256.241830,-396.308598,-0.000067,7.512382,7.609002,2.274471
4486.000000,255.338781,-398.091519,-0.000065,7.508711,7.609008,2.238868
4488.000000,254.435498,-399.874325,-0.000063,7.505136,7.609001,2.203365
4490.000000,253.529334,-401.662252,-0.000062,7.501920,7.608972,2.167743
4492.000000,252.625600,-403.444839,-0.000060,7.498800,7.608969,2.132095
4494.000000,251.721656,-405.227309,-0.000058,7.495344,7.609050,2.096210
4496.000000,250.817505,-407.009672,-0.000057,7.491599,7.609138,2.060049
4498.000000,249.910497,-408.797166,-0.000055,7.488120,7.609012,2.023547
4500.000000,249.005941,-410.579342,-0.000053,7.485487,7.608433,1.986972
4502.000000,248.101203,-412.361409,-0.000051,7.484101,7.607118,1.950239
4504.000000,247.196282,-414.143381,-0.000050,7.484310,7.604791,1.913315
4506.000000,246.291185,-415.925266,-0.000048,7.485877,7.601596,1.876141
4508.000000,245.383252,-417.712308,-0.000046,7.487923,7.598133,1.838525
4510.000000,244.477820,-419.494020,-0.000044,7.489685,7.594916,1.800642
4512.000000,243.572229,-421.275655,-0.000043,7.491198,7.591782,1.762381
4514.000000,242.666488,-423.057210,-0.000041,7.492703,7.588404,1.723763
4516.000000,241.757934,-424.843936,-0.000039,7.494304,7.584747,1.684713
4518.000000,240.851908,-426.625348,-0.000037,7.495934,7.581141,1.645496
4520.000000,239.945747,-428.406692,-0.000036,7.497544,7.577825,1.606038
4522.000000,239.039462,-430.187971,-0.000034,7.499137,7.574694,1.566414
4524.000000,238.130386,-431.974432,-0.000032,7.500733,7.571542,1.526596
4526.000000,237.223865,-433.755591,-0.000030,7.502332,7.568328,1.486906
4528.000000,236.317236,-435.536696,-0.000029,7.503933,7.565133,1.447301
4530.000000,235.410505,-437.317749,-0.000027,7.505532,7.562011,1.407852
4532.000000,234.501031,-439.103953,-0.000025,7.507135,7.558818,1.368516
4534.000000,233.594093,-440.884955,-0.000023,7.508734,7.555385,1.329589
4536.000000,232.687094,-442.665871,-0.000022,7.510334,7.551738,1.291024
4538.000000,231.780017,-444.446748,-0.000020,7.511931,7.548150,1.252858
4540.000000,230.870224,-446.232784,-0.000018,7.513528,7.544830,1.214855
4542.000000,229.962988,-448.013639,-0.000016,7.515126,7.541695,1.176963
4544.000000,229.055720,-449.794418,-0.000015,7.516741,7.538550,1.138789
4546.000000,228.148398,-451.575171,-0.000013,7.518359,7.535336,1.100104
4548.000000,227.238386,-453.361089,-0.000011,7.519935,7.532132,1.060616
4550.000000,226.330953,-455.141850,-0.000009,7.521449,7.529009,1.020408
4552.000000,225.423513,-456.922542,-0.000008,7.523040,7.525824,0.979227
4554.000000,224.516046,-458.703219,-0.000006,7.524877,7.522398,0.936940
4556.000000,223.605915,-460.489072,-0.000004,7.526930,7.518747,0.893324
4558.000000,222.698385,-462.269788,-0.000002,7.528919,7.515150,0.848548
4560.000000,221.790874,-464.050444,-0.000001,7.530637,7.511811,0.802420
4562.000000,220.883361,-465.831098,0.000001,7.532174,7.508673,0.754950
4564.000000,219.975853,-467.611756,0.000003,7.533705,7.505606,0.706249
4566.000000,219.065682,-469.397660,0.000005,7.535306,7.502471,0.656364
4568.000000,218.158201,-471.178330,0.000006,7.536928,7.499153,0.605885
4570.000000,217.250741,-472.959012,0.000008,7.538536,7.495574,0.554984
4572.000000,216.343312,-474.739709,0.000010,7.540129,7.491927,0.504058
4574.000000,215.433245,-476.525666,0.000012,7.541728,7.488464,0.453474
4576.000000,214.525892,-478.306401,0.000013,7.543326,7.485265,0.403961
4578.000000,213.618587,-480.087161,0.000015,7.544927,7.482145,0.355659
4580.000000,212.711335,-481.867949,0.000017,7.546526,7.478956,0.308556
4582.000000,211.801473,-483.654010,0.000019,7.548129,7.475730,0.262432
4584.000000,210.894348,-485.434862,0.000020,7.549728,7.472578,0.217420
4586.000000,209.987296,-487.215751,0.000022,7.551325,7.469449,0.173104
4588.000000,209.080322,-488.996681,0.000024,7.552925,7.466162,0.129173
4590.000000,208.170764,-490.782895,0.000026,7.554528,7.462583,0.085246
4592.000000,207.263967,-492.563915,0.000027,7.556127,7.458930,0.041376
4594.000000,206.357267,-494.344983,0.000029,7.557725,7.455472,-0.002688
4596.000000,205.450671,-496.126106,0.000031,7.559324,7.452271,-0.046941
4598.000000,204.541564,-497.912437,0.000033,7.560927,7.449144,-0.091415
4600.000000,203.635148,-499.693764,0.000034,7.562526,7.445956,-0.135768
4602.000000,202.728903,-501.475063,0.000036,7.564125,7.442740,-0.180006
4604.000000,201.822784,-503.256429,0.000038,7.565723,7.439587,-0.223962
4606.000000,200.914182,-505.043012,0.000040,7.567327,7.436448,-0.267590
4608.000000,200.008292,-506.824611,0.000041,7.568925,7.433161,-0.310468
4610.000000,199.102597,-508.606191,0.000043,7.570524,7.429593,-0.352563
4612.000000,198.197057,-510.387850,0.000045,7.572123,7.425940,-0.393760
4614.000000,197.289061,-512.174735,0.000047,7.573726,7.422471,-0.434096
4616.000000,196.383797,-513.956658,0.000049,7.575325,7.419270,-0.473322
4618.000000,195.478755,-515.738570,0.000050,7.576923,7.416152,-0.511647
4620.000000,194.573892,-517.520572,0.000052,7.578522,7.412964,-0.549191
4622.000000,193.669213,-519.302669,0.000054,7.580121,7.409748,-0.586001
4624.000000,192.762062,-521.090108,0.000055,7.581724,7.406585,-0.622217
4626.000000,191.857773,-522.872401,0.000057,7.583323,7.403456,-0.657678
4628.000000,190.953687,-524.654798,0.000059,7.584921,7.400170,-0.692624
4630.000000,190.049810,-526.437302,0.000061,7.586520,7.396602,-0.727211
4632.000000,189.143490,-528.225162,0.000062,7.588123,7.392938,-0.761641
4634.000000,188.240053,-530.007887,0.000064,7.589722,7.389479,-0.795792
4636.000000,187.336844,-531.790730,0.000066,7.591320,7.386278,-0.829851
4638.000000,186.433870,-533.573690,0.000068,7.592919,7.383159,-0.863927
4640.000000,185.528480,-535.362022,0.000069,7.594520,7.379960,-0.898287
4642.000000,184.625996,-537.145229,0.000071,7.596119,7.376744,-0.932903
4644.000000,183.723763,-538.928567,0.000073,7.597723,7.373595,-0.967984
4646.000000,182.821791,-540.712034,0.000075,7.599326,7.370473,-1.003575
4648.000000,181.917432,-542.500886,0.000076,7.600923,7.367168,-1.039790
4650.000000,181.015999,-544.284627,0.000078,7.602500,7.363571,-1.076196
4652.000000,180.114845,-546.068509,0.000080,7.604096,7.359915,-1.112536
4654.000000,179.213976,-547.852534,0.000082,7.605755,7.356535,-1.148473
4656.000000,178.310814,-549.641825,0.000083,7.607425,7.353414,-1.183768
4658.000000,177.410468,-551.426280,0.000085,7.608931,7.350171,-1.217892
4660.000000,176.510491,-553.210756,0.000087,7.610224,7.346576,-1.250781
4662.000000,175.610824,-554.995387,0.000089,7.611789,7.343315,-1.282459
4664.000000,174.708896,-556.785296,0.000092,7.614304,7.341387,-1.313095
4666.000000,173.809805,-558.570389,0.000097,7.619121,7.343122,-1.342534
4668.000000,172.911130,-560.355521,0.000103,7.628392,7.352301,-1.370759
4670.000000,172.012823,-562.140837,0.000109,7.643511,7.371402,-1.397660
4672.000000,171.112332,-563.931463,0.000115,7.662320,7.396641,-1.423205
4674.000000,170.214751,-565.717322,0.000121,7.681492,7.422259,-1.447186
4676.000000,169.317672,-567.503256,0.000126,7.699589,7.445906,-1.469687
4678.000000,168.421043,-569.289415,0.000132,7.717096,7.468807,-1.490726
4680.000000,167.522320,-571.080924,0.000138,7.734594,7.492200,-1.510362
4682.000000,166.626582,-572.867714,0.000144,7.752195,7.515915,-1.528558
4684.000000,165.731430,-574.654615,0.000149,7.770064,7.539627,-1.545481
4686.000000,164.836811,-576.441781,0.000155,7.788118,7.563195,-1.561251
4688.000000,163.942745,-578.229227,0.000161,7.806060,7.586753,-1.575911
4690.000000,163.046626,-580.022221,0.000167,7.823725,7.610470,-1.589373
4692.000000,162.153734,-581.810251,0.000173,7.841242,7.634070,-1.601403
4694.000000,161.261457,-583.598590,0.000178,7.859017,7.657425,-1.611864
4696.000000,160.369818,-585.387246,0.000184,7.877068,7.680558,-1.620603
4698.000000,159.476214,-587.181496,0.000190,7.895093,7.703814,-1.627612
4700.000000,158.585913,-588.970819,0.000196,7.912718,7.727280,-1.632899
4702.000000,157.696312,-590.760489,0.000202,7.930230,7.750923,-1.636617
4704.000000,156.807432,-592.550517,0.000207,7.947997,7.774556,-1.638885
4706.000000,155.916678,-594.346185,0.000213,7.966100,7.798190,-1.639821
4708.000000,155.029302,-596.136960,0.000219,7.984074,7.821774,-1.639525
4710.000000,154.142710,-597.928123,0.000225,8.001701,7.845431,-1.638045
4712.000000,153.256922,-599.719684,0.000230,8.019212,7.869025,-1.635374
4714.000000,152.369354,-601.516927,0.000236,8.037029,7.892442,-1.631510
4716.000000,151.485239,-603.309314,0.000242,8.055078,7.915575,-1.626495
4718.000000,150.601990,-605.102128,0.000248,8.073053,7.938764,-1.620343
4720.000000,149.719629,-606.895380,0.000253,8.090682,7.962227,-1.613022
4722.000000,148.835669,-608.694178,0.000259,8.108243,7.985935,-1.604456
4724.000000,147.955061,-610.488513,0.000265,8.126003,8.009569,-1.594632
4726.000000,147.075491,-612.283135,0.000271,8.144044,8.033133,-1.583446
4728.000000,146.196891,-614.078232,0.000276,8.162028,8.056715,-1.570746
4730.000000,145.316792,-615.878915,0.000282,8.179741,8.080438,-1.556316
4732.000000,144.440111,-617.675179,0.000288,8.197256,8.104032,-1.540070
4734.000000,143.564554,-619.471763,0.000294,8.214919,8.127378,-1.521832
4736.000000,142.690054,-621.268860,0.000299,8.232854,8.150506,-1.501474
4738.000000,141.814150,-623.071583,0.000305,8.251033,8.173760,-1.478907
4740.000000,140.941730,-624.869927,0.000312,8.268451,8.196900,-1.454266
4742.000000,140.070524,-626.668623,0.000319,8.280576,8.218027,-1.427510
4744.000000,139.200469,-628.467877,0.000322,8.281939,8.234726,-1.398705
4746.000000,138.331575,-630.267693,0.000322,8.272757,8.246956,-1.367974
4748.000000,137.461280,-632.073364,0.000330,8.259698,8.257424,-1.335365
4750.000000,136.594709,-633.874298,0.000355,8.248697,8.268448,-1.301121
4752.000000,135.729412,-635.675847,0.000366,8.239740,8.280252,-1.264989
4754.000000,134.865513,-637.478063,0.000309,8.231140,8.292375,-1.226768
4756.000000,134.000274,-639.286163,0.000173,8.222018,8.304502,-1.186486
4758.000000,133.138232,-641.089270,-0.000031,8.212550,8.316331,-1.144905
4760.000000,132.276181,-642.892372,-0.000312,8.202902,8.327793,-1.102548
4762.000000,131.413037,-644.694951,-0.000632,8.193288,8.339312,-1.060436
4764.000000,130.545051,-646.501736,-0.000950,8.183895,8.351475,-1.019563
4766.000000,129.676171,-648.301561,-0.001258,8.174758,8.363912,-0.981278
4768.000000,128.802769,-650.099194,-0.001557,8.165552,8.375369,-0.946525
4770.000000,127.923776,-651.894104,-0.001849,8.156049,8.385274,-0.916364
4772.000000,127.035540,-653.691023,-0.002151,8.146360,8.396618,-0.891760
4774.000000,126.142224,-655.478857,-0.002483,8.136797,8.413096,-0.873880
4776.000000,125.240087,-657.262259,-0.002821,8.127494,8.430468,-0.863872
4778.000000,124.327848,-659.040508,-0.003035,8.118512,8.435264,-0.863487
4780.000000,123.401905,-660.818020,-0.003033,8.109861,8.417311,-0.874312
4782.000000,122.467601,-662.585065,-0.002872,8.101529,8.384613,-0.896313
4784.000000,121.523215,-664.346456,-0.002611,8.093406,8.350285,-0.928944
4786.000000,120.569573,-666.102847,-0.002278,8.085405,8.320122,-0.971307
4788.000000,119.605224,-667.859810,-0.001936,8.077416,8.291496,-1.022238
4790.000000,118.636709,-669.608329,-0.001617,8.069415,8.262049,-1.080118
4792.000000,117.662684,-671.353494,-0.001304,8.061409,8.231777,-1.143881
4794.000000,116.684097,-673.096103,-0.000977,8.053443,8.201498,-1.212384
4796.000000,115.699322,-674.841681,-0.000640,8.045469,8.171444,-1.284601
4798.000000,114.714969,-676.581337,-0.000332,8.037414,8.141526,-1.358799
4800.000000,113.729676,-678.320160,-0.000084,8.029163,8.111523,-1.433888
4802.000000,112.744118,-680.058833,0.000086,8.020727,8.081936,-1.508966
4804.000000,111.758984,-681.797748,0.000137,8.012163,8.053399,-1.583226
4806.000000,110.771563,-683.542127,0.000074,8.003797,8.024684,-1.656669
4808.000000,109.787298,-685.281533,-0.000019,7.996363,7.992802,-1.729263
4810.000000,108.802934,-687.020884,-0.000093,7.989964,7.956746,-1.801613
4812.000000,107.818240,-688.760046,-0.000156,7.982133,7.926122,-1.873911
4814.000000,106.830108,-690.504024,-0.000221,7.969684,7.913286,-1.946476
4816.000000,105.844114,-692.242449,-0.000291,7.952189,7.920266,-2.019008
4818.000000,104.857109,-693.980303,-0.000362,7.932155,7.936982,-2.091873
4820.000000,103.868847,-695.717441,-0.000431,7.911912,7.954351,-2.165220
4822.000000,102.876173,-697.458837,-0.000499,7.891948,7.970899,-2.239407
4824.000000,101.884676,-699.194133,-0.000569,7.872379,7.987284,-2.314134
4826.000000,100.891209,-700.928299,-0.000638,7.852945,8.003968,-2.389781
4828.000000,99.895530,-702.661198,-0.000707,7.833216,8.020958,-2.466432
4830.000000,98.894463,-704.397783,-0.000776,7.812896,8.038188,-2.544206
4832.000000,97.893641,-706.127717,-0.000847,7.792820,8.054990,-2.622513
4834.000000,96.889895,-707.855956,-0.000916,7.773867,8.070769,-2.701507
4836.000000,95.882988,-709.582356,-0.000983,7.755121,8.086438,-2.781363
4838.000000,94.869861,-711.311591,-0.001054,7.733453,8.104764,-2.862592
4840.000000,93.855771,-713.034124,-0.001126,7.707909,8.126571,-2.945070
4842.000000,92.837960,-714.754119,-0.001197,7.687219,8.143988,-3.029367
4844.000000,91.816033,-716.471671,-0.001261,7.682818,8.146725,-3.115878
4846.000000,90.786902,-718.191426,-0.001317,7.696120,8.133421,-3.205216
4848.000000,89.755944,-719.903923,-0.001344,7.716716,8.113267,-3.297278
4850.000000,88.720480,-721.613349,-0.001321,7.735409,8.094424,-3.392645
4852.000000,87.680492,-723.320027,-0.001266,7.751851,8.077429,-3.491373
4854.000000,86.633272,-725.028820,-0.001211,7.768405,8.060469,-3.593662
4856.000000,85.584679,-726.730582,-0.001161,7.785951,8.042885,-3.698863
4858.000000,84.532304,-728.429650,-0.001109,7.803909,8.025080,-3.807115
4860.000000,83.476166,-730.126378,-0.001057,7.821680,8.007460,-3.918319
4862.000000,82.416446,-731.820873,-0.001003,7.839216,7.989914,-4.032302
4864.000000,81.350198,-733.518219,-0.000950,7.856687,7.972129,-4.149145
4866.000000,80.283858,-735.208555,-0.000899,7.873985,7.954324,-4.267769
4868.000000,79.214486,-736.896974,-0.000846,7.891014,7.936992,-4.387947
4870.000000,78.142260,-738.583582,-0.000793,7.907824,7.920390,-4.509031
4872.000000,77.064194,-740.273446,-0.000740,7.925451,7.903271,-4.630738
4874.000000,75.986796,-741.956754,-0.000688,7.944922,7.884231,-4.751714
4876.000000,74.907085,-743.638580,-0.000636,7.963639,7.865272,-4.871671
4878.000000,73.825239,-745.319033,-0.000582,7.974655,7.852490,-4.989973
4880.000000,72.738245,-747.003167,-0.000530,7.972907,7.850364,-5.106461
4882.000000,71.652660,-748.681207,-0.000478,7.963100,7.854953,-5.220145
4884.000000,70.565475,-750.358209,-0.000425,7.952756,7.859848,-5.331108
4886.000000,69.476867,-752.034290,-0.000372,7.945073,7.862346,-5.439064
4888.000000,68.383804,-753.714490,-0.000319,7.938350,7.863917,-5.544082
4890.000000,67.292878,-755.389063,-0.000267,7.931019,7.865976,-5.645581
4892.000000,66.201061,-757.063054,-0.000214,7.923237,7.868530,-5.744003
4894.000000,65.108526,-758.736577,-0.000161,7.915695,7.871163,-5.839478
4896.000000,64.012422,-760.414386,-0.000109,7.908536,7.873636,-5.932378
4898.000000,62.918795,-762.087604,-0.000056,7.901371,7.875890,-6.022195
4900.000000,61.825167,-763.760413,-0.000004,7.893840,7.877929,-6.108673
4902.000000,60.731528,-765.433214,0.000049,7.886165,7.879888,-6.191168
4904.000000,59.635022,-767.110755,0.000101,7.878695,7.881949,-6.269224
4906.000000,58.541695,-768.784174,0.000154,7.871349,7.884237,-6.341652
4908.000000,57.449072,-770.457640,0.000206,7.863432,7.886856,-6.407781
4910.000000,56.357140,-772.131556,0.000258,7.854811,7.889748,-6.466658
4912.000000,55.263055,-773.810669,0.000311,7.847915,7.892185,-6.517265
4914.000000,54.172838,-775.486126,0.000364,7.845899,7.893251,-6.558106
4916.000000,53.084033,-777.162077,0.000416,7.848896,7.892902,-6.588135
4918.000000,51.996621,-778.838934,0.000468,7.853739,7.892045,-6.606153
4920.000000,50.907779,-780.521446,0.000520,7.857658,7.891467,-6.610956
4922.000000,49.823491,-782.200752,0.000572,7.860555,7.891156,-6.601381
4924.000000,48.741317,-783.880993,0.000625,7.863168,7.890851,-6.576462
4926.000000,47.661241,-785.562585,0.000680,7.865908,7.890450,-6.535348
4928.000000,46.583455,-787.245644,0.000730,7.868820,7.890025,-6.477451
4930.000000,45.504973,-788.935242,0.000774,7.871923,7.889635,-6.402110
4932.000000,44.432272,-790.621547,0.000823,7.875150,7.889245,-6.309430
4934.000000,43.362318,-792.309600,0.000892,7.878446,7.888790,-6.198975
4936.000000,42.295349,-793.999539,0.000967,7.881708,7.888319,-6.070494
4938.000000,41.228577,-795.696554,0.000948,7.884805,7.888012,-5.923243
4940.000000,40.168394,-797.390757,0.000752,7.887629,7.887990,-5.757761
4942.000000,39.110825,-799.086593,0.000423,7.890369,7.888047,-5.574367
4944.000000,38.054749,-800.783361,0.000022,7.893284,7.887887,-5.374250
4946.000000,36.995705,-802.485208,-0.000433,7.896462,7.887463,-5.158137
4948.000000,35.938297,-804.181146,-0.000901,7.899749,7.887027,-4.928987
4950.000000,34.877818,-805.875166,-0.001356,7.903018,7.886759,-4.687771
4952.000000,33.812749,-807.566305,-0.001801,7.906203,7.886401,-4.435818
4954.000000,32.738651,-809.258240,-0.002252,7.909268,7.885578,-4.173509
4956.000000,31.659688,-810.941021,-0.002712,7.912149,7.884660,-3.903412
4958.000000,30.571838,-812.617607,-0.003171,7.914796,7.884908,-3.626108
4960.000000,29.473388,-814.287281,-0.003627,7.916362,7.886904,-3.342666
4962.000000,28.359798,-815.953500,-0.004089,7.912191,7.887675,-3.053481
4964.000000,27.235454,-817.606336,-0.004559,7.896413,7.883400,-2.761279
4966.000000,26.096326,-819.248550,-0.005022,7.863558,7.879833,-2.466454
4968.000000,24.940774,-820.879247,-0.005492,7.808621,7.894134,-2.169853
4970.000000,23.767391,-822.497185,-0.005951,7.731703,7.937731,-1.871930
4972.000000,22.571306,-824.105750,-0.006420,7.656178,7.991802,-1.571569
4974.000000,21.358185,-825.694129,-0.006893,7.613304,8.027565,-1.270105
4976.000000,20.123304,-827.265667,-0.007354,7.624885,8.023710,-0.966212
4978.000000,18.865472,-828.818897,-0.007798,7.702974,7.966785,-0.659657
4980.000000,17.579743,-830.356826,-0.008249,7.841615,7.855123,-0.349611
4982.000000,16.272612,-831.868838,-0.008701,7.956564,7.738344,-0.038743
4984.000000,14.939381,-833.357910,-0.009118,7.946798,7.678253,0.272160
4986.000000,13.579210,-834.822438,-0.009537,7.828657,7.691938,0.581281
4988.000000,12.191392,-836.260797,-0.009937,7.745921,7.747763,0.886756
4990.000000,10.771055,-837.675446,-0.010366,7.803343,7.809749,1.187547
4992.000000,9.325898,-839.056231,-0.010823,7.907622,7.835455,1.479818
4994.000000,7.851234,-840.405496,-0.011279,7.913637,7.784449,1.762245
4996.000000,6.346530,-841.721213,-0.011773,7.793978,7.687234,2.032435
4998.000000,4.811313,-843.001180,-0.012250,7.648556,7.651056,2.287892
5000.000000,3.240522,-844.246784,-0.012748,7.563879,7.754844,2.526853
5002.000000,1.643118,-845.448331,-0.013284,7.537147,7.934744,2.745473
5004.000000,0.014395,-846.607184,-0.013853,7.539109,8.087918,2.942213
5006.000000,-1.645764,-847.720581,-0.014461,7.563990,8.159540,3.114815
5008.000000,-3.337432,-848.785374,-0.014794,7.631221,8.147145,3.260990
5010.000000,-5.064948,-849.801747,-0.014697,7.751905,8.056512,3.379947
5012.000000,-6.817442,-850.764276,-0.014300,7.893500,7.915375,3.472769
5014.000000,-8.596333,-851.675962,-0.013693,8.012597,7.757246,3.541942
5016.000000,-10.399540,-852.538446,-0.012967,8.081267,7.617603,3.590299
5018.000000,-12.224495,-853.353932,-0.012238,8.088060,7.533971,3.621135
5020.000000,-14.068745,-854.124617,-0.011539,8.030453,7.532441,3.637616
5022.000000,-15.935769,-854.854650,-0.010890,7.937351,7.592857,3.642700
5024.000000,-17.812730,-855.541712,-0.010243,7.846892,7.681562,3.639305
5026.000000,-19.703331,-856.190212,-0.009567,7.781656,7.771235,3.630743
5028.000000,-21.605977,-856.802500,-0.008981,7.748855,7.840832,3.620601
5030.000000,-23.519200,-857.380740,-0.008512,7.749265,7.878001,3.612670
5032.000000,-25.447637,-857.927963,-0.008212,7.761312,7.904553,3.610043
5034.000000,-27.379074,-858.442130,-0.008140,7.757987,7.950448,3.615618
5036.000000,-29.318536,-858.925092,-0.008254,7.740620,8.009702,3.631177
5038.000000,-31.265687,-859.376004,-0.008407,7.740809,8.037407,3.657300
5040.000000,-33.225436,-859.795139,-0.008530,7.778998,8.005570,3.692997
5042.000000,-35.187297,-860.179763,-0.008640,7.821204,7.966331,3.737364
5044.000000,-37.155009,-860.530396,-0.008736,7.820313,7.991189,3.791203
5046.000000,-39.128539,-860.846634,-0.008848,7.777605,8.075546,3.855115
5048.000000,-41.107347,-861.127932,-0.008927,7.744747,8.135663,3.929594
5050.000000,-43.096716,-861.374494,-0.008994,7.763162,8.105435,4.014614
5052.000000,-45.084361,-861.584541,-0.009083,7.821909,8.007076,4.108811
5054.000000,-47.075489,-861.758610,-0.009233,7.896335,7.886271,4.211543
5056.000000,-49.069481,-861.896024,-0.009464,7.975287,7.772538,4.321506
5058.000000,-51.071071,-861.995958,-0.009799,8.061413,7.678917,4.437505
5060.000000,-53.069439,-862.056588,-0.010250,8.146172,7.619462,4.557323
5062.000000,-55.068094,-862.076325,-0.010742,8.178659,7.612042,4.678833
5064.000000,-57.066738,-862.053153,-0.011258,8.099565,7.674581,4.799665
5066.000000,-59.064381,-861.985042,-0.011762,7.918495,7.795684,4.917281
5068.000000,-61.065202,-861.869630,-0.012305,7.714836,7.934435,5.029359
5070.000000,-63.057844,-861.705367,-0.012903,7.563217,8.049545,5.132731
5072.000000,-65.045048,-861.489875,-0.013486,7.494198,8.111121,5.224795
5074.000000,-67.025768,-861.220847,-0.014048,7.525013,8.093717,5.302861
5076.000000,-68.998181,-860.896269,-0.014547,7.633582,8.009286,5.364115
5078.000000,-70.960249,-860.514364,-0.014788,7.757686,7.908040,5.406076
5080.000000,-72.915219,-860.072820,-0.014691,7.842635,7.835090,5.427121
5082.000000,-74.851765,-859.574957,-0.014411,7.870075,7.808623,5.427608
5084.000000,-76.772617,-859.021742,-0.014088,7.834203,7.837130,5.408405
5086.000000,-78.677103,-858.414699,-0.013792,7.759356,7.901534,5.370876
5088.000000,-80.564121,-857.755395,-0.013509,7.698896,7.956213,5.317623
5090.000000,-82.432636,-857.045406,-0.013191,7.694048,7.965215,5.249710
5092.000000,-84.287197,-856.284083,-0.012896,7.738769,7.930920,5.167493
5094.000000,-86.116069,-855.477478,-0.012622,7.813955,7.866767,5.072389
5096.000000,-87.924019,-854.625046,-0.012327,7.889298,7.803571,4.965171
5098.000000,-89.710421,-853.728340,-0.012058,7.924228,7.787854,4.846949
5100.000000,-91.474690,-852.788885,-0.011777,7.899529,7.840409,4.718785
5102.000000,-93.220921,-851.805518,-0.011523,7.867660,7.895081,4.581169
5104.000000,-94.939970,-850.784495,-0.011294,7.894145,7.869806,4.435647
5106.000000,-96.635026,-849.725289,-0.011055,7.967439,7.777467,4.282596
5108.000000,-98.306272,-848.628901,-0.010841,8.007697,7.714910,4.122502
5110.000000,-99.953378,-847.496605,-0.010621,7.960811,7.750158,3.956197
5112.000000,-101.580313,-846.326482,-0.010430,7.870773,7.840036,3.783878
5114.000000,-103.178742,-845.125415,-0.010267,7.804263,7.915441,3.607213
5116.000000,-104.751713,-843.892223,-0.010098,7.782745,7.952722,3.426553
5118.000000,-106.299478,-842.627549,-0.009952,7.786136,7.970082,3.242260
5120.000000,-107.821795,-841.332376,-0.009799,7.800786,7.979668,3.054630
5122.000000,-109.322831,-840.003695,-0.009725,7.844382,7.963682,2.863221
5124.000000,-110.793506,-838.650137,-0.009814,7.939056,7.899896,2.669040
5126.000000,-112.237492,-837.268157,-0.010025,8.042720,7.828715,2.470422
5128.000000,-113.653505,-835.857538,-0.010311,8.050456,7.851536,2.265292
5130.000000,-115.040200,-834.418050,-0.010589,7.899641,8.023523,2.051458
5132.000000,-116.400060,-832.945168,-0.010890,7.693770,8.219786,1.825950
5134.000000,-117.723559,-831.447349,-0.011198,7.577412,8.272740,1.587765
5136.000000,-119.013232,-829.920295,-0.011475,7.591145,8.155745,1.333957
5138.000000,-120.267558,-828.364071,-0.011781,7.679176,7.973452,1.062385
5140.000000,-121.484955,-826.778765,-0.012081,7.782230,7.821583,0.771880
5142.000000,-122.667122,-825.159725,-0.012374,7.848483,7.739949,0.460733
5144.000000,-123.805328,-823.516593,-0.012580,7.831957,7.751638,0.129056
5146.000000,-124.901808,-821.845311,-0.012570,7.760306,7.824169,-0.225597
5148.000000,-125.955597,-820.146886,-0.012104,7.723959,7.878285,-0.604283
5150.000000,-126.967094,-818.423004,-0.010954,7.782433,7.860237,-1.006267
5152.000000,-127.943266,-816.672044,-0.009486,7.892743,7.800178,-1.427359
5154.000000,-128.883264,-814.908143,-0.008044,7.990262,7.745948,-1.858469
5156.000000,-129.794839,-813.129481,-0.006647,8.051334,7.715873,-2.294605
5158.000000,-130.682723,-811.338887,-0.005284,8.084444,7.704905,-2.729947
5160.000000,-131.553886,-809.534383,-0.003948,8.087973,7.714472,-3.159966
5162.000000,-132.408827,-807.727104,-0.002606,8.026234,7.768059,-3.577392
5164.000000,-133.253989,-805.916005,-0.001205,7.862910,7.889217,-3.977826
5166.000000,-134.094728,-804.102869,0.000176,7.656356,8.034092,-4.355944
5168.000000,-134.936338,-802.290140,0.001246,7.543447,8.102937,-4.706444
5170.000000,-135.785651,-800.474499,0.001827,7.608629,8.036626,-5.027236
5172.000000,-136.639257,-798.667376,0.002082,7.759753,7.912365,-5.316169
5174.000000,-137.500545,-796.863902,0.002151,7.869295,7.834156,-5.573919
5176.000000,-138.369716,-795.064213,0.002093,7.898267,7.832850,-5.801054
5178.000000,-139.248991,-793.262888,0.002019,7.885028,7.875451,-5.999158
5180.000000,-140.132891,-791.470388,0.001984,7.866321,7.927975,-6.168410
5182.000000,-141.023876,-789.681398,0.001963,7.859780,7.965959,-6.311267
5184.000000,-141.921882,-787.895925,0.001933,7.877597,7.968500,-6.429619
5186.000000,-142.829467,-786.108699,0.001898,7.919046,7.936370,-6.525609
5188.000000,-143.741157,-784.330173,0.001863,7.971551,7.889820,-6.600507
5190.000000,-144.659453,-782.555049,0.001826,8.020085,7.849582,-6.656447
5192.000000,-145.584217,-780.783286,0.001789,8.042723,7.835416,-6.695029
5194.000000,-146.517724,-779.010283,0.001753,8.017847,7.865096,-6.717748
5196.000000,-147.455376,-777.244486,0.001719,7.954744,7.928257,-6.725859
5198.000000,-148.398743,-775.482559,0.001681,7.889140,7.990574,-6.720756
5200.000000,-149.348022,-773.723810,0.001641,7.851359,8.022257,-6.703810
5202.000000,-150.305535,-771.963661,0.001603,7.851420,8.010821,-6.676381
5204.000000,-151.266567,-770.210476,0.001568,7.893568,7.949240,-6.640018
5206.000000,-152.232732,-768.460947,0.001532,7.966667,7.850117,-6.596088
5208.000000,-153.204249,-766.714384,0.001488,8.047055,7.742155,-6.545940
5210.000000,-154.183491,-764.966239,0.001440,8.111553,7.652562,-6.490676
5212.000000,-155.165605,-763.224770,0.001404,8.139321,7.603037,-6.431741
5214.000000,-156.152193,-761.486676,0.001401,8.112722,7.611160,-6.370161
5216.000000,-157.143608,-759.751333,0.001433,8.041447,7.667590,-6.306722
5218.000000,-158.142545,-758.014372,0.001499,7.957403,7.741058,-6.241870
5220.000000,-159.144447,-756.284204,0.001598,7.883400,7.809421,-6.176463
5222.000000,-160.151486,-754.557878,0.001709,7.809669,7.882824,-6.110737
5224.000000,-161.164423,-752.835006,0.001819,7.721254,7.976470,-6.044982
5226.000000,-162.183617,-751.115826,0.001921,7.629275,8.078012,-5.979526
5228.000000,-163.212435,-749.395530,0.002024,7.566227,8.152525,-5.914497
5230.000000,-164.245182,-747.684456,0.002132,7.555568,8.174704,-5.850575
5232.000000,-165.285202,-745.977793,0.002239,7.587805,8.154512,-5.787949
5234.000000,-166.332836,-744.275792,0.002350,7.646587,8.109138,-5.727033
5236.000000,-167.391568,-742.573737,0.002465,7.719469,8.050386,-5.667975
5238.000000,-168.455583,-740.881929,0.002551,7.796488,7.986158,-5.611254
5240.000000,-169.528270,-739.195602,0.002583,7.870104,7.922008,-5.556776
5242.000000,-170.609658,-737.514842,0.002578,7.937529,7.858730,-5.504862
5244.000000,-171.702935,-735.834767,0.002559,7.997866,7.795537,-5.455750
5246.000000,-172.801590,-734.165243,0.002529,8.057881,7.728549,-5.410195
5248.000000,-173.908661,-732.501289,0.002492,8.131747,7.650296,-5.368543
5250.000000,-175.023998,-730.842864,0.002457,8.219817,7.562762,-5.331095
5252.000000,-176.150350,-729.185716,0.002425,8.280722,7.496007,-5.297826
5254.000000,-177.282286,-727.537640,0.002395,8.266599,7.484443,-5.268841
5256.000000,-178.421656,-725.895635,0.002360,8.182630,7.523536,-5.242985
5258.000000,-179.568752,-724.259017,0.002322,8.076877,7.577416,-5.216922
5260.000000,-180.726390,-722.623579,0.002291,7.986318,7.619219,-5.189827
5262.000000,-181.889003,-720.996993,0.002265,7.910720,7.652240,-5.161547
5264.000000,-183.058505,-719.376312,0.002242,7.841567,7.686346,-5.131656
5266.000000,-184.235248,-717.760880,0.002219,7.782731,7.723098,-5.099760
5268.000000,-185.422174,-716.146581,0.002200,7.747911,7.757485,-5.065415
5270.000000,-186.613632,-714.540998,0.002184,7.743227,7.787036,-5.028427
5272.000000,-187.811616,-712.941254,0.002163,7.750611,7.818438,-4.988421
5274.000000,-189.016502,-711.346705,0.002145,7.747846,7.860071,-4.945106
5276.000000,-190.228209,-709.757331,0.002123,7.725600,7.917534,-4.898121
5278.000000,-191.450247,-708.168460,0.002105,7.684734,7.994432,-4.846869
5280.000000,-192.675370,-706.589406,0.002090,7.633672,8.084504,-4.791071
5282.000000,-193.907071,-705.015479,0.002071,7.599570,8.156282,-4.729848
5284.000000,-195.145274,-703.446658,0.002050,7.611539,8.175120,-4.662664
5286.000000,-196.393567,-701.878330,0.002033,7.668184,8.141914,-4.589055
5288.000000,-197.644555,-700.319688,0.002018,7.742907,8.086550,-4.509286
5290.000000,-198.901814,-698.766099,0.002000,7.816395,8.031719,-4.423001
5292.000000,-200.165269,-697.217546,0.001980,7.892211,7.976213,-4.330134
5294.000000,-201.438590,-695.669470,0.001963,7.977933,7.914239,-4.230307
5296.000000,-202.714234,-694.130943,0.001949,8.062055,7.852990,-4.123819
5298.000000,-203.995858,-692.597392,0.001932,8.119021,7.809172,-4.010063
5300.000000,-205.283388,-691.068798,0.001914,8.132501,7.793506,-3.888708
5302.000000,-206.580044,-689.541283,0.001898,8.115533,7.797516,-3.759031
5304.000000,-207.879736,-688.021944,0.001882,8.087238,7.808806,-3.621222
5306.000000,-209.184601,-686.508120,0.001860,8.057128,7.821251,-3.474884
5308.000000,-210.495087,-684.999161,0.001825,8.026875,7.833890,-3.319962
5310.000000,-211.814428,-683.491203,0.001778,7.999077,7.846117,-3.156107
5312.000000,-213.136331,-681.991143,0.001726,7.980539,7.857473,-2.984239
5314.000000,-214.462853,-680.496263,0.001672,7.978074,7.867661,-2.804326
5316.000000,-215.794361,-679.005821,0.001617,7.989208,7.876856,-2.616624
5318.000000,-217.134066,-677.515934,0.001563,8.003900,7.885644,-2.421205
5320.000000,-218.475591,-676.033392,0.001512,8.014771,7.894595,-2.219714
5322.000000,-219.821032,-674.555518,0.001457,8.023781,7.904404,-2.012656
5324.000000,-221.170772,-673.081568,0.001404,8.034894,7.915898,-1.800777
5326.000000,-222.524639,-671.611410,0.001348,8.051226,7.931561,-1.584913
5328.000000,-223.886466,-670.140594,0.001294,8.075265,7.955315,-1.365181
5330.000000,-225.248095,-668.677622,0.001242,8.107613,7.988854,-1.143360
5332.000000,-226.613350,-667.218033,0.001188,8.144293,8.027993,-0.919076
5334.000000,-227.982063,-665.761687,0.001132,8.180489,8.067354,-0.692435
5336.000000,-229.358112,-664.304170,0.001079,8.215345,8.104623,-0.462798
5338.000000,-230.733262,-662.853899,0.001026,8.250838,8.139574,-0.231590
5340.000000,-232.111378,-661.406449,0.000972,8.287868,8.173636,0.001581
5342.000000,-233.492301,-659.961676,0.000916,8.322808,8.211566,0.236388
5344.000000,-234.879944,-658.515194,0.000862,8.351460,8.258585,0.473236
5346.000000,-236.266004,-657.075349,0.000809,8.374007,8.313427,0.710468
5348.000000,-237.654390,-655.637747,0.000755,8.394655,8.370304,0.948439
5350.000000,-239.044941,-654.202240,0.000700,8.416595,8.425005,1.186729
5352.000000,-240.441603,-652.764464,0.000646,8.439957,8.479012,1.425567
5354.000000,-241.836020,-651.332712,0.000593,8.463915,8.534337,1.663122
5356.000000,-243.232132,-649.902612,0.000539,8.487305,8.590147,1.899602
5358.000000,-244.629781,-648.474017,0.000484,8.508466,8.642785,2.134398
5360.000000,-246.032331,-647.043190,0.000430,8.524954,8.687688,2.367470
5362.000000,-247.433198,-645.616541,0.000377,8.531919,8.717444,2.597155
5364.000000,-248.834534,-644.191560,0.000323,8.524685,8.725250,2.823295
5366.000000,-250.236788,-642.767484,0.000268,8.505754,8.715170,3.045449
5368.000000,-251.643329,-641.340588,0.000215,8.483357,8.700011,3.263593
5370.000000,-253.047569,-639.917251,0.000161,8.463786,8.689380,3.476146
5372.000000,-254.451655,-638.494983,0.000107,8.446298,8.682003,3.682933
5374.000000,-255.856047,-637.073013,0.000053,8.428745,8.674404,3.883525
5376.000000,-257.264109,-635.647628,-0.000001,8.410335,8.665514,4.078010
5378.000000,-258.669261,-634.225184,-0.000055,8.391531,8.656302,4.265321
5380.000000,-260.073643,-632.803206,-0.000109,8.372672,8.647459,4.445691
5382.000000,-261.477717,-631.380923,-0.000163,8.353914,8.638755,4.619133
5384.000000,-262.884843,-629.954619,-0.000216,8.335313,8.629761,4.786144
5386.000000,-264.288452,-628.530647,-0.000271,8.316933,8.620513,4.946204
5388.000000,-265.690676,-627.106539,-0.000324,8.298617,8.611321,5.099958
5390.000000,-267.091974,-625.681523,-0.000378,8.280262,8.602409,5.247872
5392.000000,-268.492198,-624.255450,-0.000431,8.261869,8.593698,5.390378
5394.000000,-269.895310,-622.823969,-0.000486,8.243405,8.585017,5.528487
5396.000000,-271.292915,-621.395328,-0.000542,8.225011,8.576279,5.662058
5398.000000,-272.688967,-619.965170,-0.000588,8.206673,8.567337,5.791826
5400.000000,-274.083324,-618.533360,-0.000622,8.188383,8.558151,5.917610
5402.000000,-275.479994,-617.095592,-0.000647,8.169935,8.548897,6.039276
5404.000000,-276.870701,-615.660235,-0.000670,8.151273,8.539875,6.155503
5406.000000,-278.259484,-614.223017,-0.000688,8.132434,8.531088,6.266067
5408.000000,-279.646290,-612.783892,-0.000705,8.113716,8.522396,6.370413
5410.000000,-281.035141,-611.338569,-0.000725,8.095243,8.513645,6.468411
5412.000000,-282.417820,-609.895479,-0.000745,8.076923,8.504831,6.559214
5414.000000,-283.798351,-608.450332,-0.000765,8.058443,8.495884,6.643034
5416.000000,-285.176673,-607.003078,-0.000783,8.039928,8.486749,6.719891
5418.000000,-286.556150,-605.550059,-0.000802,8.021779,8.477334,6.790015
5420.000000,-287.930497,-604.097778,-0.000822,8.004100,8.467865,6.853252
5422.000000,-289.301832,-602.643902,-0.000842,7.985600,8.459239,6.909987
5424.000000,-290.670720,-601.187723,-0.000860,7.964995,8.452310,6.960595
5426.000000,-292.040496,-599.725561,-0.000880,7.944728,8.444982,7.005586
5428.000000,-293.404927,-598.263953,-0.000900,7.930508,8.432770,7.045305
5430.000000,-294.766104,-596.800562,-0.000920,7.926046,8.412673,7.080519
5432.000000,-296.124589,-595.334671,-0.000939,7.929202,8.386466,7.112013
5434.000000,-297.483683,-593.862584,-0.000957,7.936585,8.356898,7.140669
5436.000000,-298.837214,-592.390868,-0.000977,7.945860,8.325998,7.167194
5438.000000,-300.187249,-590.917191,-0.000998,7.955664,8.294855,7.192431
5440.000000,-301.534348,-589.440829,-0.001021,7.965045,8.264227,7.216949
5442.000000,-302.881762,-587.958049,-0.001039,7.974132,8.233907,7.240868
5444.000000,-304.223360,-586.475441,-0.001043,7.983227,8.203692,7.263554
5446.000000,-305.561235,-584.990715,-0.001027,7.992439,8.173335,7.284481
5448.000000,-306.896051,-583.503241,-0.000997,8.001677,8.142734,7.303158
5450.000000,-308.227887,-582.013096,-0.000952,8.010873,8.111890,7.319006
5452.000000,-309.560788,-580.516020,-0.000901,8.020099,8.080956,7.330896
5454.000000,-310.887084,-579.020941,-0.000853,8.029364,8.050390,7.337183
5456.000000,-312.210831,-577.523609,-0.000806,8.038625,8.020041,7.336332
5458.000000,-313.532166,-576.024146,-0.000758,8.047699,7.989578,7.327395
5460.000000,-314.855104,-574.518257,-0.000711,8.056535,7.958714,7.309938
5462.000000,-316.172017,-573.014910,-0.000664,8.065294,7.927851,7.284548
5464.000000,-317.486937,-571.509818,-0.000616,8.074265,7.897195,7.251670
5466.000000,-318.800003,-570.003110,-0.000568,8.083474,7.866803,7.211048
5468.000000,-320.115213,-568.490469,-0.000520,8.092778,7.836455,7.160533
5470.000000,-321.424988,-566.980900,-0.000472,8.101994,7.806190,7.097505
5472.000000,-322.733341,-565.470096,-0.000424,8.111164,7.775792,7.018667
5474.000000,-324.040421,-563.958190,-0.000379,8.120329,7.745152,6.920521
5476.000000,-325.350199,-562.440842,-0.000337,8.129536,7.714274,6.798931
5478.000000,-326.655102,-560.927063,-0.000284,8.138726,7.683594,6.650389
5480.000000,-327.959124,-559.412530,-0.000216,8.147916,7.653190,6.469509
5482.000000,-329.262499,-557.897428,-0.000164,8.157080,7.622964,6.250974
5484.000000,-330.568659,-556.378206,-0.000169,8.166214,7.592690,5.988904
5486.000000,-331.871768,-554.861590,-0.000185,8.175335,7.562429,5.679864
5488.000000,-333.173535,-553.345163,-0.000037,8.184580,7.532130,5.319274
5490.000000,-334.474847,-551.828408,0.000397,8.193948,7.501733,4.902327
5492.000000,-335.780512,-550.308768,0.001255,8.203082,7.470989,4.425039
5494.000000,-337.086860,-548.794578,0.002820,8.211527,7.439889,3.887297
5496.000000,-338.400484,-547.288070,0.004922,8.219847,7.409104,3.291285
5498.000000,-339.728654,-545.795240,0.006790,8.229416,7.380078,2.645643
5500.000000,-341.080699,-544.318012,0.008209,8.240505,7.352578,1.958269
5502.000000,-342.454627,-542.864791,0.012169,8.249582,7.321289,1.234469
5504.000000,-343.854277,-541.440466,0.023286,8.252921,7.280644,0.477014
5506.000000,-345.315069,-540.074994,0.039963,8.257262,7.241982,-0.262805
5508.000000,-346.882314,-538.833926,0.054215,8.278505,7.231894,-0.888517
5510.000000,-348.580473,-537.777661,0.062128,8.310181,7.276632,-1.346817
5512.000000,-350.395870,-536.942085,0.064390,8.283317,7.398809,-1.637957
5514.000000,-352.307791,-536.354698,0.060491,8.129954,7.614381,-1.764400
5516.000000,-354.275454,-536.007248,0.052416,7.899870,7.890410,-1.749105
5518.000000,-356.268950,-535.865675,0.044218,7.708304,8.167394,-1.619859
5520.000000,-358.269566,-535.899508,0.037303,7.633402,8.394000,-1.394867
5522.000000,-360.257228,-536.081313,0.031656,7.689160,8.532712,-1.091085
5524.000000,-362.232578,-536.385919,0.027832,7.875761,8.555791,-0.723134
5526.000000,-364.189067,-536.798704,0.025848,8.156841,8.482429,-0.304172
5528.000000,-366.122470,-537.310706,0.025780,8.474731,8.359585,0.147138
5530.000000,-368.027930,-537.918614,0.027838,8.770409,8.232729,0.616405
5532.000000,-369.896257,-538.630932,0.030560,8.983678,8.141328,1.102858
5534.000000,-371.717407,-539.457639,0.032392,9.060855,8.121588,1.608722
5536.000000,-373.481148,-540.401523,0.032900,9.010206,8.191323,2.131260
5538.000000,-375.177246,-541.460617,0.031233,8.882128,8.355106,2.667563
5540.000000,-376.801521,-542.626436,0.027035,8.726069,8.579427,3.206167
5542.000000,-378.360722,-543.879084,0.021858,8.586155,8.760165,3.725250
5544.000000,-379.863596,-545.197674,0.017008,8.498347,8.801448,4.212647
5546.000000,-381.320622,-546.566004,0.012488,8.452101,8.731871,4.665901
5548.000000,-382.747250,-547.974271,0.008234,8.414551,8.639268,5.086752
5550.000000,-384.146421,-549.401360,0.004183,8.367556,8.573424,5.470190
5552.000000,-385.533686,-550.840119,0.000138,8.316269,8.519411,5.812849
5554.000000,-386.920435,-552.279433,-0.004012,8.267773,8.457858,6.110679
5556.000000,-388.321716,-553.710778,-0.008124,8.220665,8.392887,6.361829
5558.000000,-389.744366,-555.116694,-0.011791,8.169749,8.340429,6.564114
5560.000000,-391.199565,-556.487294,-0.014786,8.116121,8.294546,6.718639
5562.000000,-392.694749,-557.813894,-0.016899,8.072746,8.210180,6.826943
5564.000000,-394.235081,-559.087797,-0.017726,8.050028,8.048894,6.891064
5566.000000,-395.820380,-560.305687,-0.017626,8.025764,7.865800,6.921023
5568.000000,-397.447556,-561.467161,-0.017379,7.959926,7.767747,6.927317
5570.000000,-399.118829,-562.574723,-0.017346,7.846197,7.795148,6.917718
5572.000000,-400.822490,-563.620447,-0.017391,7.744118,7.860279,6.898494
5574.000000,-402.561527,-564.606278,-0.017328,7.713139,7.868900,6.876403
5576.000000,-404.333712,-565.531255,-0.017217,7.745591,7.826201,6.859413
5578.000000,-406.136630,-566.394666,-0.017085,7.797338,7.791108,6.855573
5580.000000,-407.967929,-567.195985,-0.017008,7.832161,7.810759,6.871990
5582.000000,-409.829536,-567.936580,-0.017796,7.829797,7.908802,6.915734
5584.000000,-411.712835,-568.611866,-0.020369,7.780903,8.092307,6.990238
5586.000000,-413.620156,-569.210744,-0.024404,7.733413,8.285001,7.085052
5588.000000,-415.555163,-569.716729,-0.029488,7.763880,8.368867,7.182051
5590.000000,-417.511524,-570.108245,-0.035268,7.895960,8.298690,7.261187
5592.000000,-419.495383,-570.361443,-0.040029,8.060935,8.158269,7.302917
5594.000000,-421.493911,-570.450676,-0.042016,8.180756,8.043447,7.289561
5596.000000,-423.493967,-570.369647,-0.041700,8.215232,7.997829,7.217944
5598.000000,-425.473686,-570.122077,-0.039688,8.144919,8.037142,7.088186
5600.000000,-427.432264,-569.715418,-0.036205,7.992526,8.140513,6.894837
5602.000000,-429.356864,-569.167866,-0.032687,7.847428,8.230133,6.644113
5604.000000,-431.241581,-568.497350,-0.030139,7.792717,8.235854,6.341570
5606.000000,-433.082200,-567.715437,-0.028330,7.817427,8.181901,5.990782
5608.000000,-434.875358,-566.830606,-0.026613,7.865154,8.137746,5.590011
5610.000000,-436.618709,-565.851514,-0.024759,7.901030,8.138503,5.135714
5612.000000,-438.311543,-564.787273,-0.022780,7.927865,8.160430,4.626703
5614.000000,-439.953756,-563.647054,-0.020649,7.952535,8.175203,4.063835
5616.000000,-441.547372,-562.439995,-0.018411,7.973445,8.178205,3.449516
5618.000000,-443.095478,-561.175197,-0.016195,7.985038,8.176174,2.789676
5620.000000,-444.601729,-559.861158,-0.014002,7.986196,8.172466,2.095814
5622.000000,-446.073662,-558.502582,-0.011824,7.982677,8.164818,1.381210
5624.000000,-447.511051,-557.111341,-0.009634,7.980233,8.150719,0.664556
5626.000000,-448.920160,-555.693896,-0.007502,7.979451,8.130174,-0.036119
5628.000000,-450.308134,-554.255745,-0.005695,7.978608,8.104325,-0.702645
5630.000000,-451.680006,-552.802342,-0.004312,7.976949,8.074708,-1.320964
5632.000000,-453.043446,-551.332996,-0.003421,7.975275,8.043303,-1.885416
5634.000000,-454.393489,-549.859293,-0.003157,7.974348,8.012260,-2.391497
5636.000000,-455.734530,-548.377411,-0.003313,7.973414,7.982378,-2.844581
5638.000000,-457.065667,-546.886634,-0.003493,7.970985,7.954083,-3.246990
5640.000000,-458.388996,-545.383344,-0.003571,7.964998,7.929552,-3.598273
5642.000000,-459.699916,-543.872473,-0.003618,7.952542,7.914021,-3.894526
5644.000000,-460.998798,-542.353490,-0.003687,7.931412,7.911475,-4.135177
5646.000000,-462.286476,-540.825001,-0.003771,7.904303,7.916695,-4.321422
5648.000000,-463.565242,-539.283628,-0.003857,7.876232,7.920141,-4.460386
5650.000000,-464.830501,-537.734311,-0.003940,7.849885,7.920361,-4.562226
5652.000000,-466.082444,-536.176413,-0.004016,7.823689,7.929303,-4.637773
5654.000000,-467.321847,-534.608518,-0.004096,7.795675,7.958225,-4.697668
5656.000000,-468.548385,-533.030539,-0.004168,7.765142,8.002990,-4.751074
5658.000000,-469.765280,-531.437701,-0.004247,7.731969,8.052102,-4.804377
5660.000000,-470.965048,-529.839270,-0.004330,7.698446,8.096957,-4.864248
5662.000000,-472.150950,-528.230524,-0.004404,7.669912,8.135085,-4.938680
5664.000000,-473.322655,-526.611407,-0.004472,7.652541,8.163966,-5.030942
5666.000000,-474.483219,-524.977064,-0.004546,7.654131,8.177022,-5.140216
5668.000000,-475.625488,-523.337046,-0.004626,7.682960,8.165864,-5.260543
5670.000000,-476.752562,-521.686545,-0.004697,7.738068,8.130868,-5.384674
5672.000000,-477.864097,-520.025541,-0.004762,7.804425,8.085603,-5.504391
5674.000000,-478.962017,-518.350549,-0.004821,7.866009,8.043814,-5.613196
5676.000000,-480.042406,-516.667047,-0.004875,7.910933,8.010952,-5.705753
5678.000000,-481.105392,-514.974561,-0.004901,7.930013,7.988204,-5.778054
5680.000000,-482.151729,-513.271729,-0.004893,7.923608,7.974195,-5.827568
5682.000000,-483.183471,-511.555184,-0.004880,7.906250,7.963859,-5.853434
5684.000000,-484.197179,-509.830703,-0.004877,7.892207,7.952447,-5.855571
5686.000000,-485.193160,-508.097936,-0.004873,7.883237,7.939335,-5.834075
5688.000000,-486.172223,-506.355556,-0.004872,7.875412,7.925790,-5.788788
5690.000000,-487.134286,-504.603731,-0.004863,7.866319,7.912707,-5.719432
5692.000000,-488.082027,-502.837436,-0.004863,7.856024,7.900280,-5.625587
5694.000000,-489.009783,-501.067202,-0.004872,7.844527,7.889368,-5.508426
5696.000000,-489.920275,-499.288028,-0.004874,7.829025,7.884295,-5.369269
5698.000000,-490.813405,-497.500075,-0.004872,7.805541,7.890976,-5.210932
5700.000000,-491.691629,-495.698206,-0.004878,7.772344,7.911309,-5.036522
5702.000000,-492.549676,-493.893154,-0.004893,7.731691,7.940610,-4.851131
5704.000000,-493.390045,-492.079805,-0.004901,7.687231,7.972814,-4.657575
5706.000000,-494.212623,-490.258315,-0.004908,7.649291,7.998043,-4.458064
5708.000000,-495.018930,-488.425072,-0.004919,7.631143,8.004786,-4.252609
5710.000000,-495.806218,-486.586125,-0.004938,7.638877,7.987913,-4.040232
5712.000000,-496.574635,-484.741133,-0.004955,7.666713,7.952688,-3.818685
5714.000000,-497.324759,-482.888628,-0.004967,7.707645,7.905381,-3.585228
5716.000000,-498.057939,-481.024939,-0.004984,7.756759,7.850025,-3.337076
5718.000000,-498.771647,-479.156197,-0.005010,7.809671,7.790178,-3.074426
5720.000000,-499.465990,-477.282068,-0.005028,7.856170,7.738335,-2.797429
5722.000000,-500.141454,-475.401056,-0.005015,7.876596,7.721384,-2.506107
5724.000000,-500.797948,-473.513342,-0.004925,7.854035,7.762550,-2.201026
5726.000000,-501.437624,-471.613651,-0.004792,7.795155,7.852282,-1.882156
5728.000000,-502.057203,-469.713500,-0.004646,7.718862,7.964011,-1.552600
5730.000000,-502.659116,-467.807684,-0.004487,7.647773,8.068153,-1.212964
5732.000000,-503.243926,-465.896551,-0.004322,7.610591,8.129846,-0.864617
5734.000000,-503.813853,-463.974793,-0.004171,7.630150,8.121830,-0.507622
5736.000000,-504.366079,-462.053996,-0.004022,7.691556,8.063277,-0.144707
5738.000000,-504.902829,-460.128819,-0.003837,7.762919,7.994385,0.225541
5740.000000,-505.424757,-458.199575,-0.003627,7.823822,7.938551,0.604467
5742.000000,-505.933737,-456.262657,-0.003471,7.871620,7.893385,0.994657
5744.000000,-506.428863,-454.324510,-0.003452,7.905188,7.854382,1.396588
5746.000000,-506.910274,-452.384766,-0.003674,7.920702,7.822396,1.811227
5748.000000,-507.377992,-450.441640,-0.004402,7.913222,7.800691,2.239320
5750.000000,-507.830303,-448.490679,-0.005709,7.884288,7.789686,2.678865
5752.000000,-508.259875,-446.536925,-0.007258,7.845509,7.785457,3.122290
5754.000000,-508.660627,-444.578822,-0.008775,7.807761,7.784117,3.563426
5756.000000,-509.026955,-442.613970,-0.010269,7.770845,7.785579,3.996367
5758.000000,-509.352949,-440.641967,-0.011775,7.729601,7.791471,4.414431
5760.000000,-509.633034,-438.658735,-0.013327,7.684081,7.801478,4.811234
5762.000000,-509.859818,-436.670968,-0.014891,7.643043,7.812095,5.178208
5764.000000,-510.027103,-434.678984,-0.016393,7.614155,7.819593,5.508676
5766.000000,-510.129029,-432.682564,-0.017912,7.593397,7.821233,5.797334
5768.000000,-510.159618,-430.683735,-0.019605,7.571376,7.814727,6.038972
5770.000000,-510.112167,-428.685118,-0.021561,7.542814,7.797490,6.227690
5772.000000,-509.978865,-426.690208,-0.023965,7.508969,7.766467,6.357698
5774.000000,-509.751101,-424.703210,-0.027078,7.473835,7.720340,6.423010
5776.000000,-509.416666,-422.731571,-0.030347,7.451782,7.667963,6.415049
5778.000000,-508.961846,-420.784289,-0.032425,7.461531,7.622918,6.324954
5780.000000,-508.379424,-418.870529,-0.032778,7.504749,7.595838,6.144865
5782.000000,-507.672103,-416.999646,-0.031140,7.556993,7.592715,5.871033
5784.000000,-506.846547,-415.178987,-0.026833,7.593182,7.616387,5.496926
5786.000000,-505.922756,-413.405554,-0.020813,7.602917,7.657182,5.024249
5788.000000,-504.926533,-411.671700,-0.014943,7.582615,7.700071,4.474573
5790.000000,-503.880256,-409.968685,-0.009848,7.538866,7.734794,3.876469
5792.000000,-502.799116,-408.283088,-0.005990,7.492073,7.758047,3.254968
5794.000000,-501.701201,-406.610717,-0.003981,7.457590,7.762874,2.639143
5796.000000,-500.592140,-404.948083,-0.003283,7.414622,7.720302,2.043740
5798.000000,-499.472238,-403.292738,-0.002928,7.328442,7.593245,1.471955
5800.000000,-498.342693,-401.643958,-0.002593,7.223138,7.394445,0.925986
5802.000000,-497.201251,-399.996226,-0.002267,7.210447,7.210246,0.405557
5804.000000,-496.055706,-398.358525,-0.001941,7.377972,7.124402,-0.085806
5806.000000,-494.903823,-396.725279,-0.001602,7.622120,7.143606,-0.549636
5808.000000,-493.746705,-395.095738,-0.001248,7.755984,7.240260,-0.985992
5810.000000,-492.582082,-393.464323,-0.000885,7.709712,7.377624,-1.396552
5812.000000,-491.418016,-391.839740,-0.000565,7.592113,7.504800,-1.779633
5814.000000,-490.252238,-390.216387,-0.000341,7.516081,7.579492,-2.137440
5816.000000,-489.085412,-388.593788,-0.000203,7.494401,7.606085,-2.471408
5818.000000,-487.914540,-386.966853,-0.000134,7.494720,7.610101,-2.784006
5820.000000,-486.746737,-385.344958,-0.000124,7.496400,7.608613,-3.075073
5822.000000,-485.578536,-383.723347,-0.000134,7.497762,7.605542,-3.347203
5824.000000,-484.409885,-382.102063,-0.000131,7.499464,7.602754,-3.601900
5826.000000,-483.237357,-380.476319,-0.000120,7.501541,7.600472,-3.840723
5828.000000,-482.067884,-378.855627,-0.000109,7.503725,7.598211,-4.062025
5830.000000,-480.898064,-377.235186,-0.000101,7.505819,7.595765,-4.265475
5832.000000,-479.727915,-375.614981,-0.000095,7.507704,7.593382,-4.449948
5834.000000,-478.555177,-373.991841,-0.000087,7.509326,7.591289,-4.614734
5836.000000,-477.383271,-372.370454,-0.000080,7.510873,7.589350,-4.758650
5838.000000,-476.212273,-370.750864,-0.000072,7.512643,7.587256,-4.881455
5840.000000,-475.041042,-369.131441,-0.000064,7.514684,7.584891,-4.983783
5842.000000,-473.867322,-367.509017,-0.000057,7.516686,7.582410,-5.066955
5844.000000,-472.694533,-365.888264,-0.000049,7.518366,7.579987,-5.132447
5846.000000,-471.522752,-364.269239,-0.000041,7.519895,7.577608,-5.182749
5848.000000,-470.350838,-362.650311,-0.000034,7.521631,7.575179,-5.220292
5850.000000,-469.176536,-361.028315,-0.000026,7.523666,7.572708,-5.246994
5852.000000,-468.003256,-359.407910,-0.000019,7.525680,7.570373,-5.264441
5854.000000,-466.831087,-357.789166,-0.000011,7.527389,7.568305,-5.274362
5856.000000,-465.658884,-356.170448,-0.000003,7.528924,7.566360,-5.278525
5858.000000,-464.486672,-354.551735,0.000004,7.530591,7.564272,-5.278687
5860.000000,-463.311025,-352.928247,0.000009,7.532536,7.561921,-5.276589
5862.000000,-462.138858,-351.309502,0.000012,7.534638,7.559428,-5.273615
5864.000000,-460.966733,-349.690726,0.000013,7.536762,7.556917,-5.270306
5866.000000,-459.794652,-348.071919,0.000013,7.538772,7.554510,-5.266760
5868.000000,-458.619163,-346.448317,0.000012,7.540543,7.552310,-5.263020
5870.000000,-457.447162,-344.829451,0.000012,7.542097,7.550320,-5.259085
5872.000000,-456.275200,-343.210558,0.000012,7.543707,7.548346,-5.254715
5874.000000,-455.103276,-341.591637,0.000012,7.545601,7.546197,-5.249533
5876.000000,-453.927941,-339.967922,0.000011,7.547663,7.543779,-5.243056
5878.000000,-452.756092,-338.348947,0.000011,7.549602,7.541072,-5.234865
5880.000000,-451.584280,-336.729946,0.000011,7.551280,7.538337,-5.224557
5882.000000,-450.412501,-335.110920,0.000011,7.552755,7.536277,-5.211793
5884.000000,-449.237309,-333.487102,0.000010,7.554101,7.535476,-5.196254
5886.000000,-448.065599,-331.868026,0.000011,7.555296,7.535661,-5.177952
