s_m,x_m,y_m,kappa_radpm,w_tr_right_m,w_tr_left_m,d_m
0.000000,39.839902,707.813014,0.009822,10.450619,10.450619,5.886151
2.000000,37.876432,707.460483,-0.002019,10.472255,10.472255,5.929418
4.000000,35.911673,707.115225,-0.006942,10.491934,10.491934,5.941344
6.000000,33.942337,706.797221,-0.008258,10.489247,10.489247,5.913546
8.000000,31.965922,706.526525,-0.004348,10.443501,10.443501,5.843005
10.000000,29.988417,706.263900,-0.001401,10.401857,10.401857,5.773168
12.000000,28.010249,706.006321,-0.000784,10.367713,10.367713,5.698723
14.000000,26.031572,705.752682,0.000055,10.340361,10.340361,5.621615
16.000000,24.052967,705.498484,0.000964,10.315752,10.315752,5.546855
18.000000,22.074839,705.240600,0.002228,10.294964,10.294964,5.477583
20.000000,20.097675,704.975438,0.003424,10.279218,10.279218,5.419014
22.000000,18.122851,704.693371,0.003398,10.271034,10.271034,5.379227
24.000000,16.149911,704.398413,0.003084,10.268668,10.268668,5.350726
26.000000,14.178622,704.092613,0.002086,10.271263,10.271263,5.335528
28.000000,12.209548,703.772862,-0.000671,10.280038,10.280038,5.328835
30.000000,10.239519,703.459042,-0.002684,10.285456,10.285456,5.298415
32.000000,8.267520,703.157854,-0.003612,10.284938,10.284938,5.266203
34.000000,6.293870,702.867689,-0.004718,10.279990,10.279990,5.227912
36.000000,4.317084,702.599721,-0.004458,10.271085,10.271085,5.165697
38.000000,2.337818,702.350719,-0.003122,10.259282,10.259282,5.087033
40.000000,0.357294,702.111931,-0.001866,10.246196,10.246196,5.000656
42.000000,-1.624401,701.883064,0.000222,10.232502,10.232502,4.907173
44.000000,-3.606031,701.653631,0.002373,10.220099,10.220099,4.819596
46.000000,-5.586197,701.411895,0.003257,10.211057,10.211057,4.747271
48.000000,-7.564819,701.157828,0.003573,10.205449,10.205449,4.688193
50.000000,-9.541529,700.889289,0.003392,10.202927,10.202927,4.644593
52.000000,-11.516128,700.605642,0.002065,10.203075,10.203075,4.615057
54.000000,-13.489444,700.313200,0.000302,10.204542,10.204542,4.590816
56.000000,-15.462783,700.020916,-0.000531,10.204378,10.204378,4.563593
58.000000,-17.436668,699.732350,-0.000428,10.201901,10.201901,4.532940
60.000000,-19.410668,699.444561,-0.000319,10.199860,10.199860,4.502607
62.000000,-21.384880,699.158236,-0.000308,10.198746,10.198746,4.471260
64.000000,-23.359283,698.873225,-0.000228,10.198376,10.198376,4.439432
66.000000,-25.333794,698.588967,-0.000184,10.197851,10.197851,4.407625
68.000000,-27.308416,698.305483,-0.000129,10.197230,10.197230,4.375642
70.000000,-29.283124,698.022596,-0.000047,10.196231,10.196231,4.343650
72.000000,-31.257840,697.739771,0.000041,10.194443,10.194443,4.312022
74.000000,-33.232559,697.456958,0.000183,10.192219,10.192219,4.281130
76.000000,-35.207172,697.173414,0.000047,10.189593,10.189593,4.252365
78.000000,-37.181580,696.888442,-0.000469,10.186611,10.186611,4.225620
80.000000,-39.156398,696.606319,-0.000848,10.183785,10.183785,4.196716
82.000000,-41.131657,696.327311,-0.001440,10.181161,10.181161,4.166364
84.000000,-43.107516,696.052582,-0.002184,10.178825,10.178825,4.131619
86.000000,-45.084877,695.788882,-0.002080,10.177029,10.177029,4.086211
88.000000,-47.063303,695.533294,-0.001330,10.175645,10.175645,4.034681
90.000000,-49.042441,695.283283,-0.000481,10.174589,10.174589,3.979146
92.000000,-51.021798,695.035001,0.000295,10.173744,10.173744,3.923176
94.000000,-53.000972,694.785272,0.000896,10.172903,10.172903,3.869386
96.000000,-54.979703,694.532051,0.001249,10.171965,10.171965,3.819991
98.000000,-56.957693,694.273115,0.001257,10.170844,10.170844,3.777103
100.000000,-58.935051,694.009386,0.001148,10.169354,10.169354,3.739420
102.000000,-60.911799,693.741127,0.000939,10.167481,10.167481,3.706990
104.000000,-62.887963,693.468606,0.000607,10.165228,10.165228,3.679118
106.000000,-64.863886,693.194332,0.000431,10.162848,10.162848,3.653392
108.000000,-66.839558,692.918258,0.000360,10.160279,10.160279,3.630382
110.000000,-68.815028,692.640746,0.000247,10.157460,10.157460,3.609548
112.000000,-70.790358,692.362238,0.000134,10.154270,10.154270,3.590264
114.000000,-72.765623,692.083267,0.000075,10.150788,10.150788,3.571816
116.000000,-74.740860,691.804099,0.000027,10.147050,10.147050,3.554013
118.000000,-76.716051,691.524604,-0.000079,10.143054,10.143054,3.536890
120.000000,-78.691302,691.245534,-0.000175,10.138893,10.138893,3.519640
122.000000,-80.666654,690.967183,-0.000249,10.134628,10.134628,3.502207
124.000000,-82.642132,690.689726,-0.000365,10.130319,10.130319,3.484358
126.000000,-84.617809,690.413688,-0.000509,10.125918,10.125918,3.465452
128.000000,-86.593767,690.139669,-0.000824,10.121834,10.121834,3.444883
130.000000,-88.570080,689.868226,-0.000987,10.118660,10.118660,3.421369
132.000000,-90.547185,689.602612,-0.000331,10.117293,10.117293,3.392872
134.000000,-92.524470,689.338337,0.000591,10.117414,10.117414,3.365907
136.000000,-94.501312,689.070776,0.000963,10.118620,10.118620,3.344282
138.000000,-96.477597,688.799129,0.000953,10.120888,10.120888,3.327755
140.000000,-98.453365,688.523746,0.000864,10.124074,10.124074,3.315872
142.000000,-100.428647,688.244897,0.000745,10.128044,10.128044,3.308301
144.000000,-102.403511,687.963104,0.000598,10.132621,10.132621,3.304377
146.000000,-104.378033,687.678922,0.000392,10.137546,10.137546,3.303493
148.000000,-106.352309,687.393041,0.000150,10.142555,10.142555,3.304793
150.000000,-108.326529,687.106765,-0.000029,10.147204,10.147204,3.306736
152.000000,-110.300767,686.820620,-0.000142,10.151208,10.151208,3.310166
154.000000,-112.275092,686.535070,-0.000221,10.154524,10.154524,3.314010
156.000000,-114.249548,686.250431,-0.000294,10.157217,10.157217,3.315820
158.000000,-116.224157,685.966856,-0.000404,10.159278,10.159278,3.316055
160.000000,-118.198993,685.684867,-0.000525,10.160653,10.160653,3.315116
162.000000,-120.174134,685.405016,-0.000614,10.161279,10.161279,3.313312
164.000000,-122.149614,685.127576,-0.000694,10.161221,10.161221,3.311107
166.000000,-124.125473,684.852849,-0.000742,10.160503,10.160503,3.308028
168.000000,-126.101761,684.581222,-0.000727,10.159147,10.159147,3.302461
170.000000,-128.078431,684.312384,-0.000689,10.157235,10.157235,3.294063
172.000000,-130.055477,684.046335,-0.000585,10.154776,10.154776,3.283127
174.000000,-132.032859,683.782785,-0.000391,10.151799,10.151799,3.270696
176.000000,-134.010432,683.520680,-0.000169,10.148390,10.148390,3.258248
178.000000,-135.988109,683.259356,0.000179,10.144570,10.144570,3.246435
180.000000,-137.965741,682.997695,0.000518,10.140364,10.140364,3.236755
182.000000,-139.942984,682.733105,0.000561,10.135806,10.135806,3.231335
184.000000,-141.919961,682.466536,0.000491,10.131013,10.131013,3.228632
186.000000,-143.896672,682.198008,0.000402,10.126074,10.126074,3.228990
188.000000,-145.873133,681.927637,0.000228,10.121106,10.121106,3.232199
190.000000,-147.849497,681.656565,0.000112,10.115817,10.115817,3.237358
192.000000,-149.825814,681.385148,0.000072,10.110178,10.110178,3.244524
194.000000,-151.802080,681.113362,0.000036,10.104189,10.104189,3.253417
196.000000,-153.778340,680.841531,0.000027,10.097918,10.097918,3.263121
198.000000,-155.754585,680.569586,0.000022,10.091442,10.091442,3.273182
200.000000,-157.730808,680.297489,0.000009,10.084833,10.084833,3.283285
202.000000,-159.707042,680.025464,0.000026,10.078234,10.078234,3.293475
204.000000,-161.683256,679.753300,0.000031,10.071726,10.071726,3.304482
206.000000,-163.659443,679.480937,0.000033,10.065370,10.065370,3.316485
208.000000,-165.635636,679.208621,0.000069,10.059293,10.059293,3.329478
210.000000,-167.611773,678.935895,0.000080,10.053055,10.053055,3.344214
212.000000,-169.587866,678.662853,0.000048,10.046596,10.046596,3.360424
214.000000,-171.563930,678.389594,0.000017,10.039968,10.039968,3.377785
216.000000,-173.539991,678.116323,0.000010,10.033470,10.033470,3.395844
218.000000,-175.516050,677.843030,0.000004,10.027167,10.027167,3.414433
220.000000,-177.492095,677.569642,-0.000017,10.021095,10.021095,3.433372
222.000000,-179.468161,677.296404,-0.000029,10.015331,10.015331,3.452368
224.000000,-181.444236,677.023230,-0.000041,10.009962,10.009962,3.471570
226.000000,-183.420337,676.750242,-0.000050,10.005055,10.005055,3.491030
228.000000,-185.396465,676.477458,-0.000053,10.000614,10.000614,3.510966
230.000000,-187.372620,676.204862,-0.000075,9.996827,9.996827,3.531336
232.000000,-189.348810,675.932519,-0.000103,9.993773,9.993773,3.551933
234.000000,-191.325067,675.660670,-0.000104,9.991386,9.991386,3.572554
236.000000,-193.301377,675.389200,-0.000107,9.989658,9.989658,3.593361
238.000000,-195.277741,675.118121,-0.000135,9.988511,9.988511,3.614203
240.000000,-197.254176,674.847566,-0.000168,9.987760,9.987760,3.634802
242.000000,-199.230706,674.577704,-0.000192,9.987342,9.987342,3.654876
244.000000,-201.207336,674.308575,-0.000216,9.987143,9.987143,3.674359
246.000000,-203.184083,674.040310,-0.000248,9.987016,9.987016,3.693183
248.000000,-205.160959,673.772994,-0.000279,9.986915,9.986915,3.711320
250.000000,-207.137989,673.506819,-0.000320,9.986593,9.986593,3.728684
252.000000,-209.115176,673.241815,-0.000388,9.985794,9.985794,3.745363
254.000000,-211.092572,672.978373,-0.000465,9.984133,9.984133,3.761155
256.000000,-213.070211,672.716762,-0.000493,9.981136,9.981136,3.775978
258.000000,-215.048129,672.457271,-0.000469,9.976483,9.976483,3.789745
260.000000,-217.026271,672.199497,-0.000459,9.970101,9.970101,3.803062
262.000000,-219.004654,671.943568,-0.000469,9.961940,9.961940,3.816198
264.000000,-220.983274,671.689485,-0.000470,9.951919,9.951919,3.829312
266.000000,-222.962132,671.437263,-0.000476,9.939859,9.939859,3.841823
268.000000,-224.941226,671.186900,-0.000505,9.925766,9.925766,3.853335
270.000000,-226.920565,670.938473,-0.000528,9.909567,9.909567,3.863446
272.000000,-228.900183,670.692292,-0.000502,9.891087,9.891087,3.871729
274.000000,-230.880039,670.448019,-0.000483,9.870657,9.870657,3.878361
276.000000,-232.860124,670.205616,-0.000434,9.848339,9.848339,3.882976
278.000000,-234.840450,669.965192,-0.000315,9.824154,9.824154,3.885549
280.000000,-236.820901,669.725795,-0.000246,9.799019,9.799019,3.887164
282.000000,-238.801466,669.487346,-0.000209,9.773068,9.773068,3.887830
284.000000,-240.782146,669.249858,-0.000133,9.746392,9.746392,3.887909
286.000000,-242.762879,669.012805,-0.000069,9.719256,9.719256,3.888320
288.000000,-244.743645,668.776029,-0.000007,9.691819,9.691819,3.889285
290.000000,-246.724424,668.539362,0.000063,9.664283,9.664283,3.891189
292.000000,-248.705157,668.302314,0.000085,9.637231,9.637231,3.894707
294.000000,-250.685850,668.064924,0.000078,9.610363,9.610363,3.900004
296.000000,-252.666509,667.827262,0.000079,9.583584,9.583584,3.907574
298.000000,-254.647126,667.589246,0.000073,9.556932,9.556932,3.917809
300.000000,-256.627711,667.350956,0.000062,9.530009,9.530009,3.930683
302.000000,-258.608264,667.112409,0.000067,9.502705,9.502705,3.946141
304.000000,-260.588794,666.873664,0.000087,9.474977,9.474977,3.964074
306.000000,-262.569274,666.634511,0.000100,9.446408,9.446408,3.984598
308.000000,-264.549711,666.395000,0.000119,9.416907,9.416907,4.006513
310.000000,-266.530092,666.155027,0.000130,9.386392,9.386392,4.028813
312.000000,-268.510400,665.914454,0.000100,9.354113,9.354113,4.051363
314.000000,-270.490661,665.673487,0.000061,9.321223,9.321223,4.073952
316.000000,-272.470897,665.432327,0.000039,9.288507,9.288507,4.096688
318.000000,-274.451111,665.190980,0.000025,9.256156,9.256156,4.120159
320.000000,-276.431320,664.949589,0.000020,9.224720,9.224720,4.144789
322.000000,-278.411513,664.708070,0.000009,9.194423,9.194423,4.170962
324.000000,-280.391704,664.466531,-0.000013,9.165256,9.165256,4.198290
326.000000,-282.371898,664.225018,-0.000043,9.137476,9.137476,4.225756
328.000000,-284.352113,663.983679,-0.000045,9.111000,9.111000,4.252001
330.000000,-286.332365,663.742645,-0.000048,9.085634,9.085634,4.276203
332.000000,-288.312608,663.501536,-0.000157,9.061560,9.061560,4.298839
334.000000,-290.292925,663.261038,-0.000302,9.038204,9.038204,4.319335
336.000000,-292.273405,663.021881,-0.000340,9.014820,9.014820,4.337257
338.000000,-294.254063,662.784204,-0.000276,8.991350,8.991350,4.352827
340.000000,-296.234850,662.547602,-0.000221,8.968141,8.968141,4.366741
342.000000,-298.215724,662.311732,-0.000230,8.945464,8.945464,4.379428
344.000000,-300.196710,662.076811,-0.000242,8.923221,8.923221,4.390350
346.000000,-302.177816,661.842897,-0.000240,8.901392,8.901392,4.399120
348.000000,-304.159024,661.609849,-0.000259,8.879967,8.879967,4.405892
350.000000,-306.140357,661.377864,-0.000266,8.858948,8.858948,4.410775
352.000000,-308.121818,661.146979,-0.000221,8.838346,8.838346,4.413646
354.000000,-310.103389,660.917039,-0.000165,8.818119,8.818119,4.414095
356.000000,-312.085018,660.687601,-0.000176,8.798204,8.798204,4.411680
358.000000,-314.066723,660.458818,-0.000267,8.778548,8.778548,4.405456
360.000000,-316.048540,660.231007,-0.000381,8.758926,8.758926,4.394757
362.000000,-318.030543,660.004825,-0.000510,8.739033,8.739033,4.378565
364.000000,-320.012751,659.780441,-0.000702,8.718967,8.718967,4.355852
366.000000,-321.995278,659.558893,-0.000483,8.698705,8.698705,4.324712
368.000000,-323.978206,659.340972,0.000294,8.678290,8.678290,4.285358
370.000000,-325.960864,659.120598,0.000804,8.657756,8.657756,4.243333
372.000000,-327.943143,658.896845,0.000782,8.637047,8.637047,4.197459
374.000000,-329.925022,658.669583,0.000594,8.616246,8.616246,4.146942
376.000000,-331.906675,658.440353,0.000493,8.595763,8.595763,4.090212
378.000000,-333.888102,658.209172,0.000496,8.575678,8.575678,4.027559
380.000000,-335.869303,657.976063,0.000453,8.556154,8.556154,3.957440
382.000000,-337.850263,657.740920,0.000316,8.537497,8.537497,3.877006
384.000000,-339.831085,657.504615,0.000161,8.519841,8.519841,3.783877
386.000000,-341.811830,657.267670,0.000100,8.503353,8.503353,3.678098
388.000000,-343.792564,657.030621,0.000143,8.488157,8.488157,3.559505
390.000000,-345.773209,656.792841,0.000153,8.473873,8.473873,3.430013
392.000000,-347.753772,656.554370,-0.000010,8.460484,8.460484,3.292495
394.000000,-349.734298,656.315597,-0.000185,8.447901,8.447901,3.146020
396.000000,-351.714998,656.078273,-0.000121,8.436175,8.436175,2.985003
398.000000,-353.695738,655.841283,-0.000037,8.424801,8.424801,2.806609
400.000000,-355.676454,655.604091,0.000306,8.413271,8.413271,2.608242
402.000000,-357.657248,655.367553,0.001318,8.401221,8.401221,2.385513
404.000000,-359.637320,655.125070,0.002421,8.386390,8.386390,2.139115
406.000000,-361.616194,654.873007,0.003808,8.367937,8.367937,1.868734
408.000000,-363.593332,654.607811,0.005782,8.344570,8.344570,1.581725
410.000000,-365.567047,654.318387,0.007605,8.312421,8.312421,1.293928
412.000000,-367.536200,653.999458,0.009455,8.270567,8.270567,1.009572
414.000000,-369.499064,653.644205,0.011419,8.218096,8.218096,0.733871
416.000000,-371.452997,653.242906,0.012612,8.152602,8.152602,0.468759
418.000000,-373.395999,652.791727,0.013312,8.070441,8.070441,0.183348
420.000000,-375.326660,652.290349,0.014809,7.965109,7.965109,-0.165264
422.000000,-377.241991,651.733641,0.017000,7.836853,7.836853,-0.539293
424.000000,-379.136779,651.110910,0.018739,7.694833,7.694833,-0.887034
426.000000,-381.006892,650.417564,0.020394,7.543644,7.543644,-1.218462
428.000000,-382.847805,649.650365,0.022580,7.386691,7.386691,-1.522997
430.000000,-384.651806,648.800171,0.024478,7.231622,7.231622,-1.782862
432.000000,-386.411803,647.862262,0.025875,7.082476,7.082476,-1.999145
434.000000,-388.121394,646.835359,0.027544,6.940927,6.940927,-2.180213
436.000000,-389.772387,645.716662,0.030079,6.811274,6.811274,-2.327338
438.000000,-391.354276,644.502241,0.033023,6.695610,6.695610,-2.440543
440.000000,-392.851534,643.184663,0.035073,6.595040,6.595040,-2.513365
442.000000,-394.252582,641.764857,0.035929,6.510602,6.510602,-2.549265
444.000000,-395.547808,640.247660,0.035728,6.443485,6.443485,-2.551767
446.000000,-396.730366,638.641228,0.034670,6.395033,6.395033,-2.514838
448.000000,-397.799469,636.957465,0.033544,6.363990,6.363990,-2.434067
450.000000,-398.753614,635.206217,0.032327,6.349466,6.349466,-2.313207
452.000000,-399.591840,633.396785,0.030812,6.350474,6.350474,-2.158384
454.000000,-400.318344,631.539696,0.029557,6.364469,6.364469,-1.977725
456.000000,-400.934285,629.643119,0.027747,6.390181,6.390181,-1.769772
458.000000,-401.441040,627.714502,0.024713,6.426404,6.426404,-1.531973
460.000000,-401.854177,625.763389,0.022012,6.467845,6.467845,-1.273258
462.000000,-402.182087,623.796157,0.018997,6.511682,6.511682,-0.992424
464.000000,-402.430435,621.817197,0.014157,6.556084,6.556084,-0.687119
466.000000,-402.624495,619.831875,0.009885,6.592862,6.592862,-0.373384
468.000000,-402.783153,617.843411,0.007379,6.618466,6.618466,-0.059163
470.000000,-402.910305,615.852646,0.004590,6.637582,6.637582,0.256579
472.000000,-403.018765,613.860734,0.001425,6.655732,6.655732,0.563542
474.000000,-403.123215,611.868603,-0.000894,6.676777,6.676777,0.856072
476.000000,-403.231733,609.876692,-0.003153,6.700680,6.700680,1.136756
478.000000,-403.350335,607.885366,-0.006434,6.728466,6.728466,1.404695
480.000000,-403.494785,605.895838,-0.009420,6.760287,6.760287,1.646367
482.000000,-403.679583,603.909651,-0.011434,6.795594,6.795594,1.853453
484.000000,-403.907195,601.927946,-0.013757,6.834066,6.834066,2.028865
486.000000,-404.189728,599.953492,-0.015390,6.874152,6.874152,2.162110
488.000000,-404.536547,597.989235,-0.015131,6.914595,6.914595,2.246415
490.000000,-404.941637,596.036136,-0.014390,6.955610,6.955610,2.290961
492.000000,-405.402421,594.095393,-0.014104,6.996912,6.996912,2.302965
494.000000,-405.917102,592.168228,-0.014102,7.037978,7.037978,2.296328
496.000000,-406.485932,590.256316,-0.014139,7.077464,7.077464,2.287011
498.000000,-407.108548,588.361196,-0.014365,7.114552,7.114552,2.293478
500.000000,-407.784214,586.484286,-0.014941,7.148060,7.148060,2.324067
502.000000,-408.516142,584.628544,-0.015166,7.184402,7.184402,2.380547
504.000000,-409.304916,582.796272,-0.014866,7.224262,7.224262,2.451614
506.000000,-410.146859,580.987887,-0.014670,7.266337,7.266337,2.523939
508.000000,-411.041473,579.205036,-0.014616,7.308549,7.308549,2.593972
510.000000,-411.987637,577.449046,-0.014517,7.348505,7.348505,2.660163
512.000000,-412.984279,575.721235,-0.014444,7.383447,7.383447,2.719516
514.000000,-414.030114,574.022763,-0.014488,7.409315,7.409315,2.767008
516.000000,-415.124466,572.355153,-0.014601,7.425026,7.425026,2.797067
518.000000,-416.267064,570.720225,-0.014751,7.431581,7.431581,2.807758
520.000000,-417.456974,569.119380,-0.015213,7.429326,7.429326,2.798019
522.000000,-418.694363,567.554966,-0.015917,7.418299,7.418299,2.759264
524.000000,-419.981384,566.031113,-0.016296,7.399191,7.399191,2.680246
526.000000,-421.317590,564.550150,-0.016461,7.373174,7.373174,2.561432
528.000000,-422.701139,563.113320,-0.016381,7.342674,7.342674,2.401322
530.000000,-424.132375,561.723927,-0.015094,7.311680,7.311680,2.193489
532.000000,-425.605779,560.379231,-0.013135,7.281866,7.281866,1.940077
534.000000,-427.112467,559.071924,-0.011288,7.254245,7.254245,1.645149
536.000000,-428.649886,557.800839,-0.008436,7.229986,7.229986,1.308567
538.000000,-430.209147,556.556589,-0.005326,7.209424,7.209424,0.943227
540.000000,-431.779309,555.326119,-0.003343,7.192887,7.192887,0.556641
542.000000,-433.358709,554.107518,-0.001185,7.180367,7.180367,0.142429
544.000000,-434.941498,552.893323,0.002637,7.170820,7.170820,-0.288878
546.000000,-436.519821,551.673368,0.008083,7.164082,7.164082,-0.718223
548.000000,-438.077733,550.427547,0.013433,7.164688,7.164688,-1.116657
550.000000,-439.600360,549.138924,0.017079,7.179196,7.179196,-1.468581
552.000000,-441.076880,547.797766,0.019075,7.206222,7.206222,-1.775517
554.000000,-442.500845,546.400966,0.020379,7.227510,7.227510,-2.044521
556.000000,-443.867209,544.947802,0.022077,7.241659,7.241659,-2.274882
558.000000,-445.169184,543.436748,0.023941,7.245182,7.245182,-2.472225
560.000000,-446.395742,541.863839,0.025189,7.232758,7.232758,-2.653335
562.000000,-447.542517,540.231833,0.026495,7.205281,7.205281,-2.816594
564.000000,-448.602089,538.541885,0.028427,7.161688,7.161688,-2.942458
566.000000,-449.564367,536.794634,0.030546,7.100081,7.100081,-3.036716
568.000000,-450.418242,534.991780,0.032088,7.023387,7.023387,-3.123924
570.000000,-451.153327,533.137287,0.034079,6.929578,6.929578,-3.230253
572.000000,-451.766206,531.239055,0.037088,6.816920,6.816920,-3.341447
574.000000,-452.231506,529.299728,0.038686,6.713841,6.713841,-3.410438
576.000000,-452.545868,527.330591,0.038713,6.621319,6.621319,-3.451182
578.000000,-452.706957,525.343315,0.038502,6.538997,6.538997,-3.467987
580.000000,-452.715205,523.349764,0.038247,6.452058,6.452058,-3.468072
582.000000,-452.571825,521.361541,0.038124,6.359504,6.359504,-3.457705
584.000000,-452.277961,519.390064,0.038159,6.263171,6.263171,-3.434922
586.000000,-451.835501,517.446616,0.038439,6.160893,6.160893,-3.390413
588.000000,-451.245833,515.542688,0.038846,6.056842,6.056842,-3.318129
590.000000,-450.510334,513.690138,0.039296,5.959666,5.959666,-3.218348
592.000000,-449.632584,511.900383,0.040370,5.871785,5.871785,-3.093730
594.000000,-448.615150,510.186102,0.041711,5.799804,5.799804,-2.945330
596.000000,-447.456398,508.563567,0.041884,5.769404,5.769404,-2.765994
598.000000,-446.165523,507.043520,0.039687,5.781566,5.781566,-2.552919
600.000000,-444.754501,505.633675,0.036421,5.831624,5.831624,-2.303350
602.000000,-443.249211,504.324630,0.034685,5.893980,5.893980,-2.036611
604.000000,-441.655519,503.124782,0.033844,5.969704,5.969704,-1.756599
606.000000,-439.985556,502.033896,0.032498,6.059682,6.059682,-1.474433
608.000000,-438.247172,501.055976,0.030347,6.162867,6.162867,-1.194678
610.000000,-436.453165,500.184331,0.028408,6.274326,6.274326,-0.896971
612.000000,-434.613497,499.413716,0.026595,6.390244,6.390244,-0.572799
614.000000,-432.734076,498.745991,0.023466,6.510165,6.510165,-0.212819
616.000000,-430.825853,498.165295,0.020499,6.626240,6.626240,0.172242
618.000000,-428.895897,497.661313,0.017852,6.733397,6.733397,0.571949
620.000000,-426.948320,497.230311,0.014208,6.829953,6.829953,0.976433
622.000000,-424.989652,496.852379,0.011134,6.905734,6.905734,1.352001
624.000000,-423.023325,496.516372,0.009726,6.958219,6.958219,1.690622
626.000000,-421.050974,496.217646,0.008317,6.992026,6.992026,2.016991
628.000000,-419.073455,495.955215,0.005079,7.007392,7.007392,2.347037
630.000000,-417.093235,495.713918,0.001682,7.005245,7.005245,2.667376
632.000000,-415.112825,495.474178,0.000518,6.987917,6.987917,2.954691
634.000000,-413.132138,495.236745,0.000597,6.958249,6.958249,3.210571
636.000000,-411.151211,495.001330,0.000833,6.927600,6.927600,3.430586
638.000000,-409.169919,494.769006,0.001194,6.902742,6.902742,3.614568
640.000000,-407.188051,494.541654,0.001505,6.883615,6.883615,3.769325
642.000000,-405.205521,494.320150,0.001808,6.873520,6.873520,3.895318
644.000000,-403.222209,494.105779,0.002113,6.872121,6.872121,3.998213
646.000000,-401.237998,493.899903,0.002409,6.876960,6.876960,4.085131
648.000000,-399.252842,493.703360,0.002710,6.887863,6.887863,4.157894
650.000000,-397.266632,493.517807,0.002841,6.904538,6.904538,4.217487
652.000000,-395.279369,493.343878,0.002743,6.926574,6.926574,4.264578
654.000000,-393.291189,493.180750,0.002653,6.953067,6.953067,4.298883
656.000000,-391.302192,493.027906,0.002711,6.982538,6.982538,4.319805
658.000000,-389.312401,492.885796,0.002799,7.013656,7.013656,4.325863
660.000000,-387.321835,492.754971,0.002852,7.045778,7.045778,4.315575
662.000000,-385.330569,492.635288,0.002955,7.078366,7.078366,4.287424
664.000000,-383.338633,492.527352,0.003073,7.110674,7.110674,4.239930
666.000000,-381.346068,492.431739,0.003195,7.142193,7.142193,4.171467
668.000000,-379.352945,492.348588,0.003452,7.172838,7.172838,4.082163
670.000000,-377.359305,492.279004,0.003851,7.202304,7.202304,3.975165
672.000000,-375.365192,492.224734,0.004378,7.230342,7.230342,3.854162
674.000000,-373.370692,492.187540,0.005000,7.256838,7.256838,3.722986
676.000000,-371.375929,492.170550,0.005386,7.281015,7.281015,3.588806
678.000000,-369.381097,492.175660,0.005412,7.303411,7.303411,3.458071
680.000000,-367.386433,492.202100,0.005368,7.326109,7.326109,3.331268
682.000000,-365.392168,492.249918,0.005343,7.349910,7.349910,3.207170
684.000000,-363.398527,492.319080,0.005278,7.375491,7.375491,3.083742
686.000000,-361.405722,492.409182,0.005185,7.403378,7.403378,2.957068
688.000000,-359.413961,492.520003,0.005036,7.433733,7.433733,2.822437
690.000000,-357.423414,492.650880,0.004905,7.467150,7.467150,2.675205
692.000000,-355.434220,492.800936,0.004864,7.504412,7.504412,2.512143
694.000000,-353.446592,492.970459,0.004851,7.545414,7.545414,2.335811
696.000000,-351.460678,493.159044,0.005046,7.590487,7.590487,2.152652
698.000000,-349.476700,493.366934,0.005527,7.639564,7.639564,1.968276
700.000000,-347.495182,493.597060,0.005921,7.690893,7.690893,1.788258
702.000000,-345.516556,493.850840,0.006040,7.743633,7.743633,1.613967
704.000000,-343.541156,494.128625,0.006014,7.797472,7.797472,1.444669
706.000000,-341.569221,494.430031,0.005994,7.852079,7.852079,1.278548
708.000000,-339.601015,494.754908,0.006051,7.907241,7.907241,1.114140
710.000000,-337.636865,495.103452,0.006058,7.962767,7.962767,0.950105
712.000000,-335.677146,495.476124,0.005853,8.018310,8.018310,0.785234
714.000000,-333.721921,495.871717,0.005543,8.072831,8.072831,0.618499
716.000000,-331.771158,496.288769,0.005284,8.125106,8.125106,0.451428
718.000000,-329.824899,496.726374,0.005065,8.174393,8.174393,0.287115
720.000000,-327.883149,497.183580,0.004931,8.219527,8.219527,0.125507
722.000000,-325.945925,497.659598,0.005025,8.259561,8.259561,-0.034737
724.000000,-324.013492,498.154700,0.005275,8.294475,8.294475,-0.192844
726.000000,-322.086454,498.670398,0.005336,8.324097,8.324097,-0.345134
728.000000,-320.165139,499.207035,0.005117,8.348339,8.348339,-0.488105
730.000000,-318.249362,499.763126,0.004854,8.367292,8.367292,-0.621216
732.000000,-316.339049,500.337712,0.004635,8.380880,8.380880,-0.743127
734.000000,-314.434135,500.929959,0.004463,8.389257,8.389257,-0.852285
736.000000,-312.534507,501.538948,0.004267,8.392845,8.392845,-0.950216
738.000000,-310.640280,502.164540,0.003816,8.391725,8.391725,-1.037719
740.000000,-308.750951,502.804784,0.003283,8.385943,8.385943,-1.116203
742.000000,-306.865634,503.456748,0.002930,8.375545,8.375545,-1.189424
744.000000,-304.984284,504.120076,0.002556,8.360700,8.360700,-1.258347
746.000000,-303.106342,504.792998,0.002177,8.341637,8.341637,-1.324305
748.000000,-301.231213,505.473717,0.001994,8.318688,8.318688,-1.388872
750.000000,-299.358793,506.161854,0.001894,8.292671,8.292671,-1.452425
752.000000,-297.489028,506.857175,0.001646,8.263944,8.263944,-1.514715
754.000000,-295.621693,507.558995,0.001307,8.232978,8.232978,-1.574703
756.000000,-293.756006,508.265187,0.001133,8.200844,8.200844,-1.634049
758.000000,-291.891925,508.975606,0.001040,8.167630,8.167630,-1.692956
760.000000,-290.029383,509.690053,0.000922,8.133678,8.133678,-1.750362
762.000000,-288.168068,510.407688,0.000873,8.099885,8.099885,-1.806135
764.000000,-286.308026,511.128619,0.000847,8.066336,8.066336,-1.859839
766.000000,-284.449220,511.852726,0.000779,8.033273,8.033273,-1.911277
768.000000,-282.591554,512.579757,0.000702,8.001128,8.001128,-1.960435
770.000000,-280.734881,513.309321,0.000645,7.970214,7.970214,-2.007619
772.000000,-278.879161,514.041301,0.000551,7.940660,7.940660,-2.053064
774.000000,-277.024305,514.775472,0.000423,7.912616,7.912616,-2.096947
776.000000,-275.169989,515.511004,0.000381,7.886643,7.886643,-2.139980
778.000000,-273.316207,516.247881,0.000431,7.862874,7.862874,-2.181979
780.000000,-271.463056,516.986344,0.000438,7.841587,7.841587,-2.222318
782.000000,-269.610647,517.726668,0.000314,7.824048,7.824048,-2.260203
784.000000,-267.758705,518.468158,0.000108,7.809950,7.809950,-2.296201
786.000000,-265.906942,519.210092,-0.000113,7.799155,7.799155,-2.331065
788.000000,-264.054997,519.951575,-0.000302,7.791719,7.791719,-2.364881
790.000000,-262.202570,520.691853,-0.000418,7.787265,7.787265,-2.397745
792.000000,-260.349504,521.430529,-0.000553,7.785631,7.785631,-2.430010
794.000000,-258.495733,522.167433,-0.000758,7.786774,7.786774,-2.461704
796.000000,-256.640761,522.901308,-0.000913,7.790062,7.790062,-2.494152
798.000000,-254.784452,523.631797,-0.001049,7.795306,7.795306,-2.528473
800.000000,-252.926684,524.358565,-0.001228,7.802405,7.802405,-2.564787
802.000000,-251.067076,525.080613,-0.001358,7.810773,7.810773,-2.602917
804.000000,-249.205517,525.797613,-0.001446,7.820382,7.820382,-2.641832
806.000000,-247.341907,526.509268,-0.001536,7.831251,7.831251,-2.680458
808.000000,-245.476113,527.215176,-0.001593,7.843294,7.843294,-2.718907
810.000000,-243.608053,527.915064,-0.001617,7.856493,7.856493,-2.758513
812.000000,-241.737774,528.609001,-0.001654,7.870831,7.870831,-2.800385
814.000000,-239.865208,529.296744,-0.001697,7.886293,7.886293,-2.844933
816.000000,-237.990321,529.978134,-0.001731,7.902825,7.902825,-2.891995
818.000000,-236.113095,530.653054,-0.001784,7.920342,7.920342,-2.941092
820.000000,-234.233504,531.321357,-0.001855,7.938644,7.938644,-2.991848
822.000000,-232.351424,531.982618,-0.001918,7.957567,7.957567,-3.044613
824.000000,-230.466850,532.636739,-0.001971,7.976852,7.976852,-3.099378
826.000000,-228.579690,533.283360,-0.002015,7.996029,7.996029,-3.156029
828.000000,-226.689970,533.922461,-0.002091,8.015010,8.015010,-3.214078
830.000000,-224.797621,534.553735,-0.002176,8.033402,8.033402,-3.273413
832.000000,-222.902496,535.176625,-0.002208,8.050650,8.050650,-3.335068
834.000000,-221.004666,535.791222,-0.002247,8.066773,8.066773,-3.399320
836.000000,-219.104119,536.397370,-0.002320,8.081579,8.081579,-3.466186
838.000000,-217.200771,536.994660,-0.002360,8.094875,8.094875,-3.535389
840.000000,-215.294610,537.582910,-0.002363,8.106527,8.106527,-3.606212
842.000000,-213.385715,538.162232,-0.002368,8.116347,8.116347,-3.677554
844.000000,-211.474091,538.732481,-0.002368,8.124242,8.124242,-3.748559
846.000000,-209.559799,539.293709,-0.002372,8.130393,8.130393,-3.818235
848.000000,-207.642885,539.845911,-0.002386,8.134790,8.134790,-3.886207
850.000000,-205.723347,540.388925,-0.002388,8.137519,8.137519,-3.952932
852.000000,-203.801251,540.922817,-0.002398,8.138831,8.138831,-4.019258
854.000000,-201.876633,541.447541,-0.002424,8.138732,8.138732,-4.085956
856.000000,-199.949493,541.962925,-0.002433,8.137275,8.137275,-4.153347
858.000000,-198.019864,542.468912,-0.002422,8.134535,8.134535,-4.220934
860.000000,-196.087821,542.965601,-0.002401,8.130720,8.130720,-4.287231
862.000000,-194.153404,543.452963,-0.002427,8.125928,8.125928,-4.351349
864.000000,-192.216720,543.931238,-0.002525,8.120256,8.120256,-4.412680
866.000000,-190.277597,544.399523,-0.002584,8.113627,8.113627,-4.472009
868.000000,-188.336090,544.857825,-0.002573,8.106001,8.106001,-4.529452
870.000000,-186.392237,545.306075,-0.002533,8.097309,8.097309,-4.585800
872.000000,-184.446150,545.744522,-0.002484,8.087239,8.087239,-4.641728
874.000000,-182.497913,546.173315,-0.002405,8.075475,8.075475,-4.697664
876.000000,-180.547613,546.592630,-0.002372,8.061684,8.061684,-4.753328
878.000000,-178.595444,547.003149,-0.002485,8.045135,8.045135,-4.806740
880.000000,-176.641225,547.403799,-0.002608,8.026186,8.026186,-4.857414
882.000000,-174.684942,547.794244,-0.002595,8.004894,8.004894,-4.904214
884.000000,-172.726608,548.174273,-0.002452,7.981123,7.981123,-4.945919
886.000000,-170.766455,548.544804,-0.002299,7.955979,7.955979,-4.980305
888.000000,-168.804636,548.906410,-0.002015,7.929808,7.929808,-5.005614
890.000000,-166.841248,549.259398,-0.001646,7.902860,7.902860,-5.022050
892.000000,-164.876897,549.606994,-0.001649,7.876818,7.876818,-5.025744
894.000000,-162.911427,549.948198,-0.001919,7.851756,7.851756,-5.015903
896.000000,-160.944640,550.281728,-0.002125,7.827705,7.827705,-4.993350
898.000000,-158.976453,550.606893,-0.002266,7.805087,7.805087,-4.960047
900.000000,-157.006806,550.923100,-0.002361,7.783738,7.783738,-4.915030
902.000000,-155.035687,551.229993,-0.002332,7.763566,7.763566,-4.856923
904.000000,-153.063107,551.527356,-0.002148,7.744568,7.744568,-4.785759
906.000000,-151.089292,551.816404,-0.002039,7.726483,7.726483,-4.701206
908.000000,-149.114370,552.097786,-0.002067,7.709100,7.709100,-4.606608
910.000000,-147.138259,552.370697,-0.002128,7.691983,7.691983,-4.508639
912.000000,-145.161062,552.635626,-0.002417,7.675513,7.675513,-4.408122
914.000000,-143.182664,552.891422,-0.002873,7.658189,7.658189,-4.298999
916.000000,-141.202764,553.135318,-0.003222,7.636883,7.636883,-4.178704
918.000000,-139.221371,553.366770,-0.003545,7.610663,7.610663,-4.048894
920.000000,-137.238379,553.584079,-0.003771,7.577644,7.577644,-3.916504
922.000000,-135.253766,553.786051,-0.003754,7.535728,7.535728,-3.790457
924.000000,-133.267696,553.973152,-0.003590,7.485436,7.485436,-3.672504
926.000000,-131.280324,554.145867,-0.003201,7.427099,7.427099,-3.556178
928.000000,-129.291842,554.305316,-0.002599,7.361649,7.361649,-3.435122
930.000000,-127.302594,554.454913,-0.001961,7.292356,7.292356,-3.306172
932.000000,-125.312741,554.596242,-0.001023,7.220596,7.220596,-3.164852
934.000000,-123.322555,554.732833,0.000089,7.149817,7.149817,-3.003108
936.000000,-121.332474,554.870925,0.000926,7.086421,7.086421,-2.812841
938.000000,-119.342614,555.012171,0.001636,7.031782,7.031782,-2.593555
940.000000,-117.353260,555.160305,0.001947,6.991608,6.991608,-2.341700
942.000000,-115.364597,555.317487,0.001562,6.971452,6.971452,-2.047710
944.000000,-113.376409,555.480582,0.000574,6.969707,6.969707,-1.708284
946.000000,-111.388545,555.647584,-0.001242,6.986509,6.986509,-1.319654
948.000000,-109.400306,555.809973,-0.003293,7.019370,7.019370,-0.886934
950.000000,-107.410952,555.957967,-0.005581,7.064844,7.064844,-0.421042
952.000000,-105.420293,556.087087,-0.008925,7.121439,7.121439,0.075515
954.000000,-103.427713,556.179704,-0.012027,7.183983,7.183983,0.586781
956.000000,-101.433463,556.222317,-0.014488,7.248846,7.248846,1.097529
958.000000,-99.438838,556.210131,-0.017584,7.314892,7.314892,1.607176
960.000000,-97.446138,556.127040,-0.020398,7.377525,7.377525,2.103648
962.000000,-95.458683,555.960989,-0.022156,7.434639,7.434639,2.575326
964.000000,-93.480479,555.708090,-0.023914,7.487046,7.487046,3.024474
966.000000,-91.516638,555.361627,-0.025932,7.534111,7.534111,3.459444
968.000000,-89.573554,554.913539,-0.027542,7.576410,7.576410,3.883810
970.000000,-87.658199,554.358661,-0.028565,7.616658,7.616658,4.288278
972.000000,-85.777459,553.695545,-0.029554,7.655719,7.655719,4.660018
974.000000,-83.938591,552.923489,-0.030904,7.694249,7.694249,4.996946
976.000000,-82.150548,552.039373,-0.031974,7.734511,7.734511,5.288336
978.000000,-80.423168,551.041549,-0.031963,7.776590,7.776590,5.514795
980.000000,-78.763510,549.935076,-0.031134,7.820086,7.820086,5.671766
982.000000,-77.175923,548.728042,-0.030211,7.864760,7.864760,5.768189
984.000000,-75.663888,547.427942,-0.029646,7.909400,7.909400,5.814539
986.000000,-74.230844,546.041451,-0.029020,7.952646,7.952646,5.818707
988.000000,-72.882025,544.573090,-0.027347,7.993225,7.993225,5.789127
990.000000,-71.615651,543.032737,-0.025153,8.030165,8.030165,5.746810
992.000000,-70.426790,541.431604,-0.023543,8.062563,8.062563,5.705896
994.000000,-69.314357,539.776417,-0.021780,8.089543,8.089543,5.652833
996.000000,-68.276563,538.073161,-0.019440,8.112489,8.112489,5.568528
998.000000,-67.303785,536.331850,-0.017857,8.135863,8.135863,5.461550
1000.000000,-66.392593,534.557508,-0.017044,8.160754,8.160754,5.348357
1002.000000,-65.543346,532.752625,-0.015978,8.187490,8.187490,5.239057
1004.000000,-64.751708,530.921691,-0.014821,8.218866,8.218866,5.129503
1006.000000,-64.014336,529.068195,-0.013907,8.252906,8.252906,5.010968
1008.000000,-63.328451,527.195002,-0.013146,8.286122,8.286122,4.882702
1010.000000,-62.691921,525.304437,-0.012604,8.318032,8.318032,4.741326
1012.000000,-62.102463,523.398647,-0.012307,8.345215,8.345215,4.589888
1014.000000,-61.560329,521.478863,-0.011827,8.363619,8.363619,4.437686
1016.000000,-61.064280,519.546681,-0.011024,8.373794,8.373794,4.284910
1018.000000,-60.610446,517.604162,-0.010426,8.373755,8.373755,4.124485
1020.000000,-60.196466,515.652768,-0.010012,8.362176,8.362176,3.954724
1022.000000,-59.822509,513.693319,-0.009489,8.341083,8.341083,3.770011
1024.000000,-59.484836,511.727285,-0.009701,8.310129,8.310129,3.569274
1026.000000,-59.183142,509.755413,-0.010857,8.270755,8.270755,3.356335
1028.000000,-58.925644,507.777320,-0.011774,8.230291,8.230291,3.127967
1030.000000,-58.714913,505.793706,-0.012284,8.191344,8.191344,2.880636
1032.000000,-58.552557,503.805557,-0.012626,8.154778,8.154778,2.608417
1034.000000,-58.441323,501.813909,-0.012473,8.121174,8.121174,2.306145
1036.000000,-58.379919,499.820092,-0.011879,8.089389,8.089389,1.973518
1038.000000,-58.366031,497.825369,-0.010839,8.055510,8.055510,1.613571
1040.000000,-58.396279,495.830810,-0.009543,8.013252,8.013252,1.232825
1042.000000,-58.463235,493.837115,-0.008521,7.968933,7.968933,0.841881
1044.000000,-58.564482,491.844863,-0.006140,7.926699,7.926699,0.442190
1046.000000,-58.695941,489.854361,-0.002171,7.889381,7.889381,0.039049
1048.000000,-58.830277,487.864022,0.000200,7.860290,7.860290,-0.340725
1050.000000,-58.963144,485.873584,0.000381,7.840010,7.840010,-0.698441
1052.000000,-59.092893,483.882941,-0.000218,7.829191,7.829191,-1.035152
1054.000000,-59.224297,481.892406,-0.000770,7.829914,7.829914,-1.356112
1056.000000,-59.358966,479.902090,-0.001255,7.840240,7.840240,-1.662365
1058.000000,-59.497687,477.912052,-0.001513,7.859012,7.859012,-1.956954
1060.000000,-59.644963,475.922629,-0.000915,7.886548,7.886548,-2.245348
1062.000000,-59.795094,473.933419,-0.000120,7.914316,7.914316,-2.522369
1064.000000,-59.945485,471.944229,0.000219,7.938665,7.938665,-2.787848
1066.000000,-60.094398,469.954927,0.000315,7.956243,7.956243,-3.041637
1068.000000,-60.242524,467.965567,0.000547,7.970001,7.970001,-3.284346
1070.000000,-60.388704,465.976062,0.001580,7.980099,7.980099,-3.511766
1072.000000,-60.530873,463.986271,0.002855,7.986544,7.986544,-3.717323
1074.000000,-60.657924,461.995456,0.002885,7.989587,7.989587,-3.891766
1076.000000,-60.773874,460.003963,0.002217,7.989726,7.989726,-4.044546
1078.000000,-60.881308,458.011992,0.001722,7.987406,7.987406,-4.178007
1080.000000,-60.981636,456.019650,0.001250,7.983185,7.983185,-4.287237
1082.000000,-61.077315,454.027078,0.000910,7.977439,7.977439,-4.356929
1084.000000,-61.169525,452.034344,0.000645,7.970378,7.970378,-4.405501
1086.000000,-61.258859,450.041477,0.000280,7.962122,7.962122,-4.439336
1088.000000,-61.347153,448.048565,-0.000208,7.952878,7.952878,-4.463786
1090.000000,-61.435949,446.055675,-0.001308,7.942705,7.942705,-4.481425
1092.000000,-61.528081,444.062941,-0.002547,7.931645,7.931645,-4.493782
1094.000000,-61.633837,442.070881,-0.002340,7.919697,7.919697,-4.507455
1096.000000,-61.749491,440.079370,-0.001159,7.907186,7.907186,-4.515574
1098.000000,-61.868923,438.088081,-0.000475,7.894568,7.894568,-4.513112
1100.000000,-61.989325,436.096850,-0.000449,7.882174,7.882174,-4.499757
1102.000000,-62.111561,434.105731,-0.000574,7.870107,7.870107,-4.478078
1104.000000,-62.236284,432.114767,-0.000581,7.858444,7.858444,-4.449887
1106.000000,-62.363321,430.123949,-0.000534,7.847220,7.847220,-4.416344
1108.000000,-62.492468,428.133266,-0.000486,7.836563,7.836563,-4.378757
1110.000000,-62.623558,426.142710,-0.000413,7.826568,7.826568,-4.337518
1112.000000,-62.756364,424.152269,-0.000342,7.817336,7.817336,-4.291851
1114.000000,-62.890355,422.161906,-0.000381,7.808903,7.808903,-4.241871
1116.000000,-63.025686,420.171635,-0.000526,7.801499,7.801499,-4.189436
1118.000000,-63.163207,418.181513,-0.000529,7.795641,7.795641,-4.137130
1120.000000,-63.303368,416.191576,-0.000169,7.791548,7.791548,-4.086642
1122.000000,-63.444464,414.201704,0.000262,7.788769,7.788769,-4.037110
1124.000000,-63.583727,412.211704,0.000408,7.786528,7.786528,-3.986528
1126.000000,-63.721558,410.221604,0.000448,7.784913,7.784913,-3.935283
1128.000000,-63.857610,408.231381,0.000492,7.783786,7.783786,-3.882755
1130.000000,-63.991533,406.241014,0.000473,7.783007,7.783007,-3.828473
1132.000000,-64.123680,404.250529,0.000451,7.782544,7.782544,-3.772569
1134.000000,-64.253998,402.259923,0.000403,7.782359,7.782359,-3.714626
1136.000000,-64.382593,400.269204,0.000321,7.782393,7.782393,-3.654449
1138.000000,-64.510058,398.278413,0.000263,7.782485,7.782485,-3.592775
1140.000000,-64.636409,396.287551,0.000176,7.782617,7.782617,-3.530175
1142.000000,-64.761946,394.296638,0.000071,7.782656,7.782656,-3.467523
1144.000000,-64.887426,392.305721,0.000040,7.782240,7.782240,-3.405774
1146.000000,-65.012707,390.314791,0.000043,7.781376,7.781376,-3.344973
1148.000000,-65.137804,388.323850,0.000021,7.780007,7.780007,-3.285484
1150.000000,-65.262783,386.332901,-0.000016,7.778051,7.778051,-3.227620
1152.000000,-65.387848,384.341958,-0.000048,7.775208,7.775208,-3.171602
1154.000000,-65.513114,382.351027,-0.000029,7.771293,7.771293,-3.117330
1156.000000,-65.638656,380.360114,0.000041,7.766186,7.766186,-3.064417
1158.000000,-65.763902,378.369182,0.000089,7.760889,7.760889,-3.011984
1160.000000,-65.888808,376.378229,0.000136,7.755484,7.755484,-2.959895
1162.000000,-66.013274,374.387248,0.000195,7.750160,7.750160,-2.907928
1164.000000,-66.136804,372.396209,0.000202,7.745780,7.745780,-2.855598
1166.000000,-66.259554,370.405122,0.000179,7.742088,7.742088,-2.803081
1168.000000,-66.381597,368.413991,0.000169,7.738966,7.738966,-2.750365
1170.000000,-66.502984,366.422820,0.000169,7.736359,7.736359,-2.697349
1172.000000,-66.623705,364.431609,0.000179,7.734286,7.734286,-2.643786
1174.000000,-66.743725,362.440355,0.000063,7.732767,7.732767,-2.589656
1176.000000,-66.862973,360.449055,-0.000191,7.731875,7.731875,-2.535171
1178.000000,-66.983460,358.457830,-0.000301,7.730060,7.730060,-2.482446
1180.000000,-67.105272,356.466685,-0.000205,7.727199,7.727199,-2.431568
1182.000000,-67.227983,354.475595,-0.000061,7.723505,7.723505,-2.382333
1184.000000,-67.350830,352.484514,0.000054,7.719202,7.719202,-2.334200
1186.000000,-67.473468,350.493420,0.000157,7.714443,7.714443,-2.286870
1188.000000,-67.595531,348.502290,0.000235,7.709395,7.709395,-2.239854
1190.000000,-67.716452,346.511091,0.000226,7.704297,7.704297,-2.192505
1192.000000,-67.836500,344.519839,0.000188,7.698982,7.698982,-2.144913
1194.000000,-67.955839,342.528544,0.000142,7.693343,7.693343,-2.096936
1196.000000,-68.074486,340.537208,0.000061,7.687368,7.687368,-2.048367
1198.000000,-68.192962,338.545862,-0.000000,7.680675,7.680675,-1.999546
1200.000000,-68.311496,336.554519,-0.000029,7.673136,7.673136,-1.950569
1202.000000,-68.430093,334.563180,-0.000059,7.664870,7.664870,-1.901412
1204.000000,-68.548974,332.571858,-0.000073,7.655855,7.655855,-1.852307
1206.000000,-68.668170,330.580555,-0.000066,7.646169,7.646169,-1.803219
1208.000000,-68.787608,328.589266,-0.000058,7.635976,7.635976,-1.753769
1210.000000,-68.907292,326.597992,-0.000048,7.625302,7.625302,-1.703957
1212.000000,-69.027169,324.606730,-0.000038,7.614274,7.614274,-1.654342
1214.000000,-69.147181,322.615476,-0.000031,7.603050,7.603050,-1.605607
1216.000000,-69.267331,320.624230,-0.000024,7.591655,7.591655,-1.558109
1218.000000,-69.387567,318.632989,-0.000023,7.580223,7.580223,-1.511780
1220.000000,-69.507869,316.641753,-0.000038,7.568882,7.568882,-1.466491
1222.000000,-69.628324,314.650525,-0.000054,7.557797,7.557797,-1.422207
1224.000000,-69.749004,312.659311,-0.000050,7.547010,7.547010,-1.379314
1226.000000,-69.869934,310.668113,-0.000028,7.536707,7.536707,-1.338239
1228.000000,-69.990932,308.676918,-0.000014,7.527530,7.527530,-1.298858
1230.000000,-70.111994,306.685727,-0.000005,7.519525,7.519525,-1.261254
1232.000000,-70.233084,304.694539,0.000007,7.512788,7.512788,-1.225576
1234.000000,-70.354131,302.703347,0.000017,7.507447,7.507447,-1.191873
1236.000000,-70.475118,300.712152,0.000028,7.503398,7.503398,-1.160085
1238.000000,-70.595992,298.720950,0.000046,7.500598,7.500598,-1.130134
1240.000000,-70.716704,296.729738,0.000065,7.498992,7.498992,-1.102065
1242.000000,-70.837129,294.738509,0.000078,7.498270,7.498270,-1.075871
1244.000000,-70.957254,292.747261,0.000116,7.498359,7.498359,-1.051338
1246.000000,-71.077023,290.755992,0.000177,7.499144,7.499144,-1.027784
1248.000000,-71.195960,288.764674,0.000202,7.500079,7.500079,-1.004125
1250.000000,-71.314101,286.773308,0.000189,7.501151,7.501151,-0.979825
1252.000000,-71.431456,284.781895,0.000165,7.502314,7.502314,-0.954256
1254.000000,-71.548180,282.790445,0.000145,7.503458,7.503458,-0.927028
1256.000000,-71.664327,280.798962,0.000129,7.504532,7.504532,-0.897846
1258.000000,-71.779953,278.807448,0.000109,7.505468,7.505468,-0.866889
1260.000000,-71.895154,276.815910,0.000092,7.506138,7.506138,-0.834201
1262.000000,-72.010000,274.824351,0.000084,7.506583,7.506583,-0.799256
1264.000000,-72.124518,272.832773,0.000075,7.506803,7.506803,-0.761598
1266.000000,-72.238717,270.841177,0.000064,7.506787,7.506787,-0.721238
1268.000000,-72.352686,268.849568,0.000058,7.506642,7.506642,-0.678684
1270.000000,-72.466423,266.857946,0.000057,7.506378,7.506378,-0.634335
1272.000000,-72.579934,264.866310,0.000054,7.505995,7.505995,-0.588439
1274.000000,-72.693229,262.874663,0.000049,7.505516,7.505516,-0.541053
1276.000000,-72.806332,260.883004,0.000048,7.504942,7.504942,-0.491991
1278.000000,-72.919254,258.891335,0.000039,7.504277,7.504277,-0.441061
1280.000000,-73.031970,256.899655,0.000011,7.503545,7.503545,-0.388511
1282.000000,-73.144666,254.907973,-0.000014,7.502687,7.502687,-0.335065
1284.000000,-73.257433,252.916295,-0.000025,7.501668,7.501668,-0.281445
1286.000000,-73.370305,250.924624,-0.000027,7.500485,7.500485,-0.228216
1288.000000,-73.483287,248.932958,-0.000025,7.499041,7.499041,-0.175825
1290.000000,-73.596373,246.941299,-0.000020,7.497304,7.497304,-0.124400
1292.000000,-73.709540,244.949644,-0.000014,7.495269,7.495269,-0.073587
1294.000000,-73.822756,242.957992,-0.000010,7.492868,7.492868,-0.023079
1296.000000,-73.936009,240.966342,-0.000009,7.490129,7.490129,0.027155
1298.000000,-74.049291,238.974693,-0.000002,7.487116,7.487116,0.077186
1300.000000,-74.162624,236.983048,0.000023,7.483816,7.483816,0.127096
1302.000000,-74.275867,234.991397,0.000043,7.480368,7.480368,0.177032
1304.000000,-74.388875,232.999733,0.000011,7.476918,7.476918,0.227088
1306.000000,-74.501760,231.008062,-0.000065,7.473449,7.473449,0.277111
1308.000000,-74.614944,229.016408,-0.000113,7.469958,7.469958,0.326743
1310.000000,-74.728688,227.024786,-0.000109,7.466459,7.466459,0.375876
1312.000000,-74.842815,225.033186,-0.000098,7.463031,7.463031,0.424742
1314.000000,-74.957348,223.041609,-0.000080,7.459710,7.459710,0.473223
1316.000000,-75.072237,221.050053,-0.000050,7.456560,7.456560,0.521210
1318.000000,-75.187282,219.058505,-0.000029,7.453714,7.453714,0.568731
1320.000000,-75.302462,217.066966,-0.000004,7.451187,7.451187,0.615690
1322.000000,-75.417672,215.075428,0.000019,7.449058,7.449058,0.662170
1324.000000,-75.532755,213.083883,0.000021,7.447457,7.447457,0.708319
1326.000000,-75.647759,211.092333,0.000013,7.446317,7.446317,0.754092
1328.000000,-75.762713,209.100781,0.000014,7.445588,7.445588,0.799592
1330.000000,-75.877637,207.109226,0.000026,7.445217,7.445217,0.845052
1332.000000,-75.992444,205.117665,0.000038,7.445204,7.445204,0.890790
1334.000000,-76.107094,203.126095,0.000043,7.445540,7.445540,0.937049
1336.000000,-76.221567,201.134515,0.000043,7.446213,7.446213,0.984066
1338.000000,-76.335865,199.142924,0.000039,7.447201,7.447201,1.032066
1340.000000,-76.450004,197.151325,0.000026,7.448503,7.448503,1.081226
1342.000000,-76.564023,195.159719,0.000005,7.450115,7.450115,1.131450
1344.000000,-76.678029,193.168111,-0.000020,7.452029,7.452029,1.182417
1346.000000,-76.792105,191.176508,-0.000051,7.454236,7.454236,1.233871
1348.000000,-76.906368,189.184916,-0.000067,7.456752,7.456752,1.285505
1350.000000,-77.020994,187.193345,-0.000048,7.459595,7.459595,1.337062
1352.000000,-77.135772,185.201782,-0.000025,7.462533,7.462533,1.388729
1354.000000,-77.250645,183.210225,-0.000023,7.465485,7.465485,1.440565
1356.000000,-77.365575,181.218670,-0.000036,7.468414,7.468414,1.492786
1358.000000,-77.480670,179.227126,-0.000044,7.471510,7.471510,1.545544
1360.000000,-77.595948,177.235592,-0.000044,7.474805,7.474805,1.599047
1362.000000,-77.711393,175.244068,-0.000052,7.478337,7.478337,1.653397
1364.000000,-77.827026,173.252555,-0.000071,7.482234,7.482234,1.708486
1366.000000,-77.942949,171.261058,-0.000090,7.486589,7.486589,1.764004
1368.000000,-78.059230,169.269583,-0.000121,7.491486,7.491486,1.819692
1370.000000,-78.175943,167.278132,-0.000167,7.497032,7.497032,1.875419
1372.000000,-78.293351,165.286723,-0.000205,7.503399,7.503399,1.931264
1374.000000,-78.411593,163.295363,-0.000227,7.510674,7.510674,1.987681
1376.000000,-78.530726,161.304056,-0.000249,7.518870,7.518870,2.045109
1378.000000,-78.650855,159.312809,-0.000271,7.527879,7.527879,2.103657
1380.000000,-78.772053,157.321627,-0.000307,7.537659,7.537659,2.163146
1382.000000,-78.894423,155.330516,-0.000338,7.548166,7.548166,2.223357
1384.000000,-79.018255,153.339496,-0.000312,7.559302,7.559302,2.284457
1386.000000,-79.143367,151.348556,-0.000240,7.571058,7.571058,2.347511
1388.000000,-79.269412,149.357674,-0.000255,7.583510,7.583510,2.413710
1390.000000,-79.396118,147.366835,-0.000440,7.596783,7.596783,2.483802
1392.000000,-79.524626,145.376111,-0.000664,7.609841,7.609841,2.557169
1394.000000,-79.655863,143.385565,-0.000943,7.621881,7.621881,2.633858
1396.000000,-79.790380,141.395240,-0.001367,7.632499,7.632499,2.713781
1398.000000,-79.930584,139.405307,-0.001713,7.639824,7.639824,2.794514
1400.000000,-80.077834,137.415884,-0.001892,7.643021,7.643021,2.874462
1402.000000,-80.232501,135.427023,-0.002083,7.642417,7.642417,2.952374
1404.000000,-80.395326,133.438815,-0.002392,7.637703,7.637703,3.026933
1406.000000,-80.567477,131.451394,-0.002718,7.628857,7.628857,3.097046
1408.000000,-80.750763,129.464969,-0.002977,7.616011,7.616011,3.161837
1410.000000,-80.945541,127.479639,-0.003326,7.599144,7.599144,3.221903
1412.000000,-81.153367,125.495634,-0.003673,7.578573,7.578573,3.275882
1414.000000,-81.376266,123.513266,-0.003831,7.554745,7.554745,3.322014
1416.000000,-81.614099,121.532634,-0.003955,7.527654,7.527654,3.360430
1418.000000,-81.867568,119.553943,-0.004068,7.497478,7.497478,3.390041
1420.000000,-82.137308,117.577404,-0.004083,7.464386,7.464386,3.410241
1422.000000,-82.423068,115.603118,-0.004080,7.428390,7.428390,3.421620
1424.000000,-82.724878,113.631220,-0.004110,7.389531,7.389531,3.424606
1426.000000,-83.042800,111.661856,-0.004148,7.347834,7.347834,3.419758
1428.000000,-83.377067,109.695200,-0.004178,7.303271,7.303271,3.407693
1430.000000,-83.727664,107.731389,-0.004239,7.255937,7.255937,3.389860
1432.000000,-84.094772,105.770598,-0.004314,7.206582,7.206582,3.367822
1434.000000,-84.478895,103.813068,-0.004340,7.157430,7.157430,3.342242
1436.000000,-84.879919,101.858930,-0.004345,7.108554,7.108554,3.313775
1438.000000,-85.297855,99.908339,-0.004365,7.060491,7.060491,3.282606
1440.000000,-85.732755,97.961459,-0.004385,7.014104,7.014104,3.248949
1442.000000,-86.184683,96.018460,-0.004398,6.970022,6.970022,3.212884
1444.000000,-86.653640,94.079501,-0.004413,6.928490,6.928490,3.174156
1446.000000,-87.139621,92.144738,-0.004434,6.889715,6.889715,3.132484
1448.000000,-87.642728,90.214357,-0.004446,6.854913,6.854913,3.087717
1450.000000,-88.162935,88.288513,-0.004414,6.824249,6.824249,3.040344
1452.000000,-88.700215,86.367361,-0.004421,6.797955,6.797955,2.991313
1454.000000,-89.254000,84.450901,-0.004577,6.778082,6.778082,2.941499
1456.000000,-89.825396,82.539618,-0.004811,6.763858,6.763858,2.889780
1458.000000,-90.414960,80.633862,-0.005001,6.754758,6.754758,2.835582
1460.000000,-91.023831,78.734187,-0.005069,6.750131,6.750131,2.777817
1462.000000,-91.651833,76.840751,-0.005071,6.750460,6.750460,2.716514
1464.000000,-92.298979,74.953774,-0.005120,6.755904,6.755904,2.651070
1466.000000,-92.965193,73.073445,-0.005212,6.766395,6.766395,2.580323
1468.000000,-93.651078,71.200204,-0.005247,6.782745,6.782745,2.502311
1470.000000,-94.356595,69.334269,-0.005233,6.805043,6.805043,2.416773
1472.000000,-95.081446,67.475759,-0.005183,6.833105,6.833105,2.324845
1474.000000,-95.825756,65.624958,-0.004987,6.867277,6.867277,2.227945
1476.000000,-96.588516,63.781685,-0.004719,6.906712,6.906712,2.128783
1478.000000,-97.368433,61.945603,-0.004471,6.950306,6.950306,2.030184
1480.000000,-98.164871,60.116629,-0.004182,6.997395,6.997395,1.933446
1482.000000,-98.976491,58.294339,-0.003933,7.047181,7.047181,1.839105
1484.000000,-99.802157,56.478370,-0.003756,7.098990,7.098990,1.746326
1486.000000,-100.641653,54.668752,-0.003532,7.152682,7.152682,1.654770
1488.000000,-101.493782,52.865048,-0.003326,7.207568,7.207568,1.565329
1490.000000,-102.357743,51.066981,-0.003196,7.263055,7.263055,1.477096
1492.000000,-103.233208,49.274487,-0.003065,7.318507,7.318507,1.389029
1494.000000,-104.119618,47.487381,-0.002898,7.373076,7.373076,1.301649
1496.000000,-105.016405,45.705457,-0.002734,7.425998,7.425998,1.216346
1498.000000,-105.922772,43.928387,-0.002603,7.476195,7.476195,1.134867
1500.000000,-106.838429,42.156086,-0.002442,7.523221,7.523221,1.057085
1502.000000,-107.762796,40.388312,-0.002255,7.566474,7.566474,0.982575
1504.000000,-108.694949,38.624630,-0.002124,7.605048,7.605048,0.911075
1506.000000,-109.634603,36.864933,-0.002008,7.638733,7.638733,0.841945
1508.000000,-110.581334,35.109032,-0.001837,7.667359,7.667359,0.776139
1510.000000,-111.534582,33.356661,-0.001627,7.690668,7.690668,0.715433
1512.000000,-112.493443,31.607354,-0.001437,7.707609,7.707609,0.661551
1514.000000,-113.457291,29.860789,-0.001246,7.716535,7.716535,0.614724
1516.000000,-114.425600,28.116694,-0.001040,7.716794,7.716794,0.573817
1518.000000,-115.397352,26.374514,-0.000905,7.712105,7.712105,0.538063
1520.000000,-116.372224,24.634077,-0.000810,7.703589,7.703589,0.506978
1522.000000,-117.349991,22.895265,-0.000711,7.692072,7.692072,0.481670
1524.000000,-118.330097,21.157771,-0.000665,7.679966,7.679966,0.463362
1526.000000,-119.312490,19.421569,-0.000661,7.667735,7.667735,0.451492
1528.000000,-120.297190,17.686674,-0.000653,7.655598,7.655598,0.444684
1530.000000,-121.284148,15.953062,-0.000638,7.644054,7.644054,0.441735
1532.000000,-122.273322,14.220714,-0.000616,7.634040,7.634040,0.442555
1534.000000,-123.264631,12.489587,-0.000643,7.626174,7.626174,0.447608
1536.000000,-124.257967,10.759622,-0.000746,7.620935,7.620935,0.457069
1538.000000,-125.253992,9.031204,-0.000822,7.618037,7.618037,0.469984
1540.000000,-126.252902,7.304451,-0.000826,7.617330,7.617330,0.485552
1542.000000,-127.254679,5.579361,-0.000799,7.618766,7.618766,0.502103
1544.000000,-128.259217,3.855877,-0.000759,7.622088,7.622088,0.517555
1546.000000,-129.266357,2.133912,-0.000724,7.627112,7.627112,0.530440
1548.000000,-130.275972,0.413397,-0.000676,7.633715,7.633715,0.540324
1550.000000,-131.287981,-1.305711,-0.000596,7.641793,7.641793,0.547684
1552.000000,-132.302003,-3.023633,-0.000535,7.650958,7.650958,0.553628
1554.000000,-133.317778,-4.740518,-0.000424,7.660959,7.660959,0.558875
1556.000000,-134.335372,-6.456326,-0.000182,7.671866,7.671866,0.563891
1558.000000,-135.353385,-8.171886,0.000001,7.682153,7.682153,0.570621
1560.000000,-136.371228,-9.887547,0.000033,7.691213,7.691213,0.579517
1562.000000,-137.388972,-11.603266,0.000026,7.699176,7.699176,0.590457
1564.000000,-138.406630,-13.319037,0.000025,7.706381,7.706381,0.603463
1566.000000,-139.424199,-15.034860,0.000025,7.712892,7.712892,0.618520
1568.000000,-140.441684,-16.750734,0.000024,7.718665,7.718665,0.635549
1570.000000,-141.459085,-18.466656,0.000024,7.723676,7.723676,0.654468
1572.000000,-142.476403,-20.182629,0.000024,7.727961,7.727961,0.675137
1574.000000,-143.493641,-21.898648,0.000025,7.731558,7.731558,0.697360
1576.000000,-144.510799,-23.614715,0.000028,7.734471,7.734471,0.720925
1578.000000,-145.527849,-25.330846,0.000022,7.736723,7.736723,0.745716
1580.000000,-146.544806,-27.047032,-0.000023,7.738280,7.738280,0.771762
1582.000000,-147.561754,-28.763223,-0.000087,7.739027,7.739027,0.798890
1584.000000,-148.579127,-30.479163,-0.000064,7.738493,7.738493,0.826383
1586.000000,-149.596854,-32.194893,0.000063,7.736688,7.736688,0.854237
1588.000000,-150.614327,-33.910773,0.000163,7.734112,7.734112,0.882868
1590.000000,-151.631084,-35.627077,0.000140,7.730980,7.730980,0.912312
1592.000000,-152.647295,-37.343705,0.000056,7.727531,7.727531,0.942084
1594.000000,-153.663400,-39.060396,0.000004,7.724088,7.724088,0.971765
1596.000000,-154.679495,-40.777092,-0.000023,7.720705,7.720705,1.001423
1598.000000,-155.695660,-42.493747,-0.000053,7.717416,7.717416,1.031066
1600.000000,-156.712009,-44.210294,-0.000094,7.714269,7.714269,1.060568
1602.000000,-157.728646,-45.926669,-0.000143,7.711199,7.711199,1.089663
1604.000000,-158.745812,-47.642731,-0.000144,7.708158,7.708158,1.117954
1606.000000,-159.763598,-49.358426,-0.000078,7.705111,7.705111,1.145481
1608.000000,-160.781591,-51.073998,-0.000024,7.701977,7.701977,1.172837
1610.000000,-161.799623,-52.789547,-0.000012,7.698722,7.698722,1.200175
1612.000000,-162.817692,-54.505073,-0.000011,7.695343,7.695343,1.227486
1614.000000,-163.835816,-56.220567,-0.000002,7.691843,7.691843,1.254658
1616.000000,-164.853951,-57.936055,0.000018,7.688285,7.688285,1.281671
1618.000000,-165.872032,-59.651574,0.000041,7.684792,7.684792,1.309081
1620.000000,-166.889967,-61.367180,0.000060,7.681536,7.681536,1.337845
1622.000000,-167.907681,-63.082917,0.000070,7.678531,7.678531,1.368758
1624.000000,-168.925158,-64.798795,0.000087,7.675785,7.675785,1.402069
1626.000000,-169.942376,-66.514827,0.000119,7.673322,7.673322,1.437675
1628.000000,-170.959159,-68.231116,0.000143,7.671075,7.671075,1.475525
1630.000000,-171.975434,-69.947706,0.000151,7.669009,7.669009,1.515429
1632.000000,-172.991196,-71.664600,0.000157,7.667098,7.667098,1.557191
1634.000000,-174.006427,-73.381807,0.000172,7.665233,7.665233,1.600846
1636.000000,-175.021079,-75.099357,0.000216,7.663325,7.663325,1.646628
1638.000000,-176.035058,-76.817304,0.000235,7.661299,7.661299,1.695024
1640.000000,-177.047999,-78.535864,0.000148,7.659027,7.659027,1.746483
1642.000000,-178.060466,-80.254702,0.000029,7.656464,7.656464,1.800093
1644.000000,-179.072885,-81.973570,-0.000021,7.653591,7.653591,1.855579
1646.000000,-180.085478,-83.692334,-0.000002,7.650367,7.650367,1.913587
1648.000000,-181.098061,-85.411104,0.000025,7.646946,7.646946,1.975496
1650.000000,-182.110520,-87.129948,0.000023,7.643427,7.643427,2.042111
1652.000000,-183.122898,-88.848839,0.000013,7.639845,7.639845,2.113464
1654.000000,-184.135252,-90.567744,0.000014,7.636375,7.636375,2.189184
1656.000000,-185.147562,-92.286676,0.000025,7.633112,7.633112,2.268763
1658.000000,-186.159785,-94.005658,0.000041,7.630094,7.630094,2.351433
1660.000000,-187.171885,-95.724713,0.000066,7.627409,7.627409,2.436436
1662.000000,-188.183758,-97.443901,0.000091,7.625070,7.625070,2.523357
1664.000000,-189.195308,-99.163280,0.000091,7.623071,7.623071,2.611983
1666.000000,-190.206480,-100.882881,0.000057,7.621409,7.621409,2.702082
1668.000000,-191.217478,-102.602584,0.000022,7.620140,7.620140,2.793306
1670.000000,-192.228418,-104.322322,-0.000002,7.619301,7.619301,2.885788
1672.000000,-193.239346,-106.042066,-0.000026,7.618891,7.618891,2.979695
1674.000000,-194.250377,-107.761750,-0.000045,7.618919,7.618919,3.075035
1676.000000,-195.261569,-109.481339,-0.000054,7.619391,7.619391,3.171801
1678.000000,-196.272947,-111.200819,-0.000073,7.620311,7.620311,3.269809
1680.000000,-197.284529,-112.920179,-0.000126,7.621690,7.621690,3.368574
1682.000000,-198.296517,-114.639299,-0.000193,7.623511,7.623511,3.467299
1684.000000,-199.309224,-116.357997,-0.000277,7.625753,7.625753,3.565433
1686.000000,-200.322734,-118.076221,-0.000420,7.628421,7.628421,3.662781
1688.000000,-201.337716,-119.793575,-0.000533,7.631479,7.631479,3.758485
1690.000000,-202.354711,-121.509739,-0.000581,7.634924,7.634924,3.852274
1692.000000,-203.373505,-123.224835,-0.000624,7.638905,7.638905,3.944506
1694.000000,-204.394644,-124.938536,-0.000442,7.643823,7.643823,4.034587
1696.000000,-205.417829,-126.651015,0.000001,7.649676,7.649676,4.123702
1698.000000,-206.440623,-128.363729,0.000334,7.655679,7.655679,4.214789
1700.000000,-207.462134,-130.077208,0.000473,7.661501,7.661501,4.308274
1702.000000,-208.482034,-131.791647,0.000531,7.667211,7.667211,4.404693
1704.000000,-209.499963,-133.507256,0.000485,7.673110,7.673110,4.504894
1706.000000,-210.516171,-135.223886,0.000356,7.679319,7.679319,4.608842
1708.000000,-211.531149,-136.941243,0.000221,7.686067,7.686067,4.716261
1710.000000,-212.545438,-138.659007,0.000131,7.693671,7.693671,4.826858
1712.000000,-213.559306,-140.377020,0.000079,7.702035,7.702035,4.940375
1714.000000,-214.572909,-142.095189,0.000020,7.711130,7.711130,5.056454
1716.000000,-215.586384,-143.813434,-0.000052,7.720966,7.720966,5.174707
1718.000000,-216.600100,-145.531536,-0.000107,7.731287,7.731287,5.294397
1720.000000,-217.614177,-147.249425,-0.000166,7.741998,7.741998,5.415177
1722.000000,-218.628754,-148.967019,-0.000261,7.752967,7.752967,5.536935
1724.000000,-219.644250,-150.684070,-0.000362,7.763605,7.763605,5.659549
1726.000000,-220.660990,-152.400385,-0.000472,7.773882,7.773882,5.783126
1728.000000,-221.679283,-154.115778,-0.000584,7.783834,7.783834,5.907450
1730.000000,-222.699687,-155.829917,-0.000649,7.793339,7.793339,6.031853
1732.000000,-223.722309,-157.542733,-0.000692,7.802716,7.802716,6.155726
1734.000000,-224.747262,-159.254156,-0.000631,7.812174,7.812174,6.277618
1736.000000,-225.774792,-160.964032,-0.000391,7.821817,7.821817,6.396292
1738.000000,-226.803455,-162.673227,-0.000173,7.831678,7.831678,6.512865
1740.000000,-227.832614,-164.382124,0.000062,7.841699,7.841699,6.627145
1742.000000,-228.862001,-166.090883,0.000353,7.851779,7.851779,6.737261
1744.000000,-229.889586,-167.800726,0.000381,7.861291,7.861291,6.839857
1746.000000,-230.915733,-169.511433,0.000192,7.870227,7.870227,6.926598
1748.000000,-231.941361,-171.222451,-0.000024,7.878736,7.878736,6.989230
1750.000000,-232.966839,-172.933559,-0.000308,7.887101,7.887101,7.021411
1752.000000,-233.993462,-174.643981,-0.000566,7.894879,7.894879,7.019219
1754.000000,-235.022153,-176.353159,-0.000678,7.901686,7.901686,6.981790
1756.000000,-236.053277,-178.060870,-0.000658,7.907520,7.907520,6.908487
1758.000000,-237.086708,-179.767186,-0.000554,7.911250,7.911250,6.798240
1760.000000,-238.122053,-181.472342,-0.000346,7.911940,7.911940,6.648606
1762.000000,-239.158798,-183.176647,-0.000028,7.908893,7.908893,6.460217
1764.000000,-240.195543,-184.880953,0.000283,7.900982,7.900982,6.238781
1766.000000,-241.231274,-186.585873,0.000599,7.885937,7.885937,5.989514
1768.000000,-242.265185,-188.291899,0.000734,7.860879,7.860879,5.715987
1770.000000,-243.295599,-190.000039,0.000320,7.823098,7.823098,5.418947
1772.000000,-244.324824,-191.708896,-0.000295,7.771407,7.771407,5.092079
1774.000000,-245.355561,-193.416841,-0.000488,7.705359,7.705359,4.731301
1776.000000,-246.388481,-195.123467,-0.000203,7.624503,7.624503,4.337563
1778.000000,-247.422171,-196.829626,0.000224,7.527101,7.527101,3.915058
1780.000000,-248.454900,-198.536368,0.000467,7.412191,7.412191,3.466993
1782.000000,-249.485724,-200.244261,0.000888,7.279558,7.279558,2.995667
1784.000000,-250.514952,-201.953115,0.002318,7.126115,7.126115,2.501035
1786.000000,-251.537158,-203.666166,0.004404,6.957131,6.957131,1.982507
1788.000000,-252.543280,-205.388711,0.007537,6.781886,6.781886,1.448908
1790.000000,-253.528080,-207.123453,0.013097,6.603490,6.603490,0.911008
1792.000000,-254.467091,-208.883171,0.018679,6.442143,6.442143,0.396380
1794.000000,-255.335171,-210.678913,0.022365,6.315796,6.315796,-0.083178
1796.000000,-256.125016,-212.510259,0.026061,6.218443,6.218443,-0.535931
1798.000000,-256.817935,-214.380322,0.029501,6.148600,6.148600,-0.944638
1800.000000,-257.397260,-216.288715,0.031492,6.104551,6.104551,-1.293721
1802.000000,-257.855797,-218.229824,0.033227,6.081762,6.081762,-1.585414
1804.000000,-258.186139,-220.197046,0.035974,6.078394,6.078394,-1.820453
1806.000000,-258.375809,-222.182877,0.038571,6.093569,6.093569,-1.991330
1808.000000,-258.407848,-224.177253,0.039624,6.124870,6.124870,-2.088515
1810.000000,-258.283815,-226.167712,0.040899,6.171831,6.171831,-2.121672
1812.000000,-258.000435,-228.141485,0.042240,6.233240,6.233240,-2.088357
1814.000000,-257.546301,-230.082654,0.041068,6.305538,6.305538,-1.980753
1816.000000,-256.934555,-231.980095,0.038033,6.386083,6.386083,-1.817821
1818.000000,-256.180262,-233.825539,0.034967,6.472312,6.472312,-1.628623
1820.000000,-255.300520,-235.614753,0.032892,6.560947,6.560947,-1.432933
1822.000000,-254.306758,-237.343258,0.032115,6.647702,6.647702,-1.217077
1824.000000,-253.204902,-239.004899,0.030649,6.730496,6.730496,-0.966211
1826.000000,-251.999356,-240.592884,0.026611,6.808967,6.808967,-0.676873
1828.000000,-250.710901,-242.115188,0.022410,6.871463,6.871463,-0.366461
1830.000000,-249.359132,-243.581599,0.019920,6.907006,6.907006,-0.054027
1832.000000,-247.948291,-244.991361,0.017040,6.916369,6.916369,0.261652
1834.000000,-246.489519,-246.351795,0.013770,6.901365,6.901365,0.582366
1836.000000,-244.995930,-247.673957,0.011584,6.867623,6.867623,0.903133
1838.000000,-243.471652,-248.960671,0.009683,6.823549,6.823549,1.221966
1840.000000,-241.922561,-250.217482,0.007696,6.779547,6.779547,1.529346
1842.000000,-240.355025,-251.451245,0.006336,6.742931,6.742931,1.809686
1844.000000,-238.772390,-252.665592,0.005230,6.711408,6.711408,2.062967
1846.000000,-237.176369,-253.862299,0.003640,6.685134,6.685134,2.299115
1848.000000,-235.571755,-255.047500,0.002286,6.666181,6.666181,2.510670
1850.000000,-233.962949,-256.227002,0.001906,6.656322,6.656322,2.689362
1852.000000,-232.349500,-257.400144,0.001860,6.654713,6.654713,2.844358
1854.000000,-230.731639,-258.567195,0.001745,6.658777,6.658777,2.985397
1856.000000,-229.109870,-259.728812,0.001718,6.666593,6.666593,3.115931
1858.000000,-227.484110,-260.884835,0.001730,6.678199,6.678199,3.237671
1860.000000,-225.854353,-262.035215,0.001727,6.693204,6.693204,3.349966
1862.000000,-224.220662,-263.180003,0.001734,6.711506,6.711506,3.451636
1864.000000,-222.583023,-264.319137,0.001752,6.733374,6.733374,3.542988
1866.000000,-220.941415,-265.452542,0.001756,6.758767,6.758767,3.623523
1868.000000,-219.295812,-266.580140,0.001700,6.787949,6.787949,3.691243
1870.000000,-217.646323,-267.702046,0.001559,6.820559,6.820559,3.746055
1872.000000,-215.993339,-268.818796,0.001359,6.854426,6.854426,3.788699
1874.000000,-214.337298,-269.931010,0.001081,6.884958,6.884958,3.819253
1876.000000,-212.678772,-271.039515,0.000749,6.910443,6.910443,3.840892
1878.000000,-211.018687,-272.145685,0.000489,6.932174,6.932174,3.857735
1880.000000,-209.357581,-273.250323,0.000321,6.950558,6.950558,3.872168
1882.000000,-207.695757,-274.353879,0.000200,6.965668,6.965668,3.885195
1884.000000,-206.033566,-275.456883,0.000144,6.977670,6.977670,3.897625
1886.000000,-204.371065,-276.559420,0.000131,6.986671,6.986671,3.912333
1888.000000,-202.708279,-277.661526,0.000145,6.992853,6.992853,3.931266
1890.000000,-201.045225,-278.763228,0.000202,6.996431,6.996431,3.951055
1892.000000,-199.381721,-279.864250,0.000270,6.997884,6.997884,3.963744
1894.000000,-197.717606,-280.964349,0.000304,6.997616,6.997616,3.958956
1896.000000,-196.052793,-282.063391,0.000303,6.995903,6.995903,3.928299
1898.000000,-194.387317,-283.161428,0.000318,6.992954,6.992954,3.869187
1900.000000,-192.721212,-284.258512,0.000451,6.988836,6.988836,3.782039
1902.000000,-191.054242,-285.354278,0.000672,6.983611,6.983611,3.668188
1904.000000,-189.385690,-286.447636,0.000850,6.977392,6.977392,3.529568
1906.000000,-187.715304,-287.538188,0.001000,6.970219,6.970219,3.367794
1908.000000,-186.042760,-288.625429,0.001169,6.962191,6.962191,3.187002
1910.000000,-184.367684,-289.708762,0.001330,6.953472,6.953472,2.992376
1912.000000,-182.689708,-290.787598,0.001445,6.943874,6.943874,2.788148
1914.000000,-181.008598,-291.861545,0.001548,6.933352,6.933352,2.577065
1916.000000,-179.324244,-292.930395,0.001667,6.921894,6.921894,2.361429
1918.000000,-177.636281,-293.993538,0.001737,6.908848,6.908848,2.143753
1920.000000,-175.944603,-295.050757,0.001692,6.894195,6.894195,1.925243
1922.000000,-174.249270,-296.102107,0.001585,6.878138,6.878138,1.707908
1924.000000,-172.550725,-297.148260,0.001537,6.861659,6.861659,1.475641
1926.000000,-170.848988,-298.189212,0.001528,6.844969,6.844969,1.240159
1928.000000,-169.144048,-299.224909,0.001517,6.828165,6.828165,1.023573
1930.000000,-167.436049,-300.255556,0.001548,6.811320,6.811320,0.818531
1932.000000,-165.724863,-301.280900,0.001591,6.795187,6.795187,0.612527
1934.000000,-164.010418,-302.300786,0.001607,6.780165,6.780165,0.400232
1936.000000,-162.292700,-303.315150,0.001605,6.766392,6.766392,0.177885
1938.000000,-160.571747,-304.324017,0.001595,6.754442,6.754442,-0.039415
1940.000000,-158.847583,-305.327384,0.001560,6.744504,6.744504,-0.255621
1942.000000,-157.120268,-306.325318,0.001500,6.736587,6.736587,-0.472717
1944.000000,-155.390012,-307.318144,0.001459,6.730799,6.730799,-0.690408
1946.000000,-153.656871,-308.305925,0.001432,6.727260,6.727260,-0.908170
1948.000000,-151.920906,-309.288737,0.001403,6.726070,6.726070,-1.125047
1950.000000,-150.182210,-310.266707,0.001383,6.727265,6.727265,-1.339669
1952.000000,-148.440826,-311.239883,0.001377,6.731140,6.731140,-1.550479
1954.000000,-146.696785,-312.208290,0.001298,6.737942,6.737942,-1.756132
1956.000000,-144.950082,-313.171887,0.001104,6.747742,6.747742,-1.955903
1958.000000,-143.201347,-314.131793,0.000976,6.760542,6.760542,-2.150964
1960.000000,-141.450857,-315.088494,0.000985,6.776257,6.776257,-2.341613
1962.000000,-139.698444,-316.041669,0.001050,6.794668,6.794668,-2.526496
1964.000000,-137.944126,-316.991333,0.001228,6.815599,6.815599,-2.704857
1966.000000,-136.187573,-317.936855,0.001497,6.838622,6.838622,-2.875547
1968.000000,-134.428123,-318.876973,0.001710,6.863013,6.863013,-3.036318
1970.000000,-132.665451,-319.811037,0.001864,6.888426,6.888426,-3.185434
1972.000000,-130.899336,-320.738574,0.002040,6.914671,6.914671,-3.320332
1974.000000,-129.129492,-321.658973,0.002592,6.941477,6.941477,-3.436473
1976.000000,-127.355520,-322.571390,0.003769,6.967379,6.967379,-3.529478
1978.000000,-125.574641,-323.470229,0.004648,6.982951,6.982951,-3.588043
1980.000000,-123.784610,-324.350687,0.004586,6.979752,6.979752,-3.597570
1982.000000,-121.986837,-325.215247,0.004269,6.958018,6.958018,-3.555492
1984.000000,-120.181716,-326.064358,0.003725,6.915891,6.915891,-3.465448
1986.000000,-118.369817,-326.898913,0.002823,6.852317,6.852317,-3.330258
1988.000000,-116.553723,-327.724315,0.002056,6.769817,6.769817,-3.160172
1990.000000,-114.734027,-328.541748,0.000970,6.668730,6.668730,-2.956821
1992.000000,-112.912222,-329.354472,-0.000752,6.552142,6.552142,-2.711980
1994.000000,-111.091894,-330.170499,-0.002281,6.427071,6.427071,-2.424872
1996.000000,-109.275633,-330.995538,-0.003013,6.300060,6.300060,-2.097632
1998.000000,-107.464751,-331.832317,-0.006220,6.185665,6.185665,-1.727027
2000.000000,-105.659070,-332.680181,-0.013478,6.099193,6.099193,-1.293162
2002.000000,-103.880478,-333.583372,-0.019981,6.028569,6.028569,-0.821834
2004.000000,-102.139138,-334.556313,-0.026872,5.975699,5.975699,-0.326517
2006.000000,-100.448010,-335.613701,-0.035024,5.938600,5.938600,0.194091
2008.000000,-98.842250,-336.796861,-0.040169,5.900656,5.900656,0.691950
2010.000000,-97.333013,-338.101223,-0.046584,5.861570,5.861570,1.157836
2012.000000,-95.945441,-339.534451,-0.054449,5.816102,5.816102,1.586548
2014.000000,-94.733917,-341.118506,-0.057769,5.740701,5.740701,1.923008
2016.000000,-93.709121,-342.828335,-0.060310,5.646993,5.646993,2.219436
2018.000000,-92.894089,-344.646334,-0.063330,5.536213,5.536213,2.495706
2020.000000,-92.323703,-346.553431,-0.062853,5.396123,5.396123,2.712691
2022.000000,-91.994043,-348.516877,-0.061416,5.266284,5.266284,2.879489
2024.000000,-91.903937,-350.505563,-0.059805,5.176734,5.176734,3.013225
2026.000000,-92.057862,-352.490072,-0.054635,5.143133,5.143133,3.114023
2028.000000,-92.428469,-354.447700,-0.048660,5.159208,5.159208,3.185998
2030.000000,-92.979570,-356.362605,-0.045883,5.209340,5.209340,3.234149
2032.000000,-93.704239,-358.219086,-0.043890,5.293294,5.293294,3.248972
2034.000000,-94.590824,-360.004508,-0.040167,5.412703,5.412703,3.219908
2036.000000,-95.618354,-361.713256,-0.035504,5.567513,5.567513,3.129377
2038.000000,-96.764005,-363.345530,-0.030668,5.740909,5.740909,2.991308
2040.000000,-98.007983,-364.904424,-0.025007,5.918105,5.918105,2.828846
2042.000000,-99.329985,-366.398045,-0.019030,6.083455,6.083455,2.651642
2044.000000,-100.704892,-367.843225,-0.014736,6.222442,6.222442,2.474689
2046.000000,-102.121008,-369.248080,-0.011676,6.326897,6.326897,2.300356
2048.000000,-103.570206,-370.618880,-0.009076,6.399124,6.399124,2.128506
2050.000000,-105.042044,-371.965354,-0.007574,6.457815,6.457815,1.965042
2052.000000,-106.534312,-373.289154,-0.006449,6.505846,6.505846,1.807499
2054.000000,-108.043912,-374.593186,-0.005036,6.542904,6.542904,1.660604
2056.000000,-109.566223,-375.882371,-0.003802,6.572162,6.572162,1.524380
2058.000000,-111.098054,-377.160242,-0.002843,6.598902,6.598902,1.397065
2060.000000,-112.637162,-378.429344,-0.001854,6.627047,6.627047,1.287382
2062.000000,-114.181143,-379.692518,-0.000899,6.660366,6.660366,1.202670
2064.000000,-115.726875,-380.953553,-0.000272,6.704093,6.704093,1.143198
2066.000000,-117.273304,-382.213733,0.000185,6.759824,6.759824,1.103124
2068.000000,-118.819333,-383.474403,0.000511,6.828096,6.828096,1.079163
2070.000000,-120.363605,-384.737225,0.000465,6.909541,6.909541,1.072468
2072.000000,-121.906641,-386.001557,0.000229,7.000964,7.000964,1.084821
2074.000000,-123.449219,-387.266448,0.000081,7.098639,7.098639,1.119376
2076.000000,-124.991639,-388.531532,0.000038,7.199784,7.199784,1.176318
2078.000000,-126.534020,-389.796663,0.000011,7.300755,7.300755,1.251930
2080.000000,-128.076249,-391.061979,-0.000187,7.399772,7.399772,1.340164
2082.000000,-129.618709,-392.327014,-0.000485,7.496682,7.496682,1.433462
2084.000000,-131.162746,-393.590123,-0.000514,7.591378,7.591378,1.525009
2086.000000,-132.708290,-394.851388,-0.000233,7.683118,7.683118,1.613599
2088.000000,-134.254418,-396.111937,0.000169,7.770737,7.770737,1.698735
2090.000000,-135.800220,-397.372886,0.000597,7.852971,7.852971,1.779350
2092.000000,-137.344387,-398.635836,0.000931,7.929305,7.929305,1.856215
2094.000000,-138.886132,-399.901740,0.001313,7.999323,7.999323,1.929243
2096.000000,-140.424952,-401.171198,0.001881,8.062622,8.062622,1.998399
2098.000000,-141.958746,-402.446718,0.002446,8.119688,8.119688,2.065893
2100.000000,-143.486387,-403.729601,0.003476,8.170890,8.170890,2.134044
2102.000000,-145.006366,-405.021546,0.004859,8.217284,8.217284,2.210963
2104.000000,-146.511975,-406.330158,0.005038,8.264103,8.264103,2.308112
2106.000000,-148.003434,-407.654910,0.003806,8.310417,8.310417,2.419594
2108.000000,-149.484727,-408.991033,0.002565,8.351961,8.351961,2.535848
2110.000000,-150.960247,-410.333541,0.002231,8.383780,8.383780,2.650674
2112.000000,-152.430119,-411.682225,0.002436,8.405816,8.405816,2.764666
2114.000000,-153.893103,-413.038378,0.002625,8.419471,8.419471,2.878713
2116.000000,-155.349206,-414.401916,0.002866,8.424666,8.424666,2.992175
2118.000000,-156.797461,-415.773781,0.003133,8.423080,8.423080,3.106031
2120.000000,-158.236992,-417.154799,0.003384,8.416208,8.416208,3.220954
2122.000000,-159.667390,-418.545272,0.003751,8.404685,8.404685,3.338706
2124.000000,-161.087336,-419.946409,0.004167,8.390416,8.390416,3.463351
2126.000000,-162.495502,-421.359382,0.004634,8.376002,8.376002,3.597880
2128.000000,-163.890863,-422.784997,0.004966,8.363813,8.363813,3.744397
2130.000000,-165.271073,-424.225270,0.004612,8.357994,8.357994,3.904710
2132.000000,-166.637592,-425.678563,0.003856,8.357449,8.357449,4.073504
2134.000000,-167.993486,-427.141779,0.003285,8.358582,8.358582,4.245280
2136.000000,-169.339513,-428.614077,0.002737,8.360574,8.360574,4.417196
2138.000000,-170.677455,-430.093736,0.002191,8.361624,8.361624,4.582425
2140.000000,-172.009242,-431.578937,0.001761,8.359868,8.359868,4.734761
2142.000000,-173.335527,-433.069055,0.001269,8.354866,8.354866,4.871066
2144.000000,-174.658086,-434.562485,0.000822,8.345415,8.345415,4.988730
2146.000000,-175.978514,-436.057799,0.000558,8.330443,8.330443,5.089599
2148.000000,-177.297136,-437.554706,0.000437,8.309884,8.309884,5.175871
2150.000000,-178.614838,-439.052423,0.000664,8.283368,8.283368,5.245966
2152.000000,-179.930959,-440.551529,0.001178,8.251114,8.251114,5.299950
2154.000000,-181.243212,-442.054020,0.001699,8.214065,8.214065,5.337479
2156.000000,-182.550661,-443.560692,0.002364,8.172399,8.172399,5.355035
2158.000000,-183.851163,-445.073357,0.002986,8.123882,8.123882,5.350814
2160.000000,-185.141849,-446.594403,0.003093,8.065418,8.065418,5.324888
2162.000000,-186.422954,-448.123531,0.003024,7.996184,7.996184,5.275574
2164.000000,-187.695408,-449.659866,0.003343,7.914335,7.914335,5.196097
2166.000000,-188.957758,-451.204506,0.003805,7.818010,7.818010,5.077319
2168.000000,-190.207844,-452.759085,0.003983,7.710669,7.710669,4.923544
2170.000000,-191.445494,-454.323587,0.003868,7.595944,7.595944,4.746189
2172.000000,-192.670712,-455.897842,0.003347,7.474617,7.474617,4.543991
2174.000000,-193.884806,-457.480700,0.002438,7.349657,7.349657,4.306663
2176.000000,-195.091476,-459.069231,0.001554,7.224368,7.224368,4.023742
2178.000000,-196.293324,-460.661417,0.000194,7.097957,7.097957,3.692060
2180.000000,-197.492548,-462.255580,-0.002386,6.969758,6.969758,3.311528
2182.000000,-198.699379,-463.843988,-0.004618,6.860539,6.860539,2.869611
2184.000000,-199.923797,-465.418871,-0.002982,6.785896,6.785896,2.355437
2186.000000,-201.163632,-466.981654,0.002160,6.746774,6.746774,1.781174
2188.000000,-202.392521,-468.553039,0.006935,6.730844,6.730844,1.185430
2190.000000,-203.600685,-470.140359,0.011334,6.738122,6.738122,0.581989
2192.000000,-204.773334,-471.753947,0.015659,6.770503,6.770503,-0.012040
2194.000000,-205.892030,-473.405363,0.018410,6.832209,6.832209,-0.586689
2196.000000,-206.949343,-475.096744,0.020475,6.919178,6.919178,-1.141506
2198.000000,-207.937512,-476.829528,0.024010,7.031250,7.031250,-1.660116
2200.000000,-208.845315,-478.605869,0.027984,7.171726,7.171726,-2.128617
2202.000000,-209.645796,-480.432970,0.029562,7.328008,7.328008,-2.536851
2204.000000,-210.338125,-482.303391,0.032088,7.499526,7.499526,-2.901739
2206.000000,-210.917917,-484.211402,0.037808,7.687912,7.687912,-3.212702
2208.000000,-211.345939,-486.157994,0.041832,7.844092,7.844092,-3.424679
2210.000000,-211.607396,-488.133655,0.042583,7.954887,7.954887,-3.541043
2212.000000,-211.699837,-490.124274,0.042014,8.022185,8.022185,-3.574332
2214.000000,-211.624468,-492.115640,0.040696,8.053346,8.053346,-3.532719
2216.000000,-211.387692,-494.094666,0.039200,8.053592,8.053592,-3.428361
2218.000000,-210.997979,-496.049649,0.038037,8.020920,8.020920,-3.274399
2220.000000,-210.461012,-497.969737,0.035881,7.953818,7.953818,-3.076199
2222.000000,-209.783771,-499.845610,0.032964,7.851191,7.851191,-2.833849
2224.000000,-208.990125,-501.675701,0.031515,7.720619,7.720619,-2.563058
2226.000000,-208.081392,-503.451567,0.028533,7.562329,7.562329,-2.261100
2228.000000,-207.065915,-505.168319,0.022603,7.376237,7.376237,-1.911469
2230.000000,-205.980053,-506.841459,0.018407,7.183728,7.183728,-1.554334
2232.000000,-204.834474,-508.474281,0.014711,6.992706,6.992706,-1.194007
2234.000000,-203.635492,-510.068315,0.009054,6.808798,6.808798,-0.814332
2236.000000,-202.412497,-511.644300,0.005734,6.662683,6.662683,-0.448189
2238.000000,-201.175333,-513.209169,0.006114,6.562919,6.562919,-0.117991
2240.000000,-199.918508,-514.758259,0.006879,6.500678,6.500678,0.176431
2242.000000,-198.639378,-516.288978,0.006578,6.470813,6.470813,0.434524
2244.000000,-197.340027,-517.802594,0.005912,6.473577,6.473577,0.649862
2246.000000,-196.023424,-519.301237,0.005828,6.510376,6.510376,0.818595
2248.000000,-194.690425,-520.785313,0.006700,6.581172,6.581172,0.943104
2250.000000,-193.338166,-522.251827,0.008177,6.680014,6.680014,1.029888
2252.000000,-191.962144,-523.696037,0.010005,6.797564,6.797564,1.081477
2254.000000,-190.558239,-525.113105,0.012214,6.925747,6.925747,1.096239
2256.000000,-189.120133,-526.495337,0.014241,7.052833,7.052833,1.088130
2258.000000,-187.642582,-527.835270,0.015610,7.167388,7.167388,1.084499
2260.000000,-186.124027,-529.128502,0.016382,7.262101,7.262101,1.107006
2262.000000,-184.563368,-530.370540,0.016164,7.330409,7.330409,1.167554
2264.000000,-182.962447,-531.560320,0.014942,7.371295,7.371295,1.265485
2266.000000,-181.326989,-532.702263,0.013540,7.389893,7.389893,1.393238
2268.000000,-179.661309,-533.799678,0.012057,7.390041,7.390041,1.545521
2270.000000,-177.969205,-534.856000,0.010254,7.375253,7.375253,1.715512
2272.000000,-176.256041,-535.877884,0.008563,7.351586,7.351586,1.894965
2274.000000,-174.525883,-536.870773,0.007254,7.323438,7.323438,2.084861
2276.000000,-172.781602,-537.838661,0.005933,7.293730,7.293730,2.291619
2278.000000,-171.025584,-538.785121,0.004296,7.265176,7.265176,2.513099
2280.000000,-169.261611,-539.716717,0.002827,7.241844,7.241844,2.734849
2282.000000,-167.492886,-540.639258,0.001568,7.227200,7.227200,2.945392
2284.000000,-165.720611,-541.554972,0.000029,7.222742,7.222742,3.144432
2286.000000,-163.948636,-542.471262,-0.001020,7.234143,7.234143,3.327477
2288.000000,-162.179393,-543.392822,-0.001079,7.263475,7.263475,3.489916
2290.000000,-160.411871,-544.317678,-0.000889,7.305208,7.305208,3.632807
2292.000000,-158.646116,-545.245903,-0.000666,7.355066,7.355066,3.755776
2294.000000,-156.881675,-546.176626,-0.000359,7.407985,7.407985,3.861181
2296.000000,-155.117775,-547.108373,-0.000207,7.459954,7.459954,3.952920
2298.000000,-153.354146,-548.040633,-0.000268,7.508827,7.508827,4.032573
2300.000000,-151.590976,-548.973760,-0.000402,7.552613,7.552613,4.100207
2302.000000,-149.828613,-549.908411,-0.000543,7.590458,7.590458,4.156112
2304.000000,-148.067171,-550.844797,-0.000727,7.622467,7.622467,4.201057
2306.000000,-146.307139,-551.783828,-0.000873,7.648851,7.648851,4.234727
2308.000000,-144.548813,-552.726049,-0.000991,7.670000,7.670000,4.257004
2310.000000,-142.792218,-553.671496,-0.001021,7.686149,7.686149,4.268117
2312.000000,-141.037920,-554.621194,-0.000670,7.696867,7.696867,4.266641
2314.000000,-139.285013,-555.573461,-0.000126,7.704127,7.704127,4.254134
2316.000000,-137.532102,-556.525720,0.000179,7.710457,7.710457,4.233954
2318.000000,-135.778760,-557.477186,0.000245,7.716682,7.716682,4.207314
2320.000000,-134.024923,-558.427741,0.000244,7.723167,7.723167,4.173781
2322.000000,-132.270649,-559.377487,0.000248,7.729993,7.729993,4.132019
2324.000000,-130.515892,-560.326342,0.000239,7.737150,7.737150,4.080793
2326.000000,-128.760661,-561.274317,0.000187,7.744763,7.744763,4.019004
2328.000000,-127.005052,-562.221594,0.000117,7.752792,7.752792,3.946233
2330.000000,-125.249257,-563.168526,0.000040,7.761011,7.761011,3.863318
2332.000000,-123.493327,-564.115208,-0.000088,7.769388,7.769388,3.771979
2334.000000,-121.737548,-565.062170,-0.000222,7.777492,7.777492,3.672918
2336.000000,-119.982266,-566.010051,-0.000309,7.784724,7.784724,3.565986
2338.000000,-118.227518,-566.958922,-0.000401,7.790894,7.790894,3.451544
2340.000000,-116.473540,-567.909216,-0.000478,7.796036,7.796036,3.330208
2342.000000,-114.720528,-568.861289,-0.000487,7.800220,7.800220,3.203128
2344.000000,-112.968444,-569.815068,-0.000462,7.803539,7.803539,3.072178
2346.000000,-111.217245,-570.770474,-0.000426,7.806085,7.806085,2.939636
2348.000000,-109.466866,-571.727379,-0.000381,7.808014,7.808014,2.808014
2350.000000,-107.717209,-572.685605,-0.000342,7.809605,7.809605,2.679764
2352.000000,-105.968197,-573.645007,-0.000317,7.811067,7.811067,2.557071
2354.000000,-104.219790,-574.605512,-0.000303,7.812502,7.812502,2.442041
2356.000000,-102.471953,-575.567052,-0.000307,7.813982,7.813982,2.336832
2358.000000,-100.724692,-576.529640,-0.000331,7.815485,7.815485,2.242704
2360.000000,-98.978065,-577.493377,-0.000341,7.816825,7.816825,2.159609
2362.000000,-97.232136,-578.458379,-0.000309,7.817776,7.817776,2.086110
2364.000000,-95.486803,-579.424459,-0.000262,7.818149,7.818149,2.019685
2366.000000,-93.741964,-580.391429,-0.000216,7.817758,7.817758,1.957862
2368.000000,-91.997560,-581.359185,-0.000164,7.816447,7.816447,1.898963
2370.000000,-90.253462,-582.327492,-0.000122,7.814025,7.814025,1.841955
2372.000000,-88.509582,-583.296191,-0.000106,7.810353,7.810353,1.786064
2374.000000,-86.765908,-584.265260,-0.000102,7.805589,7.805589,1.730715
2376.000000,-85.022424,-585.234673,-0.000102,7.800248,7.800248,1.675594
2378.000000,-83.279141,-586.204447,-0.000097,7.794605,7.794605,1.620414
2380.000000,-81.536052,-587.174568,-0.000076,7.788769,7.788769,1.565153
2382.000000,-79.793128,-588.144988,-0.000037,7.782987,7.782987,1.510357
2384.000000,-78.050271,-589.115526,0.000001,7.777295,7.777295,1.457171
2386.000000,-76.307398,-590.086036,0.000027,7.771628,7.771628,1.406860
2388.000000,-74.564485,-591.056474,0.000055,7.765989,7.765989,1.360647
2390.000000,-72.821456,-592.026704,0.000076,7.760415,7.760415,1.319499
2392.000000,-71.078276,-592.996663,0.000078,7.754935,7.754935,1.283464
2394.000000,-69.334922,-593.966309,0.000058,7.749587,7.749587,1.252779
2396.000000,-67.591461,-594.935762,0.000046,7.744576,7.744576,1.228226
2398.000000,-65.847937,-595.905103,0.000053,7.739887,7.739887,1.210426
2400.000000,-64.104291,-596.874223,0.000047,7.735274,7.735274,1.199808
2402.000000,-62.360545,-597.843163,0.000028,7.730522,7.730522,1.196135
2404.000000,-60.616756,-598.812028,0.000016,7.725491,7.725491,1.198531
2406.000000,-58.872934,-599.780830,0.000004,7.720141,7.720141,1.206383
2408.000000,-57.129095,-600.749603,-0.000020,7.714431,7.714431,1.219534
2410.000000,-55.385295,-601.718447,-0.000040,7.708410,7.708410,1.237766
2412.000000,-53.641586,-602.687456,-0.000051,7.702143,7.702143,1.260610
2414.000000,-51.897969,-603.656627,-0.000072,7.695637,7.695637,1.287523
2416.000000,-50.154472,-604.626016,-0.000109,7.689059,7.689059,1.317861
2418.000000,-48.411199,-605.595809,-0.000141,7.682313,7.682313,1.350891
2420.000000,-46.668203,-606.566096,-0.000166,7.675038,7.675038,1.386181
2422.000000,-44.925519,-607.536947,-0.000196,7.666934,7.666934,1.423462
2424.000000,-43.183223,-608.508492,-0.000217,7.657804,7.657804,1.462236
2426.000000,-41.441354,-609.480803,-0.000232,7.647561,7.647561,1.501884
2428.000000,-39.699925,-610.453901,-0.000253,7.636164,7.636164,1.541793
2430.000000,-37.958994,-611.427891,-0.000267,7.623515,7.623515,1.581270
2432.000000,-36.218592,-612.402825,-0.000270,7.609512,7.609512,1.619733
2434.000000,-34.478708,-613.378683,-0.000276,7.594122,7.594122,1.656509
2436.000000,-32.739363,-614.355501,-0.000287,7.577289,7.577289,1.690591
2438.000000,-31.000570,-615.333302,-0.000304,7.558933,7.558933,1.721309
2440.000000,-29.262369,-616.312156,-0.000313,7.538977,7.538977,1.748660
2442.000000,-27.524805,-617.292138,-0.000286,7.517267,7.517267,1.773283
2444.000000,-25.787823,-618.273153,-0.000232,7.493969,7.493969,1.796359
2446.000000,-24.051274,-619.254935,-0.000196,7.469479,7.469479,1.818979
2448.000000,-22.315094,-620.237368,-0.000184,7.443947,7.443947,1.841360
2450.000000,-20.579280,-621.220447,-0.000172,7.417471,7.417471,1.863283
2452.000000,-18.843810,-622.204135,-0.000150,7.390211,7.390211,1.884689
2454.000000,-17.108635,-623.188342,-0.000124,7.362309,7.362309,1.905619
2456.000000,-15.373707,-624.172984,-0.000102,7.333954,7.333954,1.926053
2458.000000,-13.638964,-625.157953,-0.000094,7.305297,7.305297,1.945991
2460.000000,-11.904405,-626.143245,-0.000090,7.276420,7.276420,1.965314
2462.000000,-10.170029,-627.128860,-0.000094,7.247401,7.247401,1.983926
2464.000000,-8.435814,-628.114757,-0.000117,7.218128,7.218128,2.001888
2466.000000,-6.701830,-629.101062,-0.000143,7.188253,7.188253,2.019120
2468.000000,-4.968141,-630.087883,-0.000153,7.157633,7.157633,2.035465
2470.000000,-3.234757,-631.075241,-0.000157,7.126264,7.126264,2.050812
2472.000000,-1.501674,-632.063128,-0.000164,7.094089,7.094089,2.065103
2474.000000,0.231083,-633.051586,-0.000165,7.061049,7.061049,2.078221
2476.000000,1.963503,-634.040635,-0.000151,7.027080,7.027080,2.090035
2478.000000,3.695618,-635.030218,-0.000134,6.992142,6.992142,2.100525
2480.000000,5.427484,-636.020235,-0.000126,6.956325,6.956325,2.109999
2482.000000,7.159093,-637.010704,-0.000112,6.919706,6.919706,2.118887
2484.000000,8.890468,-638.001581,-0.000085,6.882342,6.882342,2.127622
2486.000000,10.621685,-638.992733,-0.000064,6.844423,6.844423,2.136588
2488.000000,12.352779,-639.984101,-0.000049,6.806147,6.806147,2.146007
2490.000000,14.083770,-640.975647,-0.000039,6.767692,6.767692,2.156025
2492.000000,15.814701,-641.967301,-0.000041,6.729339,6.729339,2.166689
2494.000000,17.545546,-642.959102,-0.000038,6.691170,6.691170,2.177692
2496.000000,19.276301,-643.951063,-0.000034,6.653144,6.653144,2.188662
2498.000000,21.007020,-644.943083,-0.000058,6.615309,6.615309,2.199192
2500.000000,22.737632,-645.935294,-0.000092,6.577310,6.577310,2.208261
2502.000000,24.468033,-646.927869,-0.000111,6.538889,6.538889,2.215050
2504.000000,26.198235,-647.920793,-0.000135,6.500120,6.500120,2.219958
2506.000000,27.928164,-648.914193,-0.000157,6.461186,6.461186,2.223678
2508.000000,29.657767,-649.908159,-0.000176,6.422197,6.422197,2.226663
2510.000000,31.387051,-650.902680,-0.000208,6.383162,6.383162,2.229283
2512.000000,33.115905,-651.897950,-0.000233,6.344184,6.344184,2.231541
2514.000000,34.844286,-652.894040,-0.000243,6.305172,6.305172,2.233461
2516.000000,36.572191,-653.890954,-0.000271,6.265963,6.265963,2.235117
2518.000000,38.299586,-654.888753,-0.000320,6.226527,6.226527,2.236476
2520.000000,40.026323,-655.887691,-0.000337,6.186758,6.186758,2.237163
2522.000000,41.752337,-656.887876,-0.000260,6.146594,6.146594,2.236950
2524.000000,43.477766,-657.889071,-0.000122,6.106104,6.106104,2.236019
2526.000000,45.203012,-658.890581,-0.000054,6.065500,6.065500,2.235011
2528.000000,46.928235,-659.892130,-0.000079,6.024851,6.024851,2.234008
2530.000000,48.653258,-660.894023,-0.000113,5.984053,5.984053,2.232140
2532.000000,50.378076,-661.896271,-0.000153,5.943061,5.943061,2.229002
2534.000000,52.102600,-662.899024,-0.000207,5.901826,5.901826,2.224606
2536.000000,53.826695,-663.902514,-0.000252,5.860280,5.860280,2.219200
2538.000000,55.550286,-664.906870,-0.000291,5.818408,5.818408,2.213517
2540.000000,57.273292,-665.912229,-0.000345,5.776177,5.776177,2.208630
2542.000000,58.995641,-666.918712,-0.000458,5.733576,5.733576,2.205673
2544.000000,60.717116,-667.926689,-0.000613,5.690704,5.690704,2.205446
2546.000000,62.437317,-668.936839,-0.000712,5.647797,5.647797,2.208167
2548.000000,64.156003,-669.949565,-0.000719,5.604987,5.604987,2.214077
2550.000000,65.873244,-670.964738,-0.000693,5.562123,5.562123,2.224018
2552.000000,67.589070,-671.982302,-0.000643,5.519064,5.519064,2.238818
2554.000000,69.303556,-673.002122,-0.000568,5.475813,5.475813,2.259395
2556.000000,71.016914,-674.023836,-0.000505,5.432417,5.432417,2.287366
2558.000000,72.729243,-675.047274,-0.000450,5.388903,5.388903,2.324587
2560.000000,74.440642,-676.072266,-0.000370,5.345319,5.345319,2.372961
2562.000000,76.151249,-677.098579,-0.000261,5.301729,5.301729,2.434027
2564.000000,77.861346,-678.125742,-0.000151,5.258058,5.258058,2.508334
2566.000000,79.571119,-679.153444,0.000066,5.214295,5.214295,2.593892
2568.000000,81.280811,-680.181281,0.000464,5.170396,5.170396,2.686687
2570.000000,82.991528,-681.207410,0.000712,5.125674,5.125674,2.784966
2572.000000,84.704075,-682.230482,0.000352,5.079614,5.079614,2.888525
2574.000000,86.417761,-683.251646,-0.000499,5.032287,5.032287,2.995054
2576.000000,88.130213,-684.274875,-0.001208,4.983922,4.983922,3.098519
2578.000000,89.839910,-685.302701,-0.001617,4.934931,4.934931,3.194374
2580.000000,91.546449,-686.335759,-0.001977,4.885661,4.885661,3.280754
2582.000000,93.248743,-687.375793,-0.002209,4.836343,4.836343,3.354528
2584.000000,94.946314,-688.423517,-0.002269,4.788224,4.788224,3.413680
2586.000000,96.639171,-689.478843,-0.002240,4.742494,4.742494,3.457783
2588.000000,98.327138,-690.541972,-0.002064,4.699547,4.699547,3.486330
2590.000000,100.010669,-691.612114,-0.001795,4.661240,4.661240,3.499445
2592.000000,101.690406,-692.688203,-0.001364,4.629110,4.629110,3.496934
2594.000000,103.366813,-693.769476,-0.000668,4.603426,4.603426,3.477455
2596.000000,105.041955,-694.852709,-0.000158,4.585640,4.585640,3.443036
2598.000000,106.717206,-695.935774,-0.000049,4.576755,4.576755,3.397400
2600.000000,108.392142,-697.019326,-0.000045,4.576737,4.576737,3.343399
2602.000000,110.067177,-698.102726,-0.000212,4.586959,4.586959,3.284769
2604.000000,111.741937,-699.186549,-0.000527,4.605506,4.605506,3.221671
2606.000000,113.415315,-700.272505,-0.000809,4.627877,4.627877,3.151472
2608.000000,115.087163,-701.360815,-0.001254,4.652691,4.652691,3.073494
2610.000000,116.756431,-702.453073,-0.001783,4.682279,4.682279,2.985940
2612.000000,118.421455,-703.551789,-0.002209,4.719972,4.719972,2.885749
2614.000000,120.081942,-704.657348,-0.002558,4.765225,4.765225,2.772898
2616.000000,121.736297,-705.772049,-0.002271,4.820107,4.820107,2.643960
2618.000000,123.384779,-706.895433,-0.001208,4.882262,4.882262,2.494871
2620.000000,125.030909,-708.022265,-0.000151,4.943069,4.943069,2.321453
2622.000000,126.676812,-709.149429,0.000790,4.995223,4.995223,2.111290
2624.000000,128.324169,-710.274466,0.001880,5.036251,5.036251,1.850609
2626.000000,129.975918,-711.393035,0.005035,5.066638,5.066638,1.538014
2628.000000,131.634205,-712.501882,0.012145,5.086349,5.086349,1.174572
2630.000000,133.318899,-713.569574,0.019256,5.098558,5.098558,0.792633
2632.000000,135.046787,-714.565488,0.022826,5.106069,5.106069,0.422733
2634.000000,136.817815,-715.482508,0.025095,5.108772,5.108772,0.061199
2636.000000,138.632161,-716.309932,0.027316,5.106814,5.106814,-0.287203
2638.000000,140.489375,-717.035825,0.028765,5.100108,5.100108,-0.600593
2640.000000,142.385123,-717.653915,0.029646,5.087378,5.087378,-0.874455
2642.000000,144.314120,-718.158538,0.030210,5.067949,5.067949,-1.126935
2644.000000,146.270068,-718.545774,0.030331,5.040596,5.040596,-1.363161
2646.000000,148.245936,-718.813435,0.029436,5.002439,5.002439,-1.567577
2648.000000,150.234404,-718.962385,0.026770,4.952892,4.952892,-1.728874
2650.000000,152.228319,-719.003382,0.023247,4.895869,4.895869,-1.847508
2652.000000,154.222201,-718.954164,0.020886,4.836829,4.836829,-1.937156
2654.000000,156.212444,-718.823711,0.019785,4.780145,4.780145,-2.008879
2656.000000,158.195972,-718.614076,0.018810,4.730218,4.730218,-2.066241
2658.000000,160.170318,-718.330440,0.017764,4.691220,4.691220,-2.105527
2660.000000,162.133414,-717.976996,0.016967,4.664292,4.664292,-2.118941
2662.000000,164.083607,-717.558102,0.016511,4.648736,4.648736,-2.104503
2664.000000,166.018922,-717.075033,0.016174,4.644494,4.644494,-2.058180
2666.000000,167.937682,-716.529831,0.015986,4.649492,4.649492,-1.981675
2668.000000,169.838295,-715.924376,0.016190,4.660706,4.660706,-1.882442
2670.000000,171.718422,-715.258015,0.016571,4.675980,4.675980,-1.766098
2672.000000,173.575393,-714.529615,0.016150,4.691152,4.691152,-1.633817
2674.000000,175.406895,-713.739222,0.014765,4.702568,4.702568,-1.478896
2676.000000,177.215170,-712.897020,0.013637,4.713910,4.713910,-1.312453
2678.000000,178.999804,-712.005794,0.012917,4.725495,4.725495,-1.145976
2680.000000,180.760878,-711.068857,0.012300,4.737402,4.737402,-0.979752
2682.000000,182.498746,-710.089552,0.011946,4.748764,4.748764,-0.814616
2684.000000,184.212685,-709.068951,0.011571,4.759845,4.759845,-0.650239
2686.000000,185.902439,-708.008777,0.011178,4.771328,4.771328,-0.484271
2688.000000,187.568565,-706.911862,0.011044,4.784650,4.784650,-0.315696
2690.000000,189.209988,-705.778322,0.011024,4.799327,4.799327,-0.148012
2692.000000,190.826155,-704.609058,0.011171,4.815589,4.815589,0.019366
2694.000000,192.416255,-703.404620,0.011562,4.833238,4.833238,0.186929
2696.000000,193.977853,-702.163464,0.011733,4.850015,4.850015,0.349999
2698.000000,195.509587,-700.885652,0.011310,4.865207,4.865207,0.503007
2700.000000,197.011667,-699.573065,0.010660,4.880215,4.880215,0.642055
2702.000000,198.486229,-698.229644,0.010346,4.898699,4.898699,0.758811
2704.000000,199.932654,-696.855977,0.010221,4.920518,4.920518,0.849582
2706.000000,201.350736,-695.453066,0.010045,4.945787,4.945787,0.918070
2708.000000,202.740459,-694.022055,0.009888,4.974785,4.974785,0.965925
2710.000000,204.101711,-692.563932,0.009768,5.007443,5.007443,0.991536
2712.000000,205.434321,-691.079587,0.009683,5.043791,5.043791,0.997591
2714.000000,206.738048,-689.569808,0.009650,5.083753,5.083753,0.989653
2716.000000,208.012542,-688.035274,0.009676,5.127127,5.127127,0.972879
2718.000000,209.257180,-686.476429,0.009741,5.173811,5.173811,0.951536
2720.000000,210.471348,-684.893738,0.009878,5.223547,5.223547,0.924087
2722.000000,211.654221,-683.287529,0.010139,5.276155,5.276155,0.883841
2724.000000,212.804455,-681.657797,0.010502,5.331878,5.331878,0.825487
2726.000000,213.920318,-680.004353,0.010913,5.390829,5.390829,0.751437
2728.000000,214.999936,-678.327028,0.011294,5.453569,5.453569,0.670149
2730.000000,216.041336,-676.625722,0.011572,5.521758,5.521758,0.588107
2732.000000,217.043144,-674.900801,0.011906,5.597794,5.597794,0.507652
2734.000000,218.004161,-673.152837,0.012442,5.680788,5.680788,0.432557
2736.000000,218.921331,-671.381488,0.012880,5.763219,5.763219,0.373126
2738.000000,219.792211,-669.586919,0.013052,5.840598,5.840598,0.337294
2740.000000,220.616275,-667.770374,0.013134,5.911537,5.911537,0.324063
2742.000000,221.392245,-665.932767,0.013042,5.971378,5.971378,0.331064
2744.000000,222.119774,-664.075431,0.012741,6.018136,6.018136,0.355565
2746.000000,222.800093,-662.200278,0.012408,6.051965,6.051965,0.396293
2748.000000,223.433622,-660.308792,0.012003,6.071995,6.071995,0.457661
2750.000000,224.021544,-658.402621,0.011619,6.077284,6.077284,0.547012
2752.000000,224.565687,-656.483488,0.011693,6.066922,6.066922,0.668501
2754.000000,225.065711,-654.552397,0.012264,6.040062,6.040062,0.824212
2756.000000,225.518124,-652.609622,0.012039,5.987569,5.987569,1.018683
2758.000000,225.920311,-650.655787,0.009971,5.900620,5.900620,1.258149
2760.000000,226.283504,-648.694299,0.006605,5.793159,5.793159,1.536310
2762.000000,226.619323,-646.727914,0.002098,5.680423,5.680423,1.848419
2764.000000,226.945498,-644.759900,-0.002584,5.575977,5.575977,2.186569
2766.000000,227.285447,-642.794230,-0.006699,5.484810,5.484810,2.539243
2768.000000,227.647996,-640.832637,-0.012625,5.411496,5.411496,2.908140
2770.000000,228.056335,-638.880378,-0.019473,5.357751,5.357751,3.283359
2772.000000,228.546975,-636.947212,-0.024908,5.322604,5.322604,3.650318
2774.000000,229.128217,-635.039552,-0.032183,5.305319,5.305319,4.020971
2776.000000,229.826198,-633.172208,-0.040366,5.306171,5.306171,4.366479
2778.000000,230.681299,-631.371170,-0.045459,5.325348,5.325348,4.646696
2780.000000,231.692839,-629.652908,-0.051548,5.351842,5.351842,4.877764
2782.000000,232.870081,-628.043181,-0.055974,5.377108,5.377108,5.054508
2784.000000,234.237209,-626.590440,-0.052305,5.386789,5.386789,5.124739
2786.000000,235.742412,-625.281586,-0.047679,5.392487,5.392487,5.103601
2788.000000,237.363139,-624.119667,-0.044965,5.395239,5.395239,5.005024
2790.000000,239.084278,-623.113255,-0.040926,5.395166,5.395166,4.823835
2792.000000,240.879688,-622.246031,-0.037902,5.397674,5.397674,4.576874
2794.000000,242.735091,-621.516248,-0.035786,5.403754,5.403754,4.270268
2796.000000,244.638542,-620.923120,-0.032220,5.413774,5.413774,3.900900
2798.000000,246.576642,-620.454470,-0.027571,5.430643,5.430643,3.478093
2800.000000,248.537714,-620.092360,-0.022924,5.454252,5.454252,3.023165
2802.000000,250.513488,-619.820352,-0.018490,5.483496,5.483496,2.548781
2804.000000,252.498089,-619.620894,-0.014641,5.519170,5.519170,2.053119
2806.000000,254.487668,-619.477950,-0.012060,5.557467,5.557467,1.540822
2808.000000,256.480080,-619.381369,-0.010212,5.593511,5.593511,1.027395
2810.000000,258.474101,-619.327070,-0.007886,5.625888,5.625888,0.511696
2812.000000,260.468804,-619.304220,-0.005478,5.652891,5.652891,-0.004619
2814.000000,262.463651,-619.301664,-0.003496,5.673634,5.673634,-0.509490
2816.000000,264.458468,-619.314263,-0.001316,5.689181,5.689181,-0.998371
2818.000000,266.453257,-619.331898,0.000872,5.701413,5.701413,-1.465768
2820.000000,268.448077,-619.345252,0.002557,5.711918,5.711918,-1.906677
2822.000000,270.442932,-619.348255,0.003794,5.721824,5.721824,-2.317684
2824.000000,272.437740,-619.335541,0.004581,5.732471,5.732471,-2.693827
2826.000000,274.432339,-619.304229,0.004979,5.743304,5.743304,-3.032918
2828.000000,276.426520,-619.252920,0.005332,5.752723,5.752723,-3.338970
2830.000000,278.420063,-619.180970,0.005920,5.760088,5.760088,-3.617328
2832.000000,280.412602,-619.085470,0.006407,5.765961,5.765961,-3.865554
2834.000000,282.403695,-618.963567,0.006306,5.770112,5.770112,-4.077737
2836.000000,284.393075,-618.816198,0.005898,5.768943,5.768943,-4.255449
2838.000000,286.380639,-618.646013,0.005914,5.756756,5.756756,-4.406906
2840.000000,288.366146,-618.453347,0.006482,5.730428,5.730428,-4.538429
2842.000000,290.348945,-618.234726,0.007220,5.690338,5.690338,-4.649609
2844.000000,292.328430,-617.987890,0.008364,5.636604,5.636604,-4.739087
2846.000000,294.303667,-617.709326,0.010068,5.571306,5.571306,-4.804606
2848.000000,296.272756,-617.390530,0.011640,5.500353,5.500353,-4.837475
2850.000000,298.233808,-617.025594,0.012964,5.427432,5.427432,-4.829692
2852.000000,300.184866,-616.610757,0.014424,5.354082,5.354082,-4.776537
2854.000000,302.123065,-616.139666,0.015782,5.283381,5.283381,-4.671852
2856.000000,304.045331,-615.607366,0.016753,5.217773,5.217773,-4.513955
2858.000000,305.948647,-615.010864,0.017540,5.159203,5.159203,-4.312149
2860.000000,307.830039,-614.348450,0.018530,5.109205,5.109205,-4.086973
2862.000000,309.685817,-613.617419,0.019471,5.068023,5.068023,-3.858131
2864.000000,311.511259,-612.813543,0.019847,5.034652,5.034652,-3.628674
2866.000000,313.303570,-611.938208,0.019979,5.009199,5.009199,-3.391851
2868.000000,315.059658,-610.992239,0.019976,4.991552,4.991552,-3.138225
2870.000000,316.776233,-609.976235,0.019633,4.981556,4.981556,-2.859550
2872.000000,318.451965,-608.894128,0.019288,4.978523,4.978523,-2.554435
2874.000000,320.084922,-607.748439,0.018670,4.981884,4.981884,-2.225132
2876.000000,321.673074,-606.541343,0.017609,4.990911,4.990911,-1.874878
2878.000000,323.218867,-605.280423,0.016928,5.004900,5.004900,-1.536139
2880.000000,324.721278,-603.968079,0.016244,5.023349,5.023349,-1.255254
2882.000000,326.179188,-602.606464,0.015010,5.045799,5.045799,-1.044173
2884.000000,327.596532,-601.202696,0.013842,5.079194,5.079194,-0.900173
2886.000000,328.974246,-599.760035,0.011882,5.122007,5.122007,-0.808654
2888.000000,330.314792,-598.282782,0.008792,5.173056,5.173056,-0.733551
2890.000000,331.631444,-596.784166,0.006334,5.230414,5.230414,-0.663963
2892.000000,332.929162,-595.269118,0.004372,5.287756,5.287756,-0.593712
2894.000000,334.212683,-593.742016,0.002543,5.339945,5.339945,-0.516436
2896.000000,335.490631,-592.210239,0.001811,5.378162,5.378162,-0.438257
2898.000000,336.762958,-590.673790,0.001712,5.408377,5.408377,-0.362424
2900.000000,338.029941,-589.132931,0.001498,5.432854,5.432854,-0.292906
2902.000000,339.292215,-587.588212,0.001220,5.451434,5.451434,-0.232866
2904.000000,340.550823,-586.040504,0.000960,5.470574,5.470574,-0.182152
2906.000000,341.806421,-584.490353,0.000513,5.491006,5.491006,-0.139177
2908.000000,343.059840,-582.938439,0.000016,5.511944,5.511944,-0.103036
2910.000000,344.314284,-581.387353,0.000040,5.533283,5.533283,-0.078622
2912.000000,345.568661,-579.836214,0.000376,5.554885,5.554885,-0.068524
2914.000000,346.821647,-578.283950,0.000566,5.576614,5.576614,-0.071481
2916.000000,348.072823,-576.730227,0.000643,5.598492,5.598492,-0.081938
2918.000000,349.321992,-575.174890,0.000680,5.620132,5.620132,-0.093070
2920.000000,350.569006,-573.617825,0.000753,5.641294,5.641294,-0.100242
2922.000000,351.813886,-572.059053,0.000881,5.661906,5.661906,-0.102707
2924.000000,353.055828,-570.497939,0.000936,5.681440,5.681440,-0.099427
2926.000000,354.294808,-568.934474,0.001022,5.699487,5.699487,-0.089423
2928.000000,355.530987,-567.368793,0.001081,5.715421,5.715421,-0.073061
2930.000000,356.762970,-565.799808,0.000589,5.729294,5.729294,-0.047707
2932.000000,357.992632,-564.229003,-0.000229,5.739467,5.739467,-0.013911
2934.000000,359.223759,-562.659347,-0.000628,5.743302,5.743302,0.023036
2936.000000,360.457140,-561.091460,-0.000587,5.739964,5.739964,0.060588
2938.000000,361.692411,-559.525062,-0.000473,5.730828,5.730828,0.098579
2940.000000,362.928987,-557.959695,-0.000418,5.717401,5.717401,0.138019
2942.000000,364.166971,-556.395440,-0.000363,5.700055,5.700055,0.179173
2944.000000,365.406048,-554.832052,-0.000300,5.680570,5.680570,0.222780
2946.000000,366.646056,-553.269401,-0.000244,5.660197,5.660197,0.269815
2948.000000,367.886851,-551.707376,-0.000194,5.638967,5.638967,0.321451
2950.000000,369.128178,-550.145772,-0.000166,5.617448,5.617448,0.378756
2952.000000,370.370072,-548.584621,-0.000136,5.595810,5.595810,0.442706
2954.000000,371.612366,-547.023787,-0.000135,5.573769,5.573769,0.515333
2956.000000,372.854987,-545.463214,-0.000235,5.551371,5.551371,0.598423
2958.000000,374.098230,-543.903136,-0.000392,5.528584,5.528584,0.692908
2960.000000,375.342825,-542.344136,-0.000487,5.505342,5.505342,0.798340
2962.000000,376.588965,-540.786371,-0.000510,5.481731,5.481731,0.915284
2964.000000,377.836715,-539.229896,-0.000780,5.457915,5.457915,1.044872
2966.000000,379.086038,-537.674684,-0.001350,5.434094,5.434094,1.188652
2968.000000,380.340286,-536.123441,-0.001770,5.409464,5.409464,1.342751
2970.000000,381.599835,-534.576499,-0.002479,5.383739,5.383739,1.506592
2972.000000,382.865730,-533.034748,-0.003626,5.356904,5.356904,1.680952
2974.000000,384.144128,-531.503351,-0.004388,5.330891,5.330891,1.857377
2976.000000,385.435568,-529.982937,-0.005206,5.306126,5.306126,2.032812
2978.000000,386.741819,-528.475233,-0.006421,5.283548,5.283548,2.206416
2980.000000,388.068192,-526.985203,-0.007290,5.265873,5.265873,2.372331
2982.000000,389.416176,-525.514693,-0.007778,5.254285,5.254285,2.528848
2984.000000,390.786858,-524.065314,-0.008661,5.249583,5.249583,2.676576
2986.000000,392.181089,-522.638573,-0.010051,5.251978,5.251978,2.819817
2988.000000,393.604714,-521.241150,-0.010924,5.267300,5.267300,2.955117
2990.000000,395.059010,-519.875678,-0.011747,5.297052,5.297052,3.082408
2992.000000,396.542918,-518.542457,-0.013148,5.341509,5.341509,3.204047
2994.000000,398.063087,-517.250761,-0.013792,5.405023,5.405023,3.305143
2996.000000,399.618425,-516.001653,-0.013683,5.486018,5.486018,3.377880
2998.000000,401.206954,-514.795053,-0.013479,5.582446,5.582446,3.420880
3000.000000,402.827955,-513.632466,-0.012937,5.690544,5.690544,3.432543
3002.000000,404.478269,-512.511889,-0.012406,5.806703,5.806703,3.415690
3004.000000,406.155473,-511.431987,-0.011634,5.927851,5.927851,3.373032
3006.000000,407.858531,-510.393372,-0.010063,6.052894,6.052894,3.300944
3008.000000,409.581588,-509.388221,-0.008649,6.178156,6.178156,3.207551
3010.000000,411.321283,-508.412131,-0.007573,6.300328,6.300328,3.099356
3012.000000,413.076270,-507.463810,-0.006236,6.419941,6.419941,2.973907
3014.000000,414.842402,-506.536350,-0.005293,6.527684,6.527684,2.831768
3016.000000,416.617859,-505.626864,-0.004915,6.616696,6.616696,2.670734
3018.000000,418.402388,-504.735311,-0.004390,6.686988,6.686988,2.486463
3020.000000,420.194805,-503.859710,-0.003502,6.735734,6.735734,2.279037
3022.000000,421.993412,-502.996883,-0.002619,6.761311,6.761311,2.050494
3024.000000,423.796141,-502.142685,-0.002330,6.764001,6.764001,1.804843
3026.000000,425.602435,-501.296056,-0.002742,6.744582,6.744582,1.542292
3028.000000,427.413283,-500.459219,-0.003486,6.710803,6.710803,1.258448
3030.000000,429.229828,-499.634829,-0.003582,6.672565,6.672565,0.949891
3032.000000,431.053453,-498.826241,-0.002069,6.639556,6.639556,0.606664
3034.000000,432.880601,-498.025603,0.000391,6.613843,6.613843,0.212564
3036.000000,434.707041,-497.223347,0.003424,6.596098,6.596098,-0.270759
3038.000000,436.528868,-496.410683,0.007518,6.592642,6.592642,-0.864029
3040.000000,438.338264,-495.570757,0.011901,6.601853,6.601853,-1.514856
3042.000000,440.126717,-494.687238,0.015912,6.624943,6.624943,-2.177225
3044.000000,441.886410,-493.747973,0.020076,6.666241,6.666241,-2.838402
3046.000000,443.607171,-492.739475,0.024823,6.719129,6.719129,-3.482129
3048.000000,445.276253,-491.647867,0.031715,6.786722,6.786722,-4.106782
3050.000000,446.876406,-490.458330,0.042260,6.872051,6.872051,-4.721058
3052.000000,448.371067,-489.139369,0.056201,6.962210,6.962210,-5.293574
3054.000000,449.713302,-487.664649,0.068061,7.053057,7.053057,-5.760531
3056.000000,450.827707,-486.010080,0.071886,7.140949,7.140949,-6.080482
3058.000000,451.695254,-484.215737,0.071362,7.221334,7.221334,-6.287569
3060.000000,452.297167,-482.319018,0.068999,7.291751,7.291751,-6.367263
3062.000000,452.628292,-480.358654,0.063820,7.350979,7.350979,-6.311613
3064.000000,452.710934,-478.369988,0.059937,7.395173,7.395173,-6.152138
3066.000000,452.562463,-476.384807,0.060440,7.421970,7.421970,-5.928511
3068.000000,452.178828,-474.429382,0.064596,7.433820,7.433820,-5.658677
3070.000000,451.549702,-472.536317,0.066570,7.433816,7.433816,-5.340497
3072.000000,450.659651,-470.752437,0.063098,7.434876,7.434876,-4.948823
3074.000000,449.563634,-469.090274,0.060933,7.445448,7.445448,-4.516332
3076.000000,448.276414,-467.572923,0.061267,7.473590,7.473590,-4.054775
3078.000000,446.812081,-466.226380,0.058199,7.533707,7.533707,-3.545612
3080.000000,445.195552,-465.062187,0.051903,7.628633,7.628633,-2.978894
3082.000000,443.468908,-464.066079,0.046831,7.740353,7.740353,-2.384702
3084.000000,441.656690,-463.233612,0.039913,7.867517,7.867517,-1.778139
3086.000000,439.778213,-462.562180,0.028635,8.014539,8.014539,-1.125324
3088.000000,437.867878,-461.987671,0.020091,8.130856,8.130856,-0.540491
3090.000000,435.936737,-461.487858,0.014698,8.221242,8.221242,-0.007517
3092.000000,433.990849,-461.048948,0.009323,8.289038,8.289038,0.517965
3094.000000,432.038291,-460.640383,0.006082,8.324890,8.324890,0.974755
3096.000000,430.081034,-460.254934,0.004576,8.337843,8.337843,1.357226
3098.000000,428.120269,-459.887708,0.003281,8.335881,8.335881,1.693334
3100.000000,426.157301,-459.532413,0.002419,8.324832,8.324832,1.990067
3102.000000,424.192678,-459.186381,0.001879,8.309247,8.309247,2.243003
3104.000000,422.226756,-458.847793,0.001365,8.291824,8.291824,2.446494
3106.000000,420.259928,-458.514510,0.000893,8.274331,8.274331,2.608192
3108.000000,418.292532,-458.184587,0.000522,8.257130,8.257130,2.750563
3110.000000,416.324803,-457.856657,0.000195,8.240432,8.240432,2.885066
3112.000000,414.356932,-457.529577,-0.000127,8.224569,8.224569,2.989151
3114.000000,412.389167,-457.201864,-0.000392,8.209006,8.209006,3.062138
3116.000000,410.421665,-456.872572,-0.000651,8.193561,8.193561,3.115253
3118.000000,408.454560,-456.540921,-0.000858,8.178140,8.178140,3.157803
3120.000000,406.488120,-456.205349,-0.000843,8.161491,8.161491,3.193183
3122.000000,404.522240,-455.866512,-0.000797,8.144630,8.144630,3.224111
3124.000000,402.556840,-455.524897,-0.000792,8.128302,8.128302,3.249199
3126.000000,400.592083,-455.179605,-0.000638,8.111582,8.111582,3.262524
3128.000000,398.627729,-454.832032,-0.000466,8.095733,8.095733,3.263539
3130.000000,396.663686,-454.482700,-0.000412,8.081171,8.081171,3.252196
3132.000000,394.699913,-454.131858,-0.000319,8.067729,8.067729,3.227495
3134.000000,392.736439,-453.779345,0.000062,8.054395,8.054395,3.190005
3136.000000,390.772991,-453.426683,0.000529,8.042491,8.042491,3.144336
3138.000000,388.809019,-453.076955,0.000738,8.034839,8.034839,3.093397
3140.000000,386.844591,-452.729801,0.000891,8.030265,8.030265,3.034863
3142.000000,384.879551,-452.386127,0.001075,8.029183,8.029183,2.969317
3144.000000,382.913740,-452.046890,0.001215,8.032099,8.032099,2.898280
3146.000000,380.947156,-451.712161,0.001401,8.038340,8.038340,2.822788
3148.000000,378.979626,-451.383049,0.001431,8.048899,8.048899,2.746136
3150.000000,377.011059,-451.060187,0.001216,8.064127,8.064127,2.672035
3152.000000,375.041783,-450.741678,0.001018,8.081483,8.081483,2.603019
3154.000000,373.071842,-450.427312,0.000783,8.100973,8.100973,2.540198
3156.000000,371.101368,-450.116300,0.000482,8.121911,8.121911,2.482207
3158.000000,369.130664,-449.806747,0.000307,8.142231,8.142231,2.427552
3160.000000,367.159755,-449.498507,0.000169,8.162463,8.162463,2.376352
3162.000000,365.188730,-449.191008,-0.000035,8.182483,8.182483,2.327431
3164.000000,363.217726,-448.883372,-0.000250,8.201879,8.201879,2.280136
3166.000000,361.246882,-448.574710,-0.000441,8.220420,8.220420,2.234174
3168.000000,359.276314,-448.264299,-0.000627,8.237767,8.237767,2.188924
3170.000000,357.306126,-447.951477,-0.000802,8.253466,8.253466,2.143306
3172.000000,355.336463,-447.635375,-0.000901,8.266955,8.266955,2.096021
3174.000000,353.367385,-447.315646,-0.000864,8.278047,8.278047,2.046334
3176.000000,351.398900,-446.992286,-0.000755,8.286754,8.286754,1.993899
3178.000000,349.430859,-446.666235,-0.000709,8.294074,8.294074,1.939527
3180.000000,347.463292,-446.337332,-0.000692,8.299795,8.299795,1.884284
3182.000000,345.496186,-446.005684,-0.000630,8.303788,8.303788,1.829708
3184.000000,343.529508,-445.671511,-0.000546,8.305964,8.305964,1.775956
3186.000000,341.563186,-445.335245,-0.000473,8.306490,8.306490,1.723093
3188.000000,339.597182,-444.997129,-0.000395,8.305370,8.305370,1.671202
3190.000000,337.631458,-444.657385,-0.000306,8.302516,8.302516,1.621400
3192.000000,335.665925,-444.316543,-0.000242,8.298457,8.298457,1.575028
3194.000000,333.700561,-443.974723,-0.000184,8.293220,8.293220,1.533058
3196.000000,331.735327,-443.632157,-0.000099,8.286725,8.286725,1.497410
3198.000000,329.770164,-443.289181,-0.000037,8.279496,8.279496,1.469968
3200.000000,327.805000,-442.946215,-0.000004,8.271542,8.271542,1.451418
3202.000000,325.839870,-442.603052,0.000030,8.262870,8.262870,1.441211
3204.000000,323.874684,-442.260213,0.000028,8.253774,8.253774,1.439346
3206.000000,321.909494,-441.917390,0.000015,8.244284,8.244284,1.444384
3208.000000,319.944290,-441.574652,0.000001,8.234455,8.234455,1.455868
3210.000000,317.979078,-441.231964,-0.000044,8.224464,8.224464,1.474486
3212.000000,316.013894,-440.889107,-0.000095,8.214265,8.214265,1.500403
3214.000000,314.048782,-440.545843,-0.000132,8.203880,8.203880,1.532462
3216.000000,312.083758,-440.202078,-0.000162,8.193443,8.193443,1.568502
3218.000000,310.118849,-439.857651,-0.000196,8.182905,8.182905,1.606665
3220.000000,308.154066,-439.512505,-0.000267,8.172311,8.172311,1.646029
3222.000000,306.189455,-439.166388,-0.000284,8.161757,8.161757,1.685451
3224.000000,304.225112,-438.818747,-0.000078,8.151099,8.151099,1.723969
3226.000000,302.260845,-438.470680,0.000230,8.140499,8.140499,1.762727
3228.000000,300.296372,-438.123774,0.000352,8.130182,8.130182,1.802938
3230.000000,298.331599,-437.778575,0.000228,8.119881,8.119881,1.844301
3232.000000,296.366659,-437.434326,0.000036,8.109828,8.109828,1.885369
3234.000000,294.401724,-437.090050,-0.000123,8.100230,8.100230,1.925001
3236.000000,292.436846,-436.745449,-0.000286,8.091029,8.091029,1.962795
3238.000000,290.472188,-436.399593,-0.000391,8.082326,8.082326,1.998186
3240.000000,288.507822,-436.052085,-0.000435,8.074170,8.074170,2.031882
3242.000000,286.543734,-435.703013,-0.000451,8.066553,8.066553,2.064759
3244.000000,284.580008,-435.351902,-0.000287,8.059541,8.059541,2.096495
3246.000000,282.616537,-434.999372,-0.000023,8.053004,8.053004,2.127598
3248.000000,280.652997,-434.647226,0.000084,8.046558,8.046558,2.158466
3250.000000,278.689405,-434.295371,0.000098,8.040249,8.040249,2.187834
3252.000000,276.725749,-433.943872,0.000117,8.034138,8.034138,2.216071
3254.000000,274.761997,-433.592910,0.000107,8.028326,8.028326,2.243629
3256.000000,272.798173,-433.242354,0.000087,8.022743,8.022743,2.270742
3258.000000,270.834290,-432.892124,0.000080,8.017381,8.017381,2.297846
3260.000000,268.870353,-432.542201,0.000080,8.012220,8.012220,2.325123
3262.000000,266.906360,-432.192587,0.000087,8.007143,8.007143,2.352373
3264.000000,264.942309,-431.843306,0.000108,8.002134,8.002134,2.379127
3266.000000,262.978189,-431.494408,0.000145,7.997153,7.997153,2.404916
3268.000000,261.013963,-431.146107,0.000206,7.992062,7.992062,2.429493
3270.000000,259.049615,-430.798498,0.000378,7.986907,7.986907,2.452705
3272.000000,257.085046,-430.452141,0.000495,7.981722,7.981722,2.475332
3274.000000,255.119997,-430.108513,0.000335,7.976568,7.976568,2.498302
3276.000000,253.154766,-429.765930,0.000130,7.971564,7.971564,2.519213
3278.000000,251.189460,-429.423776,-0.000035,7.966782,7.966782,2.536909
3280.000000,249.224131,-429.081759,-0.000219,7.962289,7.962289,2.550030
3282.000000,247.259018,-428.738498,-0.000278,7.958229,7.958229,2.557435
3284.000000,245.294095,-428.394154,-0.000185,7.954643,7.954643,2.560120
3286.000000,243.329339,-428.048858,-0.000027,7.951565,7.951565,2.558992
3288.000000,241.364567,-427.703649,0.000080,7.949217,7.949217,2.555482
3290.000000,239.399734,-427.358791,0.000204,7.947614,7.947614,2.549963
3292.000000,237.434820,-427.014394,0.000278,7.946788,7.946788,2.543432
3294.000000,235.469570,-426.671923,0.000059,7.946890,7.946890,2.537845
3296.000000,233.504312,-426.329494,-0.000250,7.947756,7.947756,2.531636
3298.000000,231.539244,-425.985978,-0.000427,7.949277,7.949277,2.524711
3300.000000,229.574489,-425.640676,-0.000529,7.951407,7.951407,2.516885
3302.000000,227.610094,-425.293331,-0.000604,7.954117,7.954117,2.508310
3304.000000,225.646130,-424.943558,-0.000666,7.957383,7.957383,2.498815
3306.000000,223.682624,-424.591223,-0.000694,7.961183,7.961183,2.488346
3308.000000,221.719638,-424.236001,-0.000634,7.965392,7.965392,2.476784
3310.000000,219.757113,-423.878243,-0.000521,7.969996,7.969996,2.464945
3312.000000,217.794947,-423.518519,-0.000445,7.975016,7.975016,2.453897
3314.000000,215.833093,-423.157101,-0.000344,7.980438,7.980438,2.444433
3316.000000,213.871536,-422.794072,-0.000180,7.986276,7.986276,2.437057
3318.000000,211.910066,-422.430574,-0.000074,7.992550,7.992550,2.432136
3320.000000,209.948644,-422.066812,-0.000040,7.999264,7.999264,2.429069
3322.000000,207.987253,-421.702892,-0.000008,8.006384,8.006384,2.428213
3324.000000,206.025868,-421.338934,0.000115,8.013885,8.013885,2.430121
3326.000000,204.064463,-420.975081,0.000281,8.021800,8.021800,2.435560
3328.000000,202.102758,-420.612854,0.000163,8.030346,8.030346,2.446099
3330.000000,200.140859,-420.251677,-0.000217,8.039432,8.039432,2.460231
3332.000000,198.179177,-419.889324,-0.000522,8.048401,8.048401,2.475328
3334.000000,196.217882,-419.524882,-0.000714,8.057153,8.057153,2.490451
3336.000000,194.257112,-419.157629,-0.000854,8.065210,8.065210,2.504649
3338.000000,192.296993,-418.786916,-0.000926,8.071677,8.071677,2.517061
3340.000000,190.337565,-418.412570,-0.000980,8.076502,8.076502,2.526910
3342.000000,188.378856,-418.034474,-0.001062,8.079175,8.079175,2.533164
3344.000000,186.420962,-417.652186,-0.001143,8.079036,8.079036,2.534721
3346.000000,184.463943,-417.265442,-0.001200,8.076136,8.076136,2.531106
3348.000000,182.507870,-416.873945,-0.001312,8.070053,8.070053,2.521970
3350.000000,180.552756,-416.477682,-0.001524,8.060588,8.060588,2.507050
3352.000000,178.598908,-416.075229,-0.001681,8.049128,8.049128,2.484936
3354.000000,176.646434,-415.666161,-0.001776,8.035758,8.035758,2.455444
3356.000000,174.695392,-415.250320,-0.001888,8.021060,8.021060,2.418244
3358.000000,172.745964,-414.826976,-0.001940,8.007054,8.007054,2.373173
3360.000000,170.798203,-414.396025,-0.001958,7.993586,7.993586,2.320803
3362.000000,168.852105,-413.957626,-0.001995,7.980891,7.980891,2.261580
3364.000000,166.907806,-413.511319,-0.002002,7.969502,7.969502,2.195412
3366.000000,164.965292,-413.057306,-0.002000,7.959116,7.959116,2.122904
3368.000000,163.024601,-412.595561,-0.002014,7.949708,7.949708,2.043847
3370.000000,161.085785,-412.126008,-0.002017,7.941287,7.941287,1.957844
3372.000000,159.148881,-411.648625,-0.002004,7.933259,7.933259,1.864733
3374.000000,157.213896,-411.163526,-0.001932,7.925543,7.925543,1.764648
3376.000000,155.280856,-410.670730,-0.001815,7.918171,7.918171,1.658013
3378.000000,153.349538,-410.171226,-0.001787,7.911815,7.911815,1.546061
3380.000000,151.420011,-409.664851,-0.001845,7.906527,7.906527,1.428592
3382.000000,149.492353,-409.151408,-0.001908,7.902389,7.902389,1.305577
3384.000000,147.566679,-408.630572,-0.001967,7.899624,7.899624,1.176867
3386.000000,145.643045,-408.102255,-0.002028,7.898466,7.898466,1.041973
3388.000000,143.721584,-407.566086,-0.002069,7.899089,7.899089,0.899416
3390.000000,141.802353,-407.021990,-0.002082,7.901651,7.901651,0.748719
3392.000000,139.885408,-406.469893,-0.002078,7.906162,7.906162,0.590197
3394.000000,137.970768,-405.909855,-0.002034,7.912616,7.912616,0.424604
3396.000000,136.058451,-405.341935,-0.001959,7.920948,7.920948,0.252682
3398.000000,134.148332,-404.766667,-0.001893,7.930862,7.930862,0.075285
3400.000000,132.240426,-404.184099,-0.001813,7.942224,7.942224,-0.107404
3402.000000,130.334638,-403.594641,-0.001711,7.954896,7.954896,-0.294826
3404.000000,128.430873,-402.998680,-0.001624,7.968669,7.968669,-0.486518
3406.000000,126.529033,-402.396603,-0.001561,7.983394,7.983394,-0.681874
3408.000000,124.629077,-401.788610,-0.001443,7.998935,7.998935,-0.880258
3410.000000,122.730963,-401.174885,-0.001212,8.015239,8.015239,-1.080604
3412.000000,120.834307,-400.556670,-0.001028,8.032225,8.032225,-1.280879
3414.000000,118.938840,-399.934819,-0.000941,8.049796,8.049796,-1.480174
3416.000000,117.044618,-399.309184,-0.000854,8.067737,8.067737,-1.678849
3418.000000,115.151397,-398.680529,-0.000810,8.085684,8.085684,-1.876532
3420.000000,113.259199,-398.048800,-0.000812,8.103272,8.103272,-2.073914
3422.000000,111.368029,-397.414002,-0.000787,8.120004,8.120004,-2.271247
3424.000000,109.477884,-396.776155,-0.000707,8.135574,8.135574,-2.468485
3426.000000,107.588653,-396.135608,-0.000597,8.149640,8.149640,-2.664850
3428.000000,105.700173,-395.492848,-0.000433,8.161820,8.161820,-2.859296
3430.000000,103.812331,-394.848218,-0.000177,8.171922,8.171922,-3.050906
3432.000000,101.924686,-394.203011,-0.000031,8.179105,8.179105,-3.237951
3434.000000,100.036921,-393.558155,-0.000128,8.182700,8.182700,-3.419514
3436.000000,98.149359,-392.912705,-0.000286,8.183009,8.183009,-3.595705
3438.000000,96.262172,-392.266158,-0.000382,8.179963,8.179963,-3.764880
3440.000000,94.375506,-391.618096,-0.000426,8.173722,8.173722,-3.924741
3442.000000,92.489400,-390.968404,-0.000440,8.164745,8.164745,-4.073696
3444.000000,90.603856,-390.317082,-0.000445,8.153116,8.153116,-4.213181
3446.000000,88.718910,-389.664033,-0.000426,8.139291,8.139291,-4.345466
3448.000000,86.834520,-389.009380,-0.000397,8.123928,8.123928,-4.471227
3450.000000,84.950643,-388.353254,-0.000377,8.107147,8.107147,-4.590487
3452.000000,83.067259,-387.695713,-0.000344,8.089320,8.089320,-4.703061
3454.000000,81.184352,-387.036806,-0.000291,8.070964,8.070964,-4.808816
3456.000000,79.301805,-386.376872,-0.000254,8.052592,8.052592,-4.907646
3458.000000,77.419593,-385.715983,-0.000253,8.034768,8.034768,-5.000276
3460.000000,75.537690,-385.054214,-0.000279,8.017761,8.017761,-5.087521
3462.000000,73.656170,-384.391359,-0.000295,8.001223,8.001223,-5.170121
3464.000000,71.775049,-383.727371,-0.000277,7.985136,7.985136,-5.248236
3466.000000,69.894309,-383.062305,-0.000246,7.969510,7.969510,-5.321963
3468.000000,68.013878,-382.396366,-0.000230,7.954355,7.954355,-5.391553
3470.000000,66.133756,-381.729555,-0.000214,7.939630,7.939630,-5.457797
3472.000000,64.253929,-381.061912,-0.000174,7.925318,7.925318,-5.521387
3474.000000,62.374343,-380.393590,-0.000121,7.911318,7.911318,-5.582776
3476.000000,60.494908,-379.724844,-0.000081,7.897364,7.897364,-5.642110
3478.000000,58.615574,-379.055815,-0.000085,7.883234,7.883234,-5.699151
3480.000000,56.736320,-378.386562,-0.000125,7.868905,7.868905,-5.753546
3482.000000,54.857258,-377.716771,-0.000154,7.854685,7.854685,-5.805390
3484.000000,52.978399,-377.046408,-0.000161,7.840627,7.840627,-5.854556
3486.000000,51.099763,-376.375423,-0.000163,7.826723,7.826723,-5.901055
3488.000000,49.221341,-375.703836,-0.000168,7.812954,7.812954,-5.945004
3490.000000,47.343143,-375.031625,-0.000178,7.799306,7.799306,-5.986800
3492.000000,45.465184,-374.358745,-0.000189,7.785745,7.785745,-6.026588
3494.000000,43.587479,-373.685159,-0.000200,7.772254,7.772254,-6.064131
3496.000000,41.710042,-373.010826,-0.000215,7.758875,7.758875,-6.099048
3498.000000,39.832893,-372.335690,-0.000230,7.745625,7.745625,-6.130753
3500.000000,37.956058,-371.659682,-0.000231,7.732572,7.732572,-6.158765
3502.000000,36.079548,-370.982774,-0.000194,7.719904,7.719904,-6.183072
3504.000000,34.203323,-370.305073,-0.000095,7.707691,7.707691,-6.203913
3506.000000,32.327249,-369.626958,0.000026,7.695935,7.695935,-6.221132
3508.000000,30.451104,-368.949038,0.000109,7.684665,7.684665,-6.234250
3510.000000,28.574812,-368.271524,0.000170,7.673921,7.673921,-6.243388
3512.000000,26.698292,-367.594641,0.000175,7.663666,7.663666,-6.248774
3514.000000,24.821458,-366.918631,0.000068,7.653936,7.653936,-6.250831
3516.000000,22.944536,-366.242866,-0.000058,7.645236,7.645236,-6.250801
3518.000000,21.067738,-365.566754,-0.000142,7.637994,7.637994,-6.249283
3520.000000,19.191094,-364.890216,-0.000211,7.632321,7.632321,-6.246023
3522.000000,17.314782,-364.212758,-0.000225,7.628508,7.628508,-6.240980
3524.000000,15.438792,-363.534409,-0.000174,7.626616,7.626616,-6.233460
3526.000000,13.563044,-362.855390,-0.000095,7.626410,7.626410,-6.222892
3528.000000,11.687430,-362.176002,-0.000011,7.627784,7.627784,-6.208961
3530.000000,9.811821,-361.496602,0.000050,7.630340,7.630340,-6.191664
3532.000000,7.936128,-360.817432,0.000302,7.633585,7.633585,-6.171365
3534.000000,6.060324,-360.138567,0.001030,7.637359,7.637359,-6.147812
3536.000000,4.183196,-359.463386,0.001752,7.640628,7.640628,-6.116689
3538.000000,2.303295,-358.795962,0.001897,7.642134,7.642134,-6.074159
3540.000000,0.420897,-358.135612,0.001733,7.641446,7.641446,-6.021446
3542.000000,-1.463791,-357.481826,0.001583,7.637181,7.637181,-5.958708
3544.000000,-3.350495,-356.833879,0.001480,7.627987,7.627987,-5.886180
3546.000000,-5.239107,-356.191513,0.001341,7.613571,7.613571,-5.803689
3548.000000,-7.129511,-355.554439,0.001090,7.593339,7.593339,-5.711611
3550.000000,-9.021275,-354.921412,0.000883,7.567154,7.567154,-5.611196
3552.000000,-10.914057,-354.291437,0.000629,7.535216,7.535216,-5.502865
3554.000000,-12.807894,-353.664639,-0.000043,7.497312,7.497312,-5.386316
3556.000000,-14.701760,-353.037933,-0.000593,7.452642,7.452642,-5.265150
3558.000000,-16.594295,-352.407213,-0.000095,7.400447,7.400447,-5.142633
3560.000000,-18.486487,-351.775466,0.001016,7.341382,7.341382,-5.013134
3562.000000,-20.380213,-351.148351,0.001452,7.277898,7.277898,-4.869335
3564.000000,-22.276287,-350.528354,0.001000,7.212069,7.212069,-4.708690
3566.000000,-24.173369,-349.911446,0.000387,7.141616,7.141616,-4.533365
3568.000000,-26.071043,-349.296362,-0.000226,7.065931,7.065931,-4.338576
3570.000000,-27.968431,-348.680395,-0.000811,6.982924,6.982924,-4.120387
3572.000000,-29.864688,-348.060958,-0.000945,6.890220,6.890220,-3.881706
3574.000000,-31.759487,-347.437078,-0.001251,6.787502,6.787502,-3.626228
3576.000000,-33.653650,-346.811266,-0.003271,6.662437,6.662437,-3.347898
3578.000000,-35.544266,-346.174865,-0.006879,6.511936,6.511936,-3.044681
3580.000000,-37.425815,-345.512285,-0.011629,6.342575,6.342575,-2.715433
3582.000000,-39.292603,-344.809398,-0.018163,6.156668,6.156668,-2.357668
3584.000000,-41.132701,-344.040146,-0.025146,5.965194,5.965194,-1.989202
3586.000000,-42.930265,-343.177057,-0.030640,5.782521,5.782521,-1.634295
3588.000000,-44.671274,-342.205432,-0.034910,5.617072,5.617072,-1.310540
3590.000000,-46.339784,-341.114761,-0.038137,5.476218,5.476218,-1.042136
3592.000000,-47.919105,-339.898915,-0.040340,5.366076,5.366076,-0.832468
3594.000000,-49.396377,-338.560951,-0.042943,5.288447,5.288447,-0.642773
3596.000000,-50.754744,-337.103109,-0.045905,5.243888,5.243888,-0.449737
3598.000000,-51.971990,-335.525424,-0.047751,5.234288,5.234288,-0.272348
3600.000000,-53.033888,-333.838852,-0.049603,5.261957,5.261957,-0.110525
3602.000000,-53.927156,-332.056912,-0.051566,5.329883,5.329883,0.052097
3604.000000,-54.627687,-330.189750,-0.050968,5.439715,5.439715,0.172261
3606.000000,-55.133631,-328.260108,-0.048185,5.600798,5.600798,0.258640
3608.000000,-55.452446,-326.291059,-0.045901,5.827172,5.827172,0.317309
3610.000000,-55.592583,-324.301862,-0.045243,6.115911,6.115911,0.342621
3612.000000,-55.553563,-322.308586,-0.045167,6.461138,6.461138,0.381194
3614.000000,-55.333940,-320.327494,-0.044453,6.859128,6.859128,0.394092
3616.000000,-54.939966,-318.373710,-0.043307,7.300746,7.300746,0.349612
3618.000000,-54.378826,-316.461245,-0.041268,7.772398,7.772398,0.243481
3620.000000,-53.659477,-314.602419,-0.038010,8.259320,8.259320,0.080599
3622.000000,-52.802844,-312.802206,-0.034859,8.736656,8.736656,-0.132739
3624.000000,-51.823350,-311.065731,-0.030952,9.184198,9.184198,-0.390900
3626.000000,-50.734292,-309.395463,-0.025369,9.588392,9.588392,-0.681436
3628.000000,-49.564471,-307.780092,-0.020500,9.932614,9.932614,-0.987186
3630.000000,-48.330668,-306.213038,-0.016062,10.209273,10.209273,-1.311757
3632.000000,-47.043918,-304.688918,-0.010679,10.420570,10.420570,-1.657824
3634.000000,-45.727448,-303.190165,-0.006375,10.572245,10.572245,-2.001018
3636.000000,-44.393303,-301.707116,-0.003528,10.672739,10.672739,-2.325231
3638.000000,-43.047946,-300.234197,-0.001301,10.730886,10.730886,-2.629565
3640.000000,-41.700896,-298.762820,-0.000342,10.756350,10.756350,-2.911662
3642.000000,-40.353094,-297.292132,-0.000049,10.754030,10.754030,-3.171081
3644.000000,-39.004466,-295.822200,0.000840,10.724993,10.724993,-3.408134
3646.000000,-37.657669,-294.350591,0.001900,10.671202,10.671202,-3.619688
3648.000000,-36.317919,-292.872567,0.002395,10.603804,10.603804,-3.795549
3650.000000,-34.984629,-291.388711,0.003141,10.525906,10.525906,-3.940578
3652.000000,-33.659684,-289.897401,0.003534,10.442684,10.442684,-4.059758
3654.000000,-32.348942,-288.393590,0.002228,10.370235,10.370235,-4.145122
3656.000000,-31.043653,-286.885042,0.000567,10.303019,10.303019,-4.209168
3658.000000,-29.739956,-285.375119,-0.000443,10.242641,10.242641,-4.259016
3660.000000,-28.434434,-283.866773,-0.001031,10.188921,10.188921,-4.299047
3662.000000,-27.125639,-282.361267,-0.001394,10.117970,10.117970,-4.334340
3664.000000,-25.812829,-280.859263,-0.001711,10.026942,10.026942,-4.369663
3666.000000,-24.494604,-279.362011,-0.001741,9.917212,9.917212,-4.408153
3668.000000,-23.170755,-277.869726,-0.001449,9.792019,9.792019,-4.450194
3670.000000,-21.842792,-276.381101,-0.001033,9.654499,9.654499,-4.494654
3672.000000,-20.511439,-274.895506,-0.000353,9.509689,9.509689,-4.542372
3674.000000,-19.178715,-273.411140,0.000529,9.363506,9.363506,-4.592118
3676.000000,-17.847931,-271.925036,0.001215,9.221314,9.221314,-4.638202
3678.000000,-16.520910,-270.435572,0.001646,9.087146,9.087146,-4.674485
3680.000000,-15.198857,-268.941698,0.001939,8.965484,8.965484,-4.696269
3682.000000,-13.882713,-267.442617,0.002222,8.862064,8.862064,-4.702157
3684.000000,-12.572948,-265.937960,0.002716,8.777726,8.777726,-4.693196
3686.000000,-11.271165,-264.426400,0.003190,8.709256,8.709256,-4.668879
3688.000000,-9.979761,-262.905963,0.003241,8.651881,8.651881,-4.626003
3690.000000,-8.698215,-261.377204,0.003058,8.603200,8.603200,-4.564850
3692.000000,-7.425989,-259.840683,0.002715,8.560302,8.560302,-4.485415
3694.000000,-6.162657,-258.296835,0.002082,8.520275,8.520275,-4.385226
3696.000000,-4.905561,-256.747900,0.001481,8.482121,8.482121,-4.266246
3698.000000,-3.652761,-255.195488,0.001060,8.445058,8.445058,-4.133303
3700.000000,-2.403442,-253.640273,0.000662,8.408857,8.408857,-3.989190
3702.000000,-1.156001,-252.083550,0.000356,8.373832,8.373832,-3.835741
3704.000000,0.090461,-250.526042,0.000151,8.340222,8.340222,-3.673956
3706.000000,1.336340,-248.968069,-0.000109,8.308575,8.308575,-3.504442
3708.000000,2.582480,-247.410305,-0.000489,8.279808,8.279808,-3.329057
3710.000000,3.830041,-245.853678,-0.000896,8.253552,8.253552,-3.150929
3712.000000,5.080578,-244.299442,-0.001271,8.228670,8.228670,-2.974849
3714.000000,6.334860,-242.748228,-0.001722,8.204937,8.204937,-2.804621
3716.000000,7.594412,-241.201293,-0.002109,8.180506,8.180506,-2.644209
3718.000000,8.860942,-239.660065,-0.002212,8.153057,8.153057,-2.498131
3720.000000,10.134220,-238.124407,-0.002136,8.122578,8.122578,-2.367210
3722.000000,11.414180,-236.594314,-0.001839,8.088354,8.088354,-2.251676
3724.000000,12.700161,-235.069275,-0.001288,8.050127,8.050127,-2.151436
3726.000000,13.989851,-233.547371,-0.000677,8.009611,8.009611,-2.063752
3728.000000,15.281771,-232.027358,0.000093,7.967696,7.967696,-1.986777
3730.000000,16.573743,-230.507390,0.000917,7.925736,7.925736,-1.918838
3732.000000,17.862256,-228.984490,0.001449,7.885991,7.885991,-1.855666
3734.000000,19.146487,-227.457978,0.001882,7.848992,7.848992,-1.796978
3736.000000,20.425096,-225.926757,0.002233,7.815497,7.815497,-1.743406
3738.000000,21.696248,-224.389339,0.002240,7.786399,7.786399,-1.691937
3740.000000,22.960592,-222.846316,0.002059,7.761227,7.761227,-1.641938
3742.000000,24.218487,-221.298031,0.001716,7.739572,7.739572,-1.594908
3744.000000,25.470707,-219.745151,0.001198,7.720674,7.720674,-1.550949
3746.000000,26.719506,-218.189517,0.000722,7.703232,7.703232,-1.508036
3748.000000,27.965981,-216.632021,0.000140,7.686481,7.686481,-1.462656
3750.000000,29.211560,-215.073808,-0.000557,7.669514,7.669514,-1.414977
3752.000000,30.459511,-213.517494,-0.001013,7.651208,7.651208,-1.370307
3754.000000,31.710534,-211.963649,-0.001457,7.631340,7.631340,-1.329916
3756.000000,32.965602,-210.413073,-0.001961,7.609461,7.609461,-1.293312
3758.000000,34.227535,-208.868077,-0.002123,7.584486,7.584486,-1.263792
3760.000000,35.495905,-207.328362,-0.002096,7.556663,7.556663,-1.241625
3762.000000,36.770661,-205.793931,-0.001915,7.525998,7.525998,-1.226622
3764.000000,38.051910,-204.264915,-0.001423,7.492488,7.492488,-1.219976
3766.000000,39.337205,-202.739297,-0.000921,7.457337,7.457337,-1.219268
3768.000000,40.625269,-201.216015,-0.000488,7.421297,7.421297,-1.222484
3770.000000,41.914959,-199.694110,-0.000081,7.384775,7.384775,-1.228372
3772.000000,43.204555,-198.172125,0.000120,7.347500,7.347500,-1.234797
3774.000000,44.493701,-196.649759,0.000147,7.309388,7.309388,-1.241186
3776.000000,45.782388,-195.127005,0.000088,7.270071,7.270071,-1.247883
3778.000000,47.070658,-193.603897,-0.000098,7.228800,7.228800,-1.255311
3780.000000,48.359151,-192.080978,-0.000367,7.185260,7.185260,-1.264581
3782.000000,49.648809,-190.559046,-0.000579,7.138923,7.138923,-1.277437
3784.000000,50.940366,-189.038726,-0.000692,7.089322,7.089322,-1.296278
3786.000000,52.233987,-187.520161,-0.000685,7.036576,7.036576,-1.323148
3788.000000,53.529964,-186.003607,-0.000415,6.980603,6.980603,-1.360808
3790.000000,54.827459,-184.488350,0.000041,6.922051,6.922051,-1.410856
3792.000000,56.124588,-182.972780,0.000440,6.862383,6.862383,-1.471369
3794.000000,57.420432,-181.456111,0.000816,6.802355,6.802355,-1.539861
3796.000000,58.713884,-179.937404,0.001229,6.742903,6.742903,-1.613957
3798.000000,60.003516,-178.415452,0.001578,6.685299,6.685299,-1.691014
3800.000000,61.288255,-176.889369,0.001853,6.630842,6.630842,-1.768950
3802.000000,62.567405,-175.358598,0.002226,6.580677,6.580677,-1.846722
3804.000000,63.840017,-173.822391,0.002732,6.535816,6.535816,-1.923618
3806.000000,65.104030,-172.279106,0.003172,6.497845,6.497845,-1.997534
3808.000000,66.358185,-170.727800,0.003583,6.467660,6.467660,-2.067747
3810.000000,67.601474,-169.167777,0.004060,6.445410,6.445410,-2.136559
3812.000000,68.831847,-167.597555,0.004411,6.431462,6.431462,-2.205140
3814.000000,70.048178,-166.016430,0.004598,6.425239,6.425239,-2.273504
3816.000000,71.250037,-164.424280,0.004823,6.425326,6.425326,-2.341506
3818.000000,72.436652,-162.820738,0.005158,6.430526,6.430526,-2.406882
3820.000000,73.606705,-161.205079,0.005470,6.439995,6.439995,-2.465174
3822.000000,74.758846,-159.576602,0.005568,6.453184,6.453184,-2.514118
3824.000000,75.892548,-157.935234,0.005432,6.469845,6.469845,-2.555915
3826.000000,77.008403,-156.281675,0.005285,6.490667,6.490667,-2.595697
3828.000000,78.107009,-154.616607,0.005283,6.516238,6.516238,-2.638535
3830.000000,79.187999,-152.940050,0.005374,6.546250,6.546250,-2.685804
3832.000000,80.251033,-151.252052,0.005521,6.580426,6.580426,-2.737016
3834.000000,81.295453,-149.552476,0.005697,6.618093,6.618093,-2.791128
3836.000000,82.320423,-147.841103,0.005864,6.658402,6.658402,-2.846208
3838.000000,83.325371,-146.117897,0.006057,6.700899,6.700899,-2.900630
3840.000000,84.309445,-144.382690,0.006234,6.744525,6.744525,-2.952628
3842.000000,85.271704,-142.635292,0.006371,6.787916,6.787916,-3.000155
3844.000000,86.211844,-140.875894,0.006604,6.830786,6.830786,-3.042670
3846.000000,87.128893,-139.104358,0.006907,6.871625,6.871625,-3.079875
3848.000000,88.021182,-137.320223,0.007170,6.907950,6.907950,-3.110338
3850.000000,88.888075,-135.523613,0.007496,6.939352,6.939352,-3.133363
3852.000000,89.728065,-133.714279,0.007731,6.964324,6.964324,-3.147641
3854.000000,90.539380,-131.891899,0.007673,6.981112,6.981112,-3.150819
3856.000000,91.322939,-130.057412,0.007547,6.990988,6.990988,-3.143605
3858.000000,92.078767,-128.211325,0.007394,6.994171,6.994171,-3.126687
3860.000000,92.807006,-126.354176,0.007160,6.991029,6.991029,-3.100789
3862.000000,93.508932,-124.486920,0.007008,6.983383,6.983383,-3.067864
3864.000000,94.184703,-122.610038,0.006915,6.971680,6.971680,-3.029995
3866.000000,94.834423,-120.723978,0.006815,6.956368,6.956368,-2.991150
3868.000000,95.458597,-118.829308,0.006774,6.938815,6.938815,-2.955663
3870.000000,96.057123,-116.926380,0.006775,6.920009,6.920009,-2.924747
3872.000000,96.629867,-115.015532,0.006772,6.901314,6.901314,-2.896560
3874.000000,97.176733,-113.097117,0.006761,6.884772,6.884772,-2.867493
3876.000000,97.697675,-111.171499,0.006748,6.870112,6.870112,-2.833692
3878.000000,98.192660,-109.239045,0.006689,6.857236,6.857236,-2.792725
3880.000000,98.661628,-107.300109,0.006559,6.846295,6.846295,-2.745281
3882.000000,99.105274,-105.355222,0.006431,6.837930,6.837930,-2.695653
3884.000000,99.523953,-103.404805,0.006295,6.832535,6.832535,-2.646965
3886.000000,99.917955,-101.449251,0.006096,6.830463,6.830463,-2.598658
3888.000000,100.288181,-99.489055,0.005860,6.832743,6.832743,-2.550719
3890.000000,100.635415,-97.524653,0.005650,6.840133,6.840133,-2.503462
3892.000000,100.960659,-95.556490,0.005410,6.853614,6.853614,-2.457507
3894.000000,101.264229,-93.584864,0.004964,6.874430,6.874430,-2.412569
3896.000000,101.548113,-91.610305,0.004492,6.902336,6.902336,-2.370167
3898.000000,101.814905,-89.633363,0.004209,6.936788,6.936788,-2.332659
3900.000000,102.064761,-87.654208,0.003912,6.977818,6.977818,-2.298520
3902.000000,102.299148,-85.673161,0.003583,7.024104,7.024104,-2.266257
3904.000000,102.519601,-83.690514,0.003322,7.074376,7.074376,-2.234368
3906.000000,102.726726,-81.706430,0.003036,7.128103,7.128103,-2.201251
3908.000000,102.921875,-79.721131,0.002703,7.184379,7.184379,-2.167655
3910.000000,103.106227,-77.734801,0.002408,7.242280,7.242280,-2.135351
3912.000000,103.281316,-75.747632,0.002203,7.299779,7.299779,-2.106747
3914.000000,103.447556,-73.759704,0.001931,7.356527,7.356527,-2.082293
3916.000000,103.605821,-71.771125,0.001616,7.411390,7.411390,-2.061738
3918.000000,103.758245,-69.782089,0.001466,7.461357,7.461357,-2.047687
3920.000000,103.904690,-67.792604,0.001369,7.506840,7.506840,-2.039895
3922.000000,104.045657,-65.802723,0.001236,7.548143,7.548143,-2.036726
3924.000000,104.181818,-63.812508,0.001132,7.585928,7.585928,-2.036487
3926.000000,104.313448,-61.821988,0.001021,7.619891,7.619891,-2.037133
3928.000000,104.440975,-59.831201,0.000970,7.650018,7.650018,-2.036978
3930.000000,104.565019,-57.840194,0.001034,7.676318,7.676318,-2.035940
3932.000000,104.684717,-55.848921,0.001066,7.698315,7.698315,-2.033128
3934.000000,104.800154,-53.857396,0.001004,7.715935,7.715935,-2.028439
3936.000000,104.911523,-51.865640,0.000899,7.729164,7.729164,-2.021802
3938.000000,105.019329,-49.873688,0.000785,7.738594,7.738594,-2.013317
3940.000000,105.124045,-47.881571,0.000651,7.744459,7.744459,-2.002595
3942.000000,105.226022,-45.889312,0.000462,7.747117,7.747117,-1.988711
3944.000000,105.326217,-43.896962,0.000297,7.747472,7.747472,-1.971361
3946.000000,105.425371,-41.904560,0.000211,7.745855,7.745855,-1.950580
3948.000000,105.523664,-39.912116,0.000074,7.742478,7.742478,-1.926088
3950.000000,105.621361,-37.919642,-0.000160,7.737378,7.737378,-1.897607
3952.000000,105.719932,-35.927211,-0.000327,7.732396,7.732396,-1.866522
3954.000000,105.819899,-33.934850,-0.000323,7.727778,7.727778,-1.834002
3956.000000,105.921406,-31.942567,-0.000232,7.723566,7.723566,-1.801018
3958.000000,106.023567,-29.950317,-0.000209,7.719270,7.719270,-1.767935
3960.000000,106.126576,-27.958111,-0.000230,7.714904,7.714904,-1.735299
3962.000000,106.230562,-25.965956,-0.000231,7.710475,7.710475,-1.703734
3964.000000,106.335404,-23.973845,-0.000241,7.705890,7.705890,-1.674867
3966.000000,106.441222,-21.981786,-0.000243,7.701259,7.701259,-1.644988
3968.000000,106.548069,-19.989782,-0.000249,7.696637,7.696637,-1.616661
3970.000000,106.655739,-17.997823,-0.000299,7.692045,7.692045,-1.589758
3972.000000,106.764698,-16.005933,-0.000323,7.687520,7.687520,-1.564458
3974.000000,106.875003,-14.014118,-0.000375,7.683112,7.683112,-1.540676
3976.000000,106.986453,-12.022366,-0.000490,7.678891,7.678891,-1.517884
3978.000000,107.100232,-10.030746,-0.000475,7.675347,7.675347,-1.497237
3980.000000,107.215996,-8.039240,-0.000335,7.672421,7.672421,-1.478756
3982.000000,107.333003,-6.047807,-0.000224,7.669869,7.669869,-1.461811
3984.000000,107.450861,-4.056425,-0.000156,7.667561,7.667561,-1.445992
3986.000000,107.569338,-2.065078,-0.000109,7.665453,7.665453,-1.431161
3988.000000,107.688204,-0.073755,-0.000082,7.663511,7.663511,-1.417171
3990.000000,107.807403,1.917548,-0.000053,7.661718,7.661718,-1.403570
3992.000000,107.926844,3.908836,-0.000026,7.660103,7.660103,-1.389338
3994.000000,108.046308,5.900123,-0.000013,7.658695,7.658695,-1.374317
3996.000000,108.165899,7.891403,0.000012,7.657551,7.657551,-1.359171
3998.000000,108.285413,9.882687,0.000024,7.656756,7.656756,-1.343848
4000.000000,108.404764,11.873981,0.000001,7.656386,7.656386,-1.328122
4002.000000,108.524130,13.865274,-0.000010,7.656559,7.656559,-1.311994
4004.000000,108.643618,15.856560,0.000005,7.657351,7.657351,-1.295591
4006.000000,108.763009,17.847851,0.000013,7.658762,7.658762,-1.278817
4008.000000,108.882393,19.839143,0.000030,7.660756,7.660756,-1.261899
4010.000000,109.001675,21.830441,0.000059,7.663331,7.663331,-1.244916
4012.000000,109.120698,23.821755,0.000071,7.666442,7.666442,-1.227796
4014.000000,109.239402,25.813087,0.000068,7.670040,7.670040,-1.210537
4016.000000,109.357870,27.804434,0.000069,7.674201,7.674201,-1.193403
4018.000000,109.476055,29.795797,0.000081,7.678926,7.678926,-1.176367
4020.000000,109.593942,31.787179,0.000073,7.684258,7.684258,-1.159256
4022.000000,109.711422,33.778584,0.000021,7.690445,7.690445,-1.141752
4024.000000,109.828851,35.769992,-0.000019,7.697541,7.697541,-1.124033
4026.000000,109.946455,37.761390,0.000011,7.705490,7.705490,-1.106305
4028.000000,110.064070,39.752787,0.000058,7.713851,7.713851,-1.088486
4030.000000,110.181308,41.744207,0.000041,7.722638,7.722638,-1.070188
4032.000000,110.298364,43.735637,-0.000004,7.731808,7.731808,-1.051549
4034.000000,110.415514,45.727061,0.000001,7.741290,7.741290,-1.032925
4036.000000,110.532719,47.718483,0.000017,7.750717,7.750717,-1.014430
4038.000000,110.649702,49.709917,-0.000009,7.759889,7.759889,-0.995810
4040.000000,110.766807,51.701344,-0.000011,7.768590,7.768590,-0.977469
4042.000000,110.884039,53.692764,0.000012,7.776730,7.776730,-0.959599
4044.000000,111.001071,55.684196,0.000003,7.784294,7.784294,-0.941904
4046.000000,111.118191,57.675622,0.000009,7.791319,7.791319,-0.924700
4048.000000,111.235291,59.667050,0.000022,7.798151,7.798151,-0.907938
4050.000000,111.352200,61.658489,-0.000006,7.804725,7.804725,-0.891270
4052.000000,111.469165,63.649924,-0.000036,7.811005,7.811005,-0.874751
4054.000000,111.586311,65.641349,-0.000014,7.816980,7.816980,-0.858363
4056.000000,111.703610,67.632765,0.000032,7.822559,7.822559,-0.841929
4058.000000,111.820638,69.624197,0.000037,7.827693,7.827693,-0.824791
4060.000000,111.937545,71.615636,0.000025,7.832347,7.832347,-0.806911
4062.000000,112.054377,73.607079,0.000016,7.836497,7.836497,-0.788287
4064.000000,112.171076,75.598530,-0.000022,7.840139,7.840139,-0.768847
4066.000000,112.287860,77.589976,-0.000065,7.843274,7.843274,-0.749088
4068.000000,112.404960,79.581404,-0.000065,7.845910,7.845910,-0.729746
4070.000000,112.522376,81.572813,-0.000019,7.848063,7.848063,-0.711196
4072.000000,112.639879,83.564216,-0.000014,7.849744,7.849744,-0.693128
4074.000000,112.757188,85.555632,-0.000090,7.850970,7.850970,-0.675036
4076.000000,112.875015,87.547016,-0.000063,7.851756,7.851756,-0.657646
4078.000000,112.993423,89.538367,0.000088,7.852115,7.852115,-0.641452
4080.000000,113.111149,91.529757,0.000137,7.852051,7.852051,-0.625350
4082.000000,113.228255,93.521184,0.000075,7.851690,7.851690,-0.609192
4084.000000,113.345107,95.512627,0.000018,7.851095,7.851095,-0.593183
4086.000000,113.461899,97.504072,-0.000014,7.850232,7.850232,-0.577382
4088.000000,113.578784,99.495512,-0.000038,7.849085,7.849085,-0.561985
4090.000000,113.695766,101.486947,-0.000072,7.847653,7.847653,-0.547123
4092.000000,113.813065,103.478363,-0.000093,7.845946,7.845946,-0.533203
4094.000000,113.930772,105.469755,-0.000083,7.843956,7.843956,-0.520723
4096.000000,114.048824,107.461126,-0.000063,7.841721,7.841721,-0.510117
4098.000000,114.167101,109.452484,-0.000035,7.839299,7.839299,-0.501633
4100.000000,114.285591,111.443829,0.000022,7.836709,7.836709,-0.495448
4102.000000,114.403985,113.435180,0.000049,7.834079,7.834079,-0.491345
4104.000000,114.522007,115.426554,0.000004,7.831531,7.831531,-0.488943
4106.000000,114.640097,117.417923,-0.000038,7.829018,7.829018,-0.488526
4108.000000,114.758354,119.409282,-0.000061,7.826541,7.826541,-0.489959
4110.000000,114.876818,121.400629,-0.000079,7.824109,7.824109,-0.492938
4112.000000,114.995666,123.391953,-0.000075,7.821741,7.821741,-0.497307
4114.000000,115.114794,125.383260,-0.000086,7.819442,7.819442,-0.502830
4116.000000,115.234166,127.374553,-0.000111,7.817222,7.817222,-0.509668
4118.000000,115.354138,129.365809,-0.000110,7.815094,7.815094,-0.518562
4120.000000,115.474426,131.357047,-0.000124,7.813063,7.813063,-0.529410
4122.000000,115.595227,133.348253,-0.000141,7.811138,7.811138,-0.542212
4124.000000,115.716658,135.339421,-0.000121,7.809332,7.809332,-0.556880
4126.000000,115.838562,137.330561,-0.000100,7.807667,7.807667,-0.573007
4128.000000,115.960811,139.321679,-0.000105,7.806153,7.806153,-0.590212
4130.000000,116.083484,141.312771,-0.000102,7.804804,7.804804,-0.608399
4132.000000,116.206627,143.303834,-0.000078,7.803704,7.803704,-0.627592
4134.000000,116.330025,145.294881,-0.000077,7.802864,7.802864,-0.647629
4136.000000,116.453680,147.285912,-0.000099,7.802301,7.802301,-0.668523
4138.000000,116.577783,149.276916,-0.000098,7.802053,7.802053,-0.690428
4140.000000,116.702302,151.267893,-0.000083,7.802148,7.802148,-0.713273
4142.000000,116.827093,153.258854,-0.000091,7.802626,7.802626,-0.736821
4144.000000,116.952243,155.249792,-0.000124,7.803571,7.803571,-0.760851
4146.000000,117.077845,157.240701,-0.000184,7.804967,7.804967,-0.785081
4148.000000,117.204149,159.231566,-0.000193,7.806826,7.806826,-0.809958
4150.000000,117.331514,161.222363,-0.000114,7.809170,7.809170,-0.837233
4152.000000,117.459125,163.213145,-0.000085,7.811806,7.811806,-0.867688
4154.000000,117.586994,165.203910,-0.000031,7.814691,7.814691,-0.901895
4156.000000,117.715456,167.194637,0.000124,7.817804,7.817804,-0.940431
4158.000000,117.842970,169.185425,0.000168,7.821063,7.821063,-0.981491
4160.000000,117.969824,171.176255,0.000130,7.824351,7.824351,-1.024788
4162.000000,118.096272,173.167111,0.000128,7.827515,7.827515,-1.070667
4164.000000,118.222128,175.158004,0.000124,7.830287,7.830287,-1.119339
4166.000000,118.347538,177.148926,0.000129,7.832771,7.832771,-1.171330
4168.000000,118.472469,179.139877,0.000145,7.835033,7.835033,-1.227079
4170.000000,118.596757,181.130869,0.000131,7.837068,7.837068,-1.286697
4172.000000,118.720513,183.121894,0.000095,7.839032,7.839032,-1.350259
4174.000000,118.843893,185.112943,0.000049,7.841003,7.841003,-1.417685
4176.000000,118.967053,187.104005,0.000012,7.843016,7.843016,-1.489132
4178.000000,119.090253,189.095064,0.000010,7.845195,7.845195,-1.564817
4180.000000,119.213405,191.086127,0.000014,7.847623,7.847623,-1.644422
4182.000000,119.336459,193.077195,0.000006,7.850398,7.850398,-1.727465
4184.000000,119.459537,195.068262,0.000012,7.853657,7.853657,-1.813576
4186.000000,119.582577,197.059332,0.000028,7.857297,7.857297,-1.902172
4188.000000,119.705479,199.050409,0.000027,7.861165,7.861165,-1.992642
4190.000000,119.828258,201.041495,0.000016,7.865250,7.865250,-2.084664
4192.000000,119.950984,203.032584,0.000005,7.869429,7.869429,-2.177916
4194.000000,120.073678,205.023674,-0.000005,7.873591,7.873591,-2.271696
4196.000000,120.196404,207.014763,-0.000015,7.877717,7.877717,-2.365496
4198.000000,120.319182,209.005849,-0.000020,7.881733,7.881733,-2.458942
4200.000000,120.442059,210.996928,-0.000021,7.885588,7.885588,-2.551702
4202.000000,120.565005,212.988004,-0.000022,7.889269,7.889269,-2.643142
4204.000000,120.688050,214.979073,-0.000021,7.892755,7.892755,-2.732579
4206.000000,120.811176,216.970137,-0.000018,7.896049,7.896049,-2.819207
4208.000000,120.934381,218.961196,-0.000011,7.899166,7.899166,-2.902406
4210.000000,121.057636,220.952252,0.000002,7.902129,7.902129,-2.981741
4212.000000,121.180888,222.943308,0.000012,7.904998,7.904998,-3.056873
4214.000000,121.304073,224.934369,0.000017,7.907864,7.907864,-3.127937
4216.000000,121.427200,226.925433,0.000019,7.910728,7.910728,-3.195777
4218.000000,121.550231,228.916503,0.000019,7.913608,7.913608,-3.261108
4220.000000,121.673209,230.907576,0.000025,7.916528,7.916528,-3.324430
4222.000000,121.796084,232.898655,0.000029,7.919557,7.919557,-3.386007
4224.000000,121.918824,234.889743,0.000029,7.922703,7.922703,-3.445873
4226.000000,122.041472,236.880837,0.000027,7.925986,7.925986,-3.504471
4228.000000,122.163985,238.871939,0.000022,7.929465,7.929465,-3.562312
4230.000000,122.286425,240.863045,0.000006,7.933064,7.933064,-3.620019
4232.000000,122.408799,242.854156,-0.000016,7.936723,7.936723,-3.678001
4234.000000,122.531279,244.845260,-0.000028,7.940348,7.940348,-3.736468
4236.000000,122.653871,246.836357,-0.000035,7.943692,7.943692,-3.795315
4238.000000,122.776581,248.827446,-0.000042,7.946634,7.946634,-3.854738
4240.000000,122.899493,250.818524,-0.000043,7.949056,7.949056,-3.915167
4242.000000,123.022551,252.809592,-0.000042,7.950754,7.950754,-3.976766
4244.000000,123.145802,254.800648,-0.000048,7.951706,7.951706,-4.039404
4246.000000,123.269197,256.791696,-0.000052,7.951919,7.951919,-4.102476
4248.000000,123.392867,258.782726,-0.000035,7.951459,7.951459,-4.165405
4250.000000,123.516663,260.773749,-0.000017,7.950481,7.950481,-4.227414
4252.000000,123.640485,262.764770,0.000037,7.949133,7.949133,-4.287663
4254.000000,123.764404,264.755784,0.000185,7.947532,7.947532,-4.345570
4256.000000,123.887518,266.746849,0.000337,7.946257,7.946257,-4.399718
4258.000000,124.009210,268.738001,0.000416,7.945686,7.945686,-4.449100
4260.000000,124.129204,270.729257,0.000450,7.945991,7.945991,-4.493142
4262.000000,124.247403,272.720619,0.000474,7.947367,7.947367,-4.531302
4264.000000,124.363741,274.712091,0.000548,7.949996,7.949996,-4.562767
4266.000000,124.478066,276.703680,0.000637,7.954166,7.954166,-4.587028
4268.000000,124.589571,278.695428,0.000594,7.961271,7.961271,-4.602958
4270.000000,124.698610,280.687314,0.000452,7.971177,7.971177,-4.610839
4272.000000,124.805958,282.679291,0.000324,7.983271,7.983271,-4.611774
4274.000000,124.911975,284.671339,0.000194,7.997823,7.997823,-4.606570
4276.000000,125.017202,286.663429,0.000084,8.013380,8.013380,-4.596065
4278.000000,125.122254,288.655529,0.000118,8.028378,8.028378,-4.581143
4280.000000,125.227115,290.647638,0.000319,8.042536,8.042536,-4.561876
4282.000000,125.330662,292.639816,0.000525,8.052917,8.052917,-4.536805
4284.000000,125.431959,294.632110,0.000672,8.057216,8.057216,-4.504578
4286.000000,125.530719,296.624531,0.000828,8.054199,8.054199,-4.464787
4288.000000,125.626124,298.617115,0.000993,8.040645,8.040645,-4.416665
4290.000000,125.717606,300.609884,0.001138,8.015059,8.015059,-4.359896
4292.000000,125.804493,302.602857,0.001248,7.977632,7.977632,-4.294704
4294.000000,125.886404,304.596042,0.001333,7.927584,7.927584,-4.221729
4296.000000,125.963011,306.589437,0.001395,7.865024,7.865024,-4.138952
4298.000000,126.034002,308.583040,0.001430,7.791119,7.791119,-4.042882
4300.000000,126.099342,310.576835,0.001448,7.706008,7.706008,-3.931403
4302.000000,126.158850,312.570814,0.001378,7.610292,7.610292,-3.804334
4304.000000,126.212628,314.564955,0.001135,7.504975,7.504975,-3.664658
4306.000000,126.261778,316.559217,0.001115,7.390275,7.390275,-3.515909
4308.000000,126.307850,318.553552,0.002064,7.266640,7.266640,-3.356939
4310.000000,126.346955,320.548024,0.003395,7.133295,7.133295,-3.175912
4312.000000,126.370225,322.542740,0.002098,6.989637,6.989637,-2.955017
4314.000000,126.378100,324.537582,-0.003883,6.836216,6.836216,-2.681383
4316.000000,126.399205,326.532198,-0.010763,6.673048,6.673048,-2.367500
4318.000000,126.471029,328.525608,-0.014795,6.502508,6.502508,-2.047794
4320.000000,126.599379,330.516113,-0.018168,6.327488,6.327488,-1.730842
4322.000000,126.798980,332.500545,-0.022070,6.150332,6.150332,-1.431379
4324.000000,127.087358,334.473852,-0.025006,5.975683,5.975683,-1.161518
4326.000000,127.474901,336.429987,-0.027518,5.808095,5.808095,-0.922314
4328.000000,127.966776,338.362442,-0.031142,5.649719,5.649719,-0.721506
4330.000000,128.576739,340.260394,-0.034707,5.506175,5.506175,-0.560863
4332.000000,129.320313,342.110056,-0.036456,5.383887,5.383887,-0.415208
4334.000000,130.195897,343.901062,-0.037590,5.283124,5.283124,-0.251904
4336.000000,131.202268,345.621884,-0.038556,5.196012,5.196012,-0.063310
4338.000000,132.340347,347.258912,-0.038345,5.105265,5.105265,0.145693
4340.000000,133.600150,348.804600,-0.037605,5.020631,5.020631,0.383444
4342.000000,134.972185,350.252030,-0.037481,4.951055,4.951055,0.643161
4344.000000,136.447734,351.594322,-0.037659,4.909154,4.909154,0.909689
4346.000000,138.021336,352.820403,-0.037216,4.903157,4.903157,1.186623
4348.000000,139.681099,353.926605,-0.036315,4.937543,4.937543,1.486775
4350.000000,141.416495,354.909231,-0.035406,5.016480,5.016480,1.789518
4352.000000,143.216483,355.767318,-0.034588,5.137878,5.137878,2.049926
4354.000000,145.071206,356.499149,-0.033784,5.299439,5.299439,2.253335
4356.000000,146.970953,357.104280,-0.032366,5.497635,5.497635,2.391934
4358.000000,148.906210,357.583753,-0.029265,5.721736,5.721736,2.452516
4360.000000,150.866849,357.947035,-0.023971,5.958855,5.958855,2.416249
4362.000000,152.843192,358.214733,-0.017566,6.192455,6.192455,2.275511
4364.000000,154.827857,358.414328,-0.011811,6.396404,6.396404,2.046196
4366.000000,156.816655,358.568698,-0.007686,6.554594,6.554594,1.746003
4368.000000,158.807520,358.694598,-0.004203,6.666907,6.666907,1.381068
4370.000000,160.799539,358.800700,0.001405,6.732211,6.732211,0.947695
4372.000000,162.791470,358.908099,0.008592,6.754223,6.754223,0.456064
4374.000000,164.780717,359.055005,0.013695,6.743457,6.743457,-0.052981
4376.000000,166.765034,359.257940,0.017046,6.708289,6.708289,-0.551101
4378.000000,168.741362,359.526238,0.020130,6.659848,6.659848,-1.026544
4380.000000,170.704687,359.876803,0.021839,6.611950,6.611950,-1.463675
4382.000000,172.650715,360.313483,0.022452,6.575250,6.575250,-1.860440
4384.000000,174.575425,360.836045,0.022788,6.561483,6.561483,-2.216086
4386.000000,176.473936,361.447196,0.022306,6.578339,6.578339,-2.513697
4388.000000,178.343288,362.142752,0.021401,6.619446,6.619446,-2.750230
4390.000000,180.181780,362.916358,0.020674,6.672790,6.672790,-2.932143
4392.000000,181.986418,363.766169,0.019644,6.737982,6.737982,-3.067203
4394.000000,183.756398,364.686184,0.019084,6.808661,6.808661,-3.169893
4396.000000,185.491745,365.670088,0.019525,6.876979,6.876979,-3.256691
4398.000000,187.186168,366.722874,0.019796,6.941403,6.941403,-3.310066
4400.000000,188.838143,367.840940,0.019939,6.997025,6.997025,-3.327692
4402.000000,190.444360,369.023665,0.020293,7.040013,7.040013,-3.313307
4404.000000,192.001149,370.270608,0.020511,7.074175,7.074175,-3.270674
4406.000000,193.505558,371.580173,0.020671,7.099581,7.099581,-3.193772
4408.000000,194.954793,372.950468,0.020841,7.117202,7.117202,-3.083415
4410.000000,196.345613,374.379941,0.020921,7.133336,7.133336,-2.941222
4412.000000,197.675568,375.866175,0.020981,7.150056,7.150056,-2.766029
4414.000000,198.942333,377.406594,0.021019,7.167731,7.167731,-2.564525
4416.000000,200.143022,378.999026,0.020793,7.187690,7.187690,-2.354786
4418.000000,201.276468,380.640056,0.020425,7.212039,7.212039,-2.151202
4420.000000,202.342550,382.325652,0.020125,7.243254,7.243254,-1.945940
4422.000000,203.339794,384.052890,0.019535,7.284463,7.284463,-1.714030
4424.000000,204.268331,385.818126,0.018695,7.334433,7.334433,-1.440927
4426.000000,205.131357,387.616342,0.018125,7.384049,7.384049,-1.133621
4428.000000,205.928686,389.444678,0.017458,7.432283,7.432283,-0.801232
4430.000000,206.660899,391.300129,0.016461,7.477779,7.477779,-0.454754
4432.000000,207.332771,393.178312,0.015691,7.517085,7.517085,-0.122497
4434.000000,207.945504,395.076647,0.015060,7.550350,7.550350,0.178474
4436.000000,208.500587,396.992666,0.013990,7.577368,7.577368,0.485834
4438.000000,209.001083,398.923696,0.012561,7.597168,7.597168,0.804419
4440.000000,209.453860,400.866485,0.011524,7.609320,7.609320,1.100795
4442.000000,209.862674,402.819009,0.010349,7.613297,7.613297,1.377043
4444.000000,210.228101,404.780121,0.008453,7.606618,7.606618,1.658456
4446.000000,210.562769,406.746713,0.007215,7.599072,7.599072,1.934388
4448.000000,210.869961,408.717783,0.006871,7.592359,7.592359,2.203308
4450.000000,211.149535,410.692957,0.006533,7.585903,7.585903,2.466400
4452.000000,211.403653,412.671568,0.006206,7.577521,7.577521,2.725241
4454.000000,211.633263,414.653173,0.005995,7.566661,7.566661,2.980672
4456.000000,211.839295,416.637368,0.005660,7.552955,7.552955,3.232329
4458.000000,212.022133,418.623835,0.005004,7.534543,7.534543,3.477959
4460.000000,212.185280,420.612019,0.004421,7.512886,7.512886,3.708536
4462.000000,212.331670,422.601507,0.003690,7.489317,7.489317,3.914920
4464.000000,212.461109,424.592170,0.002332,7.463122,7.463122,4.099190
4466.000000,212.582625,426.583333,0.001427,7.441475,7.441475,4.260466
4468.000000,212.699890,428.574751,0.001522,7.427258,7.427258,4.401335
4470.000000,212.810903,430.566526,0.001775,7.417285,7.417285,4.527179
4472.000000,212.914486,432.558702,0.001723,7.406731,7.406731,4.643369
4474.000000,213.010973,434.551234,0.001531,7.394359,7.394359,4.754932
4476.000000,213.101690,436.544037,0.001341,7.380858,7.380858,4.861468
4478.000000,213.186702,438.537092,0.001024,7.365601,7.365601,4.960196
4480.000000,213.267573,440.530319,0.000690,7.348740,7.348740,5.047147
4482.000000,213.346151,442.523638,0.000508,7.330552,7.330552,5.119053
4484.000000,213.422473,444.517045,0.000338,7.311070,7.311070,5.175504
4486.000000,213.497514,446.510501,0.000226,7.290612,7.290612,5.214978
4488.000000,213.571994,448.503977,0.000278,7.269432,7.269432,5.236126
4490.000000,213.645283,450.497498,0.000352,7.247630,7.247630,5.241178
4492.000000,213.717091,452.491072,0.000322,7.225357,7.225357,5.235130
4494.000000,213.787456,454.484698,0.000225,7.202757,7.202757,5.221796
4496.000000,213.857064,456.478351,0.000144,7.180096,7.180096,5.201035
4498.000000,213.926053,458.472025,0.000056,7.157446,7.157446,5.172268
4500.000000,213.994738,460.465710,-0.000045,7.134882,7.134882,5.135724
4502.000000,214.063760,462.459383,-0.000098,7.112482,7.112482,5.091485
4504.000000,214.133132,464.453044,-0.000133,7.090627,7.090627,5.040428
4506.000000,214.203024,466.446686,-0.000190,7.070113,7.070113,4.983761
4508.000000,214.273642,468.440303,-0.000254,7.052027,7.052027,4.923304
4510.000000,214.345317,470.433883,-0.000311,7.036388,7.036388,4.860595
4512.000000,214.418200,472.427418,-0.000397,7.023522,7.023522,4.796792
4514.000000,214.492565,474.420899,-0.000498,7.013665,7.013665,4.732617
4516.000000,214.569070,476.414299,-0.000559,7.006285,7.006285,4.668003
4518.000000,214.647733,478.407615,-0.000643,7.001349,7.001349,4.602929
4520.000000,214.728834,480.400832,-0.000704,6.998854,6.998854,4.537857
4522.000000,214.813127,482.393918,-0.000589,6.998821,6.998821,4.472678
4524.000000,214.899794,484.386902,-0.000324,7.000626,7.000626,4.408275
4526.000000,214.987893,486.379823,-0.000127,7.003427,7.003427,4.345305
4528.000000,215.075901,488.372748,-0.000151,7.005782,7.005782,4.285618
4530.000000,215.164678,490.365639,-0.000237,7.008395,7.008395,4.228606
4532.000000,215.254417,492.358487,-0.000255,7.011401,7.011401,4.173777
4534.000000,215.345235,494.351286,-0.000243,7.014815,7.014815,4.120932
4536.000000,215.436988,496.344042,-0.000226,7.018852,7.018852,4.070250
4538.000000,215.529660,498.336756,-0.000178,7.023549,7.023549,4.021708
4540.000000,215.623147,500.329432,-0.000108,7.028928,7.028928,3.975048
4542.000000,215.716907,502.322095,-0.000091,7.035052,7.035052,3.930314
4544.000000,215.811026,504.314741,-0.000112,7.041999,7.041999,3.886802
4546.000000,215.905602,506.307365,-0.000133,7.049915,7.049915,3.843734
4548.000000,216.000688,508.299965,-0.000156,7.059093,7.059093,3.800727
4550.000000,216.096407,510.292535,-0.000177,7.068958,7.068958,3.757874
4552.000000,216.192832,512.285070,-0.000208,7.079130,7.079130,3.715697
4554.000000,216.290031,514.277568,-0.000254,7.089444,7.089444,3.674595
4556.000000,216.388287,516.270014,-0.000285,7.100094,7.100094,3.634376
4558.000000,216.487697,518.262403,-0.000309,7.111175,7.111175,3.594789
4560.000000,216.588277,520.254734,-0.000342,7.122718,7.122718,3.556314
4562.000000,216.690275,522.246992,-0.000368,7.134751,7.134751,3.519978
4564.000000,216.793706,524.239176,-0.000392,7.147521,7.147521,3.487044
4566.000000,216.898700,526.231278,-0.000397,7.161356,7.161356,3.458176
4568.000000,217.005362,528.223292,-0.000350,7.176214,7.176214,3.432883
4570.000000,217.113444,530.215229,-0.000285,7.193582,7.193582,3.410112
4572.000000,217.222576,532.207110,-0.000221,7.215096,7.215096,3.389186
4574.000000,217.332719,534.198934,-0.000125,7.240519,7.240519,3.369768
4576.000000,217.443304,536.190734,-0.000057,7.268036,7.268036,3.352076
4578.000000,217.553980,538.182529,-0.000051,7.296336,7.296336,3.336794
4580.000000,217.664937,540.174308,-0.000054,7.325530,7.325530,3.324260
4582.000000,217.776049,542.166079,-0.000104,7.355215,7.355215,3.315102
4584.000000,217.887427,544.157835,-0.000203,7.384977,7.384977,3.309477
4586.000000,217.999773,546.149536,-0.000292,7.414163,7.414163,3.306575
4588.000000,218.113145,548.141179,-0.000439,7.442600,7.442600,3.306443
4590.000000,218.228131,550.132730,-0.000611,7.469911,7.469911,3.308087
4592.000000,218.345846,552.124121,-0.000682,7.495486,7.495486,3.309931
4594.000000,218.466200,554.115354,-0.000714,7.519378,7.519378,3.311765
4596.000000,218.589388,556.106414,-0.000718,7.541528,7.541528,3.313367
4598.000000,218.715610,558.097284,-0.000622,7.561845,7.561845,3.314391
4600.000000,218.844338,560.087994,-0.000497,7.580051,7.580051,3.315265
4602.000000,218.974905,562.078584,-0.000673,7.596017,7.596017,3.316671
4604.000000,219.107189,564.069060,-0.001142,7.609545,7.609545,3.319072
4606.000000,219.244896,566.059168,-0.001417,7.620023,7.620023,3.318481
4608.000000,219.388177,568.048882,-0.001430,7.627390,7.627390,3.313984
4610.000000,219.537383,570.038161,-0.001361,7.631539,7.631539,3.304908
4612.000000,219.691860,572.027037,-0.001266,7.632277,7.632277,3.291728
4614.000000,219.851467,574.015509,-0.001128,7.629396,7.629396,3.274806
4616.000000,220.015633,576.003610,-0.001011,7.622478,7.622478,3.254659
4618.000000,220.183452,577.991405,-0.000991,7.610686,7.610686,3.231690
4620.000000,220.355447,579.978844,-0.000957,7.594847,7.594847,3.204646
4622.000000,220.531159,581.965957,-0.000890,7.575169,7.575169,3.173557
4624.000000,220.710437,583.952752,-0.000825,7.551805,7.551805,3.138361
4626.000000,220.892974,585.939251,-0.000763,7.525039,7.525039,3.099004
4628.000000,221.078507,587.925472,-0.000653,7.495234,7.495234,3.055623
4630.000000,221.266880,589.911425,-0.000511,7.462264,7.462264,3.008563
4632.000000,221.456919,591.897220,-0.000539,7.423777,7.423777,2.959227
4634.000000,221.648880,593.882830,-0.000649,7.379117,7.379117,2.906801
4636.000000,221.843878,595.868144,-0.000619,7.330957,7.330957,2.848442
4638.000000,222.041159,597.853232,-0.000608,7.278776,7.278776,2.783073
4640.000000,222.240648,599.838100,-0.000695,7.222273,7.222273,2.709504
4642.000000,222.443066,601.822671,-0.000709,7.159322,7.159322,2.625754
4644.000000,222.648419,603.806941,-0.000556,7.088445,7.088445,2.529505
4646.000000,222.856198,605.790958,-0.000248,7.010252,7.010252,2.418215
4648.000000,223.064999,607.774868,0.000154,6.924673,6.924673,2.293995
4650.000000,223.273254,609.758835,0.000538,6.832527,6.832527,2.159537
4652.000000,223.479136,611.743049,0.000633,6.736133,6.736133,2.015149
4654.000000,223.681799,613.727595,0.000396,6.639761,6.639761,1.859938
4656.000000,223.883248,615.712265,0.000755,6.548096,6.548096,1.690805
4658.000000,224.084078,617.696996,0.002549,6.460171,6.460171,1.504238
4660.000000,224.275391,619.682647,0.004374,6.362547,6.362547,1.306568
4662.000000,224.445953,621.670188,0.004302,6.245263,6.245263,1.112355
4664.000000,224.598196,623.659228,0.002864,6.117239,6.117239,0.923673
4666.000000,224.739597,625.649076,0.001452,5.986811,5.986811,0.732953
4668.000000,224.875547,627.639305,0.000382,5.866836,5.866836,0.532617
4670.000000,225.010179,629.629624,0.000165,5.773925,5.773925,0.315883
4672.000000,225.146827,631.619805,0.001851,5.723378,5.723378,0.073901
4674.000000,225.278147,633.610330,0.005069,5.717023,5.717023,-0.193251
4676.000000,225.388701,635.602084,0.008650,5.745226,5.745226,-0.474447
4678.000000,225.465545,637.595357,0.012239,5.797943,5.797943,-0.758936
4680.000000,225.493016,639.589813,0.015190,5.857866,5.857866,-1.032336
4682.000000,225.458225,641.584130,0.016952,5.908337,5.908337,-1.281874
4684.000000,225.355664,643.576055,0.017629,5.943672,5.943672,-1.502242
4686.000000,225.181397,645.563044,0.017772,5.966040,5.966040,-1.688335
4688.000000,224.938550,647.542809,0.018510,5.991949,5.991949,-1.845464
4690.000000,224.623418,649.512322,0.019854,6.029008,6.029008,-1.977329
4692.000000,224.229980,651.467689,0.021036,6.076300,6.076300,-2.086979
4694.000000,223.754794,653.404814,0.021894,6.130279,6.130279,-2.177122
4696.000000,223.194972,655.319216,0.022277,6.185397,6.185397,-2.247299
4698.000000,222.549957,657.206663,0.021922,6.239986,6.239986,-2.297622
4700.000000,221.822176,659.063836,0.021332,6.294674,6.294674,-2.329519
4702.000000,221.017535,660.889055,0.021139,6.355089,6.355089,-2.348566
4704.000000,220.135955,662.678425,0.021002,6.418541,6.418541,-2.350998
4706.000000,219.180310,664.429403,0.020798,6.483229,6.483229,-2.332879
4708.000000,218.153044,666.139387,0.020731,6.547170,6.547170,-2.286738
4710.000000,217.055900,667.805441,0.020572,6.606660,6.606660,-2.208142
4712.000000,215.890918,669.424797,0.019854,6.658175,6.658175,-2.101914
4714.000000,214.661818,670.996008,0.018830,6.699822,6.699822,-1.973536
4716.000000,213.375847,672.520989,0.018495,6.734235,6.734235,-1.832278
4718.000000,212.034999,673.997909,0.018187,6.763574,6.763574,-1.678014
4720.000000,210.639475,675.423219,0.016858,6.791764,6.791764,-1.506055
4722.000000,209.197465,676.801490,0.015347,6.822014,6.822014,-1.324633
4724.000000,207.714088,678.135138,0.014087,6.851365,6.851365,-1.138354
4726.000000,206.193575,679.426295,0.012672,6.877496,6.877496,-0.952460
4728.000000,204.640857,680.678564,0.011356,6.900198,6.900198,-0.771739
4730.000000,203.060713,681.896077,0.010408,6.919330,6.919330,-0.597159
4732.000000,201.455462,683.080296,0.009205,6.933667,6.933667,-0.422128
4734.000000,199.827942,684.233742,0.007406,6.940574,6.940574,-0.238626
4736.000000,198.183890,685.363552,0.005778,6.943226,6.943226,-0.051135
4738.000000,196.527349,686.474991,0.004483,6.942461,6.942461,0.129173
4740.000000,194.860460,687.570858,0.003156,6.936637,6.936637,0.295329
4742.000000,193.187140,688.656897,0.002057,6.928376,6.928376,0.440568
4744.000000,191.509447,689.736172,0.001450,6.917825,6.917825,0.565565
4746.000000,189.829109,690.811326,0.000975,6.904347,6.904347,0.673037
4748.000000,188.145958,691.882073,0.000341,6.888071,6.888071,0.765739
4750.000000,186.462716,692.952677,-0.000111,6.869592,6.869592,0.837405
4752.000000,184.779552,694.023404,-0.000482,6.849565,6.849565,0.885933
4754.000000,183.097275,695.095522,-0.000973,6.828267,6.828267,0.901175
4756.000000,181.417272,696.171200,-0.001181,6.807073,6.807073,0.874843
4758.000000,179.740180,697.251412,-0.000989,6.787160,6.787160,0.807020
4760.000000,178.065151,698.334821,-0.000602,6.771131,6.771131,0.711039
4762.000000,176.391613,699.420531,-0.000014,6.763381,6.763381,0.597124
4764.000000,174.718236,700.506488,0.000800,6.766903,6.766903,0.466730
4766.000000,173.043170,701.589837,0.001704,6.785284,6.785284,0.319322
4768.000000,171.364417,702.667460,0.002653,6.821625,6.821625,0.155076
4770.000000,169.680073,703.736310,0.003480,6.875982,6.875982,-0.024621
4772.000000,167.987946,704.792791,0.004004,6.948193,6.948193,-0.216947
4774.000000,166.287525,705.835866,0.004396,7.038832,7.038832,-0.421046
4776.000000,164.577974,706.863902,0.004921,7.148035,7.148035,-0.635261
4778.000000,162.858701,707.875585,0.005910,7.272034,7.272034,-0.858336
4780.000000,161.128047,708.867638,0.007421,7.403428,7.403428,-1.086367
4782.000000,159.382859,709.833838,0.008913,7.540112,7.540112,-1.312739
4784.000000,157.620485,710.768279,0.009940,7.680354,7.680354,-1.529570
4786.000000,155.839747,711.667198,0.010657,7.822519,7.822519,-1.728899
4788.000000,154.040428,712.528314,0.011489,7.966097,7.966097,-1.905112
4790.000000,152.222021,713.348253,0.012321,8.109276,8.109276,-2.053644
4792.000000,150.383650,714.122394,0.012921,8.250079,8.250079,-2.173383
4794.000000,148.526177,714.849476,0.013672,8.388100,8.388100,-2.268938
4796.000000,146.649702,715.525898,0.014580,8.522638,8.522638,-2.341947
4798.000000,144.754192,716.146921,0.015249,8.651395,8.651395,-2.391550
4800.000000,142.840652,716.709906,0.015717,8.770736,8.770736,-2.413191
4802.000000,140.910421,717.212621,0.016087,8.878615,8.878615,-2.397491
4804.000000,138.965004,717.652892,0.016264,8.972365,8.972365,-2.339119
4806.000000,137.006289,718.029605,0.016172,9.049731,9.049731,-2.241816
4808.000000,135.036384,718.342615,0.015799,9.110450,9.110450,-2.112449
4810.000000,133.057549,718.593203,0.015300,9.155061,9.155061,-1.956559
4812.000000,131.071998,718.783532,0.014905,9.184807,9.184807,-1.777519
4814.000000,129.081671,718.914898,0.014480,9.200410,9.200410,-1.572368
4816.000000,127.088348,718.988087,0.013678,9.202392,9.202392,-1.335457
4818.000000,125.093723,719.006514,0.012780,9.192637,9.192637,-1.067793
4820.000000,123.099246,718.975068,0.011957,9.174193,9.174193,-0.772666
4822.000000,121.106145,718.894764,0.010396,9.147617,9.147617,-0.450938
4824.000000,119.115135,718.771841,0.008399,9.117592,9.117592,-0.110729
4826.000000,117.126278,718.617749,0.007031,9.092481,9.092481,0.237235
4828.000000,115.139828,718.435226,0.005767,9.074032,9.074032,0.588970
4830.000000,113.155645,718.229210,0.004357,9.066261,9.066261,0.936200
4832.000000,111.173179,718.007227,0.003321,9.074924,9.074924,1.276531
4834.000000,109.192274,717.771698,0.002413,9.101520,9.101520,1.611694
4836.000000,107.212511,717.526697,0.001663,9.149760,9.149760,1.933890
4838.000000,105.233456,717.276041,0.001362,9.221379,9.221379,2.238131
4840.000000,103.255102,717.019905,0.001298,9.312525,9.312525,2.526142
4842.000000,101.277386,716.758886,0.001398,9.422043,9.422043,2.799985
4844.000000,99.300371,716.492620,0.001604,9.545655,9.545655,3.062824
4846.000000,97.324268,716.219675,0.001661,9.675662,9.675662,3.317477
4848.000000,95.349099,715.940041,0.001556,9.808882,9.808882,3.564297
4850.000000,93.374807,715.654283,0.001376,9.939441,9.939441,3.802562
4852.000000,91.401330,715.362943,0.001167,10.061026,10.061026,4.032121
4854.000000,89.428506,715.067209,0.000913,10.172395,10.172395,4.253043
4856.000000,87.456286,714.767475,0.000322,10.272726,10.272726,4.465330
4858.000000,85.484367,714.465759,-0.000572,10.360129,10.360129,4.665858
4860.000000,83.512008,714.166947,-0.001194,10.431978,10.431978,4.849343
4862.000000,81.538872,713.873311,-0.001420,10.487148,10.487148,5.013110
4864.000000,79.564918,713.585220,-0.001453,10.527108,10.527108,5.155696
4866.000000,77.590086,713.303218,-0.001310,10.554147,10.554147,5.277295
4868.000000,75.614522,713.026386,-0.001081,10.570235,10.570235,5.380320
4870.000000,73.638371,712.753769,-0.000804,10.577398,10.577398,5.466630
4872.000000,71.661747,712.484600,-0.000466,10.577613,10.577613,5.538358
4874.000000,69.684911,712.216991,-0.000177,10.573717,10.573717,5.598700
4876.000000,67.707969,711.950158,0.000235,10.566949,10.566949,5.649333
4878.000000,65.731072,711.683001,0.000798,10.558961,10.558961,5.692753
4880.000000,63.754698,711.412006,0.001086,10.554846,10.554846,5.732530
4882.000000,61.778959,711.136420,0.001053,10.555010,10.555010,5.768217
4884.000000,59.803796,710.856735,0.001012,10.557481,10.557481,5.799189
4886.000000,57.829175,710.573247,0.001076,10.559161,10.559161,5.825905
4888.000000,55.855169,710.285511,0.001183,10.560242,10.560242,5.849813
4890.000000,53.881846,709.993122,0.001373,10.561346,10.561346,5.870197
4892.000000,51.909283,709.695657,0.001652,10.562889,10.562889,5.884538
4894.000000,49.937760,709.391380,0.001751,10.562238,10.562238,5.894000
4896.000000,47.967377,709.079806,0.000484,10.558781,10.558781,5.903286
4898.000000,45.997972,708.762097,-0.001494,10.551279,10.551279,5.910055
4900.000000,44.026682,708.456349,-0.001141,10.524597,10.524597,5.898773
4902.000000,42.054508,708.156308,0.000341,10.487570,10.487570,5.884541
4904.000000,40.083170,707.850828,0.010137,10.454591,10.454591,5.885715
