s_m,x_m,y_m,kappa_radpm,w_tr_right_m,w_tr_left_m,d_m
0.000000,-234.923287,676.146350,-0.000083,7.687000,7.853000,2.458599
2.000000,-235.987872,677.836880,-0.000056,7.690047,7.852075,2.411561
4.000000,-237.055960,679.533467,-0.000065,7.692114,7.849428,2.363905
6.000000,-238.120103,681.224274,-0.000064,7.693904,7.846731,2.316160
8.000000,-239.184032,682.915215,-0.000062,7.695833,7.844672,2.268376
10.000000,-240.251475,684.612210,-0.000061,7.698006,7.842997,2.220653
12.000000,-241.314987,686.303414,-0.000060,7.700426,7.841449,2.173459
14.000000,-242.378298,687.994745,-0.000058,7.702865,7.839858,2.126542
16.000000,-243.445132,689.692121,-0.000057,7.705047,7.838076,2.079655
18.000000,-244.508051,691.383698,-0.000056,7.706980,7.836093,2.032145
20.000000,-245.570781,693.075393,-0.000055,7.709003,7.833997,1.984732
22.000000,-246.633328,694.767205,-0.000053,7.711349,7.831892,1.937415
24.000000,-247.699410,696.465053,-0.000052,7.713825,7.829901,1.889024
26.000000,-248.761598,698.157090,-0.000051,7.716108,7.828164,1.840347
28.000000,-249.823614,699.849234,-0.000050,7.718124,7.826613,1.791957
30.000000,-250.889179,701.547408,-0.000048,7.720007,7.824994,1.743532
32.000000,-251.950861,703.239761,-0.000047,7.721883,7.823123,1.693812
34.000000,-253.012385,704.932214,-0.000046,7.723898,7.821061,1.643709
36.000000,-254.077468,706.630689,-0.000045,7.726194,7.818927,1.594119
38.000000,-255.138685,708.323335,-0.000043,7.728663,7.816865,1.544971
40.000000,-256.199755,710.016073,-0.000042,7.731005,7.814996,1.495884
42.000000,-257.264395,711.714826,-0.000041,7.733023,7.813376,1.446425
44.000000,-258.325183,713.407741,-0.000040,7.734956,7.811826,1.396683
46.000000,-259.385836,715.100739,-0.000038,7.737161,7.810090,1.346412
48.000000,-260.450072,716.799746,-0.000037,7.739638,7.808100,1.295462
50.000000,-261.510469,718.492905,-0.000036,7.742011,7.805990,1.244204
52.000000,-262.570745,720.186141,-0.000035,7.744039,7.803880,1.192477
54.000000,-263.630902,721.879450,-0.000033,7.745966,7.801899,1.140290
56.000000,-264.694657,723.578757,-0.000032,7.748150,7.800159,1.087502
58.000000,-265.754593,725.272205,-0.000031,7.750597,7.798609,1.034614
60.000000,-266.814423,726.965719,-0.000030,7.753008,7.796994,0.981600
62.000000,-267.877862,728.665225,-0.000028,7.755153,7.795115,0.928426
64.000000,-268.937495,730.358863,-0.000027,7.757080,7.793053,0.875662
66.000000,-269.997036,732.052558,-0.000026,7.758938,7.790926,0.823263
68.000000,-271.060197,733.752237,-0.000025,7.760874,7.788858,0.770974
70.000000,-272.119565,735.446040,-0.000024,7.763014,7.786989,0.719034
72.000000,-273.178855,737.139892,-0.000022,7.765429,7.785376,0.667157
74.000000,-274.241776,738.839721,-0.000021,7.767882,7.783819,0.615340
76.000000,-275.300919,740.533666,-0.000020,7.770053,7.782083,0.564078
78.000000,-276.359995,742.227652,-0.000019,7.771979,7.780099,0.513068
80.000000,-277.422714,743.927606,-0.000017,7.774019,7.777981,0.461878
82.000000,-278.481669,745.621668,-0.000016,7.776397,7.775873,0.410716
84.000000,-279.540570,747.315763,-0.000015,7.778865,7.773892,0.359344
86.000000,-280.599421,749.009891,-0.000014,7.781059,7.772158,0.307706
88.000000,-281.661931,750.709977,-0.000012,7.782993,7.770602,0.255632
90.000000,-282.720694,752.404159,-0.000011,7.785016,7.768987,0.203636
92.000000,-283.779418,754.098363,-0.000010,7.787391,7.767116,0.151798
94.000000,-284.841817,755.798520,-0.000008,7.789867,7.765045,0.100232
96.000000,-285.900480,757.492763,-0.000007,7.792069,7.762917,0.049596
98.000000,-286.959119,759.187022,-0.000006,7.794001,7.760855,-0.000597
100.000000,-288.021444,760.887225,-0.000005,7.796022,7.758983,-0.052293
102.000000,-289.080046,762.581507,-0.000004,7.798367,7.757376,-0.105736
104.000000,-290.138636,764.275796,-0.000002,7.800835,7.755824,-0.160695
106.000000,-291.200925,765.976021,-0.000001,7.803129,7.754064,-0.216894
108.000000,-292.259502,767.670317,0.000000,7.805144,7.752063,-0.273457
110.000000,-293.318083,769.364614,0.000001,7.807017,7.749982,-0.330102
112.000000,-294.380372,771.064838,0.000003,7.808894,7.747947,-0.386601
114.000000,-295.438965,772.759126,0.000004,7.810912,7.745967,-0.442221
116.000000,-296.497572,774.453406,0.000005,7.813216,7.743998,-0.496894
118.000000,-297.559903,776.153603,0.000006,7.815709,7.742209,-0.550623
120.000000,-298.618549,777.847858,0.000008,7.818024,7.740991,-0.602898
122.000000,-299.677222,779.542096,0.000009,7.819897,7.740660,-0.653952
124.000000,-300.735925,781.236315,0.000010,7.821378,7.741311,-0.704002
126.000000,-301.798367,782.936443,0.000011,7.822598,7.742975,-0.753583
128.000000,-302.857143,784.630617,0.000013,7.823732,7.745387,-0.802707
130.000000,-303.915963,786.324763,0.000014,7.825016,7.748027,-0.851846
132.000000,-304.978535,788.024810,0.000015,7.826597,7.750492,-0.901522
134.000000,-306.037453,789.718895,0.000016,7.828252,7.752839,-0.951743
136.000000,-307.096426,791.412945,0.000018,7.829700,7.755252,-1.002994
138.000000,-308.159166,793.112888,0.000019,7.830895,7.757723,-1.055753
140.000000,-309.218263,794.806861,0.000020,7.832015,7.760028,-1.109746
142.000000,-310.277429,796.500790,0.000021,7.833207,7.762047,-1.165147
144.000000,-311.340375,798.200605,0.000023,7.834429,7.763996,-1.222047
146.000000,-312.399689,799.894440,0.000024,7.835581,7.766144,-1.279678
148.000000,-313.459085,801.588227,0.000025,7.836716,7.768546,-1.337759
150.000000,-314.522275,803.287888,0.000026,7.838023,7.771038,-1.395873
152.000000,-315.581845,804.981565,0.000028,7.839598,7.773462,-1.453012
154.000000,-316.641510,806.675183,0.000029,7.841250,7.775842,-1.508908
156.000000,-317.701271,808.368740,0.000030,7.842715,7.778227,-1.563462
158.000000,-318.764845,810.068162,0.000031,7.843932,7.780638,-1.616926
160.000000,-319.824815,811.761588,0.000033,7.845015,7.783035,-1.669089
162.000000,-320.884896,813.454945,0.000034,7.846101,7.785411,-1.720329
164.000000,-321.948803,815.154157,0.000035,7.847324,7.787817,-1.770991
166.000000,-323.009118,816.847368,0.000036,7.848796,7.790279,-1.820884
168.000000,-324.069556,818.540502,0.000038,7.850450,7.792742,-1.870345
170.000000,-325.133833,820.239482,0.000039,7.852025,7.795036,-1.919701
172.000000,-326.194529,821.932453,0.000040,7.853318,7.797049,-1.968720
174.000000,-327.255362,823.625340,0.000041,7.854452,7.798996,-2.017615
176.000000,-328.320049,825.324064,0.000043,7.855610,7.801154,-2.066607
178.000000,-329.381166,827.016772,0.000044,7.856827,7.803554,-2.115386
180.000000,-330.442432,828.709386,0.000045,7.858018,7.806039,-2.164063
182.000000,-331.507567,830.407831,0.000046,7.859145,7.808479,-2.212716
184.000000,-332.569142,832.100251,0.000048,7.860341,7.810860,-2.260948
186.000000,-333.630879,833.792571,0.000049,7.861787,7.813222,-2.308982
188.000000,-334.692780,835.484787,0.000050,7.863435,7.815603,-2.356854
190.000000,-335.758569,837.182820,0.000050,7.865027,7.818046,-2.404761
192.000000,-336.820813,838.874821,0.000050,7.866353,7.820531,-2.452387
194.000000,-337.883224,840.566716,0.000048,7.867484,7.822926,-2.499908
196.000000,-338.949517,842.264433,0.000045,7.868555,7.825073,-2.547412
198.000000,-340.012243,843.956130,0.000043,7.869691,7.827017,-2.594458
200.000000,-341.075118,845.647737,0.000041,7.871026,7.829038,-2.641122
202.000000,-342.141850,847.345176,0.000039,7.872626,7.831341,-2.687569
204.000000,-343.204996,849.036612,0.000037,7.874270,7.833806,-2.733521
206.000000,-344.268265,850.727968,0.000035,7.875706,7.836267,-2.779205
208.000000,-345.335374,852.425171,0.000033,7.876900,7.838670,-2.824879
210.000000,-346.398873,854.116384,0.000031,7.878023,7.841048,-2.870312
212.000000,-347.462474,855.807532,0.000029,7.879217,7.843444,-2.915686
214.000000,-348.529897,857.504538,0.000026,7.880438,7.845855,-2.961194
216.000000,-349.593684,859.195570,0.000024,7.881588,7.848240,-3.006663
218.000000,-350.657553,860.886549,0.000022,7.882724,7.850621,-3.052570
220.000000,-351.725223,862.583401,0.000020,7.884032,7.853055,-3.099323
222.000000,-352.789234,864.274291,0.000018,7.885610,7.855538,-3.146638
224.000000,-353.853308,865.965142,0.000016,7.887261,7.857933,-3.194601
226.000000,-354.917434,867.655960,0.000014,7.888725,7.860075,-3.243141
228.000000,-355.985331,869.352668,0.000012,7.889940,7.862026,-3.292330
230.000000,-357.049544,871.043431,0.000009,7.891023,7.864046,-3.341642
232.000000,-358.113787,872.734175,0.000007,7.892109,7.866340,-3.391043
234.000000,-359.181781,874.430821,0.000005,7.893332,7.868814,-3.440494
236.000000,-360.246068,876.121539,0.000003,7.894808,7.871280,-3.489542
238.000000,-361.310365,877.812250,0.000001,7.896461,7.873681,-3.538274
240.000000,-362.378390,879.508876,-0.000001,7.898035,7.876056,-3.586777
242.000000,-363.442687,881.199588,-0.000003,7.899326,7.878423,-3.634625
244.000000,-364.506971,882.890306,-0.000005,7.900460,7.880827,-3.681907
246.000000,-365.574963,884.586954,-0.000007,7.901618,7.883304,-3.728699
248.000000,-366.639206,886.277698,-0.000010,7.902834,7.885766,-3.774586
250.000000,-367.703416,887.968464,-0.000012,7.904026,7.888048,-3.819762
252.000000,-368.771311,889.665172,-0.000014,7.905152,7.890065,-3.864878
254.000000,-369.835434,891.355993,-0.000016,7.906350,7.892013,-3.910032
256.000000,-370.899504,893.046846,-0.000018,7.907797,7.894167,-3.955503
258.000000,-371.963512,894.737739,-0.000020,7.909445,7.896570,-4.001391
260.000000,-373.031176,896.434593,-0.000022,7.911037,7.899061,-4.047882
262.000000,-374.095042,898.125575,-0.000024,7.912359,7.901484,-4.094644
264.000000,-375.158824,899.816609,-0.000026,7.913490,7.903863,-4.141838
266.000000,-376.226240,901.513619,-0.000029,7.914562,7.906257,-4.189627
268.000000,-377.289837,903.204771,-0.000031,7.915699,7.908660,-4.237686
270.000000,-378.353328,904.895988,-0.000033,7.917035,7.911056,-4.286218
272.000000,-379.420431,906.593194,-0.000035,7.918634,7.913440,-4.335422
274.000000,-380.483694,908.284556,-0.000037,7.920280,7.915838,-4.384867
276.000000,-381.546832,909.975996,-0.000039,7.921712,7.918301,-4.434542
278.000000,-382.613558,911.673439,-0.000041,7.922905,7.920771,-4.484398
280.000000,-383.676423,913.365051,-0.000044,7.924029,7.923054,-4.533863
282.000000,-384.739141,915.056754,-0.000046,7.925224,7.925064,-4.582889
284.000000,-385.805424,916.754477,-0.000048,7.926444,7.927018,-4.631442
286.000000,-386.867827,918.446378,-0.000050,7.927593,7.929173,-4.679078
288.000000,-387.930061,920.138385,-0.000052,7.928729,7.931576,-4.725889
290.000000,-388.992120,921.830503,-0.000054,7.930034,7.934058,-4.771829
292.000000,-390.057714,923.528658,-0.000056,7.931619,7.936491,-4.817121
294.000000,-391.119400,925.221009,-0.000059,7.933271,7.938871,-4.861373
296.000000,-392.180887,926.913485,-0.000060,7.934725,7.941252,-4.904562
298.000000,-393.245885,928.612013,-0.000063,7.935934,7.943659,-4.946650
300.000000,-394.306963,930.304747,-0.000078,7.937028,7.946061,-4.987192
302.000000,-395.367803,931.997629,-0.000113,7.938144,7.948458,-5.026243
304.000000,-396.431979,933.696672,-0.000159,7.939367,7.950863,-5.064137
306.000000,-397.491906,935.390127,-0.000208,7.940753,7.953265,-5.100817
308.000000,-398.551129,937.084021,-0.000257,7.942321,7.955669,-5.136378
310.000000,-399.613183,938.784391,-0.000308,7.944048,7.958064,-5.170736
312.000000,-400.670490,940.479483,-0.000360,7.945769,7.960363,-5.203320
314.000000,-401.726580,942.175332,-0.000409,7.946885,7.962299,-5.233820
316.000000,-402.784971,943.877986,-0.000456,7.946719,7.963567,-5.261821
318.000000,-403.838116,945.575666,-0.000503,7.945221,7.964083,-5.286382
320.000000,-404.889561,947.274400,-0.000555,7.942933,7.963990,-5.306504
322.000000,-405.942808,948.980241,-0.000619,7.940305,7.963432,-5.320975
324.000000,-406.990272,950.681432,-0.000675,7.937438,7.962521,-5.328427
326.000000,-408.035392,952.384065,-0.000684,7.934323,7.961366,-5.327749
328.000000,-409.078136,954.088153,-0.000636,7.931076,7.960118,-5.317786
330.000000,-410.122310,955.799563,-0.000507,7.927903,7.958967,-5.297453
332.000000,-411.160959,957.506150,-0.000272,7.924985,7.958059,-5.265893
334.000000,-412.198653,959.213318,0.000019,7.922250,7.957321,-5.221541
336.000000,-413.240066,960.926409,0.000298,7.919572,7.956632,-5.162345
338.000000,-414.278886,962.632891,0.000562,7.916838,7.955885,-5.086000
340.000000,-415.319613,964.338213,0.000829,7.913891,7.954963,-4.989089
342.000000,-416.366797,966.047789,0.001116,7.910658,7.953805,-4.867703
344.000000,-417.414131,967.749061,0.001397,7.907416,7.952558,-4.718828
346.000000,-418.466263,969.447364,0.001620,7.904466,7.951400,-4.537794
348.000000,-419.527651,971.148149,0.001821,7.901743,7.950494,-4.319055
350.000000,-420.591444,972.839201,0.002143,7.898890,7.949990,-4.058792
352.000000,-421.662181,974.525887,0.002638,7.895664,7.949792,-3.749738
354.000000,-422.745596,976.212738,0.002759,7.892399,7.948943,-3.381851
356.000000,-423.835995,977.886676,0.001574,7.889559,7.946430,-2.947854
358.000000,-424.932982,979.556327,-0.000942,7.886974,7.943828,-2.442055
360.000000,-426.027127,981.227956,-0.004197,7.883927,7.945097,-1.870335
362.000000,-427.111724,982.914225,-0.007994,7.880175,7.951037,-1.237792
364.000000,-428.165590,984.611547,-0.012068,7.877388,7.950133,-0.560253
366.000000,-429.178304,986.334123,-0.015999,7.877229,7.930389,0.149294
368.000000,-430.138660,988.094641,-0.019891,7.872634,7.928827,0.877832
370.000000,-431.025092,989.885756,-0.023949,7.848203,8.029635,1.605783
372.000000,-431.825538,991.717592,-0.028265,7.795421,8.273173,2.320920
374.000000,-432.521511,993.591711,-0.033181,7.732866,8.529218,3.006216
376.000000,-433.093493,995.508847,-0.039231,7.684652,8.632174,3.639736
378.000000,-433.514853,997.464999,-0.046320,7.658417,8.513412,4.189292
380.000000,-433.751970,999.444940,-0.052382,7.646376,8.196459,4.627061
382.000000,-433.778164,1001.449060,-0.056731,7.642557,7.749864,4.957215
384.000000,-433.577565,1003.434751,-0.058484,7.649017,7.388419,5.185161
386.000000,-433.139114,1005.385568,-0.054913,7.667737,7.322628,5.328034
388.000000,-432.483666,1007.277308,-0.047323,7.683539,7.482328,5.416220
390.000000,-431.654633,1009.094983,-0.038986,7.670161,7.612872,5.487277
392.000000,-430.688320,1010.841405,-0.031130,7.614170,7.585223,5.577309
394.000000,-429.611205,1012.532163,-0.026321,7.531069,7.564664,5.729704
396.000000,-428.459029,1014.162531,-0.028080,7.442992,7.748582,5.967961
398.000000,-427.217735,1015.735561,-0.036409,7.385939,8.137568,6.259709
400.000000,-425.872148,1017.212107,-0.055151,7.409375,8.571148,6.557185
402.000000,-424.392231,1018.549917,-0.092277,7.542100,8.919631,6.764729
404.000000,-422.697379,1019.611107,-0.129179,7.740374,9.182084,6.808231
406.000000,-420.778160,1020.141409,-0.124971,7.945687,9.382336,6.836440
408.000000,-418.782239,1020.129247,-0.083241,8.150877,9.519944,6.486828
410.000000,-416.811706,1019.809584,-0.045600,8.387536,9.574150,5.574542
412.000000,-414.871891,1019.333565,-0.025502,8.650697,9.549903,4.460690
414.000000,-412.955698,1018.760758,-0.014492,8.867092,9.497485,3.363074
416.000000,-411.054367,1018.141451,-0.009968,8.966896,9.467124,2.415180
418.000000,-409.163319,1017.489113,-0.010078,8.974962,9.461178,1.654467
420.000000,-407.287071,1016.797996,-0.010267,8.959391,9.459809,1.031659
422.000000,-405.420934,1016.064018,-0.008879,8.958651,9.452180,0.495729
424.000000,-403.575660,1015.299809,-0.006963,8.965843,9.441662,0.020086
426.000000,-401.740629,1014.510688,-0.005438,8.970565,9.432450,-0.415834
428.000000,-399.907369,1013.698982,-0.004293,8.971770,9.424822,-0.813135
430.000000,-398.087526,1012.874273,-0.003128,8.972263,9.417511,-1.168234
432.000000,-396.273106,1012.038084,-0.001803,8.973645,9.409722,-1.488821
434.000000,-394.456381,1011.192898,-0.000544,8.975619,9.401518,-1.781334
436.000000,-392.644804,1010.348157,0.000449,8.977701,9.393127,-2.044954
438.000000,-390.833320,1009.505672,0.001151,8.979696,9.384748,-2.271510
440.000000,-389.014381,1008.665156,0.001505,8.981530,9.376567,-2.455429
442.000000,-387.197120,1007.832671,0.001486,8.983171,9.368649,-2.600444
444.000000,-385.378332,1007.006078,0.001314,8.984692,9.360679,-2.715974
446.000000,-383.552005,1006.181735,0.001193,8.986183,9.352359,-2.809951
448.000000,-381.728194,1005.363712,0.001124,8.987759,9.343897,-2.884456
450.000000,-379.903509,1004.550224,0.001051,8.989560,9.335638,-2.938972
452.000000,-378.077110,1003.740595,0.000959,8.991583,9.327680,-2.974505
454.000000,-376.242759,1002.931654,0.000861,8.993606,9.319673,-2.991746
456.000000,-374.413422,1002.128681,0.000768,8.995389,9.311364,-2.989147
458.000000,-372.582861,1001.328509,0.000675,8.996957,9.302883,-2.965812
460.000000,-370.744806,1000.528021,0.000582,8.998440,9.294570,-2.922778
462.000000,-368.912233,999.732469,0.000488,8.999957,9.286594,-2.863921
464.000000,-367.078886,998.938698,0.000397,9.001640,9.278613,-2.792018
466.000000,-365.239474,998.144011,0.000321,9.003586,9.270300,-2.709382
468.000000,-363.404027,997.352424,0.000257,9.005639,9.261824,-2.619018
470.000000,-361.569152,996.562194,0.000197,9.007554,9.253480,-2.522272
472.000000,-359.728515,995.770341,0.000142,9.009218,9.245391,-2.419565
474.000000,-357.892133,994.980935,0.000087,9.010722,9.237490,-2.310795
476.000000,-356.056585,994.192268,0.000032,9.012195,9.229621,-2.195537
478.000000,-354.215532,993.401378,-0.000023,9.013781,9.221615,-2.075038
480.000000,-352.378998,992.612328,-0.000079,9.015614,9.213380,-1.951766
482.000000,-350.543560,991.823406,-0.000134,9.017667,9.204931,-1.826083
484.000000,-348.708333,991.033993,-0.000189,9.019654,9.196546,-1.698122
486.000000,-346.866983,990.241121,-0.000244,9.021329,9.188445,-1.567668
488.000000,-345.032441,989.450115,-0.000300,9.022854,9.180521,-1.435953
490.000000,-343.198373,988.658013,-0.000354,9.024597,9.172402,-1.303076
492.000000,-341.358450,987.861832,-0.000410,9.026649,9.163958,-1.169485
494.000000,-339.525597,987.066923,-0.000466,9.028657,9.155533,-1.037029
496.000000,-337.693483,986.270311,-0.000520,9.030323,9.147370,-0.906225
498.000000,-335.855788,985.468998,-0.000575,9.031844,9.139397,-0.777698
500.000000,-334.025425,984.668371,-0.000632,9.033617,9.131482,-0.652698
502.000000,-332.196073,983.865437,-0.000685,9.035570,9.123355,-0.530648
504.000000,-330.362395,983.057606,-0.000740,9.036878,9.114658,-0.410991
506.000000,-328.534370,982.249024,-0.000797,9.037079,9.105369,-0.294033
508.000000,-326.708604,981.437966,-0.000851,9.038535,9.097043,-0.179997
510.000000,-324.878804,980.621383,-0.000906,9.044711,9.091859,-0.069511
512.000000,-323.054935,979.803476,-0.000962,9.052477,9.087817,0.035933
514.000000,-321.233607,978.982500,-0.001018,9.048671,9.076380,0.136160
516.000000,-319.413950,978.157826,-0.001071,9.020483,9.049252,0.230917
518.000000,-317.589703,977.326352,-0.001123,8.964039,9.003913,0.320044
520.000000,-315.773693,976.493676,-0.001163,8.880243,8.941029,0.402470
522.000000,-313.959631,975.656768,-0.001178,8.774443,8.864071,0.478137
524.000000,-312.141206,974.812634,-0.001189,8.659138,8.781171,0.547389
526.000000,-310.331133,973.967130,-0.001201,8.547175,8.700735,0.610541
528.000000,-308.523092,973.117292,-0.001207,8.439413,8.623077,0.668793
530.000000,-306.710788,972.260096,-0.001217,8.331994,8.545355,0.723338
532.000000,-304.906894,971.401487,-0.001229,8.223650,8.466772,0.774674
534.000000,-303.105112,970.538459,-0.001236,8.114431,8.387741,0.823347
536.000000,-301.300128,969.668404,-0.001245,8.004727,8.308828,0.869300
538.000000,-299.501696,968.795972,-0.001257,7.895900,8.230549,0.911835
540.000000,-297.706415,967.919497,-0.001264,7.788496,8.152522,0.950662
542.000000,-295.908034,967.035868,-0.001273,7.681188,8.074194,0.985624
544.000000,-294.116277,966.149812,-0.001285,7.570975,7.995629,1.016423
546.000000,-292.327752,965.259635,-0.001294,7.455703,7.916488,1.043274
548.000000,-290.541531,964.364840,-0.001301,7.345092,7.837560,1.066421
550.000000,-288.751405,963.462245,-0.001311,7.253631,7.759850,1.085912
552.000000,-286.969892,962.558113,-0.001324,7.187534,7.684341,1.101480
554.000000,-285.190772,961.649280,-0.001330,7.137516,7.609901,1.113368
556.000000,-283.407861,960.732514,-0.001340,7.093713,7.535365,1.121982
558.000000,-281.633630,959.814178,-0.001353,7.052188,7.461018,1.127648
560.000000,-279.861881,958.891058,-0.001359,7.011002,7.386661,1.130776
562.000000,-278.086458,957.959873,-0.001369,6.969047,7.312068,1.131900
564.000000,-276.319780,957.027087,-0.001382,6.926819,7.237734,1.131783
566.000000,-274.555679,956.089434,-0.001388,6.884520,7.163421,1.130790
568.000000,-272.788965,955.144089,-0.001398,6.842384,7.089206,1.128980
570.000000,-271.029183,954.196105,-0.001410,6.801071,7.015988,1.126460
572.000000,-269.273015,953.243679,-0.001417,6.763639,6.946992,1.123311
574.000000,-267.514350,952.283436,-0.001427,6.737284,6.889781,1.119642
576.000000,-265.762701,951.320512,-0.001439,6.728104,6.851019,1.115563
578.000000,-264.014756,950.353075,-0.001446,6.730684,6.824974,1.110871
580.000000,-262.264438,949.377697,-0.001456,6.734866,6.800858,1.105577
582.000000,-260.521218,948.399599,-0.001468,6.735141,6.773025,1.099996
584.000000,-258.781798,947.416920,-0.001478,6.733350,6.743367,1.094113
586.000000,-257.045284,946.429113,-0.001485,6.731901,6.714286,1.087850
588.000000,-255.305645,945.432673,-0.001495,6.731570,6.685635,1.081238
590.000000,-253.575056,944.434521,-0.001508,6.732403,6.656517,1.074541
592.000000,-251.847477,943.431169,-0.001514,6.733488,6.627074,1.067839
594.000000,-250.116910,942.419054,-0.001524,6.732501,6.599525,1.061094
596.000000,-248.395469,941.405209,-0.001537,6.726967,6.576611,1.054397
598.000000,-246.677144,940.386089,-0.001543,6.714468,6.560715,1.047793
600.000000,-244.956889,939.358631,-0.001553,6.692608,6.554218,1.041150
602.000000,-243.243999,938.328326,-0.001566,6.662104,6.556614,1.034349
604.000000,-241.535251,937.293227,-0.001573,6.627982,6.562880,1.027550
606.000000,-239.824711,936.249669,-0.001582,6.594950,6.568233,1.021040
608.000000,-238.121627,935.203238,-0.001595,6.563713,6.571921,1.015166
610.000000,-236.422792,934.151951,-0.001602,6.532882,6.575008,1.010219
612.000000,-234.722302,933.092089,-0.001611,6.501624,6.578470,1.006464
614.000000,-233.029364,932.029329,-0.001623,6.470333,6.583075,1.003968
616.000000,-231.340780,930.961653,-0.001633,6.439169,6.589070,1.002663
618.000000,-229.655685,929.888480,-0.001639,6.407682,6.593647,1.002520
620.000000,-227.968232,928.806008,-0.001650,6.375050,6.592734,1.003287
622.000000,-226.290241,927.721761,-0.001666,6.341150,6.584391,1.004684
624.000000,-224.615862,926.631943,-0.001670,6.306062,6.569893,1.006436
626.000000,-222.939296,925.532686,-0.001671,6.269934,6.550856,1.008288
628.000000,-221.272259,924.431671,-0.001665,6.233440,6.529503,1.009922
630.000000,-219.608895,923.325114,-0.001639,6.196938,6.508005,1.010945
632.000000,-217.944263,922.209793,-0.001604,6.160510,6.487425,1.011331
634.000000,-216.287245,921.091839,-0.001567,6.124114,6.467359,1.011584
636.000000,-214.634617,919.969313,-0.001526,6.087458,6.447162,1.012294
638.000000,-212.980533,918.838404,-0.001489,6.050531,6.426680,1.014032
640.000000,-211.333830,917.705314,-0.001456,6.013787,6.406160,1.017204
642.000000,-209.691308,916.568053,-0.001416,5.977318,6.385550,1.021985
644.000000,-208.047152,915.422755,-0.001379,5.941008,6.364533,1.028508
646.000000,-206.410146,914.275708,-0.001344,5.904980,6.343163,1.036755
648.000000,-204.777096,913.124887,-0.001307,5.868706,6.322570,1.046694
650.000000,-203.147054,911.969808,-0.001268,5.831622,6.304247,1.058293
652.000000,-201.514255,910.806538,-0.001232,5.795950,6.282524,1.071622
654.000000,-199.890017,909.643313,-0.001198,5.768568,6.241455,1.086683
656.000000,-198.268563,908.476213,-0.001158,5.754789,6.167817,1.103641
658.000000,-196.644152,907.301258,-0.001122,5.750521,6.071582,1.122366
660.000000,-195.028044,906.126766,-0.001088,5.747729,5.973520,1.142253
662.000000,-193.414485,904.948773,-0.001048,5.741980,5.882923,1.163003
664.000000,-191.797765,903.763260,-0.001012,5.734339,5.793318,1.184438
666.000000,-190.189081,902.578619,-0.000978,5.726580,5.699431,1.206232
668.000000,-188.582712,901.390842,-0.000939,5.720426,5.606982,1.228298
670.000000,-186.973824,900.196517,-0.000903,5.717655,5.526875,1.250699
672.000000,-185.370988,899.002183,-0.000867,5.721174,5.472209,1.273784
674.000000,-183.771080,897.805718,-0.000829,5.735446,5.457418,1.298205
676.000000,-182.168418,896.603049,-0.000796,5.763853,5.492772,1.324460
678.000000,-180.571552,895.400748,-0.000763,5.801576,5.561081,1.352646
680.000000,-178.977379,894.196652,-0.000721,5.840655,5.634012,1.382806
682.000000,-177.384950,892.990251,-0.000666,5.876664,5.696727,1.414836
684.000000,-175.788567,891.777492,-0.000594,5.910555,5.754554,1.448852
686.000000,-174.199218,890.567038,-0.000495,5.942499,5.813403,1.484700
688.000000,-172.611077,889.354998,-0.000366,5.967175,5.873549,1.522783
690.000000,-171.018288,888.137523,-0.000204,5.976877,5.932676,1.563705
692.000000,-169.431584,886.923603,-0.000018,5.970703,5.989354,1.607991
694.000000,-167.844901,885.709656,0.000099,5.958020,6.045048,1.656868
696.000000,-166.252262,884.491985,0.000042,5.947725,6.101209,1.711525
698.000000,-164.664999,883.278797,-0.000202,5.940489,6.157303,1.771598
700.000000,-163.078085,882.065152,-0.000683,5.933365,6.212619,1.836819
702.000000,-161.487914,880.846024,-0.001416,5.922673,6.259759,1.905960
704.000000,-159.905011,879.625384,-0.002271,5.903830,6.281374,1.975758
706.000000,-158.328482,878.398242,-0.003136,5.873405,6.264129,2.043337
708.000000,-156.755037,877.157567,-0.003945,5.835104,6.220251,2.105994
710.000000,-155.195396,875.907324,-0.004524,5.795903,6.172778,2.160424
712.000000,-153.648193,874.643381,-0.004799,5.759365,6.133564,2.204865
714.000000,-152.113234,873.364596,-0.004827,5.724495,6.098540,2.238977
716.000000,-150.585595,872.066270,-0.004641,5.689710,6.062469,2.262816
718.000000,-149.075475,870.758254,-0.004319,5.653834,6.024232,2.277488
720.000000,-147.576654,869.437308,-0.003971,5.615444,5.983958,2.284852
722.000000,-146.083139,868.099874,-0.003680,5.576178,5.943719,2.285817
724.000000,-144.604698,866.756177,-0.003425,5.542504,5.908785,2.280703
726.000000,-143.135453,865.402437,-0.003173,5.520065,5.883576,2.270354
728.000000,-141.670501,864.035370,-0.002944,5.509781,5.868696,2.255544
730.000000,-140.217153,862.663007,-0.002729,5.510628,5.863230,2.237070
732.000000,-138.772080,861.283503,-0.002510,5.519770,5.864803,2.215599
734.000000,-137.329689,859.892656,-0.002309,5.532131,5.869304,2.191695
736.000000,-135.897194,858.498553,-0.002135,5.543047,5.872986,2.166111
738.000000,-134.471409,857.099126,-0.001978,5.552232,5.875502,2.139306
740.000000,-133.046941,855.689931,-0.001861,5.561152,5.877868,2.111632
742.000000,-131.631129,854.278895,-0.001785,5.570586,5.880607,2.083470
744.000000,-130.221112,852.863586,-0.001720,5.580460,5.883546,2.054556
746.000000,-128.815970,851.443437,-0.001646,5.590572,5.886458,2.024526
748.000000,-127.410616,850.013676,-0.001570,5.600649,5.889259,1.992960
750.000000,-126.014654,848.584503,-0.001498,5.610284,5.891900,1.959791
752.000000,-124.622965,847.151168,-0.001420,5.619625,5.894524,1.924665
754.000000,-123.230500,845.708853,-0.001347,5.629461,5.897511,1.887191
756.000000,-121.846776,844.267828,-0.001276,5.640161,5.901015,1.847394
758.000000,-120.466724,842.823289,-0.001198,5.650082,5.904007,1.805097
760.000000,-119.086067,841.371160,-0.001124,5.656758,5.904987,1.760320
762.000000,-117.712003,839.919433,-0.001052,5.659596,5.903638,1.713518
764.000000,-116.341732,838.465612,-0.000976,5.660819,5.901340,1.664847
766.000000,-114.970255,837.004808,-0.000901,5.662578,5.899415,1.614368
768.000000,-113.604720,835.545060,-0.000829,5.665140,5.897934,1.562588
770.000000,-112.242338,834.083845,-0.000753,5.668022,5.896448,1.509688
772.000000,-110.878131,832.616246,-0.000679,5.670893,5.894790,1.455709
774.000000,-109.519212,831.150342,-0.000606,5.673614,5.893214,1.401127
776.000000,-108.162798,829.683585,-0.000531,5.676123,5.891935,1.346041
778.000000,-106.807940,828.215392,-0.000456,5.678485,5.890800,1.290635
780.000000,-105.449684,826.740819,-0.000382,5.680835,5.889501,1.234897
782.000000,-104.097293,825.270355,-0.000310,5.683222,5.887934,1.179326
784.000000,-102.745809,823.799055,-0.000234,5.685641,5.886249,1.123806
786.000000,-101.390289,822.321968,-0.000159,5.688077,5.884598,1.068242
788.000000,-100.039967,820.849602,-0.000083,5.690477,5.883011,1.013262
790.000000,-98.689886,819.377015,-0.000013,5.692816,5.881448,0.958954
792.000000,-97.335110,817.899247,0.000050,5.695149,5.879866,0.905326
794.000000,-95.984906,816.426772,0.000094,5.697621,5.878242,0.852860
796.000000,-94.634393,814.954582,0.000107,5.700365,5.876560,0.801490
798.000000,-93.279553,813.478338,0.000098,5.703226,5.874936,0.751120
800.000000,-91.927692,812.005917,0.000088,5.705917,5.873547,0.702040
802.000000,-90.576308,810.534525,0.000080,5.708344,5.872383,0.654185
804.000000,-89.220689,809.058996,0.000073,5.710666,5.871186,0.607476
806.000000,-87.868122,807.587224,0.000066,5.713020,5.869736,0.562337
808.000000,-86.516093,806.116427,0.000058,5.715430,5.868090,0.518796
810.000000,-85.163894,804.645785,0.000050,5.717861,5.866416,0.476828
812.000000,-83.806815,803.170131,0.000042,5.720289,5.864798,0.436231
814.000000,-82.454345,801.699736,0.000034,5.722661,5.863226,0.397214
816.000000,-81.101775,800.229437,0.000027,5.724975,5.861660,0.359560
818.000000,-79.744391,798.754062,0.000019,5.727361,5.860059,0.323068
820.000000,-78.391686,797.283885,0.000011,5.729969,5.858399,0.287899
822.000000,-77.038949,795.813737,0.000003,5.732802,5.856728,0.253742
824.000000,-75.681467,794.338454,-0.000004,5.735614,5.855200,0.220341
826.000000,-74.328733,792.868303,-0.000012,5.738160,5.853951,0.188035
828.000000,-72.976035,791.398120,-0.000020,5.740510,5.852807,0.156895
830.000000,-71.619396,789.923535,-0.000028,5.742839,5.851491,0.126986
832.000000,-70.266103,788.452424,-0.000036,5.745225,5.849914,0.098365
834.000000,-68.913650,786.982016,-0.000043,5.747650,5.848240,0.070604
836.000000,-67.557323,785.507140,-0.000051,5.750087,5.846618,0.043192
838.000000,-66.204416,784.035679,-0.000059,5.752488,5.845038,0.015894
840.000000,-64.852412,782.564858,-0.000066,5.754826,5.843404,-0.011522
842.000000,-63.496603,781.089502,-0.000075,5.757158,5.841731,-0.039260
844.000000,-62.144284,779.617503,-0.000083,5.759633,5.840200,-0.067228
846.000000,-60.792942,778.146075,-0.000088,5.762378,5.838942,-0.095479
848.000000,-59.441859,776.674406,-0.000091,5.765230,5.837798,-0.123943
850.000000,-58.086320,775.197337,-0.000092,5.767929,5.836494,-0.152540
852.000000,-56.735784,773.725167,-0.000091,5.770359,5.834934,-0.180880
854.000000,-55.385516,772.252753,-0.000087,5.772671,5.833243,-0.208869
856.000000,-54.030778,770.774948,-0.000085,5.775023,5.831555,-0.236404
858.000000,-52.681016,769.302069,-0.000083,5.777430,5.829958,-0.263104
860.000000,-51.331498,767.828966,-0.000081,5.779886,5.828498,-0.288886
862.000000,-49.978229,766.351290,-0.000078,5.782346,5.827213,-0.313670
864.000000,-48.628445,764.876957,-0.000076,5.784685,5.826137,-0.337209
866.000000,-47.279618,763.403221,-0.000073,5.786818,5.825270,-0.359581
868.000000,-45.927019,761.924929,-0.000071,5.788789,5.824504,-0.381243
870.000000,-44.577885,760.450003,-0.000069,5.790679,5.823691,-0.402598
872.000000,-43.229688,758.975694,-0.000066,5.792601,5.822824,-0.424198
874.000000,-41.877697,757.496841,-0.000064,5.794696,5.822085,-0.446412
876.000000,-40.529153,756.021380,-0.000062,5.797046,5.821627,-0.469182
878.000000,-39.181522,754.546550,-0.000059,5.799494,5.821285,-0.492523
880.000000,-37.834065,753.071562,-0.000057,5.801793,5.820778,-0.516270
882.000000,-36.482061,751.591257,-0.000055,5.803844,5.820005,-0.540299
884.000000,-35.134934,750.115967,-0.000052,5.805742,5.819122,-0.564216
886.000000,-33.787961,748.640537,-0.000050,5.807620,5.818278,-0.587930
888.000000,-32.436421,747.159807,-0.000048,5.809618,5.817488,-0.611405
890.000000,-31.089737,745.684113,-0.000045,5.811848,5.816722,-0.634361
892.000000,-29.743186,744.208299,-0.000043,5.814285,5.815945,-0.656807
894.000000,-28.392782,742.728007,-0.000041,5.816687,5.815117,-0.678833
896.000000,-27.045744,741.251162,-0.000038,5.818823,5.814233,-0.700357
898.000000,-25.699552,739.775019,-0.000036,5.820772,5.813414,-0.721447
900.000000,-24.349487,738.294415,-0.000034,5.822721,5.812827,-0.742098
902.000000,-23.002768,736.817281,-0.000031,5.824731,5.812463,-0.762035
904.000000,-21.656873,735.340867,-0.000029,5.826731,5.812067,-0.781116
906.000000,-20.307084,733.860010,-0.000026,5.828665,5.811413,-0.799191
908.000000,-18.960621,732.382645,-0.000024,5.830642,5.810563,-0.815975
910.000000,-17.614961,730.906017,-0.000022,5.832843,5.809689,-0.831351
912.000000,-16.269366,729.429330,-0.000019,5.835271,5.808877,-0.845177
914.000000,-14.919118,727.947423,-0.000017,5.837688,5.808103,-0.857306
916.000000,-13.573630,726.470638,-0.000015,5.839854,5.807335,-0.867569
918.000000,-12.228186,724.993813,-0.000012,5.841808,5.806537,-0.876234
920.000000,-10.878070,723.511786,-0.000010,5.843685,5.805675,-0.883644
922.000000,-9.532692,722.034902,-0.000008,5.845604,5.804803,-0.890132
924.000000,-8.187337,720.557995,-0.000005,5.847701,5.804082,-0.896132
926.000000,-6.837289,719.075906,-0.000003,5.850067,5.803630,-0.901959
928.000000,-5.491959,717.598977,-0.000001,5.852517,5.803285,-0.907622
930.000000,-4.146631,716.122047,0.000002,5.854793,5.802774,-0.913134
932.000000,-2.797323,714.640757,0.000004,5.856818,5.802000,-0.918482
934.000000,-1.451244,713.163036,0.000006,5.858743,5.801117,-0.923564
936.000000,-0.105881,711.686139,0.000009,5.860725,5.800274,-0.928198
938.000000,1.243486,710.204898,0.000011,5.862747,5.799484,-0.932147
940.000000,2.589640,708.727250,0.000013,5.864711,5.798719,-0.935095
942.000000,3.935102,707.250441,0.000016,5.866639,5.797941,-0.936707
944.000000,5.280610,705.773676,0.000018,5.868707,5.797115,-0.936634
946.000000,6.630882,704.291788,0.000020,5.871054,5.796229,-0.934595
948.000000,7.976503,702.815127,0.000023,5.873506,5.795411,-0.930379
950.000000,9.322192,701.338525,0.000025,5.875807,5.794826,-0.923812
952.000000,10.672666,699.856823,0.000027,5.877858,5.794461,-0.914757
954.000000,12.018511,698.380364,0.000030,5.879753,5.794064,-0.903171
956.000000,13.364443,696.903984,0.000032,5.881632,5.793411,-0.888835
958.000000,14.715182,695.422524,0.000035,5.883630,5.792560,-0.871282
960.000000,16.061315,693.946327,0.000039,5.885862,5.791686,-0.849972
962.000000,17.407562,692.470234,0.000043,5.888299,5.790873,-0.824352
964.000000,18.757911,690.989897,0.000047,5.890700,5.790100,-0.794347
966.000000,20.105160,689.513239,0.000051,5.892835,5.789332,-0.760577
968.000000,21.451821,688.037525,0.000055,5.894782,5.788535,-0.723590
970.000000,22.802625,686.557599,0.000059,5.896730,5.787672,-0.683851
972.000000,24.150357,685.081386,0.000063,5.898742,5.786800,-0.642167
974.000000,25.497540,683.606147,0.000067,5.900741,5.786080,-0.599057
976.000000,26.848902,682.126728,0.000071,5.902676,5.785629,-0.554929
978.000000,28.197224,680.651057,0.000075,5.904653,5.785283,-0.510562
980.000000,29.545033,679.176390,0.000079,5.906854,5.784771,-0.466427
982.000000,30.893073,677.701935,0.000083,5.909280,5.784000,-0.423051
984.000000,32.246076,676.222542,0.000087,5.911698,5.783115,-0.380829
986.000000,33.594616,674.748544,0.000091,5.913873,5.782267,-0.340581
988.000000,34.943422,673.274789,0.000094,5.915827,5.781479,-0.302627
990.000000,36.297229,671.796132,0.000098,5.917681,5.780721,-0.267169
992.000000,37.646604,670.322898,0.000103,5.919570,5.779957,-0.234665
994.000000,38.996280,668.849941,0.000107,5.921702,5.779116,-0.205025
996.000000,40.350259,667.372925,0.000110,5.924196,5.778174,-0.178048
998.000000,41.701314,665.899748,0.000113,5.926677,5.777343,-0.153599
1000.000000,43.051962,664.427680,0.000119,5.928623,5.776905,-0.131341
1002.000000,44.406945,662.951584,0.000126,5.930225,5.776728,-0.111070
1004.000000,45.759053,661.479373,0.000129,5.932612,5.776125,-0.092796
1006.000000,47.110812,660.008327,0.000122,5.936372,5.774679,-0.076393
1008.000000,48.466931,658.533270,0.000122,5.938806,5.773644,-0.061830
1010.000000,49.820112,657.062050,0.000165,5.936013,5.774888,-0.049342
1012.000000,51.172987,655.592030,0.000263,5.926845,5.779052,-0.039006
1014.000000,52.526619,654.122706,0.000403,5.913771,5.785159,-0.030872
1016.000000,53.886136,652.649296,0.000582,5.899261,5.792189,-0.025017
1018.000000,55.242604,651.182590,0.000786,5.884366,5.799485,-0.021455
1020.000000,56.601375,649.718017,0.000985,5.869380,5.806645,-0.020190
1022.000000,57.967809,648.251016,0.001179,5.854465,5.813514,-0.021380
1024.000000,59.332926,646.792355,0.001374,5.839782,5.820188,-0.025304
1026.000000,60.702036,645.337438,0.001563,5.825251,5.826908,-0.032174
1028.000000,62.080500,643.881734,0.001758,5.810454,5.834115,-0.042145
1030.000000,63.459259,642.435954,0.001957,5.795038,5.842206,-0.055218
1032.000000,64.843651,640.995565,0.002145,5.779474,5.850275,-0.071382
1034.000000,66.238320,639.556900,0.002337,5.765525,5.855594,-0.090556
1036.000000,67.636355,638.128220,0.002534,5.755939,5.852685,-0.112488
1038.000000,69.040826,636.707400,0.002790,5.756971,5.823526,-0.137117
1040.000000,70.457198,635.290069,0.003281,5.776214,5.745685,-0.164413
1042.000000,71.879174,633.885188,0.004045,5.817042,5.616375,-0.192860
1044.000000,73.311637,632.492578,0.004924,5.877455,5.457673,-0.219694
1046.000000,74.757730,631.114081,0.005809,5.948578,5.295629,-0.242273
1048.000000,76.224876,629.747721,0.006717,5.989236,5.164029,-0.258165
1050.000000,77.705111,628.405897,0.007659,5.946636,5.100125,-0.265136
1052.000000,79.205681,627.086798,0.008577,5.808585,5.105996,-0.261683
1054.000000,80.733999,625.789150,0.009511,5.614871,5.140035,-0.246452
1056.000000,82.281417,624.525296,0.010436,5.413761,5.162996,-0.218126
1058.000000,83.854852,623.293941,0.011352,5.256850,5.171985,-0.175488
1060.000000,85.455808,622.098412,0.012333,5.196541,5.177249,-0.117413
1062.000000,87.091473,620.938577,0.013363,5.237129,5.184304,-0.042290
1064.000000,88.751854,619.827184,0.013895,5.321115,5.192274,0.051142
1066.000000,90.443240,618.763632,0.013315,5.396354,5.199855,0.164142
1068.000000,92.167862,617.742983,0.011999,5.460434,5.206177,0.292570
1070.000000,93.912419,616.766648,0.010371,5.527217,5.210569,0.429663
1072.000000,95.675840,615.827484,0.008530,5.598720,5.215078,0.569451
1074.000000,97.455003,614.918481,0.006643,5.661939,5.224888,0.705577
1076.000000,99.252242,614.030040,0.004850,5.703947,5.245321,0.832731
1078.000000,101.051694,613.162114,0.003124,5.717242,5.280490,0.945332
1080.000000,102.856509,612.305400,0.001406,5.697291,5.334070,1.039773
1082.000000,104.669007,611.451263,-0.000296,5.649492,5.403145,1.112406
1084.000000,106.476721,610.598101,-0.002052,5.592468,5.475789,1.159081
1086.000000,108.280005,609.738152,-0.003901,5.541878,5.542879,1.176327
1088.000000,110.081821,608.861638,-0.005749,5.494282,5.610738,1.160389
1090.000000,111.869115,607.966272,-0.007384,5.440014,5.690202,1.107612
1092.000000,113.641905,607.044774,-0.008631,5.382349,5.773738,1.015364
1094.000000,115.398226,606.092507,-0.008940,5.342156,5.828965,0.882381
1096.000000,117.142097,605.103533,-0.007759,5.336924,5.829011,0.708409
1098.000000,118.863999,604.090251,-0.005540,5.359060,5.786263,0.504239
1100.000000,120.574578,603.057955,-0.003020,5.391755,5.727392,0.283198
1102.000000,122.284717,602.011697,-0.000546,5.425045,5.667981,0.058917
1104.000000,123.987875,600.967484,0.001462,5.456836,5.610900,-0.152272
1106.000000,125.694814,599.929387,0.002582,5.486955,5.556077,-0.337789
1108.000000,127.412400,598.897552,0.002763,5.518745,5.498713,-0.490767
1110.000000,129.132253,597.878838,0.001736,5.556095,5.433430,-0.605740
1112.000000,130.855470,596.868066,-0.000480,5.594308,5.367078,-0.684116
1114.000000,132.582879,595.852741,-0.003121,5.618596,5.320963,-0.733499
1116.000000,134.299822,594.828899,-0.005706,5.616876,5.312601,-0.761631
1118.000000,136.003943,593.786098,-0.008058,5.594634,5.334218,-0.776429
1120.000000,137.690758,592.715474,-0.009834,5.563029,5.369893,-0.786050
1122.000000,139.361636,591.607202,-0.010987,5.528363,5.410313,-0.797515
1124.000000,141.001801,590.466218,-0.011616,5.491218,5.454035,-0.815146
1126.000000,142.614570,589.286856,-0.011620,5.448826,5.503445,-0.842522
1128.000000,144.203967,588.066448,-0.011300,5.386630,5.573703,-0.879931
1130.000000,145.761715,586.813403,-0.011001,5.287591,5.682694,-0.926011
1132.000000,147.290745,585.527302,-0.010783,5.171312,5.810148,-0.979960
1134.000000,148.791726,584.208604,-0.010562,5.103349,5.887900,-1.041587
1136.000000,150.269585,582.853689,-0.010324,5.135736,5.861819,-1.110828
1138.000000,151.714029,581.473296,-0.010079,5.239301,5.761976,-1.186194
1140.000000,153.130430,580.064150,-0.009783,5.357873,5.646544,-1.266345
1142.000000,154.523023,578.623357,-0.009512,5.453028,5.555327,-1.349765
1144.000000,155.884702,577.159726,-0.009254,5.505809,5.507919,-1.434139
1146.000000,157.218316,575.672040,-0.008978,5.506941,5.513775,-1.517696
1148.000000,158.525053,574.160693,-0.008686,5.475651,5.552149,-1.598435
1150.000000,159.809801,572.621497,-0.008426,5.439578,5.593604,-1.674611
1152.000000,161.063991,571.066290,-0.008199,5.417753,5.622157,-1.743890
1154.000000,162.292588,569.490785,-0.007943,5.418909,5.637438,-1.804954
1156.000000,163.499503,567.891310,-0.007715,5.447653,5.640951,-1.856667
1158.000000,164.678793,566.277150,-0.007506,5.494172,5.637597,-1.897842
1160.000000,165.833086,564.646447,-0.007295,5.544616,5.633265,-1.928170
1162.000000,166.963517,562.999121,-0.007076,5.589329,5.631223,-1.947742
1164.000000,168.074374,561.330125,-0.006881,5.623304,5.631930,-1.957077
1166.000000,169.158323,559.651858,-0.006711,5.641951,5.635681,-1.956636
1168.000000,170.219717,557.959239,-0.006512,5.642833,5.643038,-1.947174
1170.000000,171.262589,556.246958,-0.006336,5.624075,5.654637,-1.929733
1172.000000,172.280075,554.527598,-0.006179,5.589514,5.669637,-1.905760
1174.000000,173.276310,552.795837,-0.006024,5.549161,5.685746,-1.876977
1176.000000,174.254515,551.047151,-0.005938,5.511521,5.701040,-1.846454
1178.000000,175.209641,549.291063,-0.005905,5.476874,5.715571,-1.816346
1180.000000,176.143469,547.524876,-0.005864,5.442434,5.730171,-1.787586
1182.000000,177.059186,545.742674,-0.005841,5.407901,5.744584,-1.760885
1184.000000,177.951899,543.954055,-0.005829,5.376342,5.757095,-1.737109
1186.000000,178.823215,542.156208,-0.005805,5.349926,5.766510,-1.716811
1188.000000,179.673639,540.348384,-0.005766,5.326876,5.773931,-1.700467
1190.000000,180.506036,538.524502,-0.005738,5.304074,5.781230,-1.688425
1192.000000,181.314575,536.697563,-0.005722,5.280199,5.789374,-1.681117
1194.000000,182.102210,534.861517,-0.005677,5.255545,5.798422,-1.678813
1196.000000,182.871164,533.011264,-0.005644,5.230646,5.807984,-1.681710
1198.000000,183.617409,531.156747,-0.005622,5.206567,5.816027,-1.689773
1200.000000,184.342372,529.295065,-0.005576,5.184352,5.819982,-1.702693
1202.000000,185.048569,527.419962,-0.005538,5.166127,5.814998,-1.720004
1204.000000,185.732325,525.541510,-0.005509,5.155393,5.793769,-1.740769
1206.000000,186.394979,523.656754,-0.005472,5.154085,5.752071,-1.764056
1208.000000,187.037009,521.764871,-0.005422,5.158359,5.698241,-1.788924
1210.000000,187.660636,519.859485,-0.005383,5.162785,5.643915,-1.814454
1212.000000,188.261565,517.954152,-0.005355,5.165200,5.594325,-1.839356
1214.000000,188.842114,516.042509,-0.005299,5.166981,5.546793,-1.862725
1216.000000,189.404310,514.118104,-0.005261,5.169323,5.498569,-1.884051
1218.000000,189.944297,512.194612,-0.005232,5.171865,5.448980,-1.902870
1220.000000,190.464173,510.265590,-0.005171,5.173893,5.397620,-1.919292
1222.000000,190.965504,508.325661,-0.005117,5.175992,5.349526,-1.933450
1224.000000,191.445821,506.385193,-0.005089,5.180033,5.315547,-1.945330
1226.000000,191.906178,504.441103,-0.005069,5.187257,5.302235,-1.955083
1228.000000,192.348078,502.486775,-0.005026,5.196346,5.301009,-1.963036
1230.000000,192.769112,500.532603,-0.004852,5.205247,5.299444,-1.969605
1232.000000,193.170765,498.575554,-0.004513,5.213242,5.293228,-1.974953
1234.000000,193.554715,496.614953,-0.004050,5.220879,5.286153,-1.978793
1236.000000,193.923881,494.644418,-0.003489,5.228693,5.281139,-1.980854
1238.000000,194.277973,492.678223,-0.002877,5.236704,5.275972,-1.980369
1240.000000,194.620809,490.710039,-0.002262,5.244873,5.267219,-1.976417
1242.000000,194.955926,488.733442,-0.001681,5.253009,5.257913,-1.968161
1244.000000,195.283240,486.762626,-0.001108,5.260676,5.257971,-1.954970
1246.000000,195.606189,484.791095,-0.000525,5.267534,5.275899,-1.936169
1248.000000,195.927997,482.813491,0.000059,5.273320,5.313310,-1.911353
1250.000000,196.249295,480.840490,0.000644,5.277776,5.369211,-1.880741
1252.000000,196.572940,478.869071,0.001228,5.281255,5.440000,-1.844594
1254.000000,196.902381,476.892720,0.001815,5.284741,5.519232,-1.803206
1256.000000,197.238221,474.922135,0.002411,5.288631,5.596478,-1.757432
1258.000000,197.583334,472.954354,0.003003,5.290721,5.648756,-1.708437
1260.000000,197.941297,470.982950,0.003604,5.288030,5.649683,-1.657443
1262.000000,198.312617,469.018727,0.004217,5.280356,5.599367,-1.606067
1264.000000,198.700239,467.058857,0.004833,5.270808,5.529888,-1.555024
1266.000000,199.106744,465.102796,0.005441,5.262208,5.469596,-1.504440
1268.000000,199.536028,463.144445,0.006068,5.254861,5.418608,-1.454139
1270.000000,199.987509,461.198254,0.006716,5.248304,5.367999,-1.404459
1272.000000,200.465016,459.258263,0.007340,5.242540,5.311934,-1.355175
1274.000000,200.972437,457.319886,0.007973,5.238239,5.249015,-1.305937
1276.000000,201.509550,455.394289,0.008612,5.236232,5.179996,-1.256501
1278.000000,202.079351,453.479339,0.009220,5.237561,5.110511,-1.205913
1280.000000,202.686112,451.569633,0.009877,5.243170,5.047601,-1.152559
1282.000000,203.329017,449.676644,0.010545,5.249433,4.995032,-1.094359
1284.000000,204.011398,447.798838,0.010941,5.247886,4.951908,-1.028095
1286.000000,204.735314,445.936635,0.010849,5.237247,4.917786,-0.951180
1288.000000,205.501936,444.085278,0.010449,5.244183,4.894713,-0.863487
1290.000000,206.305397,442.254659,0.009922,5.301478,4.885483,-0.766120
1292.000000,207.144559,440.441489,0.009296,5.405067,4.889313,-0.659975
1294.000000,208.017213,438.644195,0.008641,5.515158,4.902214,-0.546475
1296.000000,208.923929,436.856040,0.008039,5.596259,4.921589,-0.426562
1298.000000,209.856054,435.088903,0.007477,5.634264,4.949872,-0.301864
1300.000000,210.814413,433.335874,0.006885,5.623169,4.990823,-0.172444
1302.000000,211.800273,431.590146,0.006321,5.572562,5.043790,-0.038309
1304.000000,212.804649,429.863090,0.005774,5.508000,5.103188,0.099134
1306.000000,213.828830,428.147731,0.005206,5.450277,5.163249,0.239832
1308.000000,214.873842,426.438198,0.004664,5.401833,5.216709,0.383714
1310.000000,215.932326,424.742381,0.004156,5.360436,5.255839,0.529419
1312.000000,217.004158,423.056413,0.003667,5.323914,5.280523,0.676489
1314.000000,218.091438,421.373465,0.003254,5.290565,5.297722,0.824758
1316.000000,219.187018,419.701398,0.002949,5.258893,5.313633,0.972864
1318.000000,220.291721,418.036792,0.002699,5.226719,5.330499,1.120933
1320.000000,221.405387,416.378173,0.002444,5.192010,5.349195,1.268969
1322.000000,222.531096,414.719250,0.002182,5.156988,5.367871,1.417259
1324.000000,223.660098,413.071032,0.001920,5.128738,5.381617,1.564258
1326.000000,224.795399,411.427153,0.001648,5.112553,5.386725,1.709962
1328.000000,225.940113,409.781289,0.001384,5.107399,5.383865,1.854367
1330.000000,227.085373,408.144335,0.001124,5.110371,5.375077,1.995960
1332.000000,228.234298,406.509952,0.000859,5.118282,5.362678,2.134743
1334.000000,229.390068,404.871837,0.000589,5.127842,5.349212,2.270630
1336.000000,230.543753,403.240811,0.000305,5.136388,5.336769,2.401936
1338.000000,231.698430,401.610489,0.000035,5.144087,5.325033,2.528256
1340.000000,232.856489,399.975475,-0.000163,5.151855,5.313081,2.649090
1342.000000,234.011294,398.343761,-0.000281,5.159920,5.300676,2.763593
1344.000000,235.164460,396.712369,-0.000338,5.167925,5.288109,2.872333
1346.000000,236.319791,395.075423,-0.000339,5.175620,5.275609,2.976132
1348.000000,237.471352,393.441422,-0.000310,5.183153,5.263235,3.075165
1350.000000,238.621218,391.807702,-0.000286,5.190855,5.250883,3.170320
1352.000000,239.770164,390.173335,-0.000272,5.198826,5.238500,3.261999
1354.000000,240.922236,388.532620,-0.000261,5.206980,5.226030,3.350473
1356.000000,242.069433,386.897024,-0.000247,5.215121,5.213576,3.434918
1358.000000,243.215823,385.260863,-0.000230,5.223095,5.201188,3.515372
1360.000000,244.365471,383.618448,-0.000214,5.230760,5.188923,3.591745
1362.000000,245.510408,381.981269,-0.000199,5.238221,5.176696,3.663059
1364.000000,246.654692,380.343637,-0.000184,5.245990,5.164022,3.729061
1366.000000,247.802377,378.699848,-0.000169,5.254319,5.150863,3.789387
1368.000000,248.945503,377.061406,-0.000154,5.262362,5.138948,3.843026
1370.000000,250.088124,375.422611,-0.000139,5.269119,5.130259,3.889594
1372.000000,251.233597,373.778756,-0.000124,5.274238,5.125689,3.928550
1374.000000,252.376050,372.138369,-0.000109,5.277974,5.125064,3.959030
1376.000000,253.517454,370.498727,-0.000093,5.280708,5.127817,3.980574
1378.000000,254.661857,368.854123,-0.000078,5.282926,5.132483,3.992861
1380.000000,255.803388,367.213097,-0.000063,5.285119,5.137356,3.995631
1382.000000,256.944020,365.572918,-0.000048,5.287497,5.141756,3.988791
1384.000000,258.084496,363.932630,-0.000033,5.289987,5.145980,3.972213
1386.000000,259.228854,362.286523,-0.000018,5.292497,5.150327,3.945731
1388.000000,260.369160,360.646118,-0.000003,5.294879,5.154755,3.909713
1390.000000,261.509455,359.005704,0.000012,5.297017,5.159188,3.864582
1392.000000,262.653782,357.359576,0.000028,5.298978,5.163603,3.810807
1394.000000,263.794210,355.719255,0.000040,5.300994,5.167978,3.749605
1396.000000,264.934778,354.079030,0.000046,5.303260,5.172346,3.681728
1398.000000,266.079493,352.433172,0.000049,5.305727,5.176757,3.607821
1400.000000,267.220377,350.793168,0.000049,5.308250,5.181219,3.529363
1402.000000,268.361424,349.153277,0.000048,5.310709,5.185677,3.447172
1404.000000,269.505930,347.508752,0.000047,5.312984,5.189974,3.361915
1406.000000,270.647983,345.868083,0.000047,5.315004,5.193995,3.274773
1408.000000,271.789496,344.228516,0.000046,5.316958,5.197943,3.186246
1410.000000,272.934465,342.584310,0.000046,5.319099,5.202100,3.096644
1412.000000,274.076971,340.943960,0.000045,5.321479,5.206495,3.007106
1414.000000,275.218934,339.304707,0.000044,5.323986,5.210974,2.918168
1416.000000,276.364348,337.660808,0.000044,5.326501,5.215412,2.830100
1418.000000,277.507290,336.020765,0.000043,5.328883,5.219794,2.743810
1420.000000,278.649683,334.381810,0.000043,5.331018,5.224173,2.659457
1422.000000,279.792216,332.742955,0.000042,5.332973,5.228568,2.577191
1424.000000,280.938886,331.098458,0.000041,5.334999,5.232987,2.496915
1426.000000,282.081692,329.459794,0.000041,5.337267,5.237392,2.419382
1428.000000,283.224632,327.821221,0.000040,5.339726,5.241787,2.344441
1430.000000,284.371704,326.177005,0.000039,5.342258,5.246181,2.271839
1432.000000,285.514905,324.538615,0.000039,5.344719,5.250561,2.202019
1434.000000,286.658233,322.900313,0.000038,5.346988,5.254988,2.134615
1436.000000,287.804993,321.257362,0.000038,5.349013,5.259480,2.069309
1438.000000,288.949267,319.618238,0.000037,5.350969,5.263877,2.006306
1440.000000,290.092966,317.980196,0.000036,5.353104,5.268023,1.945377
1442.000000,291.240093,316.337499,0.000036,5.355491,5.271985,1.886202
1444.000000,292.384724,314.698627,0.000035,5.358001,5.276007,1.828982
1446.000000,293.528776,313.060830,0.000035,5.360511,5.280295,1.773505
1448.000000,294.676252,311.418374,0.000034,5.362898,5.284767,1.719486
1450.000000,295.821222,309.779741,0.000033,5.365028,5.289230,1.667127
1452.000000,296.965607,308.142179,0.000033,5.366977,5.293628,1.616237
1454.000000,298.110100,306.504690,0.000032,5.369007,5.298003,1.566665
1456.000000,299.258705,304.861545,0.000032,5.371312,5.302406,1.518106
1458.000000,300.403407,303.224203,0.000031,5.373771,5.306807,1.470773
1460.000000,301.548210,301.586933,0.000030,5.376215,5.311214,1.424386
1462.000000,302.697120,299.944000,0.000030,5.378606,5.315630,1.378695
1464.000000,303.842119,298.306867,0.000029,5.381012,5.320018,1.333986
1466.000000,304.987215,296.669799,0.000028,5.383483,5.324392,1.290086
1468.000000,306.136410,295.027068,0.000028,5.385892,5.328805,1.246835
1470.000000,307.281690,293.390130,0.000027,5.388046,5.333266,1.204525
1472.000000,308.427059,291.753254,0.000027,5.390001,5.337725,1.162993
1474.000000,309.575827,290.111707,0.000026,5.392020,5.342022,1.122108
1476.000000,310.722066,288.473955,0.000025,5.394289,5.346041,1.082060
1478.000000,311.867689,286.837260,0.000025,5.396751,5.349991,1.042743
1480.000000,313.016708,285.195885,0.000024,5.399284,5.354152,1.003981
1482.000000,314.163189,283.558307,0.000024,5.401744,5.358550,0.965962
1484.000000,315.309050,281.921775,0.000023,5.404009,5.363027,0.928615
1486.000000,316.454986,280.285298,0.000022,5.406021,5.367451,0.891945
1488.000000,317.605007,278.643142,0.000022,5.407984,5.371845,0.855925
1490.000000,318.751088,277.006766,0.000021,5.410132,5.376228,0.821035
1492.000000,319.897238,275.370437,0.000020,5.412522,5.380628,0.787449
1494.000000,321.047465,273.728427,0.000020,5.415020,5.385036,0.755382
1496.000000,322.193744,272.092189,0.000020,5.417478,5.389414,0.725405
1498.000000,323.340088,270.455997,0.000020,5.419858,5.393808,0.697778
1500.000000,324.490511,268.814123,0.000017,5.422138,5.398276,0.672809
1502.000000,325.636980,267.178019,0.000011,5.424226,5.402726,0.651060
1504.000000,326.783489,265.541943,-0.000002,5.426001,5.407018,0.632778
1506.000000,327.933321,263.901143,-0.000026,5.427036,5.410931,0.618198
1508.000000,329.080457,262.264017,-0.000057,5.425853,5.413962,0.607581
1510.000000,330.226707,260.627758,-0.000087,5.420833,5.415615,0.600942
1512.000000,331.375982,258.986566,-0.000117,5.412385,5.416038,0.598141
1514.000000,332.522259,257.348841,-0.000147,5.402970,5.416005,0.599017
1516.000000,333.667359,255.711778,-0.000176,5.394511,5.416175,0.603364
1518.000000,334.815193,254.069576,-0.000206,5.386777,5.416660,0.610989
1520.000000,335.959738,252.430643,-0.000236,5.379046,5.417414,0.621620
1522.000000,337.102815,250.792166,-0.000266,5.371041,5.418277,0.634996
1524.000000,338.245023,249.153084,-0.000295,5.362985,5.418995,0.650848
1526.000000,339.390258,247.507586,-0.000325,5.355017,5.419411,0.668977
1528.000000,340.530430,245.867088,-0.000356,5.347045,5.419756,0.688996
1530.000000,341.669439,244.225780,-0.000384,5.338820,5.420353,0.710703
1532.000000,342.811168,242.577849,-0.000414,5.330351,5.421203,0.733923
1534.000000,343.947549,240.934721,-0.000445,5.321981,5.421996,0.758233
1536.000000,345.082471,239.290585,-0.000474,5.313888,5.422502,0.783590
1538.000000,346.219106,237.640619,-0.000504,5.305936,5.422836,0.810606
1540.000000,347.351497,235.993256,-0.000535,5.297971,5.423197,0.839967
1542.000000,348.481437,234.345693,-0.000564,5.289946,5.423624,0.871982
1544.000000,349.612778,232.692089,-0.000594,5.281962,5.423999,0.906803
1546.000000,350.739582,231.040902,-0.000625,5.274105,5.424341,0.944317
1548.000000,351.863639,229.389318,-0.000654,5.266108,5.425199,0.984641
1550.000000,352.988775,227.731483,-0.000684,5.257635,5.427151,1.027946
1552.000000,354.109081,226.075884,-0.000715,5.248989,5.428793,1.074049
1554.000000,355.226341,224.419695,-0.000746,5.240967,5.426844,1.123067
1556.000000,356.341134,222.761843,-0.000776,5.233825,5.421094,1.175071
1558.000000,357.457247,221.096456,-0.000831,5.225815,5.422252,1.230292
1560.000000,358.566772,219.435073,-0.000953,5.214807,5.443434,1.288338
1562.000000,359.673204,217.771630,-0.001134,5.199946,5.487790,1.349007
1564.000000,360.779721,216.099849,-0.001341,5.181622,5.549308,1.411825
1566.000000,361.877898,214.430942,-0.001553,5.161152,5.620004,1.475686
1568.000000,362.970902,212.758641,-0.001757,5.141843,5.690192,1.540159
1570.000000,364.061823,211.076638,-0.001966,5.127603,5.749595,1.604816
1572.000000,365.142330,209.396232,-0.002179,5.122555,5.787474,1.668551
1574.000000,366.215520,207.711144,-0.002381,5.130682,5.793983,1.730806
1576.000000,367.283743,206.016071,-0.002585,5.153638,5.765033,1.790896
1578.000000,368.340767,204.319353,-0.002795,5.184836,5.716656,1.847676
1580.000000,369.387679,202.617805,-0.003003,5.216028,5.669112,1.900496
1582.000000,370.427354,200.905066,-0.003217,5.244433,5.628723,1.948830
1584.000000,371.453612,199.189561,-0.003412,5.271917,5.589603,1.991623
1586.000000,372.467483,197.468114,-0.003558,5.300178,5.547434,2.028196
1588.000000,373.469082,195.739498,-0.003649,5.328741,5.506339,2.058041
1590.000000,374.461417,193.997496,-0.003686,5.356686,5.472300,2.080761
1592.000000,375.437381,192.254277,-0.003676,5.383311,5.448306,2.096028
1594.000000,376.400543,190.503951,-0.003636,5.408664,5.433892,2.104045
1596.000000,377.354283,188.740520,-0.003619,5.433044,5.427704,2.104909
1598.000000,378.291931,186.976397,-0.003617,5.457226,5.425767,2.098656
1600.000000,379.216823,185.205554,-0.003598,5.482332,5.423549,2.085395
1602.000000,380.131573,183.422966,-0.003585,5.507808,5.419944,2.065212
1604.000000,381.031452,181.637908,-0.003582,5.531366,5.417009,2.038332
1606.000000,381.918009,179.847564,-0.003569,5.552605,5.415657,2.004869
1608.000000,382.794285,178.045749,-0.003561,5.577121,5.412442,1.964786
1610.000000,383.655715,176.241824,-0.003554,5.610917,5.403393,1.918336
1612.000000,384.503792,174.432936,-0.003530,5.644354,5.394430,1.865541
1614.000000,385.339086,172.618110,-0.003471,5.653004,5.400741,1.806449
1616.000000,386.164567,170.791127,-0.003378,5.620669,5.432442,1.740939
1618.000000,386.974811,168.964981,-0.003269,5.563143,5.479673,1.669683
1620.000000,387.773136,167.133594,-0.003142,5.503717,5.528039,1.592579
1622.000000,388.562683,165.290798,-0.003027,5.451409,5.571930,1.509443
1624.000000,389.338320,163.449690,-0.002920,5.402302,5.613577,1.421218
1626.000000,390.103218,161.604100,-0.002795,5.352052,5.655719,1.328198
1628.000000,390.860417,159.747780,-0.002679,5.299755,5.699393,1.230651
1630.000000,391.605032,157.893913,-0.002567,5.246092,5.744581,1.129896
1632.000000,392.340145,156.036260,-0.002443,5.193022,5.789574,1.026306
1634.000000,393.068261,154.169664,-0.002325,5.144232,5.830621,0.920315
1636.000000,393.786045,152.303930,-0.002212,5.105362,5.862295,0.813205
1638.000000,394.495147,150.436196,-0.002089,5.086391,5.875548,0.705551
1640.000000,395.198460,148.560113,-0.001970,5.097747,5.861002,0.597714
1642.000000,395.892782,146.685528,-0.001855,5.135199,5.822704,0.490959
1644.000000,396.579734,144.809535,-0.001737,5.180953,5.777043,0.385800
1646.000000,397.260178,142.931174,-0.001615,5.221058,5.736813,0.282833
1648.000000,397.936905,141.044038,-0.001497,5.256578,5.700774,0.182347
1650.000000,398.605625,139.161473,-0.001382,5.291942,5.664591,0.085630
1652.000000,399.269153,137.277070,-0.001260,5.328846,5.626790,-0.007162
1654.000000,399.930230,135.384398,-0.001142,5.366126,5.588873,-0.095901
1656.000000,400.584682,133.496825,-0.001027,5.401309,5.554062,-0.179641
1658.000000,401.235266,131.607916,-0.000906,5.429984,5.528803,-0.258446
1660.000000,401.884688,129.711214,-0.000788,5.447453,5.520011,-0.332320
1662.000000,402.528858,127.820109,-0.000672,5.454902,5.525824,-0.400547
1664.000000,403.170493,125.928144,-0.000553,5.459217,5.536221,-0.463263
1666.000000,403.811880,124.030011,-0.000436,5.465746,5.543424,-0.520533
1668.000000,404.450168,122.135613,-0.000334,5.474045,5.547999,-0.571992
1670.000000,405.086849,120.241973,-0.000271,5.482300,5.552635,-0.617741
1672.000000,405.724382,118.342541,-0.000246,5.489906,5.558268,-0.658152
1674.000000,406.359543,116.447095,-0.000235,5.497269,5.564203,-0.693439
1676.000000,406.993425,114.552518,-0.000224,5.504786,5.569890,-0.724143
1678.000000,407.628287,112.652187,-0.000213,5.512453,5.575431,-0.750843
1680.000000,408.260901,110.755893,-0.000202,5.520099,5.581028,-0.773785
1682.000000,408.892362,108.860507,-0.000192,5.527692,5.586684,-0.793261
1684.000000,409.523097,106.964880,-0.000180,5.535269,5.592184,-0.809592
1686.000000,410.155353,105.062388,-0.000170,5.542884,5.597421,-0.823211
1688.000000,410.784759,103.166320,-0.000159,5.550482,5.602566,-0.834395
1690.000000,411.413563,101.270050,-0.000148,5.558079,5.607918,-0.843547
1692.000000,412.044003,99.366956,-0.000137,5.565699,5.613537,-0.850981
1694.000000,412.671722,97.470328,-0.000127,5.573291,5.619216,-0.856922
1696.000000,413.298960,95.573540,-0.000116,5.580885,5.624838,-0.861670
1698.000000,413.927565,93.671140,-0.000105,5.588500,5.630432,-0.865461
1700.000000,414.554350,91.772903,-0.000095,5.596098,5.636014,-0.868455
1702.000000,415.180391,89.875720,-0.000084,5.603692,5.641610,-0.870835
1704.000000,415.807919,87.972960,-0.000073,5.611307,5.647226,-0.872776
1706.000000,416.433751,86.074412,-0.000062,5.618905,5.652825,-0.874431
1708.000000,417.058962,84.176954,-0.000051,5.626497,5.658419,-0.875957
1710.000000,417.685780,82.273959,-0.000041,5.634114,5.664034,-0.877517
1712.000000,418.311027,80.375220,-0.000030,5.641713,5.669638,-0.879241
1714.000000,418.935774,78.477612,-0.000019,5.649303,5.675223,-0.881255
1716.000000,419.560449,76.579978,-0.000008,5.656891,5.680791,-0.883628
1718.000000,420.187280,74.675693,0.000003,5.664511,5.686408,-0.886340
1720.000000,420.811936,72.778053,0.000013,5.672121,5.692083,-0.889341
1722.000000,421.436641,70.880430,0.000022,5.679729,5.697748,-0.892672
1724.000000,422.063617,68.976192,0.000027,5.687318,5.703217,-0.896411
1726.000000,422.688515,67.078633,0.000029,5.694831,5.708366,-0.900546
1728.000000,423.313525,65.181109,0.000028,5.702433,5.713524,-0.905084
1730.000000,423.940828,63.276980,0.000027,5.710294,5.719079,-0.909997
1732.000000,424.566046,61.379525,0.000027,5.718099,5.724836,-0.915168
1734.000000,425.191367,59.482104,0.000027,5.725252,5.730187,-0.920502
1736.000000,425.818592,57.579248,0.000026,5.731199,5.734604,-0.925900
1738.000000,426.444500,55.680723,0.000026,5.735567,5.737881,-0.931221
1740.000000,427.070120,53.783400,0.000025,5.738127,5.739959,-0.936357
1742.000000,427.697640,51.880639,0.000025,5.739296,5.741142,-0.941195
1744.000000,428.323838,49.982210,0.000025,5.740045,5.742047,-0.945587
1746.000000,428.949743,48.084982,0.000024,5.741118,5.743151,-0.949486
1748.000000,429.575739,46.187786,0.000024,5.742414,5.744413,-0.952892
1750.000000,430.204019,44.283976,0.000023,5.743641,5.745675,-0.955881
1752.000000,430.830195,42.386838,0.000023,5.744779,5.746873,-0.958537
1754.000000,431.456459,40.489729,0.000023,5.746067,5.748050,-0.960944
1756.000000,432.085000,38.586008,0.000022,5.747648,5.749246,-0.963209
1758.000000,432.711434,36.688954,0.000022,5.749297,5.750450,-0.965432
1760.000000,433.337951,34.791928,0.000021,5.750739,5.751653,-0.967726
1762.000000,433.966742,32.888289,0.000021,5.751937,5.752856,-0.970177
1764.000000,434.593420,30.991316,0.000021,5.753052,5.754053,-0.972805
1766.000000,435.220176,29.094369,0.000020,5.754224,5.755252,-0.975572
1768.000000,435.848814,27.191982,0.000020,5.755444,5.756455,-0.978421
1770.000000,436.476109,25.293911,0.000019,5.756660,5.757654,-0.981332
1772.000000,437.103091,23.397038,0.000019,5.757859,5.758853,-0.984343
1774.000000,437.731951,21.494722,0.000019,5.759055,5.760055,-0.987463
1776.000000,438.359462,19.596725,0.000018,5.760253,5.761255,-0.990661
1778.000000,438.986655,17.699922,0.000018,5.761453,5.762454,-0.993926
1780.000000,439.615723,15.797673,0.000017,5.762656,5.763656,-0.997264
1782.000000,440.243436,13.899745,0.000017,5.763856,5.764856,-1.000691
1784.000000,440.870826,12.003007,0.000017,5.765054,5.766054,-1.004293
1786.000000,441.498279,10.106291,0.000016,5.766253,5.767253,-1.008073
1788.000000,442.127990,8.202955,0.000016,5.767456,5.768456,-1.011959
1790.000000,442.755563,6.306279,0.000015,5.768656,5.769655,-1.015827
1792.000000,443.383196,4.409621,0.000015,5.769856,5.770854,-1.019604
1794.000000,444.013081,2.506345,0.000015,5.771057,5.772057,-1.023229
1796.000000,444.640826,0.609724,0.000014,5.772249,5.773256,-1.026620
1798.000000,445.268623,-1.286878,0.000014,5.773449,5.774455,-1.029715
1800.000000,445.898282,-3.188925,0.000013,5.774670,5.775657,-1.032418
1802.000000,446.526571,-5.086669,0.000013,5.775885,5.776857,-1.034699
1804.000000,447.154520,-6.983222,0.000012,5.777051,5.778056,-1.036675
1806.000000,447.784326,-8.885223,0.000012,5.778170,5.779258,-1.038486
1808.000000,448.412757,-10.782918,0.000012,5.779381,5.780457,-1.040252
1810.000000,449.040845,-12.679424,0.000011,5.780844,5.781656,-1.042112
1812.000000,449.670785,-14.581385,0.000011,5.782498,5.782858,-1.044221
1814.000000,450.299344,-16.479034,0.000011,5.784064,5.784058,-1.046694
1816.000000,450.927555,-18.375499,0.000010,5.785361,5.785257,-1.049585
1818.000000,451.555805,-20.271953,0.000010,5.786493,5.786456,-1.052788
1820.000000,452.186290,-22.175031,0.000009,5.787636,5.787659,-1.056185
1822.000000,452.814611,-24.071461,0.000009,5.788836,5.788857,-1.059638
1824.000000,453.442966,-25.967878,0.000008,5.790057,5.790056,-1.063053
1826.000000,454.073552,-27.870924,0.000008,5.791267,5.791260,-1.066338
1828.000000,454.701969,-29.767320,0.000008,5.792461,5.792459,-1.069366
1830.000000,455.330416,-31.663708,0.000007,5.793656,5.793657,-1.072041
1832.000000,455.960699,-33.565545,0.000007,5.794858,5.794859,-1.074327
1834.000000,456.589590,-35.463094,0.000007,5.796059,5.796059,-1.076294
1836.000000,457.218115,-37.359455,0.000006,5.797258,5.797258,-1.077989
1838.000000,457.848473,-39.261271,0.000006,5.798460,5.798461,-1.079430
1840.000000,458.477432,-41.158793,0.000005,5.799661,5.799660,-1.080616
1842.000000,459.106021,-43.055134,0.000005,5.800861,5.800859,-1.081605
1844.000000,459.736439,-44.956932,0.000004,5.802060,5.802061,-1.082521
1846.000000,460.365452,-46.854435,0.000004,5.803254,5.803260,-1.083488
1848.000000,460.994091,-48.750758,0.000004,5.804454,5.804459,-1.084644
1850.000000,461.622743,-50.647078,0.000003,5.805670,5.805658,-1.086158
1852.000000,462.253609,-52.550030,0.000003,5.806889,5.806862,-1.088203
1854.000000,462.882285,-54.446342,0.000002,5.808055,5.808060,-1.090876
1856.000000,463.510970,-56.342650,0.000002,5.809171,5.809259,-1.094165
1858.000000,464.141863,-58.245594,0.000002,5.810385,5.810462,-1.097997
1860.000000,464.770562,-60.141898,0.000001,5.811850,5.811660,-1.102224
1862.000000,465.399265,-62.038200,0.000001,5.813500,5.812860,-1.106671
1864.000000,466.030172,-63.941139,0.000000,5.815070,5.814063,-1.111064
1866.000000,466.658880,-65.837440,-0.000000,5.816365,5.815262,-1.115097
1868.000000,467.287587,-67.733741,-0.000000,5.817497,5.816460,-1.118557
1870.000000,467.918103,-69.635502,-0.000001,5.818639,5.817662,-1.121312
1872.000000,468.547196,-71.532983,-0.000001,5.819841,5.818862,-1.123303
1874.000000,469.175894,-73.429286,-0.000002,5.821062,5.820061,-1.124565
1876.000000,469.806397,-75.331054,-0.000002,5.822271,5.821264,-1.125274
1878.000000,470.435471,-77.228539,-0.000003,5.823466,5.822463,-1.125654
1880.000000,471.064146,-79.124851,-0.000003,5.824660,5.823662,-1.125935
1882.000000,471.692809,-81.021167,-0.000003,5.825859,5.824860,-1.126316
1884.000000,472.323662,-82.924124,-0.000004,5.827064,5.826063,-1.126935
1886.000000,472.952300,-84.820447,-0.000004,5.828263,5.827263,-1.127909
1888.000000,473.580922,-86.716777,-0.000004,5.829462,5.828462,-1.129336
1890.000000,474.211728,-88.619749,-0.000005,5.830665,5.829665,-1.131264
1892.000000,474.840315,-90.516090,-0.000005,5.831865,5.830863,-1.133696
1894.000000,475.468883,-92.412438,-0.000006,5.833062,5.832062,-1.136649
1896.000000,476.099628,-94.315430,-0.000006,5.834259,5.833266,-1.140156
1898.000000,476.728150,-96.211793,-0.000006,5.835459,5.834464,-1.144242
1900.000000,477.356647,-98.108163,-0.000007,5.836676,5.835663,-1.148931
1902.000000,477.986929,-100.010000,-0.000007,5.837894,5.836865,-1.154163
1904.000000,478.615764,-101.907568,-0.000008,5.839060,5.838065,-1.159813
1906.000000,479.244178,-103.803966,-0.000008,5.840176,5.839264,-1.165804
1908.000000,479.874371,-105.705834,-0.000008,5.841390,5.840466,-1.172094
1910.000000,480.503114,-107.603432,-0.000009,5.842857,5.841666,-1.178583
1912.000000,481.131432,-109.499861,-0.000009,5.844506,5.842865,-1.185224
1914.000000,481.761524,-111.401766,-0.000010,5.846074,5.844067,-1.192056
1916.000000,482.390159,-113.299395,-0.000010,5.847370,5.845267,-1.199053
1918.000000,483.018366,-115.195862,-0.000011,5.848502,5.846466,-1.206204
1920.000000,483.646534,-117.092343,-0.000011,5.849642,5.847664,-1.213510
1922.000000,484.276858,-118.995474,-0.000011,5.850846,5.848867,-1.220972
1924.000000,484.904941,-120.891982,-0.000012,5.852067,5.850066,-1.228492
1926.000000,485.532979,-122.788505,-0.000012,5.853273,5.851265,-1.236046
1928.000000,486.163169,-124.691681,-0.000012,5.854471,5.852469,-1.243607
1930.000000,486.791114,-126.588235,-0.000013,5.855665,5.853667,-1.251084
1932.000000,487.419010,-128.484805,-0.000013,5.856865,5.854866,-1.258493
1934.000000,488.048660,-130.386846,-0.000014,5.858069,5.856068,-1.265863
1936.000000,488.676845,-132.284635,-0.000014,5.859268,5.857268,-1.273203
1938.000000,489.304583,-134.181255,-0.000015,5.860467,5.858467,-1.280559
1940.000000,489.934073,-136.083354,-0.000015,5.861669,5.859669,-1.287969
1942.000000,490.562090,-137.981194,-0.000015,5.862869,5.860869,-1.295447
1944.000000,491.189661,-139.877872,-0.000015,5.864068,5.862068,-1.303098
1946.000000,491.818980,-141.780029,-0.000015,5.865272,5.863270,-1.311053
1948.000000,492.446826,-143.677923,-0.000014,5.866471,5.864470,-1.319368
1950.000000,493.074229,-145.574655,-0.000014,5.867665,5.865669,-1.328171
1952.000000,493.701576,-147.471407,-0.000014,5.868860,5.866868,-1.337623
1954.000000,494.331066,-149.374815,-0.000014,5.870073,5.868071,-1.347951
1956.000000,494.958306,-151.271602,-0.000014,5.871294,5.869270,-1.359260
1958.000000,495.585494,-153.168406,-0.000014,5.872489,5.870468,-1.371707
1960.000000,496.214826,-155.071867,-0.000014,5.873624,5.871671,-1.385306
1962.000000,496.841910,-156.968705,-0.000013,5.874766,5.872871,-1.399608
1964.000000,497.468944,-158.865560,-0.000013,5.876091,5.874070,-1.413998
1966.000000,498.098122,-160.769071,-0.000013,5.877685,5.875273,-1.427872
1968.000000,498.725056,-162.665959,-0.000013,5.879326,5.876472,-1.440829
1970.000000,499.351942,-164.562863,-0.000013,5.880757,5.877671,-1.452886
1972.000000,499.980582,-166.465239,-0.000012,5.881952,5.878873,-1.464182
1974.000000,500.607763,-168.363359,-0.000012,5.883070,5.880072,-1.474790
1976.000000,501.234507,-170.260309,-0.000012,5.884244,5.881272,-1.484860
1978.000000,501.863008,-172.162735,-0.000012,5.885465,5.882474,-1.494557
1980.000000,502.490049,-174.060898,-0.000012,5.886679,5.883673,-1.503968
1982.000000,503.116656,-175.957894,-0.000012,5.887877,5.884870,-1.513284
1984.000000,503.743218,-177.854904,-0.000011,5.889072,5.886072,-1.522633
1986.000000,504.371931,-179.758570,-0.000011,5.890278,5.887282,-1.532105
1988.000000,504.998406,-181.655608,-0.000011,5.891478,5.888480,-1.541727
1990.000000,505.624840,-183.552663,-0.000011,5.892662,5.889658,-1.551654
1992.000000,506.253425,-185.456370,-0.000011,5.893852,5.890844,-1.562036
1994.000000,506.879775,-187.353450,-0.000011,5.895080,5.892082,-1.572912
1996.000000,507.506086,-189.250544,-0.000010,5.896348,5.893375,-1.584355
1998.000000,508.134549,-191.154292,-0.000010,5.897540,5.894563,-1.596356
2000.000000,508.760781,-193.051411,-0.000010,5.898509,5.895440,-1.608756
2002.000000,509.386974,-194.948544,-0.000010,5.899289,5.895916,-1.621518
2004.000000,510.014930,-196.851144,-0.000010,5.900054,5.895984,-1.634611
2006.000000,510.641440,-198.749488,-0.000010,5.900901,5.895687,-1.647946
2008.000000,511.267521,-200.646657,-0.000009,5.901703,5.895211,-1.661528
2010.000000,511.895368,-202.549295,-0.000009,5.902296,5.894760,-1.675333
2012.000000,512.521770,-204.447672,-0.000009,5.902685,5.894378,-1.689193
2014.000000,513.147746,-206.344876,-0.000009,5.903025,5.893969,-1.703020
2016.000000,513.775490,-208.247551,-0.000009,5.903427,5.893494,-1.716766
2018.000000,514.401789,-210.145959,-0.000009,5.903838,5.893102,-1.730257
2020.000000,515.027665,-212.043197,-0.000008,5.904183,5.892967,-1.743383
2022.000000,515.653509,-213.940444,-0.000008,5.904526,5.893019,-1.756017
2024.000000,516.281513,-215.844344,-0.000008,5.905050,5.892983,-1.768076
2026.000000,516.907295,-217.741611,-0.000008,5.905839,5.892677,-1.779395
2028.000000,517.533047,-219.638890,-0.000008,5.906682,5.892210,-1.790039
2030.000000,518.160961,-221.542818,-0.000008,5.907316,5.891750,-1.800174
2032.000000,518.786655,-223.440116,-0.000008,5.907708,5.891352,-1.809956
2034.000000,519.412321,-225.337422,-0.000007,5.908023,5.890975,-1.819669
2036.000000,520.039758,-227.240191,-0.000007,5.908393,5.890581,-1.829593
2038.000000,520.665761,-229.138703,-0.000007,5.908812,5.890176,-1.839921
2040.000000,521.291346,-231.036037,-0.000007,5.909246,5.889772,-1.850876
2042.000000,521.918706,-232.938833,-0.000007,5.909661,5.889371,-1.862665
2044.000000,522.544632,-234.837370,-0.000006,5.910021,5.888973,-1.875402
2046.000000,523.170144,-236.734728,-0.000006,5.910336,5.888573,-1.889231
2048.000000,523.797430,-238.637550,-0.000006,5.910752,5.888172,-1.904224
2050.000000,524.423285,-240.536108,-0.000006,5.911426,5.887773,-1.920290
2052.000000,525.048726,-242.433488,-0.000006,5.912278,5.887374,-1.937279
2054.000000,525.674146,-244.330876,-0.000005,5.913037,5.886972,-1.954634
2056.000000,526.301735,-246.234911,-0.000005,5.913525,5.886565,-1.971805
2058.000000,526.927114,-248.132313,-0.000005,5.913858,5.886167,-1.988390
2060.000000,527.552473,-250.029721,-0.000005,5.914217,5.885785,-2.004521
2062.000000,528.180002,-251.933777,-0.000005,5.914636,5.885399,-2.020327
2064.000000,528.805324,-253.831196,-0.000005,5.915022,5.884966,-2.035765
2066.000000,529.430628,-255.728622,-0.000005,5.915346,5.884484,-2.050959
2068.000000,530.058104,-257.632695,-0.000004,5.915757,5.884098,-2.066025
2070.000000,530.683375,-259.530133,-0.000004,5.916425,5.883969,-2.080917
2072.000000,531.308629,-261.427575,-0.000004,5.917278,5.884021,-2.095696
2074.000000,531.935665,-263.330475,-0.000004,5.918040,5.883983,-2.110382
2076.000000,532.561281,-265.229116,-0.000004,5.918527,5.883674,-2.124932
2078.000000,533.186492,-267.126572,-0.000004,5.918858,5.883207,-2.139409
2080.000000,533.813487,-269.029489,-0.000003,5.919219,5.882747,-2.153854
2082.000000,534.439062,-270.928140,-0.000003,5.919636,5.882349,-2.168176
2084.000000,535.064235,-272.825610,-0.000003,5.920023,5.881972,-2.182384
2086.000000,535.689397,-274.723082,-0.000003,5.920346,5.881579,-2.196468
2088.000000,536.316737,-276.627201,-0.000003,5.920759,5.881173,-2.210463
2090.000000,536.941877,-278.524680,-0.000002,5.921427,5.880769,-2.224252
2092.000000,537.567009,-280.422164,-0.000002,5.922279,5.880370,-2.237849
2094.000000,538.194319,-282.326291,-0.000002,5.923041,5.879970,-2.251259
2096.000000,538.819434,-284.223780,-0.000002,5.923527,5.879570,-2.264343
2098.000000,539.444541,-286.121270,-0.000002,5.923859,5.879171,-2.277095
2100.000000,540.071829,-288.025405,-0.000002,5.924220,5.878771,-2.289504
2102.000000,540.696924,-289.922900,-0.000001,5.924637,5.878372,-2.301437
2104.000000,541.322012,-291.820397,-0.000001,5.925024,5.877970,-2.312928
2106.000000,541.948891,-293.723346,-0.000001,5.925349,5.877563,-2.323995
2108.000000,542.574363,-295.622038,-0.000001,5.925759,5.877165,-2.334574
2110.000000,543.199439,-297.519538,-0.000001,5.926427,5.876783,-2.344704
2112.000000,543.826308,-299.422494,-0.000001,5.927280,5.876397,-2.354527
2114.000000,544.451771,-301.321185,-0.000000,5.928044,5.875962,-2.364132
2116.000000,545.076839,-303.218689,-0.000000,5.928536,5.875481,-2.373721
2118.000000,545.703704,-305.121648,-0.000000,5.928867,5.875096,-2.383556
2120.000000,546.329163,-307.020339,0.000000,5.929204,5.874969,-2.393824
2122.000000,546.954231,-308.917843,0.000000,5.929602,5.875021,-2.404736
2124.000000,547.579300,-310.815345,0.000000,5.930033,5.874982,-2.416401
2126.000000,548.206558,-312.719491,0.000001,5.930463,5.874672,-2.428946
2128.000000,548.831630,-314.616992,0.000001,5.930853,5.874204,-2.442338
2130.000000,549.456706,-316.514495,0.000001,5.931180,5.873746,-2.456585
2132.000000,550.083972,-318.418636,0.000001,5.931525,5.873347,-2.471662
2134.000000,550.709056,-320.316135,0.000001,5.932059,5.872969,-2.487320
2136.000000,551.334144,-322.213632,0.000001,5.932854,5.872576,-2.503447
2138.000000,551.961031,-324.116576,0.000002,5.933696,5.872170,-2.519931
2140.000000,552.586524,-326.015262,0.000002,5.934317,5.871766,-2.536539
2142.000000,553.211630,-327.912754,0.000002,5.934701,5.871367,-2.553151
2144.000000,553.838539,-329.815693,0.000002,5.935030,5.870968,-2.569667
2146.000000,554.464053,-331.714371,0.000002,5.935428,5.870568,-2.585838
2148.000000,555.089183,-333.611854,0.000002,5.935842,5.870169,-2.601525
2150.000000,555.716120,-335.514787,0.000003,5.936189,5.869769,-2.616629
2152.000000,556.341660,-337.413452,0.000003,5.936533,5.869370,-2.631014
2154.000000,556.966821,-339.310926,0.000003,5.937059,5.868968,-2.644754
2156.000000,557.591992,-341.208396,0.000003,5.937852,5.868562,-2.657924
2158.000000,558.219363,-343.112503,0.000003,5.938696,5.868162,-2.670636
2160.000000,558.844559,-345.009966,0.000004,5.939318,5.867781,-2.682878
2162.000000,559.469768,-346.907421,0.000004,5.939702,5.867396,-2.694768
2164.000000,560.097180,-348.811517,0.000004,5.940031,5.866959,-2.706441
2166.000000,560.722417,-350.708964,0.000004,5.940429,5.866478,-2.717935
2168.000000,561.347669,-352.606408,0.000004,5.940843,5.866095,-2.729346
2170.000000,561.975126,-354.510487,0.000004,5.941190,5.865969,-2.740752
2172.000000,562.600411,-356.407919,0.000004,5.941533,5.866021,-2.752148
2174.000000,563.225712,-358.305345,0.000005,5.942061,5.865981,-2.763661
2176.000000,563.852827,-360.208215,0.000005,5.942856,5.865669,-2.775378
2178.000000,564.478557,-362.106823,0.000005,5.943697,5.865201,-2.787265
2180.000000,565.103914,-364.004232,0.000005,5.944319,5.864744,-2.799356
2182.000000,565.731087,-365.907085,0.000005,5.944704,5.864345,-2.811715
2184.000000,566.356877,-367.805671,0.000005,5.945032,5.863967,-2.824306
2186.000000,566.982294,-369.703059,0.000006,5.945430,5.863574,-2.837182
2188.000000,567.607733,-371.600441,0.000006,5.945843,5.863169,-2.850374
2190.000000,568.235383,-373.504456,0.000006,5.946190,5.862764,-2.863876
2192.000000,568.860868,-375.401823,0.000006,5.946535,5.862365,-2.877542
2194.000000,569.486376,-377.299182,0.000006,5.947061,5.861967,-2.891417
2196.000000,570.114097,-379.203174,0.000007,5.947855,5.861567,-2.905553
2198.000000,570.739653,-381.100517,0.000007,5.948697,5.861166,-2.919799
2200.000000,571.365235,-382.997851,0.000007,5.949324,5.860766,-2.934068
2202.000000,571.993033,-384.901818,0.000007,5.949714,5.860365,-2.948239
2204.000000,572.618668,-386.799135,0.000007,5.950030,5.859966,-2.962066
2206.000000,573.244330,-388.696443,0.000007,5.950400,5.859568,-2.975658
2208.000000,573.871816,-390.599187,0.000008,5.950820,5.859167,-2.989216
2210.000000,574.497929,-392.497672,0.000008,5.951254,5.858762,-3.002773
2212.000000,575.123678,-394.394951,0.000008,5.951667,5.858359,-3.016388
2214.000000,575.751253,-396.297669,0.000008,5.952027,5.857968,-3.030013
2216.000000,576.377455,-398.196122,0.000008,5.952342,5.857589,-3.043542
2218.000000,577.003295,-400.093371,0.000008,5.952761,5.857186,-3.057152
2220.000000,577.630965,-401.996059,0.000009,5.953440,5.856715,-3.071015
2222.000000,578.257262,-403.894479,0.000009,5.954294,5.856261,-3.084834
2224.000000,578.883200,-405.791696,0.000009,5.955049,5.855995,-3.098177
2226.000000,579.509171,-407.688902,0.000009,5.955530,5.855990,-3.110593
2228.000000,580.137368,-409.592737,0.000009,5.955864,5.856030,-3.121680
2230.000000,580.763409,-411.489920,0.000009,5.956224,5.855855,-3.130998
2232.000000,581.389486,-413.387091,0.000010,5.956642,5.855443,-3.138253
2234.000000,582.017791,-415.290891,0.000010,5.957029,5.854961,-3.143154
2236.000000,582.643942,-417.188038,0.000010,5.957352,5.854538,-3.145534
2238.000000,583.270129,-419.085172,0.000010,5.957764,5.854157,-3.145429
2240.000000,583.898152,-420.987735,0.000010,5.958439,5.853771,-3.142899
2242.000000,584.524813,-422.886043,0.000010,5.959292,5.853371,-3.138034
2244.000000,585.151118,-424.783139,0.000011,5.960049,5.852965,-3.130931
2246.000000,585.779260,-426.685666,0.000011,5.960532,5.852563,-3.121698
2248.000000,586.406042,-428.583931,0.000011,5.960864,5.852164,-3.110589
2250.000000,587.032469,-430.480986,0.000011,5.961224,5.851766,-3.097908
2252.000000,587.660738,-432.383475,0.000011,5.961643,5.851364,-3.084492
2254.000000,588.287644,-434.281695,0.000012,5.962029,5.850965,-3.071122
2256.000000,588.914200,-436.178708,0.000012,5.962352,5.850566,-3.058055
2258.000000,589.540801,-438.075706,0.000012,5.962765,5.850166,-3.045543
2260.000000,590.169639,-439.979330,0.000012,5.963440,5.849761,-3.033801
2262.000000,590.796330,-441.876298,0.000012,5.964293,5.849358,-3.023131
2264.000000,591.423066,-443.773251,0.000012,5.965049,5.848967,-3.013658
2266.000000,592.052044,-445.676829,0.000012,5.965533,5.848588,-3.005479
2268.000000,592.678874,-447.573752,0.000013,5.965864,5.848184,-2.998762
2270.000000,593.305753,-449.470658,0.000013,5.966225,5.847714,-2.993568
2272.000000,593.934874,-451.374188,0.000013,5.966643,5.847260,-2.989988
2274.000000,594.561851,-453.271062,0.000013,5.967028,5.846994,-2.988139
2276.000000,595.188878,-455.167919,0.000013,5.967353,5.846990,-2.988074
2278.000000,595.817753,-457.070201,0.000014,5.967767,5.847030,-2.989845
2280.000000,596.445277,-458.968223,0.000014,5.968439,5.846854,-2.993432
2282.000000,597.072457,-460.865030,0.000014,5.969290,5.846442,-2.998764
2284.000000,597.701490,-462.767263,0.000014,5.970052,5.845960,-3.005789
2286.000000,598.329171,-464.665231,0.000014,5.970541,5.845536,-3.014424
2288.000000,598.956511,-466.561984,0.000014,5.970871,5.845155,-3.024631
2290.000000,599.583905,-468.458720,0.000014,5.971207,5.844771,-3.036362
2292.000000,600.213551,-470.362077,0.000015,5.971607,5.844369,-3.049648
2294.000000,600.841055,-472.258776,0.000015,5.972039,5.843964,-3.064379
2296.000000,601.468616,-474.155456,0.000015,5.972467,5.843563,-3.080555
2298.000000,602.098431,-476.058758,0.000015,5.972858,5.843163,-3.098193
2300.000000,602.726107,-477.955401,0.000015,5.973183,5.842765,-3.117147
2302.000000,603.353840,-479.852024,0.000016,5.973529,5.842365,-3.137472
2304.000000,603.983831,-481.755267,0.000016,5.974067,5.841964,-3.159246
2306.000000,604.611684,-483.651851,0.000016,5.974864,5.841566,-3.182314
2308.000000,605.239597,-485.548416,0.000016,5.975702,5.841166,-3.206655
2310.000000,605.869371,-487.450397,0.000016,5.976322,5.840760,-3.232108
2312.000000,606.497804,-489.348121,0.000016,5.976705,5.840355,-3.258223
2314.000000,607.125901,-491.244624,0.000017,5.977033,5.839967,-3.284680
2316.000000,607.755864,-493.146547,0.000017,5.977433,5.839594,-3.311154
2318.000000,608.384484,-495.044206,0.000017,5.977847,5.839188,-3.337076
2320.000000,609.012772,-496.940646,0.000017,5.978189,5.838702,-3.362054
2322.000000,609.642927,-498.842507,0.000017,5.978533,5.838235,-3.385737
2324.000000,610.271742,-500.740100,0.000017,5.979067,5.838001,-3.407567
2326.000000,610.900225,-502.636475,0.000018,5.979871,5.838069,-3.427243
2328.000000,611.528777,-504.532828,0.000018,5.980709,5.838093,-3.444523
2330.000000,612.159594,-506.435796,0.000018,5.981299,5.837687,-3.459217
2332.000000,612.788280,-508.332105,0.000018,5.981658,5.837097,-3.470977
2334.000000,613.417035,-510.228390,0.000018,5.982047,5.837058,-3.479698
2336.000000,614.048059,-512.131290,0.000018,5.982585,5.837643,-3.485367
2338.000000,614.676952,-514.027529,0.000019,5.982967,5.837038,-3.487977
2340.000000,615.305916,-515.923745,0.000019,5.982825,5.833168,-3.487557
2342.000000,615.936754,-517.825372,0.000019,5.982075,5.825762,-3.483960
2344.000000,616.566260,-519.722743,0.000019,5.980873,5.816054,-3.476986
2346.000000,617.195439,-521.618888,0.000019,5.979373,5.805153,-3.466402
2348.000000,617.826496,-523.520445,0.000019,5.977703,5.793709,-3.451731
2350.000000,618.456220,-525.417741,0.000020,5.975999,5.782322,-3.432473
2352.000000,619.085621,-527.313812,0.000020,5.974365,5.770906,-3.407967
2354.000000,619.716902,-529.215297,0.000020,5.972881,5.758875,-3.377391
2356.000000,620.346851,-531.112515,0.000020,5.971599,5.746415,-3.340099
2358.000000,620.976478,-533.008512,0.000020,5.970454,5.735544,-3.295197
2360.000000,621.606182,-534.904481,0.000020,5.969405,5.728700,-3.241548
2362.000000,622.238168,-536.807063,0.000021,5.968999,5.728208,-3.177502
2364.000000,622.868029,-538.702981,0.000021,5.970245,5.736289,-3.102124
2366.000000,623.497968,-540.598873,0.000021,5.973356,5.753258,-3.014219
2368.000000,624.130191,-542.501375,0.000021,5.976340,5.774423,-2.912544
2370.000000,624.760290,-544.397214,0.000021,5.977023,5.794125,-2.797251
2372.000000,625.390469,-546.293026,0.000021,5.977695,5.812069,-2.667732
2374.000000,626.022936,-548.195448,0.000022,5.984125,5.832012,-2.523122
2376.000000,626.653278,-550.091205,0.000009,5.996051,5.854688,-2.362409
2378.000000,627.283704,-551.986935,-0.000168,5.996427,5.872740,-2.181021
2380.000000,627.915829,-553.888137,-0.000739,5.966118,5.877736,-1.976760
2382.000000,628.544124,-555.785910,-0.001661,5.908615,5.871645,-1.751453
2384.000000,629.165751,-557.684553,-0.002692,5.845060,5.864783,-1.507044
2386.000000,629.778909,-559.591981,-0.003735,5.789438,5.862875,-1.244577
2388.000000,630.376445,-561.499680,-0.004790,5.734733,5.858047,-0.967281
2390.000000,630.955351,-563.411829,-0.005851,5.670404,5.841272,-0.676403
2392.000000,631.511900,-565.330617,-0.006903,5.606751,5.826906,-0.372826
2394.000000,632.043736,-567.263667,-0.007972,5.570268,5.847685,-0.056312
2396.000000,632.542896,-569.198247,-0.009061,5.576308,5.920002,0.269980
2398.000000,633.007005,-571.141528,-0.010107,5.606771,6.014819,0.605709
2400.000000,633.432934,-573.099456,-0.011163,5.637963,6.095814,0.950139
2402.000000,633.814117,-575.062083,-0.012222,5.660604,6.152981,1.299307
2404.000000,634.147022,-577.032194,-0.013224,5.676637,6.197118,1.651148
2406.000000,634.427733,-579.010501,-0.014135,5.688647,6.237994,2.003445
2408.000000,634.653125,-581.002914,-0.015062,5.699657,6.280989,2.355098
2410.000000,634.817752,-582.994335,-0.016041,5.712794,6.328309,2.701300
2412.000000,634.918572,-584.990034,-0.017038,5.732529,6.363494,3.041495
2414.000000,634.951513,-586.988042,-0.018093,5.764151,6.356556,3.373919
2416.000000,634.912116,-588.991748,-0.019268,5.809505,6.298006,3.697271
2418.000000,634.795704,-590.988048,-0.020557,5.861175,6.231123,4.006784
2420.000000,634.597607,-592.976785,-0.021883,5.910757,6.204456,4.299440
2422.000000,634.312837,-594.955016,-0.023273,5.955608,6.213792,4.570322
2424.000000,633.936379,-596.917848,-0.024673,5.997118,6.217970,4.813130
2426.000000,633.463568,-598.859911,-0.025989,6.035445,6.190988,5.022341
2428.000000,632.888776,-600.780267,-0.027324,6.067577,6.145205,5.192935
2430.000000,632.211004,-602.662624,-0.028719,6.089679,6.098945,5.320430
2432.000000,631.426934,-604.501733,-0.029763,6.098678,6.054002,5.399593
2434.000000,630.533979,-606.289892,-0.029515,6.091800,6.002184,5.425914
2436.000000,629.534865,-608.021092,-0.027557,6.066468,5.945163,5.399626
2438.000000,628.441404,-609.694894,-0.024805,6.020499,5.905020,5.327000
2440.000000,627.266634,-611.312040,-0.021998,5.952749,5.903302,5.215270
2442.000000,626.022174,-612.875730,-0.019213,5.870039,5.927171,5.072529
2444.000000,624.715113,-614.394766,-0.016714,5.783856,5.942635,4.906643
2446.000000,623.361328,-615.866270,-0.014642,5.702077,5.922352,4.724685
2448.000000,621.966224,-617.296767,-0.013230,5.621212,5.857666,4.529410
2450.000000,620.534949,-618.691160,-0.013015,5.536315,5.747168,4.323253
2452.000000,619.064718,-620.052387,-0.013880,5.450039,5.631909,4.102343
2454.000000,617.560373,-621.369546,-0.015136,5.371844,5.587426,3.858343
2456.000000,616.017898,-622.639875,-0.016402,5.313126,5.642255,3.581220
2458.000000,614.434612,-623.858906,-0.017270,5.290981,5.701592,3.260836
2460.000000,612.804835,-625.024688,-0.017265,5.320655,5.656137,2.885395
2462.000000,611.138583,-626.130476,-0.016095,5.385674,5.520160,2.449751
2464.000000,609.438233,-627.179655,-0.012920,5.448514,5.390934,1.951026
2466.000000,607.709898,-628.181473,-0.007399,5.487905,5.327188,1.392448
2468.000000,605.961508,-629.159968,-0.000769,5.517712,5.301632,0.795574
2470.000000,604.215122,-630.133930,0.005927,5.554777,5.276063,0.193989
2472.000000,602.481962,-631.127717,0.012345,5.589829,5.248170,-0.382722
2474.000000,600.774119,-632.164772,0.017792,5.597328,5.238110,-0.907545
2476.000000,599.100008,-633.266968,0.021960,5.560259,5.259197,-1.362101
2478.000000,597.479951,-634.439707,0.024585,5.482693,5.307177,-1.734827
2480.000000,595.922829,-635.692035,0.024871,5.376514,5.372389,-2.022378
2482.000000,594.430764,-637.022021,0.023410,5.289616,5.425888,-2.234955
2484.000000,593.002190,-638.420292,0.021785,5.293590,5.426033,-2.387190
2486.000000,591.635628,-639.878607,0.020569,5.412567,5.358840,-2.491239
2488.000000,590.326663,-641.395845,0.019673,5.563775,5.272512,-2.556804
2490.000000,589.080829,-642.960229,0.018995,5.651064,5.223155,-2.592605
2492.000000,587.896019,-644.569466,0.018415,5.656386,5.222625,-2.607348
2494.000000,586.771187,-646.221181,0.017901,5.611326,5.254633,-2.609068
2496.000000,585.706140,-647.911977,0.017360,5.544943,5.301092,-2.605802
2498.000000,584.696969,-649.644802,0.016899,5.476496,5.342574,-2.605066
2500.000000,583.750287,-651.404543,0.016550,5.423032,5.361103,-2.613057
2502.000000,582.862181,-653.194546,0.016299,5.390536,5.358172,-2.634409
2504.000000,582.032532,-655.012445,0.016295,5.378800,5.346879,-2.672047
2506.000000,581.259495,-656.862712,0.016654,5.385804,5.336167,-2.725178
2508.000000,580.551050,-658.731126,0.017188,5.406095,5.325563,-2.788649
2510.000000,579.907164,-660.622810,0.017672,5.433139,5.313131,-2.856505
2512.000000,579.330434,-662.536085,0.018123,5.456085,5.300053,-2.922738
2514.000000,578.822040,-664.474297,0.018625,5.461471,5.289392,-2.982155
2516.000000,578.387082,-666.426411,0.019216,5.440613,5.284224,-3.029058
2518.000000,578.027635,-668.392189,0.019828,5.395184,5.287229,-3.057946
2520.000000,577.746256,-670.370675,0.020514,5.331606,5.299660,-3.063793
2522.000000,577.546085,-672.359078,0.021281,5.281688,5.311064,-3.041893
2524.000000,577.430168,-674.359807,0.022353,5.292584,5.303857,-2.988071
2526.000000,577.403485,-676.360123,0.023775,5.371488,5.273985,-2.898346
2528.000000,577.471921,-678.357512,0.024686,5.440429,5.246315,-2.766534
2530.000000,577.640906,-680.348771,0.024150,5.418694,5.247001,-2.585522
2532.000000,577.907074,-682.329722,0.022269,5.327651,5.270419,-2.355729
2534.000000,578.261749,-684.296596,0.019343,5.251285,5.291418,-2.083605
2536.000000,578.694682,-686.252717,0.015520,5.238563,5.293544,-1.777428
2538.000000,579.187539,-688.190911,0.011323,5.263905,5.279190,-1.454515
2540.000000,579.723409,-690.115712,0.007181,5.291633,5.254457,-1.132794
2542.000000,580.286651,-692.032475,0.003412,5.310714,5.227971,-0.829112
2544.000000,580.863967,-693.952368,0.000736,5.324502,5.209760,-0.558273
2546.000000,581.440121,-695.865299,-0.000544,5.335738,5.204985,-0.332625
2548.000000,582.013808,-697.778958,-0.000996,5.345315,5.208390,-0.152002
2550.000000,582.585240,-699.700588,-0.001058,5.353765,5.213582,-0.014734
2552.000000,583.150368,-701.616801,-0.000892,5.361627,5.218302,0.081358
2554.000000,583.712134,-703.534004,-0.000711,5.369584,5.222902,0.140914
2556.000000,584.272780,-705.457098,-0.000609,5.377984,5.227664,0.167447
2558.000000,584.830066,-707.377321,-0.000538,5.386451,5.232513,0.163653
2560.000000,585.384801,-709.296565,-0.000448,5.394594,5.237347,0.132169
2562.000000,585.939279,-711.221447,-0.000343,5.402534,5.242157,0.075215
2564.000000,586.491418,-713.143156,-0.000237,5.410624,5.246934,-0.004530
2566.000000,587.042198,-715.063538,-0.000137,5.419040,5.251711,-0.104870
2568.000000,587.592456,-716.984071,-0.000038,5.427482,5.256526,-0.224012
2570.000000,588.144489,-718.911370,0.000061,5.435641,5.261422,-0.360520
2572.000000,588.694831,-720.831879,0.000163,5.443571,5.266265,-0.510943
2574.000000,589.245796,-722.752210,0.000263,5.451669,5.270901,-0.672329
2576.000000,589.799705,-724.678970,0.000363,5.460121,5.275305,-0.841246
2578.000000,590.353079,-726.598608,0.000465,5.468560,5.279682,-1.012523
2580.000000,590.908232,-728.517731,0.000564,5.476688,5.284293,-1.183777
2582.000000,591.467500,-730.442943,0.000664,5.484643,5.289141,-1.353346
2584.000000,592.027369,-732.360697,0.000765,5.492743,5.294019,-1.517869
2586.000000,592.590166,-734.277595,0.000863,5.501161,5.298833,-1.675943
2588.000000,593.157784,-736.198639,0.000962,5.509615,5.303624,-1.826681
2590.000000,593.728049,-738.115053,0.001063,5.517734,5.308415,-1.968486
2592.000000,594.301906,-740.028667,0.001161,5.525649,5.313214,-2.100038
2594.000000,594.881756,-741.946060,0.001257,5.533764,5.318017,-2.219567
2596.000000,595.465360,-743.858455,0.001336,5.542189,5.322798,-2.324085
2598.000000,596.053637,-745.767687,0.001266,5.550595,5.327593,-2.411256
2600.000000,596.648767,-747.680389,0.000892,5.558662,5.332441,-2.478975
2602.000000,597.246453,-749.588422,0.000276,5.566536,5.337255,-2.526330
2604.000000,597.844703,-751.494554,-0.000407,5.574719,5.341925,-2.553713
2606.000000,598.441399,-753.401173,-0.001086,5.583313,5.346505,-2.561143
2608.000000,599.036021,-755.315761,-0.001766,5.591638,5.351407,-2.548424
2610.000000,599.621821,-757.225763,-0.002455,5.598994,5.356896,-2.515643
2612.000000,600.198263,-759.138612,-0.003135,5.606475,5.362079,-2.462999
2614.000000,600.764667,-761.061755,-0.003825,5.616140,5.365383,-2.390469
2616.000000,601.314401,-762.982472,-0.004528,5.624111,5.370498,-2.298930
2618.000000,601.846764,-764.908074,-0.005216,5.614554,5.392066,-2.188748
2620.000000,602.360383,-766.844308,-0.005916,5.571865,5.444476,-2.060022
2622.000000,602.850121,-768.782929,-0.006634,5.502162,5.521966,-1.913678
2624.000000,603.313753,-770.726266,-0.007326,5.424724,5.606699,-1.749680
2626.000000,603.750015,-772.681434,-0.008020,5.353096,5.686010,-1.567185
2628.000000,604.154062,-774.639744,-0.008728,5.289163,5.757594,-1.367133
2630.000000,604.523605,-776.603213,-0.009434,5.233311,5.820546,-1.150458
2632.000000,604.856123,-778.573304,-0.010121,5.195275,5.865291,-0.918478
2634.000000,605.149685,-780.556659,-0.010840,5.190368,5.877092,-0.671736
2636.000000,605.399246,-782.539027,-0.011590,5.221958,5.851574,-0.413382
2638.000000,605.602886,-784.526633,-0.012328,5.269083,5.805776,-0.144155
2640.000000,605.757554,-786.518706,-0.013047,5.308512,5.757808,0.134003
2642.000000,605.860492,-788.521139,-0.013789,5.330619,5.707174,0.419525
2644.000000,605.907883,-790.518676,-0.014547,5.333523,5.643467,0.707262
2646.000000,605.897256,-792.516808,-0.015221,5.325522,5.565433,0.994300
2648.000000,605.825586,-794.519006,-0.015899,5.332202,5.489928,1.276643
2650.000000,605.690367,-796.514351,-0.016573,5.375727,5.435658,1.548062
2652.000000,605.489304,-798.502463,-0.017150,5.436700,5.410110,1.804217
2654.000000,605.220061,-800.482474,-0.017552,5.474878,5.415036,2.040909
2656.000000,604.881270,-802.451833,-0.017693,5.470732,5.441528,2.254692
2658.000000,604.471464,-804.414833,-0.017794,5.440602,5.462995,2.444115
2660.000000,603.993665,-806.355205,-0.017965,5.405459,5.453237,2.605996
2662.000000,603.446647,-808.277199,-0.018160,5.379202,5.408294,2.739136
2664.000000,602.830369,-810.178144,-0.018431,5.372139,5.335634,2.841619
2666.000000,602.142708,-812.060104,-0.018822,5.386982,5.250772,2.911638
2668.000000,601.385967,-813.911505,-0.019319,5.412389,5.184512,2.946818
2670.000000,600.559080,-815.730835,-0.019844,5.434563,5.164515,2.945342
2672.000000,599.660772,-817.516000,-0.020448,5.438060,5.179685,2.905331
2674.000000,598.690373,-819.263084,-0.021211,5.406522,5.196298,2.824365
2676.000000,597.647018,-820.967708,-0.022071,5.332678,5.202379,2.699345
2678.000000,596.525460,-822.630328,-0.022919,5.227516,5.232387,2.525874
2680.000000,595.332425,-824.233930,-0.023504,5.109080,5.322370,2.300977
2682.000000,594.065247,-825.779653,-0.023495,5.014595,5.454923,2.021513
2684.000000,592.726311,-827.263143,-0.022333,4.993379,5.580176,1.685472
2686.000000,591.321081,-828.683834,-0.019670,5.061665,5.664685,1.294230
2688.000000,589.856784,-830.051642,-0.016353,5.172000,5.708803,0.858161
2690.000000,588.351379,-831.368340,-0.013061,5.270842,5.719009,0.394131
2692.000000,586.813734,-832.644069,-0.009905,5.344748,5.707263,-0.082729
2694.000000,585.251429,-833.889461,-0.007119,5.401502,5.687962,-0.557176
2696.000000,583.666496,-835.117191,-0.004852,5.449265,5.669981,-1.017418
2698.000000,582.075424,-836.325435,-0.003138,5.495094,5.652960,-1.450181
2700.000000,580.477433,-837.524494,-0.002099,5.544867,5.635225,-1.848957
2702.000000,578.870566,-838.720315,-0.001542,5.594321,5.616970,-2.211430
2704.000000,577.262691,-839.909075,-0.001022,5.633783,5.599444,-2.534921
2706.000000,575.653740,-841.093347,-0.000400,5.658654,5.583186,-2.818761
2708.000000,574.039679,-842.279446,0.000131,5.672655,5.567607,-3.062776
2710.000000,572.428927,-843.464310,0.000378,5.680381,5.552146,-3.265581
2712.000000,570.820648,-844.649498,0.000405,5.685069,5.536579,-3.429162
2714.000000,569.209146,-845.839071,0.000385,5.689161,5.520865,-3.556431
2716.000000,567.601285,-847.027849,0.000376,5.693951,5.505297,-3.649625
2718.000000,565.995758,-848.216761,0.000370,5.698869,5.490441,-3.711824
2720.000000,564.391114,-849.406866,0.000361,5.703027,5.477077,-3.745829
2722.000000,562.781719,-850.602302,0.000351,5.705266,5.467022,-3.754512
2724.000000,561.178775,-851.794696,0.000341,5.704286,5.462719,-3.740953
2726.000000,559.576642,-852.988178,0.000331,5.700001,5.464430,-3.708234
2728.000000,557.969694,-854.186903,0.000321,5.694346,5.468898,-3.658721
2730.000000,556.369120,-855.382476,0.000312,5.689355,5.472687,-3.595040
2732.000000,554.769293,-856.579047,0.000302,5.685137,5.475279,-3.519323
2734.000000,553.166034,-857.779694,0.000292,5.680832,5.477646,-3.433659
2736.000000,551.566186,-858.979248,0.000283,5.676044,5.480367,-3.340597
2738.000000,549.968460,-860.178622,0.000273,5.671165,5.483283,-3.241960
2740.000000,548.367236,-861.381988,0.000263,5.666615,5.486159,-3.139055
2742.000000,546.769358,-862.584158,0.000253,5.662297,5.488944,-3.033655
2744.000000,545.173526,-863.786052,0.000243,5.657802,5.491711,-2.926782
2746.000000,543.574130,-864.991851,0.000233,5.652969,5.494510,-2.818631
2748.000000,541.978011,-866.196351,0.000224,5.648139,5.497319,-2.709709
2750.000000,540.383865,-867.400482,0.000214,5.643633,5.500122,-2.599817
2752.000000,538.790236,-868.605294,0.000204,5.639311,5.502919,-2.488845
2754.000000,537.191520,-869.814978,0.000194,5.634784,5.505724,-2.376446
2756.000000,535.598853,-871.021061,0.000185,5.629959,5.508522,-2.263467
2758.000000,534.006629,-872.227733,0.000175,5.625136,5.511322,-2.149690
2760.000000,532.409256,-873.439185,0.000165,5.620616,5.514132,-2.034929
2762.000000,530.817853,-874.646938,0.000155,5.616293,5.516931,-1.920116
2764.000000,529.226825,-875.855184,0.000145,5.611780,5.519726,-1.804792
2766.000000,527.630579,-877.068124,0.000135,5.606936,5.522529,-1.688491
2768.000000,526.040229,-878.277263,0.000126,5.602114,5.525332,-1.573368
2770.000000,524.450183,-879.486802,0.000116,5.597610,5.528151,-1.461546
2772.000000,522.856287,-880.699851,0.000106,5.593275,5.530967,-1.353158
2774.000000,521.265343,-881.911187,0.000096,5.588755,5.533719,-1.248550
2776.000000,519.676065,-883.121736,0.000086,5.583928,5.536443,-1.147546
2778.000000,518.082866,-884.335705,0.000076,5.579094,5.539304,-1.049658
2780.000000,516.492550,-885.547861,0.000066,5.574587,5.542430,-0.955130
2782.000000,514.903827,-886.759137,0.000057,5.570264,5.545683,-0.863663
2784.000000,513.315241,-887.970592,0.000047,5.565748,5.548795,-0.774830
2786.000000,511.721208,-889.186437,0.000037,5.560903,5.551651,-0.688251
2788.000000,510.132824,-890.398159,0.000027,5.556082,5.554373,-0.604625
2790.000000,508.544506,-891.609965,0.000017,5.551581,5.557126,-0.523835
2792.000000,506.950670,-892.826068,0.000007,5.547242,5.559945,-0.445872
2794.000000,505.362411,-894.037953,-0.000003,5.542725,5.562764,-0.371550
2796.000000,503.774146,-895.249829,-0.000012,5.537897,5.565566,-0.300859
2798.000000,502.180291,-896.465908,-0.000022,5.533060,5.568368,-0.233841
2800.000000,500.591941,-897.677674,-0.000032,5.528561,5.571163,-0.171192
2802.000000,499.003515,-898.889338,-0.000042,5.524238,5.573963,-0.112664
2804.000000,497.410860,-900.104014,-0.000052,5.519710,5.576769,-0.057935
2806.000000,495.820770,-901.316474,-0.000061,5.514877,5.579570,-0.007035
2808.000000,494.231966,-902.527644,-0.000071,5.510059,5.582368,0.040291
2810.000000,492.638863,-903.741735,-0.000082,5.505551,5.585173,0.084410
2812.000000,491.048255,-904.953513,-0.000092,5.501225,5.587972,0.125399
2814.000000,489.458858,-906.163903,-0.000100,5.496709,5.590770,0.163640
2816.000000,487.869216,-907.373972,-0.000105,5.491882,5.593567,0.199479
2818.000000,486.273752,-908.587940,-0.000107,5.487048,5.596374,0.233242
2820.000000,484.683590,-909.797327,-0.000105,5.482553,5.599171,0.264602
2822.000000,483.093173,-911.006378,-0.000099,5.478233,5.601968,0.293479
2824.000000,481.496950,-912.219346,-0.000094,5.473702,5.604774,0.319760
2826.000000,479.906067,-913.427785,-0.000089,5.468877,5.607570,0.343035
2828.000000,478.314971,-914.635940,-0.000085,5.464061,5.610366,0.363201
2830.000000,476.718099,-915.848054,-0.000080,5.459551,5.613173,0.380189
2832.000000,475.126603,-917.055684,-0.000075,5.455232,5.615970,0.393917
2834.000000,473.534926,-918.263077,-0.000070,5.450719,5.618762,0.404564
2836.000000,471.938948,-919.473378,-0.000066,5.445882,5.621560,0.412366
2838.000000,470.345502,-920.681429,-0.000061,5.441063,5.624362,0.418009
2840.000000,468.753350,-921.888194,-0.000056,5.436569,5.627178,0.422359
2842.000000,467.156927,-923.097914,-0.000051,5.432239,5.629990,0.425849
2844.000000,465.563076,-924.305426,-0.000047,5.427723,5.632738,0.428589
2846.000000,463.970551,-925.511698,-0.000042,5.422901,5.635458,0.430639
2848.000000,462.373787,-926.720971,-0.000037,5.418073,5.638317,0.431945
2850.000000,460.779633,-927.928080,-0.000033,5.413574,5.641440,0.432306
2852.000000,459.186839,-929.133996,-0.000028,5.409256,5.644688,0.431485
2854.000000,457.593977,-930.339824,-0.000023,5.404746,5.647796,0.429233
2856.000000,455.995484,-931.549800,-0.000018,5.399907,5.650649,0.425290
2858.000000,454.402522,-932.755496,-0.000014,5.395091,5.653367,0.419431
2860.000000,452.809527,-933.961148,-0.000009,5.390595,5.656117,0.411409
2862.000000,451.210934,-935.170992,-0.000004,5.386262,5.658932,0.400993
2864.000000,449.617907,-936.376602,0.000001,5.381752,5.661748,0.388117
2866.000000,448.024882,-937.582215,0.000005,5.376930,5.664547,0.372718
2868.000000,446.427737,-938.790971,0.000010,5.372101,5.667345,0.354797
2870.000000,444.833304,-939.997723,0.000015,5.367597,5.670139,0.334508
2872.000000,443.240351,-941.203431,0.000019,5.363277,5.672936,0.312260
2874.000000,441.643310,-942.412329,0.000024,5.358760,5.675741,0.289024
2876.000000,440.049020,-943.619266,0.000029,5.353941,5.678539,0.265872
2878.000000,438.456242,-944.825204,0.000034,5.349118,5.681335,0.243157
2880.000000,436.859409,-946.034382,0.000038,5.344579,5.684139,0.220953
2882.000000,435.265365,-947.241639,0.000043,5.340243,5.686938,0.199491
2884.000000,433.672864,-948.447943,0.000048,5.335798,5.689735,0.178863
2886.000000,432.080478,-949.654400,0.000052,5.331078,5.692532,0.158917
2888.000000,430.482645,-950.865248,0.000057,5.326167,5.695339,0.139292
2890.000000,428.890525,-952.072054,0.000062,5.321240,5.698135,0.119803
2892.000000,427.298554,-953.279059,0.000067,5.316419,5.700933,0.100037
2894.000000,425.701173,-954.490502,0.000071,5.311826,5.703741,0.079556
2896.000000,424.109536,-955.697947,0.000076,5.307476,5.706538,0.058111
2898.000000,422.518083,-956.905634,0.000081,5.303075,5.709337,0.035265
2900.000000,420.921257,-958.117809,0.000086,5.298349,5.712146,0.010727
2902.000000,419.330209,-959.326028,0.000091,5.293480,5.714946,-0.015372
2904.000000,417.739379,-960.534536,0.000095,5.288806,5.717742,-0.043066
2906.000000,416.144654,-961.746483,0.000100,5.284427,5.720543,-0.072360
2908.000000,414.552856,-962.956709,0.000105,5.280045,5.723348,-0.103034
2910.000000,412.962752,-964.166172,0.000110,5.275346,5.726169,-0.135000
2912.000000,411.368789,-965.379125,0.000115,5.270459,5.728985,-0.168270
2914.000000,409.777790,-966.590399,0.000119,5.265774,5.731739,-0.202627
2916.000000,408.188520,-967.800956,0.000124,5.261403,5.734464,-0.237926
2918.000000,406.599548,-969.011906,0.000128,5.257023,5.737323,-0.273855
2920.000000,405.005325,-970.227501,0.000135,5.252304,5.740461,-0.310012
2922.000000,403.416990,-971.439286,0.000142,5.247427,5.743718,-0.345302
2924.000000,401.829002,-972.651525,0.000141,5.242744,5.746831,-0.378621
2926.000000,400.235805,-973.868466,0.000133,5.238357,5.749689,-0.408688
2928.000000,398.648491,-975.081588,0.000115,5.233972,5.752414,-0.433877
2930.000000,397.061466,-976.295088,0.000085,5.229263,5.755174,-0.452601
2932.000000,395.469100,-977.513115,0.000048,5.224365,5.757998,-0.463009
2934.000000,393.882403,-978.727045,0.000010,5.219685,5.760821,-0.463108
2936.000000,392.295730,-979.941004,-0.000026,5.215313,5.763628,-0.451003
2938.000000,390.704881,-981.158030,-0.000061,5.210914,5.766434,-0.424649
2940.000000,389.116558,-982.372818,-0.000096,5.206197,5.769237,-0.382481
2942.000000,387.529443,-983.586200,-0.000132,5.201318,5.772040,-0.323731
2944.000000,385.937890,-984.802310,-0.000168,5.196631,5.774852,-0.247884
2946.000000,384.348607,-986.015837,-0.000204,5.192260,5.777656,-0.155476
2948.000000,382.760271,-987.227620,-0.000239,5.187875,5.780457,-0.047120
2950.000000,381.167231,-988.441787,-0.000274,5.183153,5.783264,0.076931
2952.000000,379.576212,-989.653034,-0.000310,5.178276,5.786065,0.215616
2954.000000,377.985883,-990.862199,-0.000345,5.173609,5.788865,0.368363
2956.000000,376.394721,-992.070270,-0.000379,5.169247,5.791665,0.534380
2958.000000,374.797070,-993.281356,-0.000414,5.164858,5.794468,0.713224
2960.000000,373.203990,-994.486899,-0.000451,5.160172,5.797251,0.902478
2962.000000,371.609829,-995.691008,-0.000485,5.155316,5.800040,1.101427
2964.000000,370.008912,-996.897777,-0.000517,5.150610,5.802866,1.309709
2966.000000,368.412333,-998.098678,-0.000548,5.146214,5.805691,1.524845
2968.000000,366.814443,-999.297837,-0.000581,5.141894,5.808448,1.746371
2970.000000,365.211030,-1000.498257,-0.000629,5.137400,5.811096,1.973894
2972.000000,363.608802,-1001.694651,-0.000676,5.132625,5.813826,2.206076
2974.000000,362.006387,-1002.887759,-0.000680,5.127511,5.816950,2.443207
2976.000000,360.398146,-1004.081714,-0.000647,5.122451,5.820258,2.686841
2978.000000,358.791095,-1005.271611,-0.000695,5.118640,5.822647,2.937048
2980.000000,357.184043,-1006.458445,-0.000947,5.116709,5.823435,3.195064
2982.000000,355.570665,-1007.645440,-0.001541,5.113091,5.825322,3.461980
2984.000000,353.956746,-1008.826062,-0.002839,5.102252,5.832620,3.736413
2986.000000,352.338318,-1009.997430,-0.004967,5.087736,5.842832,4.014055
2988.000000,350.708482,-1011.152829,-0.007462,5.089477,5.841173,4.285821
2990.000000,349.055687,-1012.287763,-0.010004,5.129047,5.811395,4.543650
2992.000000,347.386295,-1013.385513,-0.012594,5.218678,5.742447,4.777722
2994.000000,345.689778,-1014.441150,-0.015313,5.365165,5.626403,4.982521
2996.000000,343.961738,-1015.444796,-0.018190,5.545013,5.482859,5.152926
2998.000000,342.192243,-1016.388112,-0.021179,5.677635,5.383518,5.284893
3000.000000,340.390328,-1017.252530,-0.024180,5.685097,5.397973,5.373945
3002.000000,338.548656,-1018.029035,-0.027123,5.584914,5.512650,5.417605
3004.000000,336.667076,-1018.704857,-0.030157,5.443092,5.671297,5.413454
3006.000000,334.747791,-1019.266355,-0.033085,5.314287,5.817847,5.360848
3008.000000,332.796212,-1019.698684,-0.034531,5.234027,5.898654,5.256749
3010.000000,330.818898,-1019.991131,-0.033208,5.224186,5.877887,5.095402
3012.000000,328.825506,-1020.150391,-0.029957,5.258669,5.794785,4.883833
3014.000000,326.826589,-1020.189458,-0.025921,5.294557,5.715009,4.633136
3016.000000,324.829141,-1020.124300,-0.021341,5.310664,5.671139,4.355433
3018.000000,322.829213,-1019.973425,-0.016866,5.311440,5.656699,4.066660
3020.000000,320.842897,-1019.756604,-0.012904,5.304584,5.660586,3.788499
3022.000000,318.862929,-1019.489069,-0.009710,5.301533,5.666582,3.534493
3024.000000,316.888153,-1019.184989,-0.008198,5.315206,5.656649,3.316264
3026.000000,314.911408,-1018.850090,-0.008657,5.359855,5.613561,3.138993
3028.000000,312.947591,-1018.482734,-0.010265,5.451005,5.522183,2.998499
3030.000000,310.991333,-1018.075963,-0.012441,5.594566,5.377585,2.888902
3032.000000,309.040840,-1017.619845,-0.014855,5.733057,5.238807,2.802930
3034.000000,307.107915,-1017.106059,-0.016832,5.777045,5.197173,2.733348
3036.000000,305.195291,-1016.527147,-0.018089,5.689845,5.291866,2.677607
3038.000000,303.304941,-1015.879269,-0.018793,5.515793,5.482001,2.637089
3040.000000,301.440522,-1015.160195,-0.018917,5.310906,5.711730,2.610328
3042.000000,299.598297,-1014.367938,-0.018768,5.134824,5.904236,2.595769
3044.000000,297.793387,-1013.510098,-0.018710,5.049046,5.973950,2.591810
3046.000000,296.021716,-1012.585663,-0.018770,5.064338,5.907003,2.598309
3048.000000,294.285936,-1011.595529,-0.018900,5.127352,5.781354,2.617205
3050.000000,292.584547,-1010.537833,-0.019077,5.187993,5.670934,2.650117
3052.000000,290.927284,-1009.417586,-0.019320,5.244600,5.583709,2.697636
3054.000000,289.316070,-1008.235405,-0.019581,5.314547,5.500999,2.760917
3056.000000,287.752278,-1006.991147,-0.019903,5.396455,5.419631,2.839709
3058.000000,286.239129,-1005.685749,-0.020253,5.464098,5.357260,2.930705
3060.000000,284.776379,-1004.316716,-0.020676,5.493557,5.330058,3.027535
3062.000000,283.373649,-1002.890415,-0.021114,5.483519,5.337361,3.092939
3064.000000,282.033906,-1001.407561,-0.021326,5.442047,5.371483,3.106601
3066.000000,280.758746,-999.868740,-0.021310,5.377412,5.425102,3.081992
3068.000000,279.550252,-998.276995,-0.021220,5.298095,5.491381,3.033747
3070.000000,278.410329,-996.635490,-0.021055,5.215057,5.561066,2.977449
3072.000000,277.336887,-994.941482,-0.020937,5.149933,5.614115,2.926955
3074.000000,276.338901,-993.210021,-0.020896,5.128239,5.626644,2.887890
3076.000000,275.413949,-991.438479,-0.020851,5.151341,5.597298,2.858916
3078.000000,274.563568,-989.629961,-0.020879,5.191713,5.551803,2.835026
3080.000000,273.789296,-987.787569,-0.020909,5.223947,5.514550,2.810002
3082.000000,273.091033,-985.909820,-0.020990,5.245190,5.491569,2.786362
3084.000000,272.473155,-984.007035,-0.021157,5.260966,5.481944,2.766051
3086.000000,271.936779,-982.081856,-0.021342,5.275224,5.481931,2.748998
3088.000000,271.482946,-980.135568,-0.021538,5.289611,5.484727,2.735282
3090.000000,271.113304,-978.171509,-0.021670,5.303818,5.485693,2.724598
3092.000000,270.828483,-976.188452,-0.021737,5.310330,5.490690,2.716569
3094.000000,270.630776,-974.197635,-0.021668,5.299342,5.508999,2.710134
3096.000000,270.519828,-972.202217,-0.021391,5.271310,5.539320,2.704001
3098.000000,270.494211,-970.203843,-0.021083,5.238938,5.567590,2.694943
3100.000000,270.552696,-968.206211,-0.020866,5.213120,5.581823,2.679163
3102.000000,270.694283,-966.212770,-0.020659,5.191951,5.584179,2.653653
3104.000000,270.918958,-964.219940,-0.020542,5.169511,5.581451,2.618198
3106.000000,271.224345,-962.244957,-0.020505,5.156999,5.567877,2.573441
3108.000000,271.610269,-960.284124,-0.020454,5.185932,5.522315,2.518708
3110.000000,272.075957,-958.340704,-0.020475,5.274732,5.433707,2.452925
3112.000000,272.620673,-956.417928,-0.020524,5.377449,5.340123,2.375026
3114.000000,273.245281,-954.514501,-0.020686,5.426359,5.296094,2.284042
3116.000000,273.947196,-952.640974,-0.020963,5.402313,5.315950,2.179359
3118.000000,274.726171,-950.800610,-0.021085,5.347210,5.363487,2.059174
3120.000000,275.582391,-948.994888,-0.020911,5.301332,5.404427,1.921313
3122.000000,276.513433,-947.226525,-0.020451,5.273817,5.432675,1.766191
3124.000000,277.518599,-945.493802,-0.019777,5.262151,5.452563,1.595135
3126.000000,278.590467,-943.804608,-0.018940,5.261569,5.467775,1.410579
3128.000000,279.724241,-942.158996,-0.018031,5.264759,5.481245,1.214676
3130.000000,280.916420,-940.555327,-0.017180,5.266742,5.493923,1.008812
3132.000000,282.162858,-938.993486,-0.016332,5.272123,5.499546,0.793965
3134.000000,283.464207,-937.467951,-0.015537,5.287960,5.490496,0.570004
3136.000000,284.807668,-935.988873,-0.014785,5.305339,5.479651,0.339475
3138.000000,286.194174,-934.550051,-0.014040,5.298101,5.502216,0.103219
3140.000000,287.620359,-933.150647,-0.013330,5.248447,5.582104,-0.137524
3142.000000,289.088485,-931.785037,-0.012676,5.175326,5.694174,-0.382886
3144.000000,290.585568,-930.461816,-0.012041,5.111208,5.795116,-0.630266
3146.000000,292.113990,-929.174976,-0.011332,5.088828,5.842345,-0.878433
3148.000000,293.674897,-927.920183,-0.010586,5.142354,5.792401,-1.125192
3150.000000,295.260145,-926.700419,-0.009770,5.286813,5.625696,-1.367248
3152.000000,296.867112,-925.513217,-0.008892,5.465412,5.412382,-1.603221
3154.000000,298.494872,-924.354731,-0.007984,5.600091,5.249157,-1.834627
3156.000000,300.146675,-923.218476,-0.007097,5.658248,5.175867,-2.065063
3158.000000,301.808652,-922.109706,-0.006222,5.656901,5.170341,-2.295609
3160.000000,303.484235,-921.021672,-0.005314,5.619703,5.203819,-2.528175
3162.000000,305.175275,-919.948989,-0.004417,5.574740,5.248058,-2.761067
3164.000000,306.873648,-918.892596,-0.003540,5.550700,5.275722,-2.989297
3166.000000,308.577484,-917.849423,-0.002661,5.553914,5.279963,-3.208130
3168.000000,310.290895,-916.812896,-0.001770,5.567411,5.275294,-3.414037
3170.000000,312.005887,-915.783758,-0.000859,5.576281,5.274529,-3.602317
3172.000000,313.720686,-914.758724,-0.000028,5.580315,5.277852,-3.769176
3174.000000,315.435359,-913.733478,0.000526,5.583899,5.281514,-3.911774
3176.000000,317.154756,-912.702510,0.000787,5.588980,5.283952,-4.029547
3178.000000,318.866505,-911.672388,0.000908,5.594798,5.285943,-4.121883
3180.000000,320.576343,-910.639098,0.000962,5.600577,5.288246,-4.189310
3182.000000,322.290153,-909.598866,0.000988,5.606134,5.290735,-4.232218
3184.000000,323.995939,-908.558898,0.001022,5.611423,5.292989,-4.250728
3186.000000,325.699610,-907.515470,0.001064,5.616571,5.294953,-4.245767
3188.000000,327.407008,-906.464748,0.001111,5.621813,5.296933,-4.218264
3190.000000,329.106112,-905.413899,0.001156,5.627277,5.299164,-4.169422
3192.000000,330.802788,-904.359135,0.001194,5.632920,5.301622,-4.100267
3194.000000,332.500944,-903.297826,0.001240,5.638622,5.304183,-4.011422
3196.000000,334.194397,-902.233609,0.001291,5.644263,5.306676,-3.904084
3198.000000,335.883169,-901.166233,0.001321,5.649774,5.308905,-3.779771
3200.000000,337.573067,-900.091821,0.001318,5.655123,5.310804,-3.639211
3202.000000,339.258054,-899.014253,0.001291,5.660286,5.312757,-3.484123
3204.000000,340.938333,-897.933557,0.001239,5.665293,5.315260,-3.315915
3206.000000,342.619880,-896.846118,0.001172,5.670546,5.318028,-3.135109
3208.000000,344.296817,-895.756070,0.001103,5.676790,5.319908,-2.943789
3210.000000,345.969448,-894.663577,0.001037,5.683994,5.320512,-2.744916
3212.000000,347.639816,-893.567627,0.000970,5.689193,5.322404,-2.541708
3214.000000,349.313889,-892.464584,0.000906,5.688640,5.328965,-2.336035
3216.000000,350.980125,-891.362362,0.000842,5.681953,5.340572,-2.130801
3218.000000,352.644509,-890.257346,0.000773,5.672338,5.354520,-1.926507
3220.000000,354.313000,-889.145876,0.000707,5.662573,5.368454,-1.723640
3222.000000,355.974100,-888.035932,0.000642,5.653075,5.381928,-1.524928
3224.000000,357.633778,-886.923860,0.000575,5.643376,5.395307,-1.331168
3226.000000,359.296088,-885.807252,0.000509,5.633346,5.408855,-1.143489
3228.000000,360.955241,-884.690311,0.000443,5.623267,5.422645,-0.964146
3230.000000,362.611513,-883.573176,0.000376,5.613322,5.436701,-0.794650
3232.000000,364.270854,-882.452156,0.000309,5.603324,5.450765,-0.635994
3234.000000,365.927480,-881.331476,0.000244,5.593082,5.464409,-0.490345
3236.000000,367.581676,-880.211267,0.000179,5.582831,5.477794,-0.359240
3238.000000,369.239374,-879.087816,0.000112,5.573253,5.491687,-0.244041
3240.000000,370.894793,-877.965358,0.000042,5.564511,5.506261,-0.147225
3242.000000,372.548236,-876.844039,-0.000027,5.554541,5.519861,-0.071043
3244.000000,374.201749,-875.722823,-0.000081,5.540702,5.530349,-0.017808
3246.000000,375.861243,-874.597968,-0.000128,5.522237,5.537072,0.010320
3248.000000,377.515222,-873.477440,-0.000206,5.500627,5.540868,0.011170
3250.000000,379.169611,-872.357513,-0.000332,5.477159,5.542829,-0.017072
3252.000000,380.830543,-871.234782,-0.000309,5.452452,5.544156,-0.077012
3254.000000,382.486741,-870.117541,0.000223,5.427192,5.546001,-0.170442
3256.000000,384.142831,-869.000140,0.001291,5.402062,5.548155,-0.296858
3258.000000,385.801882,-867.874616,0.002630,5.378013,5.548936,-0.453638
3260.000000,387.449329,-866.744448,0.004104,5.358210,5.545123,-0.636275
3262.000000,389.087491,-865.600878,0.005635,5.352563,5.528422,-0.840742
3264.000000,390.716534,-864.436152,0.007184,5.372740,5.489213,-1.062100
3266.000000,392.326719,-863.249527,0.008751,5.417736,5.426414,-1.293718
3268.000000,393.914100,-862.036307,0.010328,5.472721,5.348059,-1.530081
3270.000000,395.476234,-860.790579,0.011889,5.524524,5.265528,-1.766206
3272.000000,397.013638,-859.503537,0.013494,5.569959,5.199709,-1.997626
3274.000000,398.510551,-858.179985,0.015153,5.608671,5.173951,-2.217634
3276.000000,399.966828,-856.811733,0.016788,5.641151,5.188505,-2.422080
3278.000000,401.376342,-855.395360,0.018218,5.668027,5.221114,-2.606061
3280.000000,402.737796,-853.922917,0.019382,5.689199,5.250752,-2.765945
3282.000000,404.036361,-852.403940,0.020201,5.701714,5.265717,-2.897279
3284.000000,405.271996,-850.833443,0.020391,5.702235,5.258991,-2.998136
3286.000000,406.442157,-849.213441,0.020113,5.689240,5.242100,-3.069316
3288.000000,407.546426,-847.547721,0.019720,5.662965,5.243678,-3.114496
3290.000000,408.587865,-845.833912,0.019538,5.624014,5.285082,-3.137710
3292.000000,409.558084,-844.086859,0.019519,5.574613,5.360395,-3.142250
3294.000000,410.459574,-842.303354,0.019527,5.517362,5.455633,-3.131778
3296.000000,411.290871,-840.486053,0.019638,5.460672,5.547043,-3.109639
3298.000000,412.050330,-838.637578,0.019764,5.418507,5.601489,-3.077837
3300.000000,412.738513,-836.753945,0.019999,5.401044,5.597662,-3.035808
3302.000000,413.348592,-834.850919,0.020362,5.404150,5.557996,-2.981809
3304.000000,413.881024,-832.924629,0.020831,5.419024,5.517618,-2.912808
3306.000000,414.333027,-830.977874,0.021443,5.440235,5.490128,-2.824818
3308.000000,414.701094,-829.013623,0.021821,5.465912,5.465910,-2.713165
3310.000000,414.983022,-827.030479,0.021756,5.496520,5.437243,-2.572644
3312.000000,415.177811,-825.039043,0.021336,5.539361,5.411173,-2.402033
3314.000000,415.286966,-823.043605,0.020526,5.603176,5.398628,-2.200789
3316.000000,415.313806,-821.045420,0.019407,5.682618,5.396692,-1.969483
3318.000000,415.263191,-819.047666,0.018180,5.757698,5.388239,-1.710892
3320.000000,415.139735,-817.048658,0.016996,5.811981,5.360862,-1.427779
3322.000000,414.948526,-815.057177,0.015867,5.843606,5.321368,-1.124892
3324.000000,414.694585,-813.075231,0.014735,5.855089,5.282375,-0.806385
3326.000000,414.382467,-811.101670,0.013587,5.843909,5.257640,-0.476017
3328.000000,414.016011,-809.132826,0.012476,5.802764,5.262068,-0.137131
3330.000000,413.600978,-807.175917,0.011425,5.731199,5.301907,0.205544
3332.000000,413.141954,-805.231362,0.010402,5.649257,5.357543,0.549110
3334.000000,412.642721,-803.296784,0.009391,5.581007,5.403733,0.891596
3336.000000,412.105366,-801.365228,0.008453,5.532487,5.431670,1.232229
3338.000000,411.537431,-799.449727,0.007625,5.493928,5.447171,1.566843
3340.000000,410.940624,-797.543064,0.006894,5.458300,5.457065,1.894968
3342.000000,410.316215,-795.640483,0.006247,5.431950,5.466983,2.215837
3344.000000,409.668722,-793.747879,0.005617,5.424423,5.481894,2.526573
3346.000000,409.000846,-791.864976,0.004961,5.435374,5.502701,2.824983
3348.000000,408.312754,-789.984515,0.004303,5.455560,5.526636,3.109832
3350.000000,407.609228,-788.112051,0.003651,5.477024,5.551115,3.378115
3352.000000,406.892933,-786.247052,0.002998,5.498083,5.575476,3.628156
3354.000000,406.165502,-784.386374,0.002343,5.518876,5.599634,3.859236
3356.000000,405.426781,-782.522634,0.001697,5.539664,5.623687,4.071276
3358.000000,404.684313,-780.667912,0.001039,5.560544,5.647609,4.262125
3360.000000,403.937970,-778.814750,0.000355,5.581714,5.671583,4.432129
3362.000000,403.187705,-776.955632,-0.000249,5.603011,5.695651,4.581305
3364.000000,402.441276,-775.102507,-0.000618,5.623967,5.719572,4.707990
3366.000000,401.697405,-773.248352,-0.000747,5.644684,5.743489,4.812777
3368.000000,400.953754,-771.386577,-0.000766,5.665579,5.767664,4.896461
3370.000000,400.215607,-769.530135,-0.000738,5.686727,5.792020,4.959046
3372.000000,399.480210,-767.672603,-0.000685,5.707966,5.816441,5.001685
3374.000000,398.745677,-765.809840,-0.000638,5.729008,5.840719,5.025358
3376.000000,398.014281,-763.948103,-0.000602,5.749773,5.864729,5.031192
3378.000000,397.286015,-762.087764,-0.000565,5.770554,5.888626,5.020634
3380.000000,396.558203,-760.222362,-0.000527,5.791649,5.912626,4.995155
3382.000000,395.833125,-758.358157,-0.000487,5.812928,5.936654,4.956671
3384.000000,395.110744,-756.495525,-0.000448,5.834247,5.960669,4.907212
3386.000000,394.390030,-754.632249,-0.000408,5.855493,5.984666,4.848678
3388.000000,393.668322,-752.761857,-0.000370,5.876598,6.008693,4.782693
3390.000000,392.950513,-750.897460,-0.000332,5.897370,6.032592,4.711655
3392.000000,392.233937,-749.032587,-0.000292,5.918118,6.056583,4.637345
3394.000000,391.515947,-747.160767,-0.000253,5.939209,6.080909,4.561280
3396.000000,390.801406,-745.295113,-0.000214,5.960456,6.105336,4.485335
3398.000000,390.087664,-743.429155,-0.000175,5.981588,6.129685,4.410010
3400.000000,389.372079,-741.556413,-0.000136,6.002467,6.153856,4.335298
3402.000000,388.659499,-739.690010,-0.000097,6.023194,6.177773,4.261864
3404.000000,387.947282,-737.823469,-0.000058,6.044190,6.201687,4.189462
3406.000000,387.233663,-735.952597,-0.000018,6.065485,6.225719,4.117709
3408.000000,386.520859,-734.083659,0.000020,6.086648,6.249757,4.046621
3410.000000,385.808851,-732.217039,0.000057,6.107454,6.273763,3.976156
3412.000000,385.095008,-730.346250,0.000095,6.128225,6.297789,3.906265
3414.000000,384.381564,-728.477559,0.000139,6.149247,6.321732,3.837552
3416.000000,383.668481,-726.611348,0.000183,6.170493,6.345656,3.770444
3418.000000,382.953072,-724.741155,0.000207,6.191672,6.369800,3.705240
3420.000000,382.237592,-722.873246,0.000196,6.212488,6.394162,3.642709
3422.000000,381.522239,-721.007904,0.000157,6.233210,6.418581,3.583154
3424.000000,380.806281,-719.142794,0.000099,6.254241,6.442875,3.526608
3426.000000,380.087427,-717.271305,0.000024,6.275592,6.467002,3.472856
3428.000000,379.370992,-715.406379,-0.000053,6.296649,6.490748,3.422056
3430.000000,378.654760,-713.541375,-0.000126,6.316943,6.513846,3.373766
3432.000000,377.936495,-711.669660,-0.000197,6.335842,6.535092,3.327604
3434.000000,377.221468,-709.804192,-0.000269,6.352547,6.552927,3.283625
3436.000000,376.507443,-707.938342,-0.000341,6.367381,6.567749,3.241320
3438.000000,375.793068,-706.067761,-0.000413,6.381463,6.581465,3.200216
3440.000000,375.080988,-704.198545,-0.000487,6.395650,6.595548,3.160069
3442.000000,374.371595,-702.330928,-0.000558,6.410123,6.610097,3.120537
3444.000000,373.662679,-700.458269,-0.000630,6.424901,6.624877,3.081319
3446.000000,372.956868,-698.586678,-0.000704,6.439770,6.639683,3.042443
3448.000000,372.254550,-696.716389,-0.000776,6.454455,6.654475,3.003699
3450.000000,371.553540,-694.840752,-0.000847,6.468861,6.669289,2.964716
3452.000000,370.856449,-692.965900,-0.000921,6.483221,6.684093,2.925513
3454.000000,370.163658,-691.092060,-0.000994,6.497896,6.698906,2.886133
3456.000000,369.474586,-689.216848,-0.001065,6.512803,6.713719,2.846571
3458.000000,368.787115,-687.333603,-0.001137,6.527478,6.728508,2.806670
3460.000000,368.106319,-685.455371,-0.001213,6.541599,6.743169,2.766853
3462.000000,367.430069,-683.575498,-0.001282,6.555966,6.757974,2.727247
3464.000000,366.756299,-681.687306,-0.001354,6.571512,6.773206,2.688023
3466.000000,366.089988,-679.803886,-0.001429,6.587141,6.788336,2.649787
3468.000000,365.429047,-677.918575,-0.001499,6.600238,6.802403,2.612702
3470.000000,364.771470,-676.024682,-0.001575,6.608086,6.814474,2.576901
3472.000000,364.122148,-674.135336,-0.001644,6.608052,6.823729,2.542776
3474.000000,363.479067,-672.243857,-0.001674,6.597987,6.829650,2.510191
3476.000000,362.840912,-670.345917,-0.001674,6.579817,6.832876,2.479197
3478.000000,362.209791,-668.447831,-0.001663,6.559324,6.835106,2.450203
3480.000000,361.585754,-666.549984,-0.001641,6.540856,6.837680,2.423514
3482.000000,360.966545,-664.645775,-0.001617,6.523825,6.840621,2.399367
3484.000000,360.354147,-662.741570,-0.001596,6.506518,6.843574,2.378084
3486.000000,359.748567,-660.837753,-0.001576,6.488465,6.846389,2.359776
3488.000000,359.148979,-658.932041,-0.001552,6.470338,6.849100,2.344414
3490.000000,358.553240,-657.017796,-0.001531,6.452591,6.851787,2.331752
3492.000000,357.965432,-655.108418,-0.001513,6.435104,6.854608,2.321626
3494.000000,357.383390,-653.197274,-0.001488,6.417392,6.857748,2.313712
3496.000000,356.805027,-651.277708,-0.001467,6.399326,6.861065,2.307653
3498.000000,356.234306,-649.363153,-0.001449,6.381282,6.864092,2.303175
3500.000000,355.669121,-647.446957,-0.001424,6.363442,6.866663,2.299993
3502.000000,355.107445,-645.522444,-0.001403,6.345890,6.869451,2.297848
3504.000000,354.553121,-643.603078,-0.001385,6.328814,6.873189,2.296505
3506.000000,354.004104,-641.682186,-0.001362,6.311607,6.876850,2.295708
3508.000000,353.459085,-639.755438,-0.001340,6.293140,6.877792,2.295237
3510.000000,352.919802,-637.829245,-0.001321,6.271798,6.871329,2.294858
3512.000000,352.386258,-635.903999,-0.001299,6.244366,6.847257,2.294379
3514.000000,351.856516,-633.972993,-0.001277,6.207453,6.794862,2.293790
3516.000000,351.332260,-632.042659,-0.001257,6.162536,6.718121,2.293192
3518.000000,350.813495,-630.113378,-0.001237,6.115166,6.633858,2.292708
3520.000000,350.299495,-628.182822,-0.001214,6.069526,6.554851,2.292469
3522.000000,349.788408,-626.244261,-0.001193,6.025167,6.479948,2.292505
3524.000000,349.283718,-624.311252,-0.001176,5.980924,6.405199,2.292574
3526.000000,348.783562,-622.377064,-0.001153,5.936144,6.328821,2.292342
3528.000000,348.286143,-620.434951,-0.001129,5.891048,6.251671,2.291428
3530.000000,347.794848,-618.498494,-0.001102,5.846256,6.175209,2.289343
3532.000000,347.307812,-616.560960,-0.001063,5.801516,6.098965,2.285700
3534.000000,346.823215,-614.615609,-0.001023,5.756494,6.022208,2.280211
3536.000000,346.344288,-612.676056,-0.000983,5.711607,5.945634,2.272729
3538.000000,345.869165,-610.735569,-0.000938,5.667049,5.869680,2.263139
3540.000000,345.396610,-608.789783,-0.000895,5.622733,5.794233,2.251312
3542.000000,344.928030,-606.845179,-0.000854,5.577811,5.717609,2.237099
3544.000000,344.463339,-604.902167,-0.000811,5.531269,5.637823,2.220304
3546.000000,344.000750,-602.953986,-0.000768,5.484889,5.558146,2.200658
3548.000000,343.541637,-601.007128,-0.000726,5.443382,5.487290,2.178013
3550.000000,343.085908,-599.061995,-0.000683,5.410868,5.432703,2.153336
3552.000000,342.631806,-597.111816,-0.000640,5.389674,5.397993,2.130001
3554.000000,342.180675,-595.163097,-0.000598,5.381469,5.385462,2.108757
3556.000000,341.732424,-593.216226,-0.000556,5.383253,5.389783,2.088964
3558.000000,341.286333,-591.268860,-0.000512,5.388127,5.399277,2.069968
3560.000000,340.840685,-589.314220,-0.000470,5.390887,5.405177,2.051085
3562.000000,340.398425,-587.365980,-0.000428,5.391769,5.407976,2.031864
3564.000000,339.957828,-585.417364,-0.000384,5.392436,5.410598,2.011803
3566.000000,339.517195,-583.461587,-0.000342,5.393591,5.414173,1.990458
3568.000000,339.079434,-581.512332,-0.000300,5.395096,5.418233,1.967851
3570.000000,338.642840,-579.562814,-0.000257,5.396760,5.422340,1.944410
3572.000000,338.206258,-577.608647,-0.000214,5.398362,5.426313,1.920881
3574.000000,337.770966,-575.656321,-0.000172,5.399691,5.430035,1.898205
3576.000000,337.336880,-573.706245,-0.000130,5.400827,5.433588,1.877338
3578.000000,336.902316,-571.751624,-0.000087,5.402096,5.437228,1.859402
3580.000000,336.468545,-569.798963,-0.000043,5.403676,5.441112,1.845533
3582.000000,336.035473,-567.848661,-0.000004,5.405327,5.445176,1.836466
3584.000000,335.601411,-565.893927,0.000020,5.406727,5.449311,1.832614
3586.000000,335.167707,-563.941253,0.000029,5.407882,5.453370,1.833807
3588.000000,334.734418,-561.990999,0.000032,5.409087,5.457208,1.839549
3590.000000,334.301000,-560.040773,0.000031,5.410558,5.460787,1.849222
3592.000000,333.865943,-558.083749,0.000030,5.412236,5.464364,1.862243
3594.000000,333.432288,-556.133576,0.000028,5.413970,5.468203,1.878034
3596.000000,332.998523,-554.183428,0.000027,5.415625,5.472262,1.896217
3598.000000,332.563133,-552.226477,0.000027,5.417068,5.476213,1.916432
3600.000000,332.129157,-550.276376,0.000026,5.418249,5.479826,1.938079
3602.000000,331.695079,-548.326297,0.000025,5.419416,5.483367,1.960755
3604.000000,331.259384,-546.369414,0.000024,5.420863,5.487192,1.984147
3606.000000,330.825114,-544.419378,0.000023,5.422526,5.491246,2.007757
3608.000000,330.390753,-542.469362,0.000022,5.424064,5.495202,2.031337
3610.000000,329.955320,-540.514940,0.000021,5.425282,5.498852,2.054608
3612.000000,329.520254,-538.562562,0.000021,5.426428,5.502391,2.077172
3614.000000,329.085643,-536.612604,0.000020,5.427848,5.506115,2.098812
3616.000000,328.649966,-534.658231,0.000019,5.429514,5.510109,2.119566
3618.000000,328.214670,-532.705909,0.000018,5.431064,5.514229,2.139424
3620.000000,327.779838,-530.755998,0.000017,5.432283,5.518338,2.158581
3622.000000,327.344940,-528.806102,0.000016,5.433425,5.522298,2.177368
3624.000000,326.908455,-526.849395,0.000015,5.434842,5.526005,2.196182
3626.000000,326.473434,-524.899528,0.000014,5.436500,5.529537,2.215231
3628.000000,326.038356,-522.949671,0.000014,5.438060,5.533207,2.234799
3630.000000,325.601702,-520.993003,0.000013,5.439312,5.537197,2.255015
3632.000000,325.166521,-519.043169,0.000012,5.440450,5.541241,2.275746
3634.000000,324.731295,-517.093347,0.000011,5.441776,5.545034,2.297062
3636.000000,324.294503,-515.136708,0.000010,5.443368,5.548597,2.319046
3638.000000,323.859195,-513.186904,0.000009,5.445088,5.552197,2.341548
3640.000000,323.423850,-511.237108,0.000008,5.446801,5.556062,2.364644
3642.000000,322.987486,-509.282895,0.000007,5.448370,5.560138,2.388371
3644.000000,322.551545,-507.330711,0.000007,5.449669,5.564273,2.412622
3646.000000,322.116114,-505.380933,0.000006,5.450803,5.568327,2.437300
3648.000000,321.679673,-503.426736,0.000005,5.452083,5.572173,2.462338
3650.000000,321.243666,-501.474569,0.000004,5.453673,5.575757,2.487532
3652.000000,320.808179,-499.524804,0.000003,5.455320,5.579320,2.512753
3654.000000,320.371692,-497.570614,0.000002,5.456696,5.583165,2.537939
3656.000000,319.935650,-495.618458,0.000001,5.457830,5.587230,2.562845
3658.000000,319.500139,-493.668698,0.000000,5.459082,5.591170,2.587329
3660.000000,319.064625,-491.718940,-0.000001,5.460666,5.594787,2.611289
3662.000000,318.627590,-489.762356,-0.000001,5.462325,5.598341,2.634684
3664.000000,318.192085,-487.812596,-0.000002,5.463686,5.602153,2.657293
3666.000000,317.756587,-485.862834,-0.000003,5.464805,5.606211,2.679189
3668.000000,317.319579,-483.906244,-0.000004,5.466091,5.610183,2.700440
3670.000000,316.884110,-481.956475,-0.000005,5.467749,5.613826,2.720934
3672.000000,316.448660,-480.006703,-0.000006,5.469392,5.617364,2.740809
3674.000000,316.012245,-478.052504,-0.000007,5.470448,5.621079,2.760161
3676.000000,315.576308,-476.100316,-0.000008,5.470180,5.624603,2.778963
3678.000000,315.140937,-474.150526,-0.000008,5.467720,5.627032,2.797172
3680.000000,314.704610,-472.196305,-0.000009,5.462674,5.627885,2.814532
3682.000000,314.268772,-470.244098,-0.000010,5.456075,5.627950,2.830504
3684.000000,313.833511,-468.294282,-0.000011,5.449258,5.628290,2.844787
3686.000000,313.397306,-466.340032,-0.000011,5.442792,5.629145,2.857410
3688.000000,312.961594,-464.387799,-0.000013,5.436648,5.630033,2.868354
3690.000000,312.526464,-462.437955,-0.000017,5.430697,5.630590,2.877650
3692.000000,312.091400,-460.488096,-0.000027,5.424702,5.630896,2.885401
3694.000000,311.654907,-458.531391,-0.000045,5.418412,5.631143,2.891748
3696.000000,311.220105,-456.581473,-0.000071,5.411943,5.631486,2.896728
3698.000000,310.785580,-454.631494,-0.000099,5.405605,5.632056,2.900488
3700.000000,310.349922,-452.674603,-0.000125,5.399560,5.632880,2.903204
3702.000000,309.916273,-450.724430,-0.000151,5.393606,5.633709,2.905014
3704.000000,309.483212,-448.774125,-0.000177,5.387396,5.634260,2.905951
3706.000000,309.049328,-446.816839,-0.000203,5.380921,5.634596,2.905931
3708.000000,308.617753,-444.866205,-0.000230,5.374525,5.635060,2.904857
3710.000000,308.187075,-442.915373,-0.000256,5.368399,5.635848,2.902680
3712.000000,307.756421,-440.959896,-0.000282,5.362458,5.636701,2.899466
3714.000000,307.327315,-439.006195,-0.000309,5.356583,5.637277,2.895272
3716.000000,306.899940,-437.054637,-0.000334,5.350636,5.637615,2.890083
3718.000000,306.472905,-435.098364,-0.000360,5.344453,5.638063,2.883761
3720.000000,306.047721,-433.143808,-0.000387,5.338022,5.638823,2.876157
3722.000000,305.624569,-431.191329,-0.000413,5.331596,5.639681,2.867192
3724.000000,305.203026,-429.238503,-0.000438,5.325452,5.640342,2.856856
3726.000000,304.781725,-427.278470,-0.000464,5.319502,5.640747,2.845105
3728.000000,304.363708,-425.324886,-0.000491,5.313439,5.641023,2.831987
3730.000000,303.947602,-423.370893,-0.000515,5.307055,5.641310,2.817191
3732.000000,303.532062,-421.409631,-0.000540,5.300593,5.641751,2.800201
3734.000000,303.120089,-419.454763,-0.000567,5.294437,5.642462,2.780662
3736.000000,302.710326,-417.499430,-0.000590,5.288518,5.643324,2.758082
3738.000000,302.301447,-415.536768,-0.000616,5.282453,5.644036,2.731919
3740.000000,301.896405,-413.580452,-0.000644,5.276086,5.644436,2.701791
3742.000000,301.493878,-411.623616,-0.000669,5.269655,5.644789,2.666953
3744.000000,301.093070,-409.661806,-0.000688,5.263489,5.645429,2.626577
3746.000000,300.695383,-407.701465,-0.000679,5.257571,5.646299,2.579958
3748.000000,300.300934,-405.742986,-0.000558,5.251555,5.647026,2.526109
3750.000000,299.908019,-403.779579,-0.000279,5.245213,5.647408,2.463984
3752.000000,299.516665,-401.817968,0.000088,5.238783,5.647759,2.393841
3754.000000,299.125443,-399.858840,0.000465,5.232573,5.648472,2.315968
3756.000000,298.731504,-397.895635,0.000836,5.226603,5.649413,2.230209
3758.000000,298.334688,-395.935122,0.001210,5.220712,5.649985,2.136924
3760.000000,297.933628,-393.977982,0.001586,5.214682,5.649980,2.036271
3762.000000,297.526376,-392.022121,0.001960,5.208219,5.650378,1.928285
3764.000000,297.110002,-390.061028,0.002339,5.201241,5.651952,1.812700
3766.000000,296.685929,-388.108739,0.002726,5.196808,5.648864,1.690524
3768.000000,296.251250,-386.158782,0.003102,5.200647,5.629382,1.561606
3770.000000,295.802905,-384.204740,0.003489,5.215841,5.586449,1.425772
3772.000000,295.342527,-382.260682,0.003886,5.236482,5.529371,1.284549
3774.000000,294.867091,-380.320246,0.004272,5.254913,5.471052,1.138330
3776.000000,294.373978,-378.379550,0.004665,5.271320,5.417760,0.987789
3778.000000,293.863275,-376.445536,0.005072,5.293101,5.369892,0.834492
3780.000000,293.333658,-374.519161,0.005469,5.325855,5.327261,0.679604
3782.000000,292.781758,-372.594342,0.005867,5.368235,5.289742,0.523839
3784.000000,292.207865,-370.678105,0.006279,5.416798,5.257404,0.369007
3786.000000,291.610705,-368.771567,0.006692,5.470453,5.228442,0.216397
3788.000000,290.988138,-366.873171,0.007081,5.530223,5.199472,0.067023
3790.000000,290.336427,-364.977167,0.007482,5.593780,5.168734,-0.078485
3792.000000,289.658739,-363.097724,0.007899,5.647665,5.139933,-0.218054
3794.000000,288.951517,-361.229176,0.008289,5.677458,5.117493,-0.351199
3796.000000,288.211743,-359.368404,0.008684,5.681562,5.102085,-0.477199
3798.000000,287.440470,-357.522675,0.009060,5.669345,5.091247,-0.594682
3800.000000,286.636815,-355.693491,0.009380,5.649445,5.082643,-0.702915
3802.000000,285.799035,-353.879688,0.009593,5.626404,5.075010,-0.801761
3804.000000,284.923357,-352.076101,0.009703,5.603813,5.067992,-0.891577
3806.000000,284.015843,-350.296152,0.009733,5.586643,5.067868,-0.972414
3808.000000,283.073946,-348.534148,0.009710,5.580467,5.085869,-1.045484
3810.000000,282.095838,-346.786821,0.009724,5.587720,5.127656,-1.111600
3812.000000,281.084911,-345.060623,0.009772,5.602664,5.183840,-1.171025
3814.000000,280.041764,-343.356612,0.009822,5.617929,5.241923,-1.224187
3816.000000,278.965420,-341.673371,0.009848,5.629338,5.292972,-1.271324
3818.000000,277.852210,-340.005862,0.009903,5.635106,5.330755,-1.312613
3820.000000,276.710144,-338.366496,0.009989,5.634648,5.352860,-1.347796
3822.000000,275.535642,-336.750210,0.010043,5.630218,5.367312,-1.377042
3824.000000,274.326195,-335.154253,0.010116,5.624647,5.383500,-1.400280
3826.000000,273.085901,-333.584695,0.010214,5.620567,5.402291,-1.417091
3828.000000,271.815413,-332.042706,0.010316,5.620396,5.418078,-1.427111
3830.000000,270.513455,-330.527189,0.010395,5.625681,5.426274,-1.429940
3832.000000,269.175566,-329.033891,0.010503,5.635906,5.425585,-1.425090
3834.000000,267.811328,-327.574178,0.010640,5.650368,5.415453,-1.412041
3836.000000,266.416413,-326.143744,0.010740,5.672783,5.394476,-1.390183
3838.000000,264.987891,-324.740461,0.010859,5.710179,5.360570,-1.358831
3840.000000,263.530623,-323.369929,0.011002,5.757090,5.320567,-1.317441
3842.000000,262.045440,-322.033445,0.011145,5.776899,5.303136,-1.265322
3844.000000,260.530892,-320.730316,0.011257,5.729903,5.338787,-1.201593
3846.000000,258.981946,-319.457221,0.011397,5.617646,5.426035,-1.125080
3848.000000,257.409843,-318.224135,0.011569,5.475405,5.537218,-1.035268
3850.000000,255.809700,-317.027646,0.011704,5.342523,5.640814,-0.930826
3852.000000,254.178332,-315.866350,0.011846,5.266764,5.697031,-0.810304
3854.000000,252.521440,-314.745211,0.011976,5.291907,5.669070,-0.672900
3856.000000,250.840286,-313.665440,0.011983,5.397494,5.572929,-0.517936
3858.000000,249.133665,-312.626526,0.011555,5.515593,5.463632,-0.344942
3860.000000,247.397008,-311.624631,0.010593,5.595377,5.381839,-0.154653
3862.000000,245.645464,-310.663320,0.009330,5.632502,5.329578,0.046504
3864.000000,243.876363,-309.734872,0.007933,5.635062,5.298577,0.252969
3866.000000,242.088792,-308.832674,0.006562,5.615675,5.278906,0.458484
3868.000000,240.291362,-307.954699,0.005434,5.590743,5.259310,0.655170
3870.000000,238.487056,-307.096921,0.004692,5.571238,5.234447,0.836500
3872.000000,236.674901,-306.255819,0.004572,5.554282,5.213804,0.998503
3874.000000,234.849311,-305.427104,0.005530,5.534071,5.209353,1.138481
3876.000000,233.021512,-304.620511,0.007420,5.508653,5.222617,1.258191
3878.000000,231.181958,-303.841012,0.009571,5.478736,5.246856,1.364692
3880.000000,229.323541,-303.095175,0.011707,5.446759,5.275050,1.464730
3882.000000,227.449946,-302.393884,0.013642,5.419298,5.300172,1.564661
3884.000000,225.559981,-301.745401,0.015069,5.403803,5.315115,1.671277
3886.000000,223.651121,-301.154518,0.015911,5.408176,5.310603,1.788633
3888.000000,221.720114,-300.624023,0.016108,5.440696,5.275699,1.919169
3890.000000,219.774591,-300.157625,0.015611,5.498592,5.213937,2.063544
3892.000000,217.817794,-299.752822,0.014828,5.553123,5.163069,2.219516
3894.000000,215.849944,-299.405760,0.014222,5.572810,5.164391,2.384892
3896.000000,213.868777,-299.113948,0.013738,5.552796,5.223269,2.560170
3898.000000,211.882245,-298.877413,0.012894,5.507837,5.318339,2.746607
3900.000000,209.892779,-298.693337,0.011394,5.454424,5.423335,2.943977
3902.000000,207.899546,-298.554799,0.009366,5.410314,5.504250,3.148565
3904.000000,205.897187,-298.453852,0.006945,5.391517,5.529477,3.356254
3906.000000,203.900673,-298.381393,0.004281,5.395234,5.506275,3.558531
3908.000000,201.903583,-298.325739,0.001770,5.404731,5.470436,3.747875
3910.000000,199.899367,-298.276418,-0.000311,5.408434,5.446720,3.917864
3912.000000,197.902222,-298.225755,-0.001787,5.408184,5.431499,4.062504
3914.000000,195.905309,-298.166665,-0.002308,5.408531,5.415205,4.178773
3916.000000,193.904274,-298.097289,-0.002055,5.410662,5.395314,4.268233
3918.000000,191.905376,-298.019790,-0.001649,5.413281,5.374568,4.334583
3920.000000,189.909321,-297.936013,-0.001357,5.415432,5.354963,4.381523
3922.000000,187.909086,-297.846660,-0.001123,5.417293,5.336105,4.412052
3924.000000,185.910914,-297.752847,-0.000867,5.419240,5.317251,4.428648
3926.000000,183.915472,-297.655664,-0.000581,5.421292,5.298093,4.433806
3928.000000,181.920143,-297.556169,-0.000292,5.423202,5.278663,4.429609
3930.000000,179.917888,-297.455169,-0.000013,5.424844,5.258991,4.417703
3932.000000,177.922622,-297.354472,0.000264,5.426391,5.239382,4.399671
3934.000000,175.927302,-297.254820,0.000541,5.428097,5.219936,4.376940
3936.000000,173.924891,-297.156986,0.000821,5.430073,5.200643,4.350714
3938.000000,171.929306,-297.062776,0.001105,5.432301,5.181611,4.322185
3940.000000,169.933516,-296.972964,0.001382,5.434623,5.162536,4.291931
3942.000000,167.930499,-296.888383,0.001663,5.436507,5.142619,4.260248
3944.000000,165.934196,-296.810744,0.001948,5.437480,5.121460,4.227757
3946.000000,163.937606,-296.740863,0.002225,5.438543,5.101103,4.194779
3948.000000,161.936306,-296.679735,0.002505,5.441723,5.085487,4.161641
3950.000000,159.936564,-296.628697,0.002790,5.446689,5.073317,4.128791
3952.000000,157.939144,-296.588858,0.003069,5.447610,5.050809,4.096803
3954.000000,155.937090,-296.561216,0.003345,5.439453,5.006215,4.066312
3956.000000,153.936744,-296.547004,0.003628,5.434842,4.970744,4.037979
3958.000000,151.938918,-296.547296,0.003909,5.458520,5.004939,4.012147
3960.000000,149.941148,-296.563174,0.004178,5.516930,5.126888,3.989101
3962.000000,147.936590,-296.595881,0.004452,5.574700,5.257689,3.969105
3964.000000,145.939384,-296.646301,0.004732,5.591636,5.306600,3.952585
3966.000000,143.942742,-296.715573,0.004968,5.569280,5.273965,3.939703
3968.000000,141.939907,-296.805070,0.005162,5.536855,5.220592,3.930578
3970.000000,139.945086,-296.914999,0.005295,5.514669,5.188565,3.924928
3972.000000,137.951536,-297.046013,0.005372,5.499215,5.170191,3.921665
3974.000000,135.955105,-297.198771,0.005455,5.482850,5.149260,3.919557
3976.000000,133.962290,-297.373170,0.005557,5.463793,5.123263,3.917281
3978.000000,131.974100,-297.569425,0.005648,5.444236,5.099080,3.913160
3980.000000,129.983858,-297.788601,0.005740,5.426031,5.083706,3.905150
3982.000000,127.998095,-298.030424,0.005847,5.410125,5.083709,3.891138
3984.000000,126.017843,-298.295090,0.005955,5.396995,5.104389,3.869263
3986.000000,124.040875,-298.583268,0.006049,5.385459,5.142099,3.837980
3988.000000,122.060634,-298.896464,0.006158,5.373167,5.187012,3.795903
3990.000000,120.091296,-299.232888,0.006286,5.359588,5.229692,3.742498
3992.000000,118.126331,-299.593973,0.006384,5.348105,5.264009,3.677343
3994.000000,116.159277,-299.981501,0.006502,5.342643,5.285009,3.600040
3996.000000,114.204279,-300.393174,0.006636,5.343639,5.293500,3.511021
3998.000000,112.254901,-300.830693,0.006747,5.348867,5.294901,3.410167
4000.000000,110.307312,-301.295501,0.006867,5.355637,5.294365,3.297722
4002.000000,108.368068,-301.786605,0.007001,5.360337,5.296144,3.174541
4004.000000,106.438377,-302.304128,0.007137,5.360174,5.303154,3.041204
4006.000000,104.516250,-302.849077,0.007252,5.361418,5.308092,2.898448
4008.000000,102.595540,-303.423891,0.007383,5.376979,5.296169,2.747265
4010.000000,100.690206,-304.024953,0.007533,5.413239,5.260100,2.590631
4012.000000,98.794116,-304.654569,0.007646,5.461021,5.210657,2.430090
4014.000000,96.901279,-305.315441,0.007788,5.508636,5.161500,2.267100
4016.000000,95.025545,-306.003353,0.007949,5.551372,5.117974,2.104940
4018.000000,93.160962,-306.720947,0.008056,5.590435,5.078520,1.945141
4020.000000,91.304117,-307.470193,0.008132,5.628901,5.039623,1.789377
4022.000000,89.461404,-308.248908,0.008156,5.673439,4.994091,1.640006
4024.000000,87.634072,-309.056650,0.008068,5.729043,4.936593,1.498639
4026.000000,85.820018,-309.893799,0.007869,5.779444,4.884751,1.365809
4028.000000,84.013073,-310.762456,0.007672,5.793996,4.871701,1.241146
4030.000000,82.225950,-311.655630,0.007504,5.758570,4.912626,1.125476
4032.000000,80.452397,-312.575453,0.007312,5.696294,4.982301,1.018340
4034.000000,78.688630,-313.523199,0.007126,5.634997,5.050494,0.919518
4036.000000,76.940138,-314.495159,0.006953,5.583003,5.108938,0.829125
4038.000000,75.207570,-315.490013,0.006768,5.535469,5.164184,0.746687
4040.000000,73.484846,-316.510449,0.006586,5.490148,5.219946,0.671194
4042.000000,71.777266,-317.552589,0.006416,5.451970,5.271999,0.601937
4044.000000,70.085407,-318.615167,0.006235,5.425722,5.316008,0.537881
4046.000000,68.406905,-319.698720,0.006042,5.406014,5.356911,0.477797
4048.000000,66.735774,-320.806319,0.005916,5.381142,5.405420,0.420267
4050.000000,65.083614,-321.929621,0.005878,5.349880,5.460558,0.364714
4052.000000,63.444725,-323.072194,0.005872,5.332179,5.498544,0.310532
4054.000000,61.815768,-324.236445,0.005914,5.349668,5.493958,0.257587
4056.000000,60.202129,-325.418838,0.005999,5.403802,5.445055,0.206323
4058.000000,58.604865,-326.618919,0.006075,5.482777,5.365764,0.157266
4060.000000,57.018826,-327.841000,0.006143,5.568772,5.277611,0.110778
4062.000000,55.449341,-329.081405,0.006223,5.631281,5.217923,0.067512
4064.000000,53.897428,-330.339592,0.006304,5.641203,5.222540,0.027967
4066.000000,52.361463,-331.617202,0.006370,5.596590,5.294920,-0.007475
4068.000000,50.836598,-332.918838,0.006456,5.512852,5.417836,-0.038583
4070.000000,49.333944,-334.235473,0.006563,5.412574,5.562494,-0.064794
4072.000000,47.848656,-335.571664,0.006629,5.328871,5.681970,-0.085858
4074.000000,46.376124,-336.932231,0.006690,5.293018,5.731359,-0.101459
4076.000000,44.927047,-338.307614,0.006739,5.301807,5.715413,-0.111283
4078.000000,43.496609,-339.702372,0.006732,5.328529,5.672679,-0.115302
4080.000000,42.082026,-341.119398,0.006702,5.354360,5.630422,-0.113544
4082.000000,40.687824,-342.554029,0.006669,5.378753,5.589757,-0.106255
4084.000000,39.314662,-344.005210,0.006640,5.404739,5.546589,-0.093792
4086.000000,37.960846,-345.474453,0.006597,5.433385,5.499036,-0.076498
4088.000000,36.621889,-346.966659,0.006569,5.464508,5.446590,-0.054534
4090.000000,35.307289,-348.471090,0.006556,5.497763,5.388998,-0.028236
4092.000000,34.012470,-349.992582,0.006509,5.533618,5.324694,0.002296
4094.000000,32.733133,-351.536205,0.006482,5.572163,5.253319,0.037083
4096.000000,31.478339,-353.090867,0.006469,5.609051,5.186892,0.075918
4098.000000,30.243713,-354.661593,0.006432,5.637740,5.144138,0.119352
4100.000000,29.026742,-356.251543,0.006403,5.654947,5.133854,0.168064
4102.000000,27.831308,-357.855570,0.006387,5.664588,5.142834,0.222293
4104.000000,26.657986,-359.472602,0.006369,5.671860,5.154872,0.282163
4106.000000,25.505312,-361.104415,0.006334,5.679839,5.165993,0.347893
4108.000000,24.369467,-362.756481,0.006314,5.690208,5.180103,0.419909
4110.000000,23.258500,-364.416968,0.006310,5.702014,5.196691,0.497870
4112.000000,22.168516,-366.091305,0.006275,5.709338,5.205869,0.582124
4114.000000,21.095917,-367.785115,0.006260,5.706158,5.197436,0.673080
4116.000000,20.048310,-369.486288,0.006259,5.693766,5.173937,0.770188
4118.000000,19.022028,-371.200407,0.006232,5.678057,5.145878,0.873826
4120.000000,18.015004,-372.930959,0.006211,5.663115,5.119853,0.984285
4122.000000,17.030435,-374.672398,0.006209,5.649139,5.094131,1.101243
4124.000000,16.068792,-376.423602,0.006207,5.635437,5.066781,1.224570
4126.000000,15.126896,-378.190451,0.006199,5.620609,5.046861,1.354628
4128.000000,14.207869,-379.967343,0.006147,5.602966,5.050292,1.490963
4130.000000,13.312026,-381.753094,0.006013,5.581992,5.082538,1.633190
4132.000000,12.437699,-383.549481,0.005802,5.559501,5.128532,1.780723
4134.000000,11.581375,-385.362246,0.005558,5.537384,5.171626,1.933207
4136.000000,10.748240,-387.178090,0.005295,5.515628,5.209289,2.088436
4138.000000,9.934326,-389.002630,0.005008,5.492746,5.248116,2.245691
4140.000000,9.136992,-390.839214,0.004736,5.469090,5.289896,2.404322
4142.000000,8.357784,-392.681699,0.004477,5.448656,5.326647,2.564167
4144.000000,7.596100,-394.528635,0.004206,5.435332,5.350158,2.726060
4146.000000,6.848351,-396.385954,0.003932,5.428596,5.361229,2.890224
4148.000000,6.115886,-398.247500,0.003669,5.425486,5.365682,3.055563
4150.000000,5.398034,-400.111900,0.003399,5.423690,5.367975,3.221422
4152.000000,4.691331,-401.985216,0.003130,5.422347,5.369584,3.387849
4154.000000,3.996985,-403.861301,0.002868,5.420917,5.371350,3.553750
4156.000000,3.314303,-405.738857,0.002605,5.419293,5.373401,3.718460
4158.000000,2.641389,-407.619936,0.002336,5.417614,5.375459,3.881600
4160.000000,1.974958,-409.510734,0.002074,5.415978,5.377406,4.043078
4162.000000,1.318685,-411.397679,0.001817,5.414414,5.379420,4.200891
4164.000000,0.669252,-413.286987,0.001552,5.412906,5.381706,4.354534
4166.000000,0.023441,-415.184923,0.001292,5.411341,5.384163,4.503351
4168.000000,-0.615217,-417.077899,0.001035,5.409570,5.386485,4.644967
4170.000000,-1.249964,-418.972187,0.000773,5.407564,5.388537,4.778451
4172.000000,-1.883157,-420.871584,0.000515,5.405546,5.390457,4.902577
4174.000000,-2.513858,-422.770006,0.000261,5.403761,5.392403,5.015411
4176.000000,-3.142741,-424.666249,0.000006,5.402196,5.394404,5.115369
4178.000000,-3.772960,-426.566637,-0.000259,5.400678,5.396418,5.201362
4180.000000,-4.403601,-428.465077,-0.000536,5.399104,5.398411,5.271851
4182.000000,-5.035452,-430.360333,-0.000789,5.397487,5.400402,5.325732
4184.000000,-5.671769,-432.258691,-0.000974,5.395855,5.402416,5.362373
4186.000000,-6.311291,-434.154156,-0.001090,5.394250,5.404424,5.381382
4188.000000,-6.954158,-436.045705,-0.001127,5.392703,5.406377,5.382946
4190.000000,-7.601392,-437.935765,-0.001079,5.391185,5.408296,5.367949
4192.000000,-8.255004,-439.831027,-0.001000,5.389539,5.410339,5.337783
4194.000000,-8.910096,-441.718378,-0.000934,5.387637,5.412640,5.294390
4196.000000,-9.568690,-443.604508,-0.000876,5.385587,5.415090,5.239466
4198.000000,-10.232911,-445.496078,-0.000820,5.383653,5.417426,5.174489
4200.000000,-10.897920,-447.379956,-0.000762,5.381990,5.419488,5.101573
4202.000000,-11.565791,-449.262822,-0.000699,5.380463,5.421414,5.022023
4204.000000,-12.237751,-451.148850,-0.000637,5.378909,5.423370,4.936989
4206.000000,-12.911541,-453.032413,-0.000578,5.377299,5.425380,4.847871
4208.000000,-13.586611,-454.912708,-0.000517,5.375683,5.427396,4.755706
4210.000000,-14.265099,-456.796399,-0.000455,5.374081,5.429398,4.661131
4212.000000,-14.944723,-458.677862,-0.000395,5.372480,5.431401,4.565390
4214.000000,-15.624932,-460.556305,-0.000333,5.370859,5.433424,4.469435
4216.000000,-16.307878,-462.438387,-0.000272,5.369241,5.435443,4.373678
4218.000000,-16.991263,-464.318484,-0.000211,5.367691,5.437391,4.279060
4220.000000,-17.674539,-466.195813,-0.000150,5.366184,5.439291,4.186199
4222.000000,-18.358377,-468.072937,-0.000089,5.364530,5.441349,4.095458
4224.000000,-19.044945,-469.956510,-0.000027,5.362555,5.443751,4.007000
4226.000000,-19.729219,-471.833475,0.000034,5.360469,5.446250,3.921864
4228.000000,-20.413365,-473.710488,0.000095,5.358683,5.448379,3.839876
4230.000000,-21.099545,-475.594202,0.000154,5.357501,5.449863,3.760664
4232.000000,-21.782752,-477.471556,0.000216,5.357024,5.450799,3.684455
4234.000000,-22.465155,-479.349202,0.000281,5.357272,5.451372,3.610418
4236.000000,-23.148889,-481.233805,0.000344,5.358108,5.451747,3.537758
4238.000000,-23.828921,-483.112312,0.000388,5.359280,5.452079,3.466628
4240.000000,-24.507461,-484.991358,0.000403,5.360553,5.452465,3.396644
4242.000000,-25.185952,-486.875046,0.000399,5.361715,5.452884,3.327465
4244.000000,-25.862344,-488.757676,0.000380,5.362597,5.453296,3.259097
4246.000000,-26.536403,-490.638333,0.000352,5.363335,5.453693,3.191443
4248.000000,-27.210609,-492.523563,0.000322,5.364243,5.454089,3.124227
4250.000000,-27.883025,-494.407612,0.000297,5.365440,5.454488,3.057715
4252.000000,-28.553437,-496.289574,0.000273,5.366680,5.454889,2.992073
4254.000000,-29.222824,-498.171900,0.000247,5.367696,5.455290,2.927345
4256.000000,-29.893619,-500.061147,0.000221,5.368475,5.455691,2.863446
4258.000000,-30.561241,-501.944100,0.000196,5.369149,5.456089,2.800976
4260.000000,-31.228128,-503.827314,0.000170,5.369856,5.456487,2.739815
4262.000000,-31.896707,-505.717346,0.000144,5.370725,5.456888,2.679683
4264.000000,-32.562409,-507.600978,0.000119,5.371842,5.457293,2.620800
4266.000000,-33.227665,-509.484769,0.000093,5.373088,5.457695,2.562806
4268.000000,-33.894896,-511.375278,0.000068,5.374221,5.458084,2.505410
4270.000000,-34.559545,-513.259282,0.000042,5.375100,5.458462,2.448924
4272.000000,-35.224034,-515.143342,0.000017,5.375812,5.458874,2.393061
4274.000000,-35.889906,-517.031525,-0.000009,5.376485,5.459349,2.337614
4276.000000,-36.555246,-518.918091,-0.000034,5.377252,5.459787,2.282664
4278.000000,-37.219834,-520.802117,-0.000060,5.378253,5.460015,2.228146
4280.000000,-37.886095,-522.690165,-0.000085,5.379492,5.460002,2.173715
4282.000000,-38.552111,-524.576490,-0.000111,5.380696,5.459979,2.119234
4284.000000,-39.217666,-526.460174,-0.000136,5.381607,5.460191,2.064356
4286.000000,-39.885185,-528.347781,-0.000161,5.382341,5.460620,2.008514
4288.000000,-40.552739,-530.233558,-0.000188,5.383233,5.461096,1.951528
4290.000000,-41.220114,-532.116599,-0.000216,5.384423,5.461512,1.893111
4292.000000,-41.888304,-533.999351,-0.000240,5.385667,5.461892,1.832888
4294.000000,-42.559752,-535.888366,-0.000255,5.386691,5.462279,1.770400
4296.000000,-43.229828,-537.770447,-0.000261,5.387469,5.462681,1.705960
4298.000000,-43.900893,-539.652175,-0.000254,5.388142,5.463086,1.639398
4300.000000,-44.575284,-541.540142,-0.000237,5.388851,5.463488,1.570673
4302.000000,-45.248216,-543.421204,-0.000215,5.389716,5.463887,1.500613
4304.000000,-45.921952,-545.301978,-0.000195,5.390833,5.464286,1.429359
4306.000000,-46.597886,-547.186579,-0.000176,5.392082,5.464686,1.357158
4308.000000,-47.273912,-549.069345,-0.000158,5.393214,5.465086,1.284602
4310.000000,-47.949635,-550.949406,-0.000138,5.394093,5.465484,1.212087
4312.000000,-48.627351,-552.833370,-0.000119,5.394810,5.465886,1.139671
4314.000000,-49.304938,-554.715572,-0.000100,5.395489,5.466291,1.067773
4316.000000,-49.982003,-556.595150,-0.000080,5.396260,5.466694,0.996557
4318.000000,-50.660846,-558.478711,-0.000061,5.397249,5.467083,0.925876
4320.000000,-51.339340,-560.360584,-0.000042,5.398462,5.467462,0.855992
4322.000000,-52.017096,-562.239912,-0.000023,5.399682,5.467874,0.786879
4324.000000,-52.694937,-564.119211,-0.000004,5.400686,5.468349,0.718334
4326.000000,-53.375165,-566.005082,0.000016,5.401471,5.468788,0.649959
4328.000000,-54.052960,-567.884397,0.000035,5.402147,5.469016,0.582076
4330.000000,-54.730623,-569.763759,0.000054,5.402849,5.469001,0.514340
4332.000000,-55.410454,-571.649774,0.000073,5.403721,5.468980,0.446454
4334.000000,-56.087638,-573.529309,0.000093,5.404865,5.469194,0.378871
4336.000000,-56.764473,-575.408970,0.000112,5.406125,5.469624,0.311384
4338.000000,-57.443254,-577.295362,0.000131,5.407201,5.470101,0.243794
4340.000000,-58.119173,-579.175353,0.000150,5.407982,5.470516,0.176609
4342.000000,-58.794530,-581.055546,0.000169,5.408755,5.470896,0.109615
4344.000000,-59.470722,-582.940054,0.000190,5.409815,5.471284,0.042672
4346.000000,-60.145625,-584.823223,0.000211,5.411075,5.471686,-0.023963
4348.000000,-60.818833,-586.704185,0.000221,5.412228,5.472091,-0.090129
4350.000000,-61.492655,-588.589545,0.000217,5.413111,5.472493,-0.155955
4352.000000,-62.165082,-590.473598,0.000205,5.413819,5.472892,-0.221195
4354.000000,-62.835839,-592.355436,0.000185,5.414493,5.473291,-0.285782
4356.000000,-63.505896,-594.237524,0.000160,5.415265,5.473691,-0.349805
4358.000000,-64.177693,-596.126415,0.000136,5.416259,5.474091,-0.413507
4360.000000,-64.846637,-598.008898,0.000113,5.417471,5.474489,-0.476440
4362.000000,-65.515158,-599.891533,0.000090,5.418689,5.474889,-0.538725
4364.000000,-66.185677,-601.780877,0.000067,5.419694,5.475295,-0.600509
4366.000000,-66.853605,-603.663722,0.000044,5.420474,5.475698,-0.661425
4368.000000,-67.521369,-605.546624,0.000020,5.421150,5.476085,-0.721779
4370.000000,-68.191392,-607.436145,-0.000003,5.421854,5.476465,-0.781870
4372.000000,-68.859088,-609.319072,-0.000026,5.422723,5.476878,-0.841358
4374.000000,-69.526881,-611.201964,-0.000049,5.423866,5.477352,-0.900522
4376.000000,-70.196308,-613.088884,-0.000072,5.425127,5.477789,-0.959548
4378.000000,-70.865441,-614.974113,-0.000095,5.426200,5.478016,-1.018295
4380.000000,-71.534045,-616.856718,-0.000118,5.426981,5.478001,-1.076797
4382.000000,-72.204549,-618.743258,-0.000141,5.427755,5.477980,-1.135370
4384.000000,-72.875019,-620.628010,-0.000165,5.428814,5.478194,-1.193936
4386.000000,-73.545219,-622.510046,-0.000187,5.430071,5.478624,-1.252510
4388.000000,-74.217584,-624.395926,-0.000211,5.431227,5.479101,-1.311316
4390.000000,-74.890172,-626.279921,-0.000235,5.432110,5.479516,-1.370192
4392.000000,-75.562754,-628.161108,-0.000258,5.432817,5.479896,-1.429104
4394.000000,-76.236307,-630.041947,-0.000279,5.433491,5.480282,-1.488107
4396.000000,-76.913274,-631.928992,-0.000300,5.434266,5.480685,-1.547310
4398.000000,-77.589002,-633.809051,-0.000328,5.435256,5.481092,-1.606098
4400.000000,-78.265949,-635.688672,-0.000360,5.436469,5.481494,-1.664453
4402.000000,-78.946632,-637.574379,-0.000379,5.437692,5.481893,-1.722394
4404.000000,-79.626418,-639.452975,-0.000362,5.438693,5.482285,-1.779281
4406.000000,-80.307588,-641.331068,-0.000305,5.439473,5.482681,-1.834733
4408.000000,-80.991424,-643.212812,-0.000207,5.440153,5.483098,-1.887983
4410.000000,-81.675523,-645.092666,-0.000064,5.440860,5.483526,-1.937693
4412.000000,-82.358961,-646.969935,0.000094,5.441730,5.483909,-1.982308
4414.000000,-83.043520,-648.851418,0.000245,5.442865,5.484210,-2.020340
4416.000000,-83.726570,-650.731650,0.000390,5.444121,5.484562,-2.049993
4418.000000,-84.407254,-652.609921,0.000537,5.445218,5.485192,-2.069670
4420.000000,-85.087405,-654.493006,0.000687,5.446047,5.485975,-2.077914
4422.000000,-85.764389,-656.375428,0.000835,5.446792,5.486127,-2.073306
4424.000000,-86.437324,-658.256489,0.000975,5.447652,5.485126,-2.054837
4426.000000,-87.106593,-660.138859,0.001111,5.448511,5.484861,-2.021714
4428.000000,-87.774026,-662.029300,0.001274,5.449089,5.488488,-1.973042
4430.000000,-88.434368,-663.914825,0.001449,5.449616,5.494063,-1.908223
4432.000000,-89.089178,-665.802272,0.001454,5.451277,5.490420,-1.825700
4434.000000,-89.740260,-667.698400,0.001111,5.455172,5.466223,-1.723663
4436.000000,-90.384603,-669.589446,0.000488,5.460656,5.420517,-1.603132
4438.000000,-91.027058,-671.481139,-0.000251,5.466174,5.358132,-1.465151
4440.000000,-91.671789,-673.376636,-0.001039,5.471194,5.292488,-1.310756
4442.000000,-92.319910,-675.269198,-0.001849,5.477099,5.252980,-1.141658
4444.000000,-92.974167,-677.156848,-0.002650,5.484445,5.265779,-0.958635
4446.000000,-93.639865,-679.045098,-0.003440,5.485851,5.319351,-0.761720
4448.000000,-94.317991,-680.927136,-0.004239,5.469453,5.380247,-0.552658
4450.000000,-95.011116,-682.800890,-0.005030,5.431016,5.426321,-0.333130
4452.000000,-95.724591,-684.671640,-0.005831,5.380411,5.458017,-0.104027
4454.000000,-96.459227,-686.532402,-0.006668,5.329061,5.478647,0.132156
4456.000000,-97.217579,-688.380761,-0.007492,5.279851,5.486361,0.373162
4458.000000,-98.003597,-690.217531,-0.008177,5.230675,5.476303,0.616921
4460.000000,-98.822657,-692.047510,-0.008726,5.179937,5.446460,0.862382
4462.000000,-99.670659,-693.856540,-0.009193,5.128058,5.400951,1.106879
4464.000000,-100.551795,-695.649684,-0.009551,5.075373,5.345689,1.350400
4466.000000,-101.469057,-697.429503,-0.009875,5.023515,5.293673,1.592936
4468.000000,-102.420541,-699.189378,-0.010223,4.975075,5.262077,1.833221
4470.000000,-103.406453,-700.927160,-0.010593,4.931406,5.257909,2.070166
4472.000000,-104.428868,-702.643714,-0.010942,4.891768,5.269965,2.302333
4474.000000,-105.492382,-704.343398,-0.011313,4.854669,5.285644,2.528182
4476.000000,-106.590303,-706.012707,-0.011708,4.816698,5.302272,2.743771
4478.000000,-107.726921,-707.655922,-0.012060,4.772992,5.322855,2.947507
4480.000000,-108.905402,-709.274756,-0.012424,4.726303,5.345418,3.137183
4482.000000,-110.122803,-710.862449,-0.012801,4.692967,5.358821,3.309565
4484.000000,-111.378802,-712.416400,-0.013150,4.688639,5.352383,3.462143
4486.000000,-112.675170,-713.936838,-0.013425,4.712818,5.326469,3.593115
4488.000000,-114.014870,-715.425020,-0.013587,4.756609,5.287186,3.701913
4490.000000,-115.393621,-716.874887,-0.013634,4.811474,5.240347,3.789273
4492.000000,-116.809488,-718.284751,-0.013628,4.870381,5.190553,3.856127
4494.000000,-118.263152,-719.655607,-0.013625,4.927672,5.141420,3.903397
4496.000000,-119.756817,-720.989211,-0.013658,4.983747,5.092368,3.932509
4498.000000,-121.285179,-722.280437,-0.013738,5.041797,5.040960,3.945353
4500.000000,-122.846303,-723.527546,-0.013838,5.101569,4.987539,3.944291
4502.000000,-124.441262,-724.731082,-0.013916,5.156695,4.937368,3.932045
4504.000000,-126.074835,-725.893776,-0.014045,5.197043,4.898412,3.911251
4506.000000,-127.734660,-727.006167,-0.014220,5.194573,4.891190,3.884836
4508.000000,-129.425384,-728.071032,-0.014398,5.113331,4.941573,3.855627
4510.000000,-131.146008,-729.086906,-0.014576,4.952063,5.050430,3.825556
4512.000000,-132.901672,-730.055472,-0.014743,4.770090,5.174917,3.795836
4514.000000,-134.679034,-730.968423,-0.014829,4.632104,5.268477,3.767276
4516.000000,-136.482687,-731.828306,-0.014806,4.559572,5.316227,3.740439
4518.000000,-138.310970,-732.634488,-0.014724,4.551976,5.319437,3.715539
4520.000000,-140.168715,-733.389007,-0.014651,4.597941,5.286158,3.692356
4522.000000,-142.041247,-734.086236,-0.014597,4.667916,5.235724,3.671151
4524.000000,-143.933292,-734.728611,-0.014519,4.733433,5.187453,3.652306
4526.000000,-145.843156,-735.315885,-0.014423,4.785720,5.152568,3.637102
4528.000000,-147.775929,-735.849616,-0.014363,4.826498,5.137799,3.627624
4530.000000,-149.716460,-736.325854,-0.014333,4.860626,5.142329,3.625504
4532.000000,-151.669816,-736.746378,-0.014269,4.898540,5.153080,3.631414
4534.000000,-153.634355,-737.111049,-0.014157,4.946770,5.158346,3.643440
4536.000000,-155.615361,-737.420944,-0.014086,4.987472,5.163002,3.657892
4538.000000,-157.597382,-737.674044,-0.014133,4.991065,5.179709,3.670466
4540.000000,-159.585727,-737.871287,-0.014294,4.949219,5.212451,3.676281
4542.000000,-161.578892,-738.011839,-0.014640,4.885549,5.251593,3.670270
4544.000000,-163.582335,-738.094623,-0.015320,4.823047,5.288258,3.648315
4546.000000,-165.580374,-738.116016,-0.016293,4.759518,5.326563,3.605775
4548.000000,-167.578194,-738.072613,-0.017467,4.680567,5.376786,3.538034
4550.000000,-169.573410,-737.959860,-0.018740,4.595073,5.431988,3.440934
4552.000000,-171.569783,-737.771411,-0.019641,4.547484,5.458950,3.309510
4554.000000,-173.550141,-737.504078,-0.019644,4.576976,5.428577,3.141470
4556.000000,-175.518510,-737.158652,-0.018652,4.666006,5.354370,2.939209
4558.000000,-177.472151,-736.739110,-0.016555,4.771565,5.268985,2.709274
4560.000000,-179.414367,-736.252646,-0.013402,4.869593,5.189914,2.461880
4562.000000,-181.341632,-735.714493,-0.009997,4.964190,5.112153,2.215167
4564.000000,-183.255009,-735.139327,-0.006910,5.059422,5.033465,1.986825
4566.000000,-185.160224,-734.538145,-0.004431,5.139532,4.981013,1.790080
4568.000000,-187.067132,-733.919230,-0.003189,5.180337,4.994457,1.635336
4570.000000,-188.963972,-733.292095,-0.003270,5.176208,5.081922,1.528628
4572.000000,-190.856732,-732.652788,-0.003877,5.149947,5.205444,1.466847
4574.000000,-192.748419,-731.997375,-0.004486,5.125218,5.325804,1.447426
4576.000000,-194.632849,-731.325414,-0.005077,5.113495,5.424922,1.469089
4578.000000,-196.507751,-730.635362,-0.005668,5.120273,5.495371,1.530047
4580.000000,-198.378646,-729.922641,-0.006276,5.146299,5.537391,1.626291
4582.000000,-200.239140,-729.186958,-0.006883,5.185537,5.561125,1.750429
4584.000000,-202.086731,-728.426750,-0.007453,5.231562,5.576470,1.892288
4586.000000,-203.922820,-727.639128,-0.008005,5.280429,5.584922,2.040658
4588.000000,-205.752517,-726.819401,-0.008665,5.329452,5.584293,2.184138
4590.000000,-207.561460,-725.971132,-0.009400,5.377764,5.573834,2.310061
4592.000000,-209.354041,-725.088928,-0.009807,5.428158,5.554868,2.408336
4594.000000,-211.132278,-724.169004,-0.009621,5.482072,5.529470,2.470088
4596.000000,-212.891121,-723.215267,-0.008869,5.533066,5.502459,2.490667
4598.000000,-214.629935,-722.231347,-0.007480,5.571885,5.479565,2.468420
4600.000000,-216.353412,-721.220907,-0.005492,5.595075,5.463211,2.405182
4602.000000,-218.071685,-720.187921,-0.003362,5.606805,5.451481,2.305820
4604.000000,-219.777069,-719.147258,-0.001370,5.611803,5.442249,2.176227
4606.000000,-221.479623,-718.102035,0.000539,5.613815,5.434160,2.020000
4608.000000,-223.189261,-717.054937,0.002466,5.615968,5.426271,1.841793
4610.000000,-224.898048,-716.019852,0.004456,5.619263,5.417927,1.648429
4612.000000,-226.615954,-714.999992,0.006446,5.621725,5.408675,1.444460
4614.000000,-228.352999,-713.998867,0.008455,5.621246,5.397969,1.234311
4616.000000,-230.100649,-713.030679,0.010512,5.616984,5.384790,1.024596
4618.000000,-231.868329,-712.099206,0.012654,5.608698,5.367811,0.819951
4620.000000,-233.659011,-711.212478,0.014786,5.596446,5.347387,0.626556
4622.000000,-235.481509,-710.376648,0.016392,5.580653,5.326235,0.451472
4624.000000,-237.324730,-709.605319,0.016939,5.562822,5.306723,0.302561
4626.000000,-239.193385,-708.897307,0.016665,5.548444,5.286696,0.179009
4628.000000,-241.084582,-708.252021,0.016065,5.544717,5.262273,0.078248
4630.000000,-243.002219,-707.666099,0.015354,5.554780,5.231835,-0.003114
4632.000000,-244.930217,-707.141273,0.014634,5.575991,5.197386,-0.069205
4634.000000,-246.872646,-706.672935,0.013924,5.602948,5.162637,-0.125638
4636.000000,-248.827332,-706.258741,0.013232,5.620709,5.138519,-0.177994
4638.000000,-250.799162,-705.895200,0.012597,5.611104,5.138417,-0.232839
4640.000000,-252.772585,-705.582605,0.012010,5.572548,5.164583,-0.296076
4642.000000,-254.752927,-705.317389,0.011365,5.524918,5.204689,-0.373382
4644.000000,-256.742846,-705.096874,0.010698,5.485747,5.247969,-0.468123
4646.000000,-258.735778,-704.919170,0.010106,5.452176,5.296938,-0.581212
4648.000000,-260.729006,-704.781658,0.009751,5.413319,5.359048,-0.712430
4650.000000,-262.724474,-704.682593,0.009702,5.371330,5.426974,-0.860125
4652.000000,-264.728512,-704.621798,0.010204,5.346154,5.473309,-1.020998
4654.000000,-266.726442,-704.600918,0.011483,5.356127,5.473163,-1.188489
4656.000000,-268.724282,-704.625388,0.013278,5.400687,5.427363,-1.354146
4658.000000,-270.720921,-704.702714,0.015226,5.471352,5.347388,-1.509281
4660.000000,-272.721407,-704.841277,0.017208,5.557944,5.246256,-1.646877
4662.000000,-274.708841,-705.048265,0.018803,5.646811,5.140408,-1.758413
4664.000000,-276.687098,-705.330930,0.019557,5.723183,5.046201,-1.838074
4666.000000,-278.652802,-705.691137,0.019516,5.764213,4.983585,-1.884529
4668.000000,-280.606535,-706.129579,0.018594,5.744926,4.972816,-1.898283
4670.000000,-282.541122,-706.641267,0.016905,5.664296,5.013064,-1.883286
4672.000000,-284.454653,-707.217216,0.015045,5.552343,5.076019,-1.847969
4674.000000,-286.349952,-707.849887,0.013436,5.440274,5.134728,-1.800486
4676.000000,-288.231393,-708.534446,0.012205,5.351414,5.179473,-1.746253
4678.000000,-290.094719,-709.263773,0.011564,5.305589,5.207369,-1.689306
4680.000000,-291.938244,-710.034136,0.011478,5.304408,5.220430,-1.631011
4682.000000,-293.763634,-710.846458,0.011587,5.327111,5.226484,-1.569541
4684.000000,-295.573391,-711.702641,0.011699,5.354312,5.232037,-1.503038
4686.000000,-297.361582,-712.600502,0.011820,5.381745,5.235547,-1.430872
4688.000000,-299.125481,-713.538988,0.011945,5.411302,5.232357,-1.353284
4690.000000,-300.866513,-714.519245,0.012039,5.445392,5.218860,-1.270667
4692.000000,-302.589413,-715.544769,0.012163,5.486981,5.192695,-1.183473
4694.000000,-304.280906,-716.608252,0.012316,5.535664,5.155394,-1.093061
4696.000000,-305.945758,-717.712971,0.012418,5.579397,5.122275,-0.999697
4698.000000,-307.585968,-718.861042,0.012515,5.601790,5.113618,-0.903602
4700.000000,-309.195974,-720.049233,0.012624,5.593949,5.140130,-0.805269
4702.000000,-310.773190,-721.275856,0.012765,5.556587,5.200422,-0.704530
4704.000000,-312.318719,-722.542197,0.012957,5.495153,5.287884,-0.600097
4706.000000,-313.833996,-723.850763,0.013220,5.430170,5.379737,-0.489274
4708.000000,-315.313333,-725.198210,0.013575,5.387735,5.447153,-0.369056
4710.000000,-316.753498,-726.583215,0.014006,5.383522,5.473440,-0.235541
4712.000000,-318.154476,-728.007923,0.014539,5.420736,5.456433,-0.084215
4714.000000,-319.516437,-729.475623,0.015240,5.496283,5.399922,0.089412
4716.000000,-320.832238,-730.983325,0.015819,5.585302,5.327165,0.289676
4718.000000,-322.097018,-732.530101,0.015660,5.655558,5.268038,0.520921
4720.000000,-323.312036,-734.116382,0.014632,5.690327,5.237747,0.783945
4722.000000,-324.482265,-735.740989,0.013051,5.691426,5.233915,1.075415
4724.000000,-325.608395,-737.394970,0.011052,5.664265,5.251327,1.389699
4726.000000,-326.695904,-739.071040,0.008787,5.620945,5.280664,1.718985
4728.000000,-327.753871,-740.765857,0.006485,5.575637,5.311426,2.055393
4730.000000,-328.793357,-742.480139,0.004327,5.538173,5.336942,2.392007
4732.000000,-329.814674,-744.197195,0.002658,5.513701,5.354752,2.718453
4734.000000,-330.827888,-745.919025,0.001757,5.504321,5.364221,3.029710
4736.000000,-331.838908,-747.650223,0.001396,5.504193,5.368784,3.325624
4738.000000,-332.841677,-749.378132,0.001231,5.504736,5.373222,3.604180
4740.000000,-333.840311,-751.108441,0.001151,5.502160,5.379553,3.866920
4742.000000,-334.838434,-752.847114,0.001095,5.498288,5.386510,4.115382
4744.000000,-335.829236,-754.581920,0.001017,5.495050,5.392799,4.348448
4746.000000,-336.816506,-756.318737,0.000919,5.492446,5.398628,4.567608
4748.000000,-337.802564,-758.060852,0.000825,5.489825,5.404685,4.773808
4750.000000,-338.785242,-759.803695,0.000740,5.486974,5.411132,4.966819
4752.000000,-339.763882,-761.545389,0.000654,5.484196,5.417549,5.146263
4754.000000,-340.742201,-763.291863,0.000567,5.481720,5.423626,5.312235
4756.000000,-341.718033,-765.038546,0.000479,5.479382,5.429553,5.463780
4758.000000,-342.690739,-766.783561,0.000392,5.476872,5.435713,5.600125
4760.000000,-343.662081,-768.529334,0.000304,5.474095,5.442156,5.720750
4762.000000,-344.635754,-770.281813,0.000217,5.471202,5.448556,5.825701
4764.000000,-345.605272,-772.028600,0.000130,5.468363,5.454603,5.914114
4766.000000,-346.574337,-773.775639,0.000043,5.465582,5.460528,5.986566
4768.000000,-347.546643,-775.528876,-0.000044,5.462811,5.466714,6.043542
4770.000000,-348.515712,-777.275913,-0.000132,5.460035,5.473158,6.084964
4772.000000,-349.485241,-779.022694,-0.000219,5.457206,5.479534,6.111528
4774.000000,-350.458933,-780.775162,-0.000306,5.454317,5.485601,6.124193
4776.000000,-351.430297,-782.520923,-0.000393,5.451514,5.491527,6.124119
4778.000000,-352.403031,-784.265922,-0.000481,5.448951,5.497693,6.111935
4780.000000,-353.379396,-786.013484,-0.000569,5.446591,5.504150,6.087310
4782.000000,-354.357253,-787.759040,-0.000656,5.444174,5.510535,6.049685
4784.000000,-355.335940,-789.500707,-0.000739,5.441496,5.516581,5.998150
4786.000000,-356.319174,-791.244418,-0.000804,5.438638,5.522520,5.931192
4788.000000,-357.304752,-792.985622,-0.000829,5.435807,5.528703,5.848643
4790.000000,-358.291789,-794.722571,-0.000811,5.433046,5.535156,5.756369
4792.000000,-359.283633,-796.461402,-0.000777,5.430205,5.541538,5.657104
4794.000000,-360.277666,-798.197791,-0.000747,5.427227,5.547566,5.550658
4796.000000,-361.272804,-799.930112,-0.000717,5.424407,5.553492,5.436674
4798.000000,-362.270421,-801.661005,-0.000685,5.422116,5.559746,5.314330
4800.000000,-363.273914,-803.396582,-0.000655,5.419882,5.566310,5.182388
4802.000000,-364.276173,-805.124791,-0.000625,5.416262,5.572554,5.041015
4804.000000,-365.280587,-806.851750,-0.000592,5.410936,5.578182,4.889371
4806.000000,-366.290570,-808.583557,-0.000561,5.408304,5.584093,4.727239
4808.000000,-367.298972,-810.308190,-0.000532,5.414241,5.591505,4.556454
4810.000000,-368.309202,-812.031752,-0.000500,5.429613,5.600607,4.377504
4812.000000,-369.323185,-813.757757,-0.000469,5.449570,5.610322,4.191241
4814.000000,-370.338269,-815.481932,-0.000438,5.469589,5.619679,3.999473
4816.000000,-371.353347,-817.202644,-0.000407,5.488981,5.628771,3.803913
4818.000000,-372.371864,-818.925979,-0.000376,5.508517,5.638099,3.605362
4820.000000,-373.391156,-820.647667,-0.000345,5.528466,5.647740,3.405634
4822.000000,-374.410113,-822.366085,-0.000314,5.548658,5.657360,3.206115
4824.000000,-375.432196,-824.087311,-0.000283,5.568944,5.666715,3.007110
4826.000000,-376.454728,-825.807074,-0.000252,5.588954,5.675862,2.809946
4828.000000,-377.476600,-827.523759,-0.000221,5.608356,5.685002,2.615412
4830.000000,-378.499230,-829.239993,-0.000190,5.627551,5.694399,2.423671
4832.000000,-379.526093,-830.961844,-0.000159,5.647757,5.704383,2.234354
4834.000000,-380.549920,-832.677365,-0.000128,5.669242,5.714779,2.048730
4836.000000,-381.574184,-834.392623,-0.000097,5.689411,5.723999,1.865757
4838.000000,-382.602367,-836.113688,-0.000066,5.704583,5.729884,1.684615
4840.000000,-383.627187,-837.828613,-0.000035,5.711585,5.730140,1.506663
4842.000000,-384.652128,-839.543469,-0.000004,5.708211,5.722470,1.331530
4844.000000,-385.680667,-841.264319,0.000027,5.693623,5.705740,1.159001
4846.000000,-386.705526,-842.979223,0.000058,5.672451,5.683737,0.990822
4848.000000,-387.730185,-844.694247,0.000089,5.650867,5.661587,0.827146
4850.000000,-388.756590,-846.412893,0.000120,5.631507,5.641439,0.668589
4852.000000,-389.782059,-848.130911,0.000152,5.613058,5.622112,0.516502
4854.000000,-390.805477,-849.846675,0.000182,5.594166,5.602395,0.371878
4856.000000,-391.830322,-851.566255,0.000213,5.574799,5.582242,0.234928
4858.000000,-392.853909,-853.285393,0.000244,5.555519,5.562154,0.106603
4860.000000,-393.875131,-855.002465,0.000276,5.536441,5.542247,-0.012522
4862.000000,-394.895408,-856.720099,0.000306,5.517146,5.522192,-0.122251
4864.000000,-395.918200,-858.444372,0.000337,5.497338,5.501718,-0.222599
4866.000000,-396.936264,-860.163318,0.000369,5.477687,5.481278,-0.312588
4868.000000,-397.953065,-861.883012,0.000399,5.458851,5.461260,-0.392362
4870.000000,-398.972046,-863.609540,0.000429,5.440265,5.441454,-0.462001
4872.000000,-399.985993,-865.330919,0.000461,5.420161,5.421181,-0.520878
4874.000000,-400.998355,-867.053229,0.000491,5.397934,5.400074,-0.569173
4876.000000,-402.012560,-868.782568,0.000522,5.378459,5.379933,-0.607047
4878.000000,-403.021425,-870.506929,0.000554,5.368468,5.363431,-0.634378
4880.000000,-404.028385,-872.232405,0.000584,5.369486,5.351140,-0.651643
4882.000000,-405.035340,-873.962516,0.000614,5.377463,5.341560,-0.659257
4884.000000,-406.039654,-875.692990,0.000644,5.388345,5.333225,-0.657639
4886.000000,-407.040241,-877.422168,0.000674,5.400238,5.325384,-0.647225
4888.000000,-408.040505,-879.156160,0.000708,5.412112,5.317539,-0.627850
4890.000000,-409.037805,-880.890683,0.000746,5.423427,5.309533,-0.598818
4892.000000,-410.031027,-882.624103,0.000772,5.434291,5.301526,-0.559241
4894.000000,-411.023531,-884.362551,0.000771,5.445018,5.293541,-0.507507
4896.000000,-412.012814,-886.101657,0.000664,5.456207,5.285145,-0.441461
4898.000000,-412.998029,-887.839638,0.000296,5.468513,5.275809,-0.358791
4900.000000,-413.981918,-889.578371,-0.000334,5.481079,5.266596,-0.258336
4902.000000,-414.970395,-891.322544,-0.001057,5.491287,5.260426,-0.139903
4904.000000,-415.959123,-893.058538,-0.001780,5.498263,5.258003,-0.004575
4906.000000,-416.954011,-894.791006,-0.002487,5.508962,5.250553,0.147797
4908.000000,-417.961031,-896.524551,-0.003198,5.532088,5.227221,0.317478
4910.000000,-418.975586,-898.245592,-0.003923,5.556541,5.202083,0.502960
4912.000000,-420.003575,-899.958652,-0.004653,5.548606,5.217830,0.704164
4914.000000,-421.049526,-901.665530,-0.005413,5.484227,5.304997,0.920601
4916.000000,-422.113374,-903.360109,-0.006175,5.385966,5.435430,1.150675
4918.000000,-423.196520,-905.038862,-0.006845,5.292123,5.561257,1.393407
4920.000000,-424.304859,-906.705927,-0.007479,5.217326,5.665737,1.650117
4922.000000,-425.437325,-908.355508,-0.008373,5.150011,5.766534,1.921212
4924.000000,-426.594985,-909.983899,-0.009727,5.084095,5.872879,2.206179
4926.000000,-427.783809,-911.589651,-0.011480,5.042757,5.951271,2.502086
4928.000000,-429.013185,-913.173601,-0.013717,5.057776,5.955696,2.805133
4930.000000,-430.280823,-914.718144,-0.016386,5.132838,5.879898,3.104400
4932.000000,-431.598355,-916.220519,-0.019178,5.241860,5.760310,3.389706
4934.000000,-432.972772,-917.671664,-0.022010,5.355725,5.636274,3.650063
4936.000000,-434.409540,-919.060808,-0.024298,5.443554,5.545244,3.874419
4938.000000,-435.918577,-920.381596,-0.025314,5.476378,5.521210,4.055244
4940.000000,-437.488438,-921.618860,-0.025090,5.456116,5.561740,4.189996
4942.000000,-439.118473,-922.775790,-0.024170,5.415604,5.628247,4.282845
4944.000000,-440.802502,-923.852050,-0.022932,5.381693,5.688184,4.338220
4946.000000,-442.534148,-924.849979,-0.021709,5.355010,5.736801,4.361139
4948.000000,-444.307109,-925.772528,-0.020977,5.328151,5.777935,4.356871
4950.000000,-446.120312,-926.622099,-0.020833,5.297325,5.812804,4.327521
4952.000000,-447.966510,-927.395169,-0.021175,5.262974,5.839450,4.273699
4954.000000,-449.840771,-928.088918,-0.021919,5.226461,5.856573,4.198247
4956.000000,-451.743500,-928.700148,-0.022886,5.191139,5.866012,4.103816
4958.000000,-453.672339,-929.223696,-0.023866,5.161912,5.869566,3.991827
4960.000000,-455.624051,-929.654680,-0.024657,5.154718,5.853274,3.865128
4962.000000,-457.598369,-929.989075,-0.024867,5.197317,5.786213,3.724590
4964.000000,-459.586321,-930.223289,-0.024232,5.300691,5.656164,3.571919
4966.000000,-461.580349,-930.360319,-0.022876,5.420836,5.512879,3.413360
4968.000000,-463.578311,-930.405426,-0.020921,5.501074,5.420503,3.253813
4970.000000,-465.576288,-930.366409,-0.018534,5.522821,5.401478,3.096274
4972.000000,-467.571457,-930.253514,-0.015996,5.501820,5.440633,2.941025
4974.000000,-469.568629,-930.076258,-0.013592,5.455775,5.516872,2.786220
4976.000000,-471.553356,-929.845686,-0.011808,5.402256,5.597799,2.633723
4978.000000,-473.532446,-929.570289,-0.011400,5.357113,5.651033,2.485550
4980.000000,-475.508648,-929.250921,-0.012442,5.323429,5.670605,2.338512
4982.000000,-477.475689,-928.883009,-0.014447,5.292028,5.676161,2.183092
4984.000000,-479.428610,-928.460146,-0.017208,5.257050,5.683204,2.008198
4986.000000,-481.365988,-927.970728,-0.020413,5.226492,5.687106,1.800048
4988.000000,-483.282471,-927.402554,-0.023782,5.211890,5.677577,1.546109
4990.000000,-485.170026,-926.744073,-0.026715,5.212378,5.654403,1.234389
4992.000000,-487.024565,-925.981569,-0.027548,5.214629,5.627425,0.850539
4994.000000,-488.825708,-925.116321,-0.025054,5.211096,5.603603,0.389656
4996.000000,-490.581452,-924.160472,-0.020386,5.214475,5.577832,-0.135170
4998.000000,-492.296077,-923.133661,-0.015011,5.241915,5.542276,-0.709419
5000.000000,-493.978304,-922.055849,-0.009406,5.295240,5.495328,-1.312318
5002.000000,-495.646237,-920.943287,-0.004620,5.363132,5.440646,-1.914484
5004.000000,-497.299141,-919.821083,-0.001275,5.432000,5.384859,-2.486261
5006.000000,-498.949503,-918.695296,0.000818,5.487304,5.339530,-3.016167
5008.000000,-500.608353,-917.569555,0.001650,5.515310,5.316634,-3.496700
5010.000000,-502.265859,-916.454244,0.001483,5.518235,5.314521,-3.924764
5012.000000,-503.926638,-915.343778,0.001120,5.513123,5.318887,-4.306909
5014.000000,-505.592811,-914.234638,0.000991,5.513115,5.318758,-4.647341
5016.000000,-507.260672,-913.129033,0.000986,5.517597,5.314937,-4.947507
5018.000000,-508.928060,-912.028565,0.000941,5.522208,5.311406,-5.209834
5020.000000,-510.600710,-910.929225,0.000840,5.525386,5.309456,-5.438287
5022.000000,-512.274751,-909.832993,0.000732,5.528110,5.307920,-5.635161
5024.000000,-513.947678,-908.740952,0.000640,5.531207,5.305818,-5.802985
5026.000000,-515.625155,-907.648991,0.000556,5.534507,5.303248,-5.945164
5028.000000,-517.303391,-906.559200,0.000470,5.537559,5.300621,-6.064222
5030.000000,-518.979948,-905.472743,0.000380,5.540315,5.298166,-6.163256
5032.000000,-520.657327,-904.387557,0.000288,5.543102,5.295942,-6.245807
5034.000000,-522.341204,-903.299540,0.000197,5.546175,5.293930,-6.315148
5036.000000,-524.019634,-902.215980,0.000108,5.549448,5.291960,-6.373732
5038.000000,-525.698299,-901.132781,0.000018,5.552781,5.289805,-6.424696
5040.000000,-527.382876,-900.045852,-0.000072,5.556049,5.287409,-6.471021
5042.000000,-529.061422,-898.962471,-0.000163,5.559105,5.284902,-6.515238
5044.000000,-530.739615,-897.878544,-0.000254,5.561921,5.282396,-6.559371
5046.000000,-532.420417,-896.791721,-0.000344,5.564691,5.280018,-6.603560
5048.000000,-534.100020,-895.704026,-0.000433,5.567644,5.277887,-6.646848
5050.000000,-535.775971,-894.616633,-0.000519,5.570831,5.275930,-6.687581
5052.000000,-537.453952,-893.525455,-0.000612,5.574151,5.273894,-6.723747
5054.000000,-539.130154,-892.432527,-0.000715,5.577467,5.271611,-6.752766
5056.000000,-540.802088,-891.338972,-0.000807,5.580636,5.269146,-6.772482
5058.000000,-542.475376,-890.240602,-0.000857,5.583543,5.266620,-6.781115
5060.000000,-544.146294,-889.139620,-0.000853,5.586284,5.264164,-6.776551
5062.000000,-545.812604,-888.037509,-0.000756,5.589155,5.261909,-6.756710
5064.000000,-547.477148,-886.932737,-0.000539,5.592331,5.259895,-6.721187
5066.000000,-549.146297,-885.822256,-0.000264,5.595588,5.257928,-6.672471
5068.000000,-550.809052,-884.714792,0.000006,5.598578,5.255789,-6.614085
5070.000000,-552.471830,-883.607364,0.000260,5.601325,5.253413,-6.547957
5072.000000,-554.141005,-882.496924,0.000514,5.604144,5.250883,-6.475637
5074.000000,-555.805489,-881.392058,0.000777,5.607231,5.248346,-6.399398
5076.000000,-557.471683,-880.289773,0.001037,5.610492,5.245984,-6.319776
5078.000000,-559.146011,-879.187118,0.001286,5.613757,5.243967,-6.234778
5080.000000,-560.817333,-878.092621,0.001533,5.616945,5.242111,-6.141652
5082.000000,-562.491983,-877.003217,0.001805,5.620127,5.239872,-6.036047
5084.000000,-564.173678,-875.917757,0.002118,5.623263,5.237077,-5.913826
5086.000000,-565.859521,-874.839748,0.002350,5.625982,5.234684,-5.771512
5088.000000,-567.547882,-873.771724,0.002299,5.627955,5.233736,-5.605547
5090.000000,-569.244500,-872.709744,0.001964,5.630307,5.232638,-5.412892
5092.000000,-570.944879,-871.654809,0.001456,5.635442,5.227431,-5.193623
5094.000000,-572.645668,-870.606693,0.000811,5.643175,5.218248,-4.948740
5096.000000,-574.348176,-869.561371,0.000102,5.645704,5.217324,-4.680518
5098.000000,-576.056840,-868.512706,-0.000591,5.633685,5.239363,-4.391517
5100.000000,-577.758287,-867.465656,-0.001262,5.605860,5.286357,-4.086672
5102.000000,-579.457095,-866.414329,-0.001921,5.568040,5.349248,-3.767596
5104.000000,-581.157790,-865.352772,-0.002589,5.525030,5.420478,-3.435742
5106.000000,-582.847043,-864.286146,-0.003271,5.478246,5.497542,-3.095863
5108.000000,-584.529318,-863.208522,-0.003944,5.428002,5.579717,-2.749005
5110.000000,-586.208897,-862.113827,-0.004624,5.379352,5.659790,-2.395894
5112.000000,-587.872423,-861.007467,-0.005277,5.342076,5.723925,-2.041052
5114.000000,-589.524177,-859.883567,-0.005854,5.322859,5.762723,-1.685480
5116.000000,-591.165728,-858.738235,-0.006381,5.320685,5.777495,-1.330953
5118.000000,-592.792052,-857.572261,-0.006868,5.332312,5.772645,-0.981157
5120.000000,-594.399588,-856.385938,-0.007318,5.353733,5.754273,-0.639152
5122.000000,-595.989641,-855.176272,-0.007743,5.380419,5.729763,-0.305964
5124.000000,-597.566276,-853.937783,-0.008204,5.407402,5.706003,0.018226
5126.000000,-599.116922,-852.677970,-0.008697,5.428059,5.688730,0.329793
5128.000000,-600.645497,-851.391431,-0.009166,5.436242,5.682593,0.628620
5130.000000,-602.153072,-850.074621,-0.009644,5.431610,5.687673,0.914015
5132.000000,-603.634554,-848.729275,-0.010139,5.419061,5.699919,1.184152
5134.000000,-605.086118,-847.356378,-0.010638,5.401938,5.716589,1.437492
5136.000000,-606.508224,-845.952981,-0.011106,5.378099,5.739533,1.673155
5138.000000,-607.903675,-844.513258,-0.011616,5.345151,5.770733,1.890468
5140.000000,-609.260518,-843.046593,-0.012115,5.315354,5.799002,2.086435
5142.000000,-610.581327,-841.547450,-0.012337,5.312752,5.802600,2.260387
5144.000000,-611.866756,-840.012958,-0.012218,5.352988,5.767707,2.412060
5146.000000,-613.113869,-838.447737,-0.011917,5.426588,5.704064,2.542360
5148.000000,-614.321319,-836.855837,-0.011558,5.516437,5.628125,2.652616
5150.000000,-615.491695,-835.236515,-0.011139,5.596777,5.560059,2.744632
5152.000000,-616.629629,-833.585737,-0.010748,5.634590,5.523213,2.820382
5154.000000,-617.727919,-831.916717,-0.010398,5.611617,5.530436,2.881057
5156.000000,-618.791359,-830.225276,-0.010024,5.550459,5.565461,2.928535
5158.000000,-619.822607,-828.509683,-0.009671,5.482077,5.606083,2.964148
5160.000000,-620.820199,-826.774853,-0.009346,5.422350,5.640594,2.988868
5162.000000,-621.783626,-825.024550,-0.009024,5.374284,5.666224,3.003783
5164.000000,-622.715367,-823.257198,-0.008671,5.339726,5.681221,3.010013
5166.000000,-623.619437,-821.467691,-0.008367,5.320046,5.684772,3.008533
5168.000000,-624.490425,-819.669630,-0.008152,5.316245,5.676575,3.000328
5170.000000,-625.332121,-817.857685,-0.007999,5.324846,5.659213,2.986302
5172.000000,-626.146344,-816.029145,-0.007991,5.338896,5.637591,2.967565
5174.000000,-626.931262,-814.188314,-0.008169,5.351776,5.616643,2.945135
5176.000000,-627.684826,-812.337977,-0.008436,5.358620,5.600675,2.918928
5178.000000,-628.407110,-810.475196,-0.008664,5.355376,5.593493,2.888463
5180.000000,-629.099352,-808.593578,-0.008888,5.341077,5.596175,2.853671
5182.000000,-629.755691,-806.706536,-0.009127,5.317626,5.607384,2.815957
5184.000000,-630.377567,-804.807846,-0.009336,5.286746,5.625515,2.777163
5186.000000,-630.964975,-802.894335,-0.009550,5.249555,5.648670,2.739081
5188.000000,-631.515546,-800.970332,-0.009771,5.207795,5.674484,2.703596
5190.000000,-632.027576,-799.039105,-0.009987,5.169290,5.697777,2.672678
5192.000000,-632.501022,-797.098056,-0.010163,5.146534,5.711240,2.647729
5194.000000,-632.936371,-795.140929,-0.010356,5.147379,5.710125,2.629036
5196.000000,-633.329643,-793.182052,-0.010550,5.167185,5.696543,2.616492
5198.000000,-633.681534,-791.215313,-0.010660,5.198650,5.674274,2.608676
5200.000000,-633.991951,-789.237852,-0.010737,5.237951,5.647089,2.603219
5202.000000,-634.259715,-787.254568,-0.010822,5.283648,5.618903,2.597783
5204.000000,-634.484133,-785.269227,-0.010913,5.331182,5.592264,2.590007
5206.000000,-634.665276,-783.279469,-0.010979,5.368338,5.566355,2.577357
5208.000000,-634.803136,-781.279225,-0.011094,5.382601,5.539642,2.556928
5210.000000,-634.896210,-779.283396,-0.011257,5.376425,5.511865,2.526031
5212.000000,-634.944441,-777.285984,-0.011388,5.364169,5.483273,2.482060
5214.000000,-634.947178,-775.284298,-0.011529,5.355877,5.454554,2.422556
5216.000000,-634.903711,-773.283454,-0.011723,5.349296,5.427429,2.345495
5218.000000,-634.813604,-771.287448,-0.011991,5.339317,5.403859,2.248968
5220.000000,-634.675840,-769.294166,-0.012240,5.323077,5.386147,2.130397
5222.000000,-634.488440,-767.297941,-0.012358,5.299477,5.376947,1.986526
5224.000000,-634.252116,-765.313937,-0.012227,5.268827,5.376937,1.816372
5226.000000,-633.967311,-763.336301,-0.011813,5.233888,5.381263,1.619070
5228.000000,-633.635574,-761.366060,-0.011079,5.198230,5.384508,1.394792
5230.000000,-633.258596,-759.396858,-0.010124,5.165841,5.388828,1.144490
5232.000000,-632.843233,-757.442534,-0.009148,5.141443,5.402466,0.873356
5234.000000,-632.392364,-755.496162,-0.008185,5.126560,5.430312,0.584315
5236.000000,-631.908830,-753.553882,-0.007253,5.115639,5.467951,0.280474
5238.000000,-631.397207,-751.619190,-0.006328,5.102204,5.508481,-0.033776
5240.000000,-630.862043,-749.694348,-0.005384,5.087553,5.544938,-0.353952
5242.000000,-630.305184,-747.771851,-0.004444,5.078961,5.570543,-0.677187
5244.000000,-629.731365,-745.854734,-0.003531,5.080694,5.582022,-0.999048
5246.000000,-629.145006,-743.944896,-0.002614,5.088529,5.585290,-1.315781
5248.000000,-628.548660,-742.038162,-0.001669,5.096686,5.587896,-1.624765
5250.000000,-627.943816,-740.126779,-0.000774,5.103355,5.592415,-1.923758
5252.000000,-627.338378,-738.222920,-0.000155,5.109734,5.597505,-2.207103
5254.000000,-626.732917,-736.319068,0.000070,5.116760,5.602122,-2.473450
5256.000000,-626.125733,-734.408428,0.000064,5.124141,5.606368,-2.723583
5258.000000,-625.520962,-732.504358,-0.000012,5.131262,5.610566,-2.956052
5260.000000,-624.916184,-730.600290,-0.000118,5.138041,5.614924,-3.172266
5262.000000,-624.308832,-728.689703,-0.000227,5.144746,5.619530,-3.373491
5264.000000,-623.702717,-726.786060,-0.000328,5.151514,5.624341,-3.558809
5266.000000,-623.095354,-724.882815,-0.000423,5.158343,5.629165,-3.729354
5268.000000,-622.485270,-722.976596,-0.000519,5.165181,5.633784,-3.885804
5270.000000,-621.873307,-721.071325,-0.000619,5.171995,5.638180,-4.028235
5272.000000,-621.260010,-719.169984,-0.000718,5.178788,5.642506,-4.156887
5274.000000,-620.642853,-717.266039,-0.000816,5.185599,5.646894,-4.272832
5276.000000,-620.022686,-715.363425,-0.000915,5.192413,5.651320,-4.376812
5278.000000,-619.400074,-713.465113,-0.001011,5.199217,5.655732,-4.469806
5280.000000,-618.773631,-711.568061,-0.001100,5.206016,5.660128,-4.552810
5282.000000,-618.140797,-709.665760,-0.001186,5.212829,5.664539,-4.626353
5284.000000,-617.505660,-707.771600,-0.001267,5.219613,5.668939,-4.690089
5286.000000,-616.865736,-705.879052,-0.001339,5.226408,5.673333,-4.744438
5288.000000,-616.218482,-703.981608,-0.001415,5.233255,5.677722,-4.789682
5290.000000,-615.568127,-702.092619,-0.001496,5.240067,5.682101,-4.825655
5292.000000,-614.912139,-700.205578,-0.001570,5.246787,5.686533,-4.852866
5294.000000,-614.247904,-698.314010,-0.001647,5.253458,5.691024,-4.871928
5296.000000,-613.579771,-696.431234,-0.001727,5.260290,5.695388,-4.883328
5298.000000,-612.905154,-694.550771,-0.001803,5.267533,5.699524,-4.887786
5300.000000,-612.222514,-692.669312,-0.001879,5.274653,5.703995,-4.885937
5302.000000,-611.532911,-690.790740,-0.001959,5.280507,5.709850,-4.878406
5304.000000,-610.837120,-688.918007,-0.002037,5.284354,5.717801,-4.865805
5306.000000,-610.132418,-687.044696,-0.002113,5.286491,5.727742,-4.848576
5308.000000,-609.419912,-685.174691,-0.002194,5.287462,5.739241,-4.827133
5310.000000,-608.700410,-683.310938,-0.002276,5.288054,5.751188,-4.801876
5312.000000,-607.972454,-681.450470,-0.002350,5.289221,5.762016,-4.773025
5314.000000,-607.233171,-679.586947,-0.002429,5.291165,5.771593,-4.740548
5316.000000,-606.487442,-677.733531,-0.002515,5.292188,5.783221,-4.704694
5318.000000,-605.732426,-675.883875,-0.002588,5.290676,5.800087,-4.665444
5320.000000,-604.965155,-674.031700,-0.002669,5.289619,5.815720,-4.622829
5322.000000,-604.190702,-672.190098,-0.002756,5.295572,5.816049,-4.577355
5324.000000,-603.406136,-670.352781,-0.002827,5.312330,5.792905,-4.529164
5326.000000,-602.608395,-668.513520,-0.002908,5.336657,5.752795,-4.478358
5328.000000,-601.802782,-666.685332,-0.003000,5.363748,5.705560,-4.425591
5330.000000,-600.986244,-664.861997,-0.003081,5.392867,5.654247,-4.371039
5332.000000,-600.156957,-663.040407,-0.003148,5.426155,5.597055,-4.315089
5334.000000,-599.316300,-661.224386,-0.003194,5.462091,5.536594,-4.258472
5336.000000,-598.465477,-659.416793,-0.003211,5.490150,5.486320,-4.201739
5338.000000,-597.601458,-657.611414,-0.003198,5.499182,5.460273,-4.144955
5340.000000,-596.726010,-655.811910,-0.003171,5.490282,5.456941,-4.088381
5342.000000,-595.840652,-654.020979,-0.003142,5.474105,5.462612,-4.032164
5344.000000,-594.944089,-652.235632,-0.003108,5.458619,5.467078,-3.976281
5346.000000,-594.033255,-650.449671,-0.003082,5.444298,5.469966,-3.920671
5348.000000,-593.114625,-648.675577,-0.003064,5.430109,5.473022,-3.865897
5350.000000,-592.185172,-646.907132,-0.003028,5.415663,5.476697,-3.811911
5352.000000,-591.241719,-645.138185,-0.003000,5.401192,5.480444,-3.758633
5354.000000,-590.290982,-643.381090,-0.002980,5.388538,5.483520,-3.706413
5356.000000,-589.329819,-641.629676,-0.002945,5.382715,5.484979,-3.654944
5358.000000,-588.354942,-639.877853,-0.002917,5.388830,5.483959,-3.603940
5360.000000,-587.373280,-638.137846,-0.002896,5.405287,5.480991,-3.553682
5362.000000,-586.381581,-636.403542,-0.002864,5.425672,5.477600,-3.504025
5364.000000,-585.378134,-634.671785,-0.002834,5.444631,5.474656,-3.455004
5366.000000,-584.365030,-632.946023,-0.002811,5.459673,5.471410,-3.406884
5368.000000,-583.343956,-631.228849,-0.002783,5.469060,5.466806,-3.359934
5370.000000,-582.311460,-629.514250,-0.002751,5.471626,5.460259,-3.314160
5372.000000,-581.269697,-627.805640,-0.002726,5.466554,5.451575,-3.269789
5374.000000,-580.220388,-626.105574,-0.002702,5.454417,5.440932,-3.227057
5376.000000,-579.161928,-624.411191,-0.002669,5.438758,5.429256,-3.186067
5378.000000,-578.090688,-622.716579,-0.002642,5.423394,5.417547,-3.146847
5380.000000,-577.014263,-621.033552,-0.002622,5.409501,5.406314,-3.109790
5382.000000,-575.929054,-619.356175,-0.002587,5.396074,5.395497,-3.074853
5384.000000,-574.831338,-617.678594,-0.002560,5.382404,5.384770,-3.042031
5386.000000,-573.728890,-616.012496,-0.002539,5.368794,5.373364,-3.011640
5388.000000,-572.618018,-614.352006,-0.002509,5.355440,5.360785,-2.983614
5390.000000,-571.496786,-612.694086,-0.002480,5.341232,5.350791,-2.957960
5392.000000,-570.367504,-611.042007,-0.002456,5.324171,5.350176,-2.934794
5394.000000,-569.232027,-609.398244,-0.002430,5.303358,5.361914,-2.914212
5396.000000,-568.086490,-607.757020,-0.002400,5.280355,5.380222,-2.896165
5398.000000,-566.933255,-606.121576,-0.002377,5.257246,5.397922,-2.880687
5400.000000,-565.774202,-604.494353,-0.002351,5.234848,5.412952,-2.867738
5402.000000,-564.605382,-602.869626,-0.002322,5.212956,5.426995,-2.857145
5404.000000,-563.429204,-601.250608,-0.002298,5.191290,5.441484,-2.848745
5406.000000,-562.247574,-599.639703,-0.002275,5.169207,5.457053,-2.842296
5408.000000,-561.058645,-598.034178,-0.002245,5.146145,5.473962,-2.837507
5410.000000,-559.858323,-596.428415,-0.002219,5.123377,5.490471,-2.834097
5412.000000,-558.655087,-594.833584,-0.002200,5.103766,5.503208,-2.831874
5414.000000,-557.444867,-593.244048,-0.002169,5.088947,5.510270,-2.830634
5416.000000,-556.223493,-591.654238,-0.002144,5.078203,5.512791,-2.830190
5418.000000,-554.999589,-590.075214,-0.002123,5.070377,5.512540,-2.830424
5420.000000,-553.769007,-588.501390,-0.002096,5.064140,5.510859,-2.831431
5422.000000,-552.529582,-586.929874,-0.002069,5.058168,5.508743,-2.833453
5424.000000,-551.283840,-585.363742,-0.002048,5.051703,5.506913,-2.836751
5426.000000,-550.033793,-583.805334,-0.002023,5.045266,5.505462,-2.841582
5428.000000,-548.775159,-582.249156,-0.001997,5.039470,5.504296,-2.848239
5430.000000,-547.510505,-580.698260,-0.001976,5.033558,5.502925,-2.856987
5432.000000,-546.241861,-579.154953,-0.001951,5.025764,5.500583,-2.867961
5434.000000,-544.964877,-577.613796,-0.001925,5.016523,5.497518,-2.881225
5436.000000,-543.682160,-576.077809,-0.001903,5.011684,5.496436,-2.896835
5438.000000,-542.395764,-574.549269,-0.001883,5.017434,5.500185,-2.914973
5440.000000,-541.103633,-573.025573,-0.001854,5.032469,5.508114,-2.935865
5442.000000,-539.801297,-571.501382,-0.001811,5.050022,5.517013,-2.959541
5444.000000,-538.497971,-569.987250,-0.001748,5.065201,5.524601,-2.985480
5446.000000,-537.189371,-568.477677,-0.001660,5.078880,5.531429,-3.013187
5448.000000,-535.871156,-566.967197,-0.001573,5.093018,5.538575,-3.042159
5450.000000,-534.552802,-565.466136,-0.001487,5.107913,5.546214,-3.071598
5452.000000,-533.230001,-563.968992,-0.001395,5.122880,5.553984,-3.101042
5454.000000,-531.900608,-562.472822,-0.001305,5.137444,5.561626,-3.129939
5456.000000,-530.567504,-560.980351,-0.001218,5.151748,5.569204,-3.157614
5458.000000,-529.233010,-559.493621,-0.001128,5.166071,5.576840,-3.183378
5460.000000,-527.892726,-558.007197,-0.001037,5.180520,5.584504,-3.206604
5462.000000,-526.549558,-556.523782,-0.000949,5.194946,5.591987,-3.226539
5464.000000,-525.205831,-555.045394,-0.000859,5.209281,5.599198,-3.242678
5466.000000,-523.857109,-553.566619,-0.000768,5.223732,5.606375,-3.254918
5468.000000,-522.506319,-552.090145,-0.000679,5.238437,5.613758,-3.263186
5470.000000,-521.155786,-550.617972,-0.000590,5.253288,5.621366,-3.267458
5472.000000,-519.803521,-549.147390,-0.000499,5.268047,5.629086,-3.267727
5474.000000,-518.445047,-547.673018,-0.000409,5.282599,5.636813,-3.263930
5476.000000,-517.090108,-546.204901,-0.000320,5.296922,5.644364,-3.256119
5478.000000,-515.734231,-544.737649,-0.000230,5.311202,5.651664,-3.244443
5480.000000,-514.372930,-543.265888,-0.000141,5.325615,5.658842,-3.228969
5482.000000,-513.015963,-541.799644,-0.000051,5.340179,5.666098,-3.209857
5484.000000,-511.658847,-540.333538,0.000040,5.354967,5.673609,-3.187091
5486.000000,-510.297099,-538.862190,0.000130,5.369848,5.681309,-3.160606
5488.000000,-508.940484,-537.395620,0.000217,5.384509,5.689007,-3.130569
5490.000000,-507.584507,-535.928462,0.000303,5.398923,5.696629,-3.096722
5492.000000,-506.226938,-534.457812,0.000397,5.413137,5.704119,-3.058588
5494.000000,-504.870725,-532.986311,0.000500,5.427283,5.711530,-3.015530
5496.000000,-503.518260,-531.515914,0.000574,5.441796,5.719210,-2.966743
5498.000000,-502.165097,-530.041207,0.000575,5.457075,5.727450,-2.911123
5500.000000,-500.813885,-528.565115,0.000511,5.472019,5.735185,-2.848176
5502.000000,-499.466459,-527.090099,0.000406,5.484573,5.740456,-2.777707
5504.000000,-498.120260,-525.613962,0.000269,5.493829,5.742443,-2.699455
5506.000000,-496.770153,-524.131927,0.000121,5.501419,5.742857,-2.613208
5508.000000,-495.425104,-522.654741,-0.000022,5.509249,5.743745,-2.519879
5510.000000,-494.079986,-521.177620,-0.000159,5.517747,5.745469,-2.419712
5512.000000,-492.729687,-519.695758,-0.000296,5.526256,5.747216,-2.313005
5514.000000,-491.383224,-518.219863,-0.000436,5.534298,5.748474,-2.201202
5516.000000,-490.035478,-516.745138,-0.000575,5.542199,5.749575,-2.084654
5518.000000,-488.681311,-515.266810,-0.000714,5.550387,5.750968,-1.963692
5520.000000,-487.329761,-513.795569,-0.000855,5.558814,5.752625,-1.839995
5522.000000,-485.975704,-512.326636,-0.000993,5.567250,5.754209,-1.713989
5524.000000,-484.616261,-510.857721,-0.001131,5.575585,5.755508,-1.586241
5526.000000,-483.253690,-509.392100,-0.001272,5.584005,5.756624,-1.457582
5528.000000,-481.889685,-507.932398,-0.001412,5.592695,5.757744,-1.328627
5530.000000,-480.519070,-506.473895,-0.001550,5.601306,5.759205,-1.199327
5532.000000,-479.144137,-505.019867,-0.001691,5.609012,5.761455,-1.070336
5534.000000,-477.766603,-503.572921,-0.001833,5.614244,5.765752,-0.942252
5536.000000,-476.383788,-502.131022,-0.001969,5.613821,5.775154,-0.815255
5538.000000,-474.990436,-500.689558,-0.002109,5.604742,5.792625,-0.689300
5540.000000,-473.595888,-499.259001,-0.002255,5.588926,5.816384,-0.565630
5542.000000,-472.194919,-497.834730,-0.002389,5.571560,5.841653,-0.444156
5544.000000,-470.782222,-496.412217,-0.002527,5.556081,5.865330,-0.324894
5546.000000,-469.367295,-495.001809,-0.002674,5.541895,5.888057,-0.209200
5548.000000,-467.944867,-493.598963,-0.002810,5.527497,5.911389,-0.097293
5550.000000,-466.509559,-492.199260,-0.002945,5.512561,5.935308,0.010524
5552.000000,-465.071028,-490.812933,-0.003046,5.497734,5.958465,0.112782
5554.000000,-463.624041,-489.435430,-0.003080,5.483074,5.980753,0.209255
5556.000000,-462.165935,-488.064383,-0.003086,5.467624,6.004302,0.299806
5558.000000,-460.699584,-486.702577,-0.003090,5.450659,6.030894,0.384009
5560.000000,-459.227320,-485.352123,-0.003086,5.434653,6.056239,0.461622
5562.000000,-457.744056,-484.008331,-0.003078,5.424200,6.071995,0.532923
5564.000000,-456.252752,-482.673900,-0.003078,5.422495,6.072327,0.597818
5566.000000,-454.755775,-481.350894,-0.003081,5.429179,6.057740,0.656282
5568.000000,-453.250694,-480.037114,-0.003072,5.443004,6.030350,0.708497
5570.000000,-451.732260,-478.728055,-0.003071,5.461466,5.994674,0.754724
5572.000000,-450.211127,-477.432893,-0.003077,5.480953,5.957359,0.794972
5574.000000,-448.682077,-476.147091,-0.003068,5.499266,5.922389,0.830100
5576.000000,-447.139774,-474.866239,-0.003067,5.516960,5.888568,0.860922
5578.000000,-445.595040,-473.599320,-0.003073,5.534865,5.854198,0.887773
5580.000000,-444.042569,-472.341894,-0.003068,5.553004,5.819164,0.911272
5582.000000,-442.479575,-471.091747,-0.003065,5.570694,5.784730,0.932010
5584.000000,-440.909151,-469.851387,-0.003069,5.587897,5.751232,0.950474
5586.000000,-439.333799,-468.622749,-0.003068,5.606214,5.716532,0.967057
5588.000000,-437.748061,-467.401577,-0.003065,5.627093,5.678594,0.981986
5590.000000,-436.155077,-466.190332,-0.003070,5.647170,5.641921,0.995042
5592.000000,-434.557376,-464.990898,-0.003070,5.659856,5.615360,1.005855
5594.000000,-432.949423,-463.799125,-0.003067,5.659689,5.606304,1.014090
5596.000000,-431.334408,-462.617420,-0.003071,5.643787,5.618977,1.019278
5598.000000,-429.714889,-461.447615,-0.003077,5.610805,5.655531,1.020744
5600.000000,-428.088219,-460.287773,-0.003073,5.566212,5.708587,1.017731
5602.000000,-426.448722,-459.133942,-0.003073,5.519992,5.764444,1.009534
5604.000000,-424.807892,-457.994219,-0.003075,5.477949,5.814797,0.995796
5606.000000,-423.160099,-456.864588,-0.003039,5.434772,5.865612,0.976199
5608.000000,-421.499637,-455.741141,-0.002967,5.384748,5.923697,0.950403
5610.000000,-419.838320,-454.631499,-0.002868,5.336990,5.979419,0.918627
5612.000000,-418.170681,-453.531381,-0.002750,5.309666,6.013150,0.880993
5614.000000,-416.493980,-452.438465,-0.002636,5.312887,6.013983,0.837653
5616.000000,-414.811756,-451.354564,-0.002529,5.338159,5.991182,0.789085
5618.000000,-413.126912,-450.280988,-0.002417,5.373673,5.957573,0.735979
5620.000000,-411.433826,-449.213629,-0.002302,5.412957,5.919951,0.678845
5622.000000,-409.736068,-448.154234,-0.002193,5.452830,5.881339,0.618521
5624.000000,-408.036544,-447.104057,-0.002081,5.491447,5.843563,0.555875
5626.000000,-406.329565,-446.059058,-0.001966,5.529623,5.806116,0.491449
5628.000000,-404.618724,-445.020937,-0.001856,5.568279,5.768409,0.426118
5630.000000,-402.906919,-443.990901,-0.001746,5.606965,5.730937,0.360738
5632.000000,-401.191536,-442.966836,-0.001631,5.644406,5.694839,0.295964
5634.000000,-399.466802,-441.944814,-0.001519,5.677971,5.662822,0.232303
5636.000000,-397.744994,-440.931591,-0.001411,5.701835,5.641231,0.170858
5638.000000,-396.020344,-439.923216,-0.001296,5.711099,5.635481,0.112035
5640.000000,-394.287035,-438.915807,-0.001184,5.709058,5.642040,0.056269
5642.000000,-392.557396,-437.916013,-0.001075,5.704490,5.651342,0.004577
5644.000000,-390.825617,-436.919931,-0.000962,5.703091,5.657215,-0.042678
5646.000000,-389.088777,-435.925381,-0.000850,5.703732,5.660893,-0.085101
5648.000000,-387.350474,-434.933921,-0.000741,5.704146,5.664827,-0.122207
5650.000000,-385.613631,-433.946699,-0.000631,5.703700,5.669679,-0.153806
5652.000000,-383.872385,-432.959878,-0.000518,5.702832,5.674960,-0.180302
5654.000000,-382.130349,-431.974998,-0.000404,5.701932,5.680239,-0.202204
5656.000000,-380.390447,-430.993177,-0.000294,5.701191,5.685381,-0.220111
5658.000000,-378.646812,-430.010579,-0.000194,5.700723,5.690345,-0.234724
5660.000000,-376.903038,-429.028785,-0.000110,5.700385,5.695140,-0.246695
5662.000000,-375.161989,-428.049002,-0.000049,5.699870,5.699837,-0.256599
5664.000000,-373.420862,-427.069354,-0.000016,5.699057,5.704542,-0.264988
5666.000000,-371.673613,-426.086328,0.000005,5.698225,5.709403,-0.272436
5668.000000,-369.932465,-425.106718,0.000029,5.697687,5.714499,-0.279305
5670.000000,-368.191374,-424.127009,0.000056,5.697354,5.719740,-0.285952
5672.000000,-366.444298,-423.143673,0.000084,5.696878,5.724894,-0.292677
5674.000000,-364.703482,-422.163475,0.000110,5.696098,5.729777,-0.299665
5676.000000,-362.962881,-421.182895,0.000135,5.695249,5.734489,-0.307175
5678.000000,-361.219387,-420.200064,0.000161,5.694610,5.739168,-0.315448
5680.000000,-359.476434,-419.216796,0.000188,5.694222,5.743934,-0.324596
5682.000000,-357.736783,-418.234531,0.000214,5.693956,5.748910,-0.334530
5684.000000,-355.994394,-417.249737,0.000240,5.693671,5.754128,-0.345093
5686.000000,-354.252707,-416.264236,0.000266,5.693204,5.759351,-0.356066
5688.000000,-352.514472,-415.279467,0.000292,5.692432,5.764330,-0.367248
5690.000000,-350.773654,-414.291891,0.000318,5.691547,5.769104,-0.378510
5692.000000,-349.033699,-413.303340,0.000344,5.690946,5.773857,-0.389676
5694.000000,-347.297348,-412.315253,0.000371,5.690717,5.778681,-0.400648
5696.000000,-345.561729,-411.325882,0.000396,5.690273,5.783473,-0.411413
5698.000000,-343.820822,-410.331664,0.000423,5.689067,5.788162,-0.421972
5700.000000,-342.086828,-409.339449,0.000450,5.687887,5.793154,-0.432200
5702.000000,-340.353724,-408.345676,0.000475,5.688370,5.799249,-0.442015
5704.000000,-338.615503,-407.346771,0.000501,5.691758,5.807162,-0.451250
5706.000000,-336.884344,-406.349615,0.000528,5.698310,5.817291,-0.459629
5708.000000,-335.154236,-405.350637,0.000554,5.707994,5.829941,-0.466974
5710.000000,-333.419184,-404.346237,0.000581,5.719850,5.844531,-0.473075
5712.000000,-331.691353,-403.343326,0.000607,5.732168,5.859728,-0.477658
5714.000000,-329.964739,-402.338319,0.000624,5.743934,5.874698,-0.480503
5716.000000,-328.236255,-401.329322,0.000619,5.755366,5.889373,-0.481331
5718.000000,-326.509278,-400.318261,0.000573,5.766843,5.903796,-0.479893
5720.000000,-324.786381,-399.306895,0.000494,5.778450,5.918132,-0.476232
5722.000000,-323.061356,-398.291990,0.000407,5.790127,5.932691,-0.470508
5724.000000,-321.337384,-397.275818,0.000323,5.801774,5.947531,-0.462860
5726.000000,-319.616966,-396.260243,0.000240,5.813344,5.962346,-0.453410
5728.000000,-317.897035,-395.243843,0.000156,5.824856,5.976864,-0.442265
5730.000000,-316.171403,-394.223346,0.000072,5.836450,5.991236,-0.429501
5732.000000,-314.451937,-393.206160,-0.000012,5.848209,6.005722,-0.415359
5734.000000,-312.732446,-392.189017,-0.000096,5.860211,6.020525,-0.400073
5736.000000,-311.006740,-391.168644,-0.000180,5.872271,6.035404,-0.383906
5738.000000,-309.286687,-390.152452,-0.000265,5.884062,6.049930,-0.367326
5740.000000,-307.566098,-389.137166,-0.000348,5.895631,6.064252,-0.350677
5742.000000,-305.838777,-388.119531,-0.000432,5.907186,6.078783,-0.334352
5744.000000,-304.116604,-387.106933,-0.000517,5.918759,6.093579,-0.318862
5746.000000,-302.393387,-386.096113,-0.000600,5.930373,6.108408,-0.304529
5748.000000,-300.665831,-385.085532,-0.000683,5.942008,6.122981,-0.291734
5750.000000,-298.937113,-384.077444,-0.000768,5.953623,6.137337,-0.280886
5752.000000,-297.209763,-383.073703,-0.000852,5.965190,6.151768,-0.272427
5754.000000,-295.477568,-382.071088,-0.000936,5.976765,6.166504,-0.266825
5756.000000,-293.743721,-381.071851,-0.001021,5.988395,6.181399,-0.264611
5758.000000,-292.010757,-380.077831,-0.001102,6.000109,6.196240,-0.266306
5760.000000,-290.272458,-379.085832,-0.001182,6.011788,6.210760,-0.272364
5762.000000,-288.532047,-378.098074,-0.001271,6.023126,6.224553,-0.283179
5764.000000,-286.792069,-377.116382,-0.001368,6.034343,6.238074,-0.299168
5766.000000,-285.049416,-376.139446,-0.001445,6.046759,6.253555,-0.320857
5768.000000,-283.297805,-375.164208,-0.001487,6.061325,6.272641,-0.348839
5770.000000,-281.549399,-374.197603,-0.001481,6.074408,6.289748,-0.383174
5772.000000,-279.798110,-373.236238,-0.001382,6.079765,6.295092,-0.424093
5774.000000,-278.037959,-372.276500,-0.001190,6.073920,6.283113,-0.471644
5776.000000,-276.281663,-371.324310,-0.000961,6.059534,6.257649,-0.524830
5778.000000,-274.523556,-370.375470,-0.000738,6.040228,6.224053,-0.583070
5780.000000,-272.760870,-369.427500,-0.000528,6.018418,6.186384,-0.645832
5782.000000,-270.997399,-368.481515,-0.000318,5.995837,6.148018,-0.712458
5784.000000,-269.236297,-367.538250,-0.000104,5.973657,6.111009,-0.782868
5786.000000,-267.471803,-366.593642,0.000111,5.951856,6.074577,-0.857934
5788.000000,-265.707743,-365.648761,0.000326,5.930313,6.037756,-0.937972
5790.000000,-263.947268,-364.704326,0.000540,5.908819,6.000533,-1.022503
5792.000000,-262.184619,-363.756275,0.000753,5.887019,5.963328,-1.111162
5794.000000,-260.423628,-362.805690,0.000968,5.864907,5.926507,-1.203101
5796.000000,-258.667439,-361.853303,0.001185,5.842964,5.889830,-1.297457
5798.000000,-256.913506,-360.896770,0.001397,5.821549,5.852873,-1.393652
5800.000000,-255.156125,-359.931967,0.001613,5.799852,5.815536,-1.491289
5802.000000,-253.407988,-358.964876,0.001833,5.776592,5.778371,-1.588933
5804.000000,-251.663396,-357.991400,0.002044,5.752333,5.741451,-1.686127
5806.000000,-249.916712,-357.007357,0.002261,5.732018,5.704653,-1.782404
5808.000000,-248.180577,-356.018872,0.002485,5.721494,5.668160,-1.876389
5810.000000,-246.449362,-355.021795,0.002700,5.724977,5.631491,-1.967813
5812.000000,-244.720430,-354.013559,0.002913,5.745812,5.594060,-2.056227
5814.000000,-242.997620,-352.995370,0.003131,5.782986,5.556203,-2.140857
5816.000000,-241.284107,-351.968157,0.003349,5.826565,5.519876,-2.221013
5818.000000,-239.574403,-350.927628,0.003575,5.866700,5.486378,-2.296393
5820.000000,-237.872400,-349.875019,0.003807,5.904890,5.451376,-2.366162
5822.000000,-236.181339,-348.811241,0.003987,5.949922,5.407040,-2.429507
5824.000000,-234.495803,-347.731986,0.004096,6.000761,5.356789,-2.486143
5826.000000,-232.819409,-346.639050,0.004153,6.035205,5.327772,-2.535812
5828.000000,-231.155008,-345.534018,0.004145,6.030963,5.346864,-2.578458
5830.000000,-229.499830,-344.415216,0.004078,5.992720,5.408180,-2.614553
5832.000000,-227.848078,-343.278978,0.004016,5.941655,5.485810,-2.644819
5834.000000,-226.211240,-342.133513,0.003978,5.892281,5.561795,-2.669628
5836.000000,-224.583542,-340.975100,0.003924,5.842939,5.638038,-2.689611
5838.000000,-222.959336,-339.799828,0.003877,5.790145,5.718645,-2.705309
5840.000000,-221.349940,-338.616120,0.003836,5.738585,5.797516,-2.717137
5842.000000,-219.749651,-337.420129,0.003782,5.697080,5.863623,-2.725689
5844.000000,-218.155574,-336.209885,0.003731,5.674541,5.905799,-2.731459
5846.000000,-216.570773,-334.987907,0.003689,5.679540,5.913226,-2.734856
5848.000000,-214.997687,-333.756362,0.003641,5.718336,5.878095,-2.736287
5850.000000,-213.430771,-332.511148,0.003590,5.783603,5.810363,-2.736141
5852.000000,-211.873041,-331.254853,0.003546,5.859415,5.731066,-2.734679
5854.000000,-210.326868,-329.989682,0.003504,5.931094,5.657772,-2.732075
5856.000000,-208.789580,-328.713733,0.003451,5.987356,5.600205,-2.728479
5858.000000,-207.255798,-327.422686,0.003405,6.018742,5.565708,-2.724026
5860.000000,-205.736176,-326.125747,0.003369,6.024532,5.554650,-2.718816
5862.000000,-204.225302,-324.818629,0.003315,6.009898,5.562530,-2.712785
5864.000000,-202.717884,-323.496898,0.003270,5.980819,5.583911,-2.705811
5866.000000,-201.224383,-322.169965,0.003233,5.945310,5.611127,-2.697783
5868.000000,-199.739472,-320.833427,0.003186,5.910604,5.637186,-2.688412
5870.000000,-198.260438,-319.485026,0.003141,5.878737,5.660519,-2.677379
5872.000000,-196.790086,-318.127499,0.003101,5.848750,5.682730,-2.664442
5874.000000,-195.330648,-316.763194,0.003055,5.822298,5.703546,-2.649449
5876.000000,-193.876941,-315.387523,0.003014,5.806217,5.718919,-2.632272
5878.000000,-192.431713,-314.003283,0.002999,5.806952,5.724868,-2.612970
5880.000000,-190.997225,-312.612769,0.002995,5.820595,5.723515,-2.591653
5882.000000,-189.568502,-311.211166,0.002997,5.837154,5.720602,-2.568335
5884.000000,-188.148380,-309.801185,0.003014,5.850236,5.719707,-2.543201
5886.000000,-186.739162,-308.385068,0.003033,5.861000,5.719934,-2.516492
5888.000000,-185.338542,-306.960446,0.003041,5.871812,5.719793,-2.488405
5890.000000,-183.941754,-305.522301,0.003055,5.883758,5.719231,-2.459107
5892.000000,-182.558634,-304.080682,0.003076,5.896970,5.719055,-2.429073
5894.000000,-181.184383,-302.630605,0.003082,5.910580,5.719195,-2.398476
5896.000000,-179.814331,-301.166967,0.003096,5.921609,5.717827,-2.367485
5898.000000,-178.458131,-299.699994,0.003117,5.927083,5.713129,-2.336630
5900.000000,-177.111082,-298.224614,0.003127,5.927526,5.705328,-2.306221
5902.000000,-175.770869,-296.738160,0.003139,5.925438,5.695876,-2.276628
5904.000000,-174.440174,-295.243475,0.003157,5.922696,5.685914,-2.248244
5906.000000,-173.121173,-293.742967,0.003171,5.919812,5.675843,-2.221424
5908.000000,-171.809343,-292.231402,0.003181,5.916999,5.665835,-2.196358
5910.000000,-170.507319,-290.711681,0.003198,5.914232,5.655863,-2.173198
5912.000000,-169.217225,-289.186247,0.003217,5.911338,5.645744,-2.151943
5914.000000,-167.936948,-287.652564,0.003224,5.908339,5.635505,-2.132478
5916.000000,-166.662154,-286.105249,0.003238,5.905650,5.625619,-2.114676
5918.000000,-165.401835,-284.555123,0.003261,5.903588,5.616479,-2.098675
5920.000000,-164.151624,-282.996834,0.003266,5.901158,5.606613,-2.084554
5922.000000,-162.907291,-281.424917,0.003281,5.896608,5.593523,-2.072440
5924.000000,-161.677618,-279.850370,0.003304,5.889031,5.576529,-2.062573
5926.000000,-160.458351,-278.267750,0.003313,5.879029,5.558038,-2.055045
5928.000000,-159.247422,-276.674215,0.003319,5.867602,5.540416,-2.049926
5930.000000,-158.047244,-275.072833,0.003334,5.856687,5.522045,-2.047194
5932.000000,-156.859757,-273.466229,0.003364,5.848646,5.499062,-2.046771
5934.000000,-155.680946,-271.848786,0.003417,5.842316,5.473380,-2.048446
5936.000000,-154.513349,-270.223498,0.003504,5.830025,5.458235,-2.051865
5938.000000,-153.359084,-268.592858,0.003614,5.804397,5.466416,-2.056584
5940.000000,-152.214551,-266.950974,0.003739,5.767163,5.495487,-2.061978
5942.000000,-151.082477,-265.300744,0.003874,5.725580,5.534021,-2.067307
5944.000000,-149.965117,-263.644595,0.004006,5.683459,5.574615,-2.071767
5946.000000,-148.861027,-261.979568,0.004123,5.637622,5.618261,-2.074454
5948.000000,-147.766903,-260.299621,0.004251,5.585736,5.666056,-2.074398
5950.000000,-146.690888,-258.616310,0.004393,5.540257,5.709031,-2.070599
5952.000000,-145.629663,-256.923636,0.004510,5.521154,5.733317,-2.062049
5954.000000,-144.580112,-255.215483,0.004637,5.535261,5.734016,-2.047727
5956.000000,-143.550073,-253.503646,0.004778,5.563442,5.723866,-2.026880
5958.000000,-142.536383,-251.782072,0.004912,5.585524,5.716734,-1.998695
5960.000000,-141.537853,-250.047505,0.005020,5.603090,5.713607,-1.962235
5962.000000,-140.557041,-248.303106,0.005017,5.630418,5.707926,-1.916686
5964.000000,-139.595591,-246.551827,0.004857,5.675356,5.695841,-1.861877
5966.000000,-138.649512,-244.788101,0.004613,5.733241,5.678973,-1.798098
5968.000000,-137.719894,-243.015894,0.004358,5.797939,5.659668,-1.726015
5970.000000,-136.807312,-241.238668,0.004093,5.869731,5.638289,-1.646362
5972.000000,-135.909275,-239.454052,0.003815,5.952581,5.614037,-1.559634
5974.000000,-135.021802,-237.656363,0.003549,6.039863,5.588623,-1.466160
5976.000000,-134.150179,-235.858703,0.003294,6.103797,5.568857,-1.367136
5978.000000,-133.290382,-234.055362,0.003024,6.119293,5.560847,-1.262867
5980.000000,-132.438551,-232.240519,0.002762,6.094036,5.562792,-1.153721
5982.000000,-131.599716,-230.427337,0.002499,6.055235,5.568225,-1.041245
5984.000000,-130.769943,-228.609995,0.002222,6.020399,5.572904,-0.925905
5986.000000,-129.946759,-226.785712,0.001975,5.988474,5.576938,-0.808420
5988.000000,-129.130797,-224.958406,0.001794,5.955791,5.581083,-0.690031
5990.000000,-128.322725,-223.131313,0.001663,5.921645,5.585509,-0.571700
5992.000000,-127.519265,-221.298260,0.001562,5.886885,5.590067,-0.453576
5994.000000,-126.721593,-219.462901,0.001488,5.852419,5.594584,-0.336263
5996.000000,-125.930724,-217.628298,0.001420,5.818791,5.598895,-0.220180
5998.000000,-125.143660,-215.788143,0.001346,5.786067,5.602912,-0.105185
6000.000000,-124.361643,-213.946063,0.001270,5.752893,5.606841,0.008220
6002.000000,-123.585625,-212.105130,0.001195,5.717086,5.611058,0.119645
6004.000000,-122.813995,-210.262354,0.001117,5.679685,5.615620,0.229157
6006.000000,-122.043802,-208.411399,0.001042,5.647826,5.619961,0.337069
6008.000000,-121.280148,-206.565304,0.000969,5.628762,5.623465,0.442590
6010.000000,-120.520063,-204.717736,0.000891,5.621350,5.626191,0.546036
6012.000000,-119.760628,-202.862343,0.000815,5.620003,5.628553,0.647697
6014.000000,-119.006863,-201.012188,0.000742,5.620554,5.630870,0.746889
6016.000000,-118.255835,-199.160920,0.000665,5.621694,5.633329,0.844058
6018.000000,-117.505925,-197.305326,0.000589,5.622707,5.636053,0.939450
6020.000000,-116.758275,-195.449025,0.000514,5.623466,5.638908,1.032940
6022.000000,-116.013799,-193.595114,0.000438,5.624186,5.641623,1.124444
6024.000000,-115.269612,-191.737213,0.000363,5.624989,5.644080,1.214344
6026.000000,-114.526847,-189.878957,0.000287,5.625800,5.646408,1.302497
6028.000000,-113.786410,-188.023428,0.000211,5.626540,5.648759,1.388692
6030.000000,-113.045425,-186.164246,0.000135,5.627304,5.651170,1.473049
6032.000000,-112.305018,-184.305050,0.000061,5.628276,5.653592,1.555164
6034.000000,-111.566091,-182.448922,-0.000013,5.629491,5.655996,1.634593
6036.000000,-110.827117,-180.592811,-0.000088,5.630709,5.658386,1.711143
6038.000000,-110.085234,-178.730331,-0.000169,5.631694,5.660784,1.784706
6040.000000,-109.345312,-176.874597,-0.000248,5.632460,5.663179,1.854344
6042.000000,-108.604452,-175.019238,-0.000307,5.633183,5.665590,1.919825
6044.000000,-107.859822,-173.157855,-0.000340,5.633970,5.668016,1.980942
6046.000000,-107.116515,-171.303475,-0.000350,5.634789,5.670398,2.037038
6048.000000,-106.371878,-169.449629,-0.000334,5.635601,5.672719,2.088255
6050.000000,-105.624646,-167.592956,-0.000301,5.636399,5.675086,2.134791
6052.000000,-104.876367,-165.736907,-0.000268,5.637194,5.677663,2.176755
6054.000000,-104.128373,-163.884412,-0.000240,5.637991,5.680475,2.214211
6056.000000,-103.378144,-162.028947,-0.000213,5.638793,5.683294,2.247318
6058.000000,-102.627193,-160.173980,-0.000186,5.639595,5.685876,2.276027
6060.000000,-101.876830,-158.322444,-0.000157,5.640394,5.688240,2.300353
6062.000000,-101.124535,-156.467812,-0.000128,5.641191,5.690565,2.320437
6064.000000,-100.371839,-154.613555,-0.000100,5.641985,5.692949,2.336276
6066.000000,-99.620052,-152.762597,-0.000072,5.642787,5.695366,2.347987
6068.000000,-98.868000,-150.911747,-0.000043,5.643606,5.697778,2.355959
6070.000000,-98.113154,-149.054482,-0.000015,5.644418,5.700181,2.360626
6072.000000,-97.360886,-147.203720,0.000014,5.645169,5.702567,2.362360
6074.000000,-96.608667,-145.352937,0.000042,5.645891,5.704954,2.361347
6076.000000,-95.853972,-143.495612,0.000070,5.646744,5.707367,2.357580
6078.000000,-95.102171,-141.644660,0.000099,5.647864,5.709797,2.351100
6080.000000,-94.350733,-139.793559,0.000127,5.649118,5.712210,2.341958
6082.000000,-93.597138,-137.935788,0.000156,5.650226,5.714542,2.330176
6084.000000,-92.846747,-136.084263,0.000185,5.651058,5.716821,2.315891
6086.000000,-92.097041,-134.232461,0.000213,5.651799,5.719300,2.299108
6088.000000,-91.346782,-132.377010,0.000240,5.652638,5.722182,2.279781
6090.000000,-90.597486,-130.521371,0.000267,5.653489,5.725114,2.257988
6092.000000,-89.850446,-128.668491,0.000300,5.654101,5.727441,2.233831
6094.000000,-89.103167,-126.811835,0.000336,5.654310,5.728748,2.207160
6096.000000,-88.357219,-124.954851,0.000351,5.654104,5.729047,2.177812
6098.000000,-87.613905,-123.100474,0.000321,5.653517,5.728446,2.145528
6100.000000,-86.871809,-121.245609,0.000251,5.652681,5.727188,2.109619
6102.000000,-86.128068,-119.383870,0.000158,5.651779,5.725575,2.069098
6104.000000,-85.387532,-117.528381,0.000048,5.650942,5.723895,2.023318
6106.000000,-84.647175,-115.672822,-0.000069,5.650179,5.722348,1.971122
6108.000000,-83.903962,-113.810872,-0.000182,5.649465,5.721074,1.911254
6110.000000,-83.162666,-111.955688,-0.000292,5.648693,5.719932,1.843150
6112.000000,-82.420286,-110.100936,-0.000400,5.647703,5.718612,1.765676
6114.000000,-81.673816,-108.240290,-0.000507,5.646477,5.717001,1.677559
6116.000000,-80.928071,-106.386889,-0.000619,5.645264,5.715366,1.578453
6118.000000,-80.180046,-104.534406,-0.000734,5.644295,5.713966,1.467109
6120.000000,-79.427956,-102.679698,-0.000847,5.643532,5.712795,1.342385
6122.000000,-78.672763,-100.826448,-0.000940,5.642796,5.711714,1.203704
6124.000000,-77.915344,-98.977784,-0.000982,5.641994,5.710591,1.050734
6126.000000,-77.152845,-97.127328,-0.000861,5.641189,5.709328,0.882562
6128.000000,-76.386837,-95.278527,-0.000457,5.640444,5.707859,0.699459
6130.000000,-75.620264,-93.433643,0.000147,5.639679,5.706243,0.503545
6132.000000,-74.852869,-91.585208,0.000784,5.638734,5.704604,0.296875
6134.000000,-74.088480,-89.735736,0.001404,5.637561,5.703142,0.082524
6136.000000,-73.330579,-87.887270,0.002024,5.636323,5.702165,-0.136548
6138.000000,-72.580126,-86.035757,0.002646,5.635272,5.701442,-0.358139
6140.000000,-71.836896,-84.173801,0.003281,5.635070,5.697135,-0.580532
6142.000000,-71.108470,-82.313507,0.003923,5.636600,5.683471,-0.799817
6144.000000,-70.394626,-80.447557,0.004544,5.639987,5.658662,-1.014640
6146.000000,-69.695341,-78.568634,0.005198,5.643957,5.628501,-1.223853
6148.000000,-69.017949,-76.689111,0.005912,5.646961,5.599906,-1.424249
6150.000000,-68.362745,-74.801740,0.006599,5.647677,5.575658,-1.614565
6152.000000,-67.731530,-72.902432,0.007145,5.644878,5.556291,-1.793041
6154.000000,-67.127860,-70.994345,0.007507,5.637792,5.541585,-1.958003
6156.000000,-66.553971,-69.080655,0.007682,5.626523,5.529861,-2.108937
6158.000000,-66.009774,-67.158319,0.007618,5.612134,5.519008,-2.246256
6160.000000,-65.493309,-65.221096,0.007429,5.601032,5.505941,-2.371741
6162.000000,-65.007403,-63.283191,0.007248,5.602760,5.487172,-2.486345
6164.000000,-64.549521,-61.338487,0.007059,5.623668,5.459579,-2.592150
6166.000000,-64.117677,-59.380679,0.006893,5.664858,5.420797,-2.690883
6168.000000,-63.714346,-57.423945,0.006725,5.724089,5.370914,-2.783153
6170.000000,-63.337315,-55.461971,0.006520,5.788257,5.320289,-2.870615
6172.000000,-62.985265,-53.491729,0.006319,5.838525,5.284787,-2.954635
6174.000000,-62.658205,-51.517356,0.006129,5.861642,5.276151,-3.036055
6176.000000,-62.355886,-49.542501,0.005933,5.854165,5.298761,-3.115582
6178.000000,-62.076992,-47.564215,0.005702,5.816321,5.353286,-3.194068
6180.000000,-61.819813,-45.575931,0.005527,5.759896,5.426570,-3.272538
6182.000000,-61.585286,-43.591881,0.005532,5.702923,5.497851,-3.351076
6184.000000,-61.372404,-41.605399,0.005697,5.655871,5.553414,-3.429678
6186.000000,-61.181501,-39.609664,0.005972,5.618151,5.589451,-3.507318
6188.000000,-61.015024,-37.618747,0.006295,5.587940,5.604759,-3.582018
6190.000000,-60.873546,-35.625893,0.006620,5.562779,5.607011,-3.652453
6192.000000,-60.758243,-33.627770,0.006960,5.540285,5.607973,-3.717087
6194.000000,-60.670798,-31.628366,0.007326,5.520582,5.616373,-3.774093
6196.000000,-60.612735,-29.631325,0.007690,5.507948,5.635397,-3.821718
6198.000000,-60.585317,-27.630039,0.008050,5.506273,5.666032,-3.858488
6200.000000,-60.590168,-25.628716,0.008445,5.513274,5.700081,-3.882709
6202.000000,-60.628699,-23.631159,0.008889,5.523069,5.724274,-3.892845
6204.000000,-60.702574,-21.634575,0.009339,5.531709,5.731434,-3.887243
6206.000000,-60.814224,-19.632766,0.009713,5.539049,5.725889,-3.863854
6208.000000,-60.964629,-17.640500,0.009875,5.545750,5.713576,-3.821066
6210.000000,-61.154438,-15.651577,0.009797,5.553901,5.696593,-3.758396
6212.000000,-61.383684,-13.663239,0.009586,5.566401,5.674691,-3.675999
6214.000000,-61.651210,-11.679837,0.009282,5.585189,5.647914,-3.574705
6216.000000,-61.954994,-9.705130,0.008937,5.610321,5.616924,-3.456103
6218.000000,-62.293918,-7.736169,0.008571,5.641339,5.582275,-3.321577
6220.000000,-62.667885,-5.766452,0.008232,5.676229,5.543663,-3.172124
6222.000000,-63.072871,-3.810026,0.007904,5.711653,5.500863,-3.010340
6224.000000,-63.508672,-1.860247,0.007537,5.745856,5.456929,-2.837377
6226.000000,-63.974636,0.086198,0.007169,5.779235,5.421553,-2.654810
6228.000000,-64.468472,2.025631,0.006814,5.812318,5.403532,-2.464955
6230.000000,-64.987789,3.954828,0.006460,5.844956,5.398918,-2.270229
6232.000000,-65.531925,5.877167,0.006085,5.876772,5.397054,-2.072441
6234.000000,-66.101433,7.799424,0.005724,5.908399,5.391460,-1.872949
6236.000000,-66.690878,9.708347,0.005378,5.941737,5.382952,-1.675119
6238.000000,-67.300757,11.610826,0.005007,5.977255,5.373882,-1.480155
6240.000000,-67.931885,13.513729,0.004652,6.004500,5.369377,-1.289022
6242.000000,-68.578450,15.404049,0.004309,6.007614,5.375822,-1.104129
6244.000000,-69.241236,17.288734,0.003953,5.983091,5.394399,-0.925477
6246.000000,-69.920102,19.171455,0.003603,5.946526,5.418153,-0.752980
6248.000000,-70.612501,21.049133,0.003263,5.913781,5.440080,-0.586912
6250.000000,-71.315912,22.919026,0.002920,5.886306,5.459812,-0.427221
6252.000000,-72.031488,24.788094,0.002577,5.858293,5.480339,-0.272928
6254.000000,-72.756661,26.653346,0.002245,5.828006,5.502223,-0.124018
6256.000000,-73.488935,28.512119,0.001908,5.800305,5.522168,0.019436
6258.000000,-74.229613,30.371374,0.001564,5.780020,5.537032,0.158181
6260.000000,-74.976071,32.228205,0.001249,5.767496,5.546905,0.292106
6262.000000,-75.725767,34.080014,0.001029,5.760643,5.553624,0.420739
6264.000000,-76.479123,35.930336,0.000915,5.757305,5.558711,0.544377
6266.000000,-77.238497,37.785754,0.000856,5.755401,5.563064,0.664081
6268.000000,-77.998375,39.633406,0.000813,5.753137,5.567351,0.779634
6270.000000,-78.761245,41.479826,0.000774,5.750229,5.571762,0.891929
6272.000000,-79.529657,43.331519,0.000735,5.747193,5.576215,1.001628
6274.000000,-80.298108,45.175622,0.000696,5.744358,5.580615,1.108078
6276.000000,-81.069118,47.018656,0.000653,5.741627,5.584993,1.211651
6278.000000,-81.843904,48.863947,0.000611,5.738865,5.589380,1.312428
6280.000000,-82.620913,50.708207,0.000571,5.736056,5.593781,1.410113
6282.000000,-83.398680,52.548401,0.000530,5.733243,5.598192,1.504431
6284.000000,-84.179777,54.391032,0.000488,5.730438,5.602615,1.595586
6286.000000,-84.962638,56.232813,0.000447,5.727641,5.607002,1.683271
6288.000000,-85.745790,58.070720,0.000405,5.724846,5.611321,1.767215
6290.000000,-86.531824,59.911253,0.000363,5.722043,5.615696,1.847606
6292.000000,-87.319158,61.751123,0.000322,5.719239,5.620286,1.924250
6294.000000,-88.106320,63.587317,0.000281,5.716440,5.625104,1.997021
6296.000000,-88.894511,65.423069,0.000239,5.713641,5.629916,2.066059
6298.000000,-89.686342,67.264868,0.000197,5.710833,5.634503,2.131625
6300.000000,-90.476136,69.099930,0.000156,5.708033,5.638865,2.193303
6302.000000,-91.266502,70.934747,0.000114,5.705234,5.643191,2.251361
6304.000000,-92.060053,72.775806,0.000073,5.702425,5.647594,2.306014
6306.000000,-92.851104,74.610328,0.000031,5.699626,5.652012,2.356927
6308.000000,-93.642270,76.444800,-0.000011,5.696826,5.656418,2.404368
6310.000000,-94.436162,78.285712,-0.000053,5.694017,5.660827,2.448488
6312.000000,-95.227088,80.120287,-0.000094,5.691218,5.665234,2.488920
6314.000000,-96.017667,81.955012,-0.000131,5.688418,5.669652,2.525771
6316.000000,-96.809159,83.793199,-0.000158,5.685614,5.674045,2.558996
6318.000000,-97.600009,85.631565,-0.000166,5.682810,5.678376,2.588373
6320.000000,-98.388874,87.467028,-0.000162,5.680011,5.682745,2.613799
6322.000000,-99.178544,89.306001,-0.000156,5.677207,5.687339,2.635374
6324.000000,-99.967605,91.145133,-0.000151,5.674403,5.692169,2.653122
6326.000000,-100.754754,92.981332,-0.000146,5.671604,5.696980,2.667114
6328.000000,-101.541368,94.817761,-0.000141,5.668806,5.701547,2.677475
6330.000000,-102.330215,96.660840,-0.000135,5.665997,5.705922,2.684344
6332.000000,-103.115814,98.497703,-0.000130,5.663198,5.710247,2.688109
6334.000000,-103.900935,100.334770,-0.000125,5.660400,5.714634,2.689625
6336.000000,-104.688343,102.178465,-0.000120,5.657591,5.719066,2.689381
6338.000000,-105.472565,104.015915,-0.000115,5.654793,5.723470,2.687498
6340.000000,-106.256366,105.853546,-0.000109,5.651995,5.727862,2.683960
6342.000000,-107.042508,107.697780,-0.000104,5.649187,5.732284,2.678622
6344.000000,-107.825524,109.535746,-0.000099,5.646389,5.736699,2.671387
6346.000000,-108.608178,111.373865,-0.000094,5.643591,5.741081,2.662169
6348.000000,-109.391872,113.215387,-0.000088,5.640788,5.745410,2.651039
6350.000000,-110.175207,115.056971,-0.000083,5.637985,5.749786,2.638160
6352.000000,-110.956885,116.895507,-0.000078,5.635187,5.754372,2.623718
6354.000000,-111.739659,118.737422,-0.000073,5.632385,5.759201,2.607823
6356.000000,-112.522131,120.579371,-0.000068,5.629582,5.764016,2.590657
6358.000000,-113.303003,122.418248,-0.000063,5.626784,5.768579,2.572374
6360.000000,-114.085030,124.260484,-0.000057,5.623983,5.772945,2.552990
6362.000000,-114.866809,126.102725,-0.000052,5.621180,5.777275,2.532621
6364.000000,-115.647048,127.941869,-0.000047,5.618383,5.781661,2.511421
6366.000000,-116.427116,129.781088,-0.000042,5.615585,5.786076,2.489480
6368.000000,-117.209758,131.626811,-0.000037,5.612778,5.790494,2.466838
6370.000000,-117.989537,133.466152,-0.000031,5.609981,5.794884,2.443746
6372.000000,-118.769200,135.305542,-0.000026,5.607183,5.799288,2.420230
6374.000000,-119.551496,137.151412,-0.000021,5.604377,5.803718,2.396325
6376.000000,-120.330985,138.990875,-0.000016,5.601580,5.808098,2.372317
6378.000000,-121.110416,140.830364,-0.000011,5.598783,5.812417,2.348265
6380.000000,-121.891187,142.673124,-0.000005,5.595981,5.816792,2.324303
6382.000000,-122.671908,144.515821,-0.000000,5.593179,5.821386,2.300690
6384.000000,-123.451279,146.355335,0.000005,5.590382,5.826204,2.277804
6386.000000,-124.232048,148.198099,0.000010,5.587581,5.831019,2.255952
6388.000000,-125.012821,150.040771,0.000015,5.584779,5.835589,2.235513
6390.000000,-125.792303,151.880237,0.000020,5.581983,5.839945,2.216735
6392.000000,-126.573242,153.722932,0.000026,5.579181,5.844274,2.199694
6394.000000,-127.354241,155.565506,0.000031,5.576379,5.848664,2.184579
6396.000000,-128.134006,157.404853,0.000036,5.573583,5.853079,2.171493
6398.000000,-128.913902,159.244144,0.000041,5.570787,5.857487,2.160336
6400.000000,-129.696682,161.089809,0.000046,5.567980,5.861895,2.150945
6402.000000,-130.476901,162.928962,0.000052,5.565184,5.866280,2.143241
6404.000000,-131.257309,164.768037,0.000057,5.562387,5.870668,2.137068
6406.000000,-132.040658,166.613459,0.000062,5.559581,5.875084,2.132331
6408.000000,-132.821503,168.452348,0.000067,5.556784,5.879500,2.128975
6410.000000,-133.602594,170.291133,0.000072,5.553988,5.883902,2.126856
6412.000000,-134.386687,172.136239,0.000077,5.551182,5.888261,2.125868
6414.000000,-135.168330,173.974789,0.000082,5.548386,5.892581,2.126013
6416.000000,-135.950274,175.813210,0.000088,5.545589,5.897038,2.127306
6418.000000,-136.733923,177.654749,0.000094,5.542788,5.901767,2.129748
6420.000000,-137.517887,179.496068,0.000100,5.539987,5.906621,2.133638
6422.000000,-138.300869,181.334049,0.000102,5.537190,5.911322,2.139886
6424.000000,-139.085618,183.175121,0.000097,5.534390,5.915768,2.149016
6426.000000,-139.870707,185.015958,0.000064,5.531588,5.920093,2.160900
6428.000000,-140.654738,186.853490,-0.000014,5.528793,5.924444,2.175291
6430.000000,-141.438744,188.691034,-0.000123,5.525998,5.928849,2.191800
6432.000000,-142.225036,190.535205,-0.000237,5.523188,5.933275,2.210053
6434.000000,-143.007710,192.373316,-0.000349,5.520388,5.937666,2.229491
6436.000000,-143.789106,194.211970,-0.000458,5.517595,5.942060,2.249762
6438.000000,-144.571547,196.057780,-0.000569,5.514804,5.946490,2.270527
6440.000000,-145.349162,197.898036,-0.000682,5.512014,5.950894,2.291218
6442.000000,-146.124275,199.739350,-0.000792,5.509178,5.955236,2.311492
6444.000000,-146.899169,201.588339,-0.000903,5.506313,5.959567,2.331066
6446.000000,-147.668025,203.432274,-0.001017,5.503563,5.964030,2.349587
6448.000000,-148.433139,205.277766,-0.001127,5.500989,5.968781,2.366915
6450.000000,-149.195437,207.128244,-0.001238,5.498268,5.973649,2.382823
6452.000000,-149.953116,208.980539,-0.001352,5.494922,5.978295,2.397013
6454.000000,-150.704487,210.831670,-0.001464,5.491321,5.982640,2.409183
6456.000000,-151.451761,212.688271,-0.001574,5.489195,5.987052,2.419106
6458.000000,-152.193148,214.547146,-0.001687,5.490672,5.992004,2.426491
6460.000000,-152.926989,216.405297,-0.001802,5.498772,5.998297,2.431103
6462.000000,-153.654144,218.266075,-0.001910,5.516854,6.006886,2.432752
6464.000000,-154.376695,220.136146,-0.002023,5.544977,6.017838,2.431241
6466.000000,-155.089169,222.002596,-0.002141,5.577365,6.029619,2.426429
6468.000000,-155.793671,223.872072,-0.002248,5.608610,6.040850,2.418184
6470.000000,-156.492185,225.751255,-0.002360,5.637968,6.051548,2.406421
6472.000000,-157.179403,227.627154,-0.002478,5.666724,6.062309,2.391236
6474.000000,-157.857342,229.506426,-0.002582,5.696007,6.073479,2.372615
6476.000000,-158.527894,231.395771,-0.002694,5.726126,6.084820,2.350528
6478.000000,-159.185944,233.282103,-0.002815,5.756731,6.095924,2.325322
6480.000000,-159.833386,235.172103,-0.002912,5.786609,6.106713,2.297152
6482.000000,-160.470878,237.069206,-0.002956,5.814064,6.117205,2.266194
6484.000000,-161.097027,238.970012,-0.002949,5.841078,6.127815,2.232981
6486.000000,-161.710889,240.871185,-0.002910,5.875514,6.139622,2.198402
6488.000000,-162.314740,242.779267,-0.002860,5.924185,6.153576,2.163266
6490.000000,-162.907628,244.690705,-0.002812,5.983173,6.169103,2.128652
6492.000000,-163.488752,246.602137,-0.002766,6.043526,6.184925,2.095634
6494.000000,-164.059319,248.516746,-0.002713,6.100684,6.200304,2.065128
6496.000000,-164.621436,250.441139,-0.002665,6.156726,6.215288,2.037844
6498.000000,-165.171344,252.361783,-0.002625,6.213491,6.229918,2.014287
6500.000000,-165.711191,254.285279,-0.002570,6.270572,6.244630,1.994332
6502.000000,-166.242984,256.218271,-0.002523,6.326300,6.259947,1.977861
6504.000000,-166.763182,258.147172,-0.002482,6.381001,6.275575,1.964929
6506.000000,-167.273825,260.078625,-0.002429,6.439572,6.290371,1.955390
6508.000000,-167.776821,262.019308,-0.002382,6.504200,6.303806,1.948988
6510.000000,-168.268830,263.955591,-0.002340,6.559584,6.319080,1.945279
6512.000000,-168.751792,265.894149,-0.002291,6.583711,6.341237,1.943609
6514.000000,-169.226708,267.838327,-0.002243,6.571131,6.371449,1.943323
6516.000000,-169.692869,269.784557,-0.002200,6.542559,6.404763,1.943619
6518.000000,-170.149679,271.729443,-0.002154,6.518890,6.436352,1.943615
6520.000000,-170.598905,273.679719,-0.002105,6.502778,6.466610,1.942368
6522.000000,-171.039888,275.631803,-0.002062,6.488242,6.498117,1.938944
6524.000000,-171.472072,277.582309,-0.002019,6.471412,6.530830,1.932466
6526.000000,-171.896394,279.534540,-0.001970,6.451982,6.560671,1.922061
6528.000000,-172.314469,281.495268,-0.001925,6.430210,6.583966,1.906909
6530.000000,-172.723551,283.450749,-0.001885,6.407177,6.601811,1.886589
6532.000000,-173.125278,285.407754,-0.001836,6.384000,6.617974,1.860773
6534.000000,-173.521187,287.373077,-0.001792,6.360884,6.634999,1.829248
6536.000000,-173.908683,289.332949,-0.001754,6.336856,6.653291,1.792262
6538.000000,-174.289322,291.294162,-0.001710,6.311197,6.672720,1.749752
6540.000000,-174.664555,293.263538,-0.001671,6.286827,6.690879,1.701585
6542.000000,-175.031907,295.227284,-0.001636,6.268661,6.704085,1.648257
6544.000000,-175.392848,297.192219,-0.001595,6.259501,6.710152,1.589927
6546.000000,-175.748147,299.161763,-0.001554,6.259294,6.708876,1.526838
6548.000000,-176.097303,301.132348,-0.001517,6.267177,6.700733,1.459417
6550.000000,-176.439886,303.100565,-0.001478,6.280109,6.688320,1.388073
6552.000000,-176.777248,305.073264,-0.001437,6.294128,6.675135,1.312847
6554.000000,-177.108919,307.046862,-0.001399,6.306891,6.663206,1.234197
6556.000000,-177.434505,309.017963,-0.001361,6.318741,6.652118,1.152608
6558.000000,-177.754735,310.989940,-0.001319,6.330399,6.641148,1.068235
6560.000000,-178.070857,312.969662,-0.001280,6.342392,6.629924,0.980917
6562.000000,-178.380819,314.943278,-0.001243,6.354975,6.618393,0.891259
6564.000000,-178.685885,316.917658,-0.001201,6.367450,6.606782,0.798843
6566.000000,-178.987253,318.899678,-0.001161,6.377441,6.595935,0.703151
6568.000000,-179.282975,320.875479,-0.001125,6.382865,6.586666,0.604693
6570.000000,-179.574265,322.851937,-0.001082,6.385004,6.578501,0.503191
6572.000000,-179.862274,324.835943,-0.001043,6.386652,6.570419,0.398483
6574.000000,-180.145149,326.813623,-0.001005,6.389299,6.562003,0.291668
6576.000000,-180.424056,328.791866,-0.000964,6.392414,6.553565,0.182775
6578.000000,-180.699634,330.774133,-0.000924,6.395325,6.545444,0.071976
6580.000000,-180.971536,332.756854,-0.000886,6.398056,6.537509,-0.040133
6582.000000,-181.239462,334.736614,-0.000846,6.400968,6.529392,-0.152917
6584.000000,-181.504508,336.720319,-0.000805,6.404186,6.520954,-0.266352
6586.000000,-181.766345,338.704391,-0.000767,6.407421,6.512524,-0.379873
6588.000000,-182.024694,340.685423,-0.000727,6.410395,6.504409,-0.493039
6590.000000,-182.280615,342.670328,-0.000687,6.413153,6.496461,-0.606203
6592.000000,-182.533798,344.655520,-0.000648,6.415876,6.488391,-0.719149
6594.000000,-182.783977,346.637601,-0.000609,6.418661,6.480064,-0.831598
6596.000000,-183.031747,348.619983,-0.000568,6.421483,6.471562,-0.943641
6598.000000,-183.278121,350.609587,-0.000528,6.424312,6.462993,-1.055578
6600.000000,-183.521538,352.592509,-0.000490,6.427109,6.454580,-1.166574
6602.000000,-183.763014,354.575668,-0.000449,6.429880,6.446462,-1.276977
6604.000000,-184.003545,356.565986,-0.000410,6.432658,6.438550,-1.387117
6606.000000,-184.241609,358.549558,-0.000371,6.435485,6.430482,-1.496148
6608.000000,-184.478201,360.533306,-0.000331,6.438354,6.422066,-1.604309
6610.000000,-184.713896,362.520706,-0.000292,6.440830,6.414609,-1.711601
6612.000000,-184.948423,364.508196,-0.000252,6.442278,6.410096,-1.817626
6614.000000,-185.181543,366.492354,-0.000213,6.442528,6.408908,-1.922002
6616.000000,-185.414228,368.480111,-0.000173,6.442102,6.408986,-2.024995
6618.000000,-185.646218,370.467896,-0.000134,6.441554,6.408346,-2.126415
6620.000000,-185.877274,372.452296,-0.000094,6.441147,6.406949,-2.226091
6622.000000,-186.108363,374.440242,-0.000055,6.440991,6.405668,-2.324310
6624.000000,-186.339226,376.428155,-0.000016,6.441044,6.404874,-2.420723
6626.000000,-186.569627,378.412630,0.000024,6.441022,6.404146,-2.514985
6628.000000,-186.800124,380.397096,0.000063,6.440694,6.403070,-2.607123
6630.000000,-187.031681,382.388478,0.000103,6.440226,6.401787,-2.697336
6632.000000,-187.262839,384.372866,0.000143,6.439971,6.400708,-2.784937
6634.000000,-187.494562,386.357188,0.000181,6.440009,6.399944,-2.870281
6636.000000,-187.727819,388.348372,0.000221,6.440016,6.399156,-2.953752
6638.000000,-187.961140,390.332507,0.000262,6.439703,6.398049,-3.034872
6640.000000,-188.195495,392.316520,0.000301,6.439233,6.396779,-3.114032
6642.000000,-188.431465,394.303885,0.000339,6.438969,6.395709,-3.191467
6644.000000,-188.668781,396.291046,0.000372,6.439006,6.394938,-3.267158
6646.000000,-188.907169,398.274579,0.000387,6.439015,6.394155,-3.340954
6648.000000,-189.147558,400.261416,0.000375,6.438705,6.393070,-3.412917
6650.000000,-189.389445,402.248024,0.000345,6.438233,6.391807,-3.482870
6652.000000,-189.632280,404.231017,0.000313,6.437968,6.390676,-3.550726
6654.000000,-189.876783,406.217355,0.000282,6.438001,6.389817,-3.616741
6656.000000,-190.122401,408.203502,0.000252,6.438014,6.389117,-3.680775
6658.000000,-190.368593,410.186081,0.000222,6.437719,6.388434,-3.742673
6660.000000,-190.615662,412.168550,0.000190,6.437254,6.387644,-3.802363
6662.000000,-190.864354,414.157865,0.000159,6.436946,6.386636,-3.859800
6664.000000,-191.112812,416.140162,0.000129,6.436923,6.385429,-3.914522
6666.000000,-191.361780,418.122394,0.000098,6.436991,6.384209,-3.966988
6668.000000,-191.612010,420.111516,0.000067,6.436877,6.383254,-4.017605
6670.000000,-191.861634,422.093666,0.000037,6.436115,6.383200,-4.065838
6672.000000,-192.111403,424.075798,0.000006,6.434170,6.384802,-4.111172
6674.000000,-192.362070,426.064865,-0.000025,6.431042,6.388152,-4.152928
6676.000000,-192.611763,428.047005,-0.000056,6.427591,6.392267,-4.189953
6678.000000,-192.861235,430.029175,-0.000086,6.424575,6.396210,-4.221519
6680.000000,-193.110803,432.014877,-0.000117,6.421880,6.399763,-4.246782
6682.000000,-193.359900,434.000596,-0.000148,6.419001,6.403039,-4.264795
6684.000000,-193.607979,435.982940,-0.000179,6.415775,6.406189,-4.274762
6686.000000,-193.855782,437.968866,-0.000210,6.412547,6.409423,-4.276260
6688.000000,-194.102744,439.954849,-0.000239,6.409649,6.412892,-4.269031
6690.000000,-194.348329,441.937503,-0.000269,6.406925,6.416528,-4.253001
6692.000000,-194.592855,443.920289,-0.000303,6.403996,6.420170,-4.228435
6694.000000,-194.837037,445.910162,-0.000339,6.400751,6.423763,-4.195445
6696.000000,-195.079012,447.893261,-0.000366,6.397546,6.427364,-4.153826
6698.000000,-195.319505,449.876538,-0.000370,6.394662,6.431045,-4.102040
6700.000000,-195.559350,451.866940,-0.000345,6.391927,6.434684,-4.036569
6702.000000,-195.796930,453.850569,-0.000271,6.388992,6.438038,-3.953236
6704.000000,-196.033373,455.834336,-0.000147,6.385757,6.441143,-3.847162
6706.000000,-196.270057,457.825114,-0.000012,6.382543,6.444405,-3.713780
6708.000000,-196.505889,459.808952,0.000109,6.379668,6.448095,-3.550264
6710.000000,-196.742161,461.792737,0.000229,6.376945,6.451811,-3.352589
6712.000000,-196.979730,463.779911,0.000370,6.373985,6.454847,-3.117387
6714.000000,-197.218733,465.766874,0.000528,6.370716,6.457574,-2.843998
6716.000000,-197.459448,467.750123,0.000641,6.367538,6.462006,-2.533784
6718.000000,-197.703273,469.736532,0.000664,6.364764,6.469157,-2.187420
6720.000000,-197.949766,471.722576,0.000731,6.362066,6.473829,-1.809118
6722.000000,-198.198358,473.704876,0.001088,6.358792,6.468145,-1.404313
6724.000000,-198.451271,475.690181,0.001534,6.354027,6.449713,-0.970544
6726.000000,-198.711148,477.674491,0.000786,6.346511,6.424493,-0.500199
6728.000000,-198.977106,479.654453,-0.002258,6.336057,6.397896,0.013951
6730.000000,-199.235493,481.635473,-0.007110,6.327864,6.366934,0.571035
6732.000000,-199.467624,483.627118,-0.013203,6.328909,6.325447,1.170343
6734.000000,-199.647676,485.617187,-0.020195,6.328610,6.286470,1.795891
6736.000000,-199.747084,487.613224,-0.027008,6.290774,6.289994,2.423881
6738.000000,-199.737361,489.613456,-0.033072,6.192746,6.361425,3.025171
6740.000000,-199.595186,491.608018,-0.038415,6.090754,6.440786,3.573716
6742.000000,-199.299436,493.584160,-0.042675,6.072678,6.434288,4.048628
6744.000000,-198.834788,495.528461,-0.046230,6.152640,6.338560,4.446523
6746.000000,-198.193620,497.423586,-0.052674,6.239707,6.279084,4.767859
6748.000000,-197.367097,499.240924,-0.065315,6.249927,6.364832,5.002632
6750.000000,-196.313046,500.941080,-0.080172,6.209904,6.528132,5.116752
6752.000000,-194.997865,502.439467,-0.088596,6.201510,6.612609,5.091289
6754.000000,-193.434535,503.674835,-0.088171,6.253210,6.569925,4.918443
6756.000000,-191.671317,504.619365,-0.080751,6.309675,6.519344,4.587904
6758.000000,-189.779252,505.252954,-0.064851,6.326511,6.562308,4.057115
6760.000000,-187.817390,505.634052,-0.045068,6.342538,6.651170,3.337798
6762.000000,-185.830337,505.843951,-0.029204,6.419833,6.691998,2.558422
6764.000000,-183.831721,505.942853,-0.018088,6.551071,6.662471,1.837980
6766.000000,-181.831073,505.971039,-0.010673,6.653504,6.617447,1.232106
6768.000000,-179.833718,505.962593,-0.007251,6.659342,6.606058,0.766050
6770.000000,-177.828992,505.927393,-0.006986,6.592777,6.624117,0.425374
6772.000000,-175.831675,505.866186,-0.008809,6.516697,6.644662,0.183824
6774.000000,-173.835881,505.772087,-0.012072,6.460677,6.647486,0.001538
6776.000000,-171.840301,505.629266,-0.015182,6.408145,6.621903,-0.178651
6778.000000,-169.848382,505.423702,-0.016965,6.342705,6.563369,-0.420693
6780.000000,-167.868906,505.150139,-0.016274,6.268006,6.486001,-0.770236
6782.000000,-165.900876,504.806807,-0.011070,6.193927,6.409126,-1.258578
6784.000000,-163.939060,504.414322,-0.001518,6.125354,6.340889,-1.885086
6786.000000,-161.977328,504.014393,0.010794,6.062253,6.278214,-2.615304
6788.000000,-160.012882,503.654465,0.025387,6.011354,6.216113,-3.387075
6790.000000,-158.031951,503.393401,0.041524,6.009354,6.144196,-4.119211
6792.000000,-156.031458,503.296192,0.060052,6.104281,6.050771,-4.743649
6794.000000,-154.038948,503.433404,0.080505,6.294526,5.945564,-5.194541
6796.000000,-152.096767,503.892750,0.091762,6.500250,5.871154,-5.429617
6798.000000,-150.285919,504.725088,0.084030,6.640169,5.869110,-5.494438
6800.000000,-148.638394,505.856776,0.066322,6.673183,5.957826,-5.439884
6802.000000,-147.151892,507.192250,0.049916,6.579206,6.140816,-5.293803
6804.000000,-145.804036,508.669557,0.036097,6.406845,6.361760,-5.107723
6806.000000,-144.564237,510.237552,0.026331,6.261002,6.515080,-4.941265
6808.000000,-143.401731,511.863457,0.022393,6.217715,6.535537,-4.862404
6810.000000,-142.310444,513.538492,0.025765,6.267744,6.473285,-4.883587
6812.000000,-141.292490,515.262752,0.041592,6.380010,6.404034,-4.988090
6814.000000,-140.408494,517.053564,0.067455,6.511700,6.364770,-5.084671
6816.000000,-139.780977,518.950316,0.085086,6.609451,6.351408,-5.077162
6818.000000,-139.515629,520.928049,0.083059,6.642704,6.355368,-4.913980
6820.000000,-139.585123,522.925140,0.071056,6.657385,6.362901,-4.577466
6822.000000,-139.934299,524.892232,0.058878,6.712777,6.361400,-4.079881
6824.000000,-140.512265,526.802386,0.046901,6.789713,6.363137,-3.434943
6826.000000,-141.266760,528.654828,0.036410,6.806481,6.400376,-2.663946
6828.000000,-142.149743,530.448317,0.028723,6.725939,6.492775,-1.811770
6830.000000,-143.133329,532.188529,0.022120,6.635644,6.625008,-0.922126
6832.000000,-144.197484,533.888135,0.014903,6.639857,6.775652,-0.028517
6834.000000,-145.308563,535.548531,0.007329,6.744268,6.931966,0.831481
6836.000000,-146.442534,537.193645,0.001414,6.881648,7.090376,1.625608
6838.000000,-147.578512,538.839416,-0.001611,6.997757,7.240600,2.322532
6840.000000,-148.710082,540.492019,-0.002777,7.077044,7.355906,2.923368
6842.000000,-149.828759,542.147170,-0.003003,7.113674,7.409696,3.436410
6844.000000,-150.937926,543.811032,-0.002609,7.118647,7.412138,3.876902
6846.000000,-152.040276,545.483403,-0.002141,7.115167,7.400553,4.257913
6848.000000,-153.132864,547.155991,-0.001854,7.119698,7.401684,4.586764
6850.000000,-154.219294,548.832558,-0.001645,7.129847,7.411756,4.868421
6852.000000,-155.303927,550.518612,-0.001410,7.139625,7.421169,5.103737
6854.000000,-156.379989,552.201862,-0.001139,7.147119,7.426968,5.286787
6856.000000,-157.452223,553.887557,-0.000848,7.153771,7.431563,5.417163
6858.000000,-158.525329,555.580976,-0.000560,7.160751,7.436829,5.502770
6860.000000,-159.592807,557.269680,-0.000298,7.168101,7.442683,5.556611
6862.000000,-160.659353,558.958971,-0.000098,7.175702,7.448705,5.590522
6864.000000,-161.729359,560.654351,0.000034,7.183384,7.454724,5.611413
6866.000000,-162.795781,562.343721,0.000106,7.190851,7.460701,5.621233
6868.000000,-163.862641,564.032816,0.000116,7.198034,7.466673,5.618999
6870.000000,-164.930894,565.723211,0.000097,7.205202,7.472684,5.603357
6872.000000,-166.001226,567.416203,0.000085,7.212663,7.478767,5.574878
6874.000000,-167.069082,569.104668,0.000084,7.220323,7.484814,5.536242
6876.000000,-168.138210,570.794513,0.000085,7.227868,7.490672,5.490329
6878.000000,-169.209394,572.486963,0.000082,7.235112,7.496282,5.439845
6880.000000,-170.278104,574.174887,0.000077,7.242251,7.501844,5.385731
6882.000000,-171.347072,575.862649,0.000073,7.249593,7.507628,5.326684
6884.000000,-172.420029,577.556161,0.000070,7.257217,7.513665,5.261729
6886.000000,-173.489478,579.243618,0.000067,7.264939,7.519730,5.192002
6888.000000,-174.559152,580.930931,0.000063,7.272642,7.525726,5.119139
6890.000000,-175.632784,582.624015,0.000060,7.280216,7.531731,5.044668
6892.000000,-176.702872,584.311066,0.000056,7.287491,7.537781,4.970243
6894.000000,-177.773149,585.997998,0.000053,7.294620,7.543828,4.896114
6896.000000,-178.847351,587.690721,0.000049,7.301937,7.549706,4.822544
6898.000000,-179.917971,589.377435,0.000046,7.309537,7.555302,4.750518
6900.000000,-180.988744,591.064050,0.000042,7.317172,7.560862,4.680178
6902.000000,-182.060648,592.752131,0.000039,7.324526,7.566650,4.611878
6904.000000,-183.134456,594.442923,0.000035,7.331669,7.572681,4.545831
6906.000000,-184.205621,596.129290,0.000032,7.338930,7.578747,4.482486
6908.000000,-185.277884,597.817145,0.000028,7.346522,7.584747,4.421753
6910.000000,-186.352012,599.507730,0.000025,7.354185,7.590745,4.363444
6912.000000,-187.423465,601.193915,0.000021,7.361560,7.596796,4.307505
6914.000000,-188.495979,602.881614,0.000018,7.368707,7.602847,4.253339
6916.000000,-189.570324,604.572058,0.000014,7.375936,7.608718,4.200558
6918.000000,-190.641957,606.258128,0.000011,7.383420,7.614313,4.149380
6920.000000,-191.713628,607.944175,0.000007,7.391096,7.619873,4.099855
6922.000000,-192.789074,609.636107,0.000004,7.398852,7.625676,4.052093
6924.000000,-193.860783,611.322129,0.000001,7.406493,7.631692,4.006545
6926.000000,-194.932493,613.008150,-0.000003,7.413909,7.637757,3.963082
6928.000000,-196.007946,614.700079,-0.000006,7.421100,7.643772,3.921519
6930.000000,-197.079626,616.386119,-0.000010,7.428271,7.649755,3.881712
6932.000000,-198.151272,618.072181,-0.000013,7.435722,7.655805,3.843215
6934.000000,-199.223860,619.759823,-0.000017,7.443388,7.661855,3.805886
6936.000000,-200.298170,621.450299,-0.000020,7.450937,7.667726,3.769587
6938.000000,-201.369648,623.136468,-0.000024,7.458157,7.673321,3.734192
6940.000000,-202.442032,624.824243,-0.000027,7.465302,7.678885,3.699013
6942.000000,-203.516100,626.514869,-0.000031,7.472665,7.684684,3.663355
6944.000000,-204.587303,628.201214,-0.000034,7.480262,7.690699,3.627144
6946.000000,-205.659379,629.889188,-0.000038,7.487989,7.696770,3.590256
6948.000000,-206.733099,631.580031,-0.000041,7.495710,7.702779,3.552685
6950.000000,-207.803922,633.266617,-0.000045,7.503254,7.708761,3.514783
6952.000000,-208.874594,634.953297,-0.000048,7.510526,7.714812,3.476667
6954.000000,-209.948851,636.645985,-0.000051,7.517679,7.720877,3.438227
6956.000000,-211.019188,638.332878,-0.000055,7.524971,7.726731,3.399728
6958.000000,-212.089340,640.019890,-0.000058,7.532571,7.732326,3.361020
6960.000000,-213.163040,641.712931,-0.000062,7.540231,7.737905,3.321915
6962.000000,-214.232786,643.400199,-0.000065,7.547574,7.743689,3.282661
6964.000000,-215.302312,645.087606,-0.000069,7.554697,7.749705,3.243121
6966.000000,-216.375349,646.781068,-0.000072,7.561984,7.755790,3.203112
6968.000000,-217.444400,648.468776,-0.000076,7.569570,7.761784,3.162909
6970.000000,-218.513195,650.156647,-0.000079,7.577212,7.767766,3.122356
6972.000000,-219.582703,651.846242,-0.000081,7.584592,7.773822,3.081371
6974.000000,-220.653709,653.538814,-0.000083,7.591750,7.779883,3.039891
6976.000000,-221.721678,655.227207,-0.000083,7.598960,7.785737,2.998218
6978.000000,-222.790351,656.917335,-0.000082,7.606449,7.791335,2.956313
6980.000000,-223.860516,658.610435,-0.000080,7.614146,7.796909,2.914164
6982.000000,-224.927658,660.299351,-0.000079,7.621881,7.802697,2.871958
6984.000000,-225.994535,661.988435,-0.000077,7.629526,7.808716,2.829598
6986.000000,-227.064883,663.683597,-0.000076,7.636952,7.814794,2.786899
6988.000000,-228.131239,665.373010,-0.000075,7.644089,7.820771,2.744067
6990.000000,-229.197342,667.062582,-0.000074,7.651269,7.826759,2.700814
6992.000000,-230.266925,668.758226,-0.000072,7.658843,7.832886,2.656892
6994.000000,-231.332533,670.448112,-0.000071,7.666568,7.838968,2.612563
6996.000000,-232.397900,672.138149,-0.000070,7.673895,7.844700,2.567646
6998.000000,-233.466757,673.834251,-0.000058,7.680325,7.849564,2.521941
7000.000000,-234.531653,675.524585,-0.000083,7.685455,7.852522,2.475740
