s_m,x_m,y_m,kappa_radpm,w_tr_right_m,w_tr_left_m,d_m
0.000000,307.113518,205.182522,-0.000026,7.483101,7.483101,-2.712895
2.000000,307.672642,203.262367,0.000126,7.483445,7.483445,-2.721941
4.000000,308.231376,201.342098,0.000014,7.484039,7.484039,-2.730815
6.000000,308.790351,199.421899,0.000029,7.484816,7.484816,-2.739232
8.000000,309.349450,197.501737,0.000000,7.485361,7.485361,-2.747549
10.000000,309.908509,195.581562,-0.000022,7.485932,7.485932,-2.755924
12.000000,310.467529,193.661377,-0.000020,7.486242,7.486242,-2.764106
14.000000,311.026332,191.741128,0.000028,7.486757,7.486757,-2.771816
16.000000,311.585299,189.820927,0.000009,7.487260,7.487260,-2.778648
18.000000,312.144582,187.900818,-0.000040,7.487904,7.487904,-2.784669
20.000000,312.703209,185.980518,-0.000002,7.488279,7.488279,-2.790596
22.000000,313.262217,184.060329,0.000019,7.488975,7.488975,-2.795758
24.000000,313.821084,182.140099,0.000017,7.489399,7.489399,-2.800709
26.000000,314.380146,180.219926,-0.000005,7.489630,7.489630,-2.805419
28.000000,314.939220,178.299756,-0.000017,7.489960,7.489960,-2.810468
30.000000,315.497997,176.379500,0.000001,7.490372,7.490372,-2.816262
32.000000,316.057096,174.459337,-0.000026,7.490593,7.490593,-2.822044
34.000000,316.615858,172.539076,-0.000002,7.490852,7.490852,-2.828465
36.000000,317.174570,170.618801,0.000050,7.491037,7.491037,-2.835568
38.000000,317.733687,168.698644,0.000024,7.491256,7.491256,-2.842874
40.000000,318.292804,166.778487,-0.000018,7.491476,7.491476,-2.850180
42.000000,318.851881,164.858318,-0.000020,7.491471,7.491471,-2.858161
44.000000,319.410769,162.938094,0.000020,7.491339,7.491339,-2.866349
46.000000,319.969776,161.017904,0.000010,7.491365,7.491365,-2.874322
48.000000,320.529045,159.097791,-0.000016,7.491157,7.491157,-2.881626
50.000000,321.087819,157.177534,0.000013,7.490687,7.490687,-2.888601
52.000000,321.647079,155.257418,-0.000011,7.490697,7.490697,-2.894018
54.000000,322.206056,153.337221,-0.000001,7.490496,7.490496,-2.898703
56.000000,322.764950,151.416998,0.000047,7.490568,7.490568,-2.902803
58.000000,323.324281,149.496903,0.000008,7.490507,7.490507,-2.906143
60.000000,323.883544,147.576788,-0.000019,7.489994,7.489994,-2.909493
62.000000,324.442627,145.656621,0.000028,7.490000,7.490000,-2.913153
64.000000,325.001839,143.736492,0.000049,7.489788,7.489788,-2.916809
66.000000,325.561403,141.816465,-0.000040,7.489334,7.489334,-2.920243
68.000000,326.120881,139.896412,-0.000107,7.488589,7.488589,-2.923910
70.000000,326.679565,137.976129,-0.000020,7.487679,7.487679,-2.928658
72.000000,327.238274,136.055853,0.000046,7.486276,7.486276,-2.933651
74.000000,327.797425,134.135706,0.000047,7.485176,7.485176,-2.938362
76.000000,328.356380,132.215501,-0.000019,7.483999,7.483999,-2.943668
78.000000,328.916004,130.295492,-0.000052,7.483040,7.483040,-2.948599
80.000000,329.474201,128.375067,-0.000000,7.482607,7.482607,-2.955559
82.000000,330.033778,126.455044,-0.000024,7.481985,7.481985,-2.961642
84.000000,330.592015,124.534631,0.000052,7.481259,7.481259,-2.969788
86.000000,331.151179,122.614487,0.000069,7.481208,7.481208,-2.977652
88.000000,331.710632,120.694428,-0.000046,7.480711,7.480711,-2.985770
90.000000,332.269639,118.774238,0.000011,7.480606,7.480606,-2.994965
92.000000,332.828543,116.854020,0.000076,7.479442,7.479442,-3.004532
94.000000,333.388264,114.934040,-0.000056,7.480037,7.480037,-3.013422
96.000000,333.947622,113.013953,-0.000079,7.479056,7.479056,-3.022343
98.000000,334.506030,111.093589,0.000069,7.478761,7.478761,-3.031643
100.000000,335.065491,109.173532,0.000060,7.478590,7.478590,-3.039027
102.000000,335.624853,107.253447,-0.000011,7.478480,7.478480,-3.045553
104.000000,336.184275,105.333378,-0.000027,7.477645,7.477645,-3.051458
106.000000,336.743506,103.413254,0.000062,7.477705,7.477705,-3.057738
108.000000,337.302643,101.493103,0.000067,7.476781,7.476781,-3.065014
110.000000,337.863114,99.573340,-0.000069,7.476687,7.476687,-3.071956
112.000000,338.422036,97.653126,-0.000023,7.476405,7.476405,-3.081906
114.000000,338.981666,95.733118,0.000036,7.475899,7.475899,-3.092477
116.000000,339.541074,93.813046,0.000008,7.475566,7.475566,-3.104555
118.000000,340.100776,91.893059,-0.000064,7.474476,7.474476,-3.117769
120.000000,340.660236,89.973002,-0.000085,7.474126,7.474126,-3.132974
122.000000,341.218905,88.052714,0.000025,7.473311,7.473311,-3.150736
124.000000,341.778093,86.132577,0.000070,7.473299,7.473299,-3.169748
126.000000,342.337426,84.212483,0.000025,7.472859,7.472859,-3.190234
128.000000,342.897028,82.292467,-0.000109,7.472394,7.472394,-3.211615
130.000000,343.456323,80.372362,-0.000177,7.472204,7.472204,-3.234142
132.000000,344.014284,78.451869,0.000167,7.468479,7.468479,-3.258751
134.000000,344.572497,76.531449,0.000313,7.466741,7.466741,-3.283950
136.000000,345.134102,74.612019,0.000094,7.466424,7.466424,-3.305917
138.000000,345.693477,72.691937,0.000101,7.464425,7.464425,-3.330459
140.000000,346.255359,70.772587,0.000029,7.464002,7.464002,-3.352492
142.000000,346.816015,68.852879,0.000020,7.461398,7.461398,-3.375517
144.000000,347.377056,66.933283,0.000042,7.459726,7.459726,-3.397993
146.000000,347.938852,65.013908,-0.000060,7.457747,7.457747,-3.419477
148.000000,348.499401,63.094168,0.000128,7.455130,7.455130,-3.442219
150.000000,349.060768,61.174668,0.000175,7.452142,7.452142,-3.464222
152.000000,349.623706,59.255627,-0.000041,7.449541,7.449541,-3.484468
154.000000,350.185368,57.336213,0.000066,7.447286,7.447286,-3.505828
156.000000,350.747384,55.416902,0.000154,7.443618,7.443618,-3.526680
158.000000,351.310983,53.498056,0.000015,7.441495,7.441495,-3.545559
160.000000,351.873433,51.578872,0.000028,7.437496,7.437496,-3.565533
162.000000,352.436824,49.659965,0.000094,7.434862,7.434862,-3.584511
164.000000,352.999908,47.740967,0.000088,7.431001,7.431001,-3.603764
166.000000,353.564107,45.822297,-0.000056,7.427543,7.427543,-3.621779
168.000000,354.127729,43.903457,-0.000139,7.424795,7.424795,-3.640160
170.000000,354.690531,41.984377,-0.000306,7.420478,7.420478,-3.659220
172.000000,355.253411,40.065319,-0.000338,7.415564,7.415564,-3.677777
174.000000,355.812251,38.145082,0.000346,7.407126,7.407126,-3.700110
176.000000,356.373906,36.225666,0.000558,7.401527,7.401527,-3.718896
178.000000,356.939287,34.307347,-0.000010,7.399024,7.399024,-3.732766
180.000000,357.502965,32.388524,-0.000019,7.393425,7.393425,-3.746980
182.000000,358.066178,30.469567,0.000057,7.388925,7.388925,-3.760863
184.000000,358.631737,28.551301,0.000016,7.385423,7.385423,-3.771446
186.000000,359.193938,26.632045,0.000159,7.380468,7.380468,-3.785533
188.000000,359.760754,24.714147,-0.000192,7.378600,7.378600,-3.795010
190.000000,360.324133,22.795236,-0.000099,7.373847,7.373847,-3.808265
192.000000,360.886828,20.876124,0.000238,7.368546,7.368546,-3.822766
194.000000,361.452811,18.957981,-0.000090,7.367201,7.367201,-3.834073
196.000000,362.016555,17.039177,-0.000185,7.361002,7.361002,-3.847468
198.000000,362.580101,15.120317,-0.000090,7.357430,7.357430,-3.861153
200.000000,363.143447,13.201399,0.000095,7.352753,7.352753,-3.874595
202.000000,363.706007,11.282247,0.000195,7.348211,7.348211,-3.888505
204.000000,364.271792,9.364045,0.000011,7.347144,7.347144,-3.897941
206.000000,364.834899,7.445054,-0.000090,7.342238,7.342238,-3.909096
208.000000,365.400299,5.526738,-0.000160,7.340295,7.340295,-3.916671
210.000000,365.962417,3.607459,-0.000023,7.335552,7.335552,-3.926351
212.000000,366.526346,1.688709,-0.000044,7.331992,7.331992,-3.933336
214.000000,367.089581,-0.230242,0.000007,7.328028,7.328028,-3.940421
216.000000,367.651721,-2.149516,0.000065,7.322855,7.322855,-3.948850
218.000000,368.216847,-4.067913,-0.000140,7.319810,7.319810,-3.953944
220.000000,368.778102,-5.987446,0.000223,7.314400,7.314400,-3.962863
222.000000,369.341967,-7.906214,-0.000246,7.312091,7.312091,-3.969032
224.000000,369.907902,-9.824372,-0.000726,7.311433,7.311433,-3.972375
226.000000,370.463306,-11.745603,0.000554,7.299067,7.299067,-3.986636
228.000000,371.026555,-13.664544,0.000366,7.294936,7.294936,-3.993106
230.000000,371.593147,-15.582504,-0.000201,7.293454,7.293454,-3.994896
232.000000,372.150834,-17.503075,0.000368,7.284351,7.284351,-4.005889
234.000000,372.719901,-19.420302,-0.000425,7.287577,7.287577,-4.004414
236.000000,373.280766,-21.339949,-0.000060,7.279757,7.279757,-4.010407
238.000000,373.840138,-23.260032,0.000779,7.272268,7.272268,-4.017640
240.000000,374.409775,-25.177088,-0.000330,7.275450,7.275450,-4.012820
242.000000,374.972336,-27.096239,-0.000028,7.267880,7.267880,-4.013400
244.000000,375.533725,-29.015731,0.000427,7.260711,7.260711,-4.013911
246.000000,376.104101,-30.932560,-0.000504,7.260893,7.260893,-4.002598
248.000000,376.664215,-32.852425,-0.000090,7.252261,7.252261,-3.997715
250.000000,377.228128,-34.771169,0.000721,7.245930,7.245930,-3.986766
252.000000,377.793329,-36.689533,0.000122,7.240518,7.240518,-3.971517
254.000000,378.363216,-38.606514,-0.000640,7.240388,7.240388,-3.948742
256.000000,378.924316,-40.526092,-0.000159,7.229748,7.229748,-3.931039
258.000000,379.488490,-42.444769,0.000646,7.221381,7.221381,-3.906724
260.000000,380.052876,-44.363384,0.000327,7.213141,7.213141,-3.877109
262.000000,380.623681,-46.280094,-0.000540,7.212731,7.212731,-3.831782
264.000000,381.186447,-48.199185,0.000043,7.203411,7.203411,-3.781796
266.000000,381.750592,-50.117871,0.000379,7.193199,7.193199,-3.714276
268.000000,382.320676,-52.034797,-0.000081,7.189208,7.189208,-3.615759
270.000000,382.883319,-53.953923,0.000536,7.175821,7.175821,-3.494998
272.000000,383.453663,-55.870770,0.001077,7.166705,7.166705,-3.341729
274.000000,384.024274,-57.787541,0.001384,7.151484,7.151484,-3.157823
276.000000,384.603169,-59.701823,0.001482,7.132179,7.132179,-2.930888
278.000000,385.186434,-61.614783,0.001458,7.105269,7.105269,-2.667672
280.000000,385.775363,-63.526003,0.001524,7.068130,7.068130,-2.361849
282.000000,386.370886,-65.435183,0.000690,7.027429,7.027429,-1.999769
284.000000,386.970844,-67.342969,-0.000865,6.980359,6.980359,-1.589702
286.000000,387.565881,-69.252297,-0.002232,6.927182,6.927182,-1.140333
288.000000,388.153111,-71.164043,-0.003467,6.874317,6.874317,-0.666779
290.000000,388.726736,-73.079900,-0.004561,6.820983,6.820983,-0.170580
292.000000,389.282255,-75.001085,-0.004723,6.767618,6.767618,0.367985
294.000000,389.817564,-76.928006,-0.004765,6.709330,6.709330,0.954019
296.000000,390.338732,-78.858801,-0.011706,6.636499,6.636499,1.580548
298.000000,390.834848,-80.796165,-0.020982,6.563622,6.563622,2.204371
300.000000,391.213073,-82.759847,-0.022338,6.577292,6.577292,2.753334
302.000000,391.524141,-84.735033,-0.022686,6.614285,6.614285,3.310157
304.000000,391.735862,-86.723160,-0.024726,6.692446,6.692446,3.818049
306.000000,391.853683,-88.719265,-0.028359,6.809994,6.809994,4.290912
308.000000,391.864852,-90.718567,-0.030164,6.995672,6.995672,4.715305
310.000000,391.730308,-92.713324,-0.029566,7.281314,7.281314,5.073837
312.000000,391.512116,-94.701114,-0.059526,7.594458,7.594458,5.420829
314.000000,391.137550,-96.658999,-0.108782,7.912124,7.912124,5.614541
316.000000,390.251690,-98.429079,-0.101836,7.873270,7.873270,5.449313
318.000000,388.968032,-99.961167,-0.053040,7.596583,7.596583,4.917614
320.000000,387.583592,-101.403566,-0.029544,7.403401,7.403401,4.232887
322.000000,386.119223,-102.765098,-0.030903,7.288784,7.288784,3.490827
324.000000,384.582571,-104.043658,-0.029481,7.237811,7.237811,2.700134
326.000000,382.947765,-105.195589,-0.018706,7.306802,7.306802,1.762390
328.000000,381.289940,-106.313764,-0.010289,7.370941,7.370941,0.837545
330.000000,379.600663,-107.384091,-0.006032,7.448442,7.448442,-0.053856
332.000000,377.906409,-108.446681,-0.004389,7.503158,7.503158,-0.865760
334.000000,376.201185,-109.491557,-0.004757,7.548363,7.548363,-1.620773
336.000000,374.485937,-110.519894,-0.004282,7.595403,7.595403,-2.330257
338.000000,372.762211,-111.533974,-0.004752,7.637517,7.637517,-2.996599
340.000000,371.030434,-112.534235,-0.005498,7.670893,7.670893,-3.584873
342.000000,369.285099,-113.510631,-0.003740,7.688359,7.688359,-4.025484
344.000000,367.531479,-114.472105,-0.000587,7.691127,7.691127,-4.336467
346.000000,365.778700,-115.435109,0.000877,7.696785,7.696785,-4.550762
348.000000,364.027942,-116.401783,0.001924,7.702884,7.702884,-4.692682
350.000000,362.279080,-117.371881,0.004021,7.708202,7.708202,-4.782007
352.000000,360.539427,-118.358324,0.005449,7.716427,7.716427,-4.819959
354.000000,358.811155,-119.364623,0.005585,7.712582,7.712582,-4.814092
356.000000,357.094388,-120.390429,0.005319,7.698509,7.698509,-4.768161
358.000000,355.388589,-121.434351,0.004946,7.680305,7.680305,-4.688830
360.000000,353.693355,-122.495369,0.004399,7.653540,7.653540,-4.584104
362.000000,352.007609,-123.571398,0.004075,7.628592,7.628592,-4.460831
364.000000,350.329849,-124.659844,0.004505,7.607403,7.607403,-4.324807
366.000000,348.661913,-125.763268,0.004684,7.589874,7.589874,-4.174037
368.000000,347.005922,-126.884550,0.003487,7.573877,7.573877,-4.004546
370.000000,345.357845,-128.017438,0.001714,7.561849,7.561849,-3.821289
372.000000,343.713289,-129.155441,0.000893,7.560794,7.560794,-3.631636
374.000000,342.069273,-130.294223,0.001773,7.569402,7.569402,-3.448727
376.000000,340.428789,-131.438078,0.004229,7.579410,7.579410,-3.270171
378.000000,338.796962,-132.594241,0.005391,7.585794,7.585794,-3.087661
380.000000,337.183486,-133.775857,0.002984,7.575964,7.575964,-2.887508
382.000000,335.574989,-134.964281,0.000657,7.567486,7.567486,-2.694525
384.000000,333.966191,-136.152297,0.000624,7.560937,7.560937,-2.518219
386.000000,332.359229,-137.342797,0.001078,7.555392,7.555392,-2.356402
388.000000,330.754836,-138.536755,0.001312,7.551610,7.551610,-2.213934
390.000000,329.153763,-139.735159,0.000369,7.552050,7.552050,-2.090980
392.000000,327.556045,-140.938035,-0.002729,7.557551,7.557551,-1.989135
394.000000,325.951850,-142.132226,-0.004485,7.550372,7.550372,-1.925155
396.000000,324.331325,-143.304183,-0.001908,7.513836,7.513836,-1.905523
398.000000,322.707435,-144.471484,0.001441,7.471347,7.471347,-1.898060
400.000000,321.088551,-145.645714,0.002241,7.437043,7.437043,-1.889870
402.000000,319.476565,-146.829400,0.000997,7.413662,7.413662,-1.883464
404.000000,317.866885,-148.016221,-0.000439,7.393387,7.393387,-1.879395
406.000000,316.255110,-149.200193,-0.000502,7.368962,7.368962,-1.879392
408.000000,314.641063,-150.381070,0.000392,7.340623,7.340623,-1.880664
410.000000,313.028899,-151.564515,0.000905,7.313726,7.313726,-1.875062
412.000000,311.418953,-152.750970,0.000530,7.292047,7.292047,-1.862272
414.000000,309.811267,-153.940492,-0.000565,7.273391,7.273391,-1.843661
416.000000,308.201875,-155.127702,-0.001348,7.251450,7.251450,-1.825746
418.000000,306.588275,-156.309187,-0.001109,7.222265,7.222265,-1.811666
420.000000,304.972028,-157.487049,-0.000533,7.188863,7.188863,-1.798568
422.000000,303.354800,-158.663565,-0.000208,7.155441,7.155441,-1.784256
424.000000,301.737158,-159.839512,-0.000098,7.121210,7.121210,-1.768485
426.000000,300.119368,-161.015254,0.000247,7.087716,7.087716,-1.751444
428.000000,298.501364,-162.190702,0.001306,7.053997,7.053997,-1.732330
430.000000,296.886265,-163.370133,0.002103,7.016175,7.016175,-1.705280
432.000000,295.277915,-164.558747,0.001286,6.971906,6.971906,-1.665514
434.000000,293.673085,-165.752120,0.000213,6.926951,6.926951,-1.619984
436.000000,292.066667,-166.943352,0.000541,6.893628,6.893628,-1.574792
438.000000,290.461928,-168.136844,0.000978,6.882391,6.882391,-1.522059
440.000000,288.860590,-169.334896,0.000261,6.883879,6.883879,-1.460865
442.000000,287.260118,-170.534106,-0.000552,6.891011,6.891011,-1.396525
444.000000,285.657013,-171.729794,-0.000413,6.897277,6.897277,-1.334194
446.000000,284.053024,-172.924296,0.000017,6.903959,6.903959,-1.269855
448.000000,282.449484,-174.119400,0.000036,6.910225,6.910225,-1.202843
450.000000,280.846089,-175.314699,-0.000056,6.916240,6.916240,-1.135250
452.000000,279.242299,-176.509469,-0.000032,6.922627,6.922627,-1.069156
454.000000,277.638617,-177.704383,0.000059,6.929181,6.929181,-1.003549
456.000000,276.034809,-178.899129,0.000141,6.935376,6.935376,-0.938342
458.000000,274.431708,-180.094822,0.000111,6.941040,6.941040,-0.872094
460.000000,272.828667,-181.290595,0.000105,6.946034,6.946034,-0.805781
462.000000,271.225859,-182.486681,0.000171,6.950553,6.950553,-0.738246
464.000000,269.623527,-183.683405,0.000190,6.954511,6.954511,-0.668790
466.000000,268.021646,-184.880733,0.000215,6.957411,6.957411,-0.597352
468.000000,266.420204,-186.078647,0.000228,6.959114,6.959114,-0.524463
470.000000,264.819499,-187.277546,0.000204,6.960755,6.960755,-0.450351
472.000000,263.219066,-188.476809,0.000206,6.962093,6.962093,-0.376667
474.000000,261.619311,-189.676975,0.000177,6.962186,6.962186,-0.303859
476.000000,260.019904,-190.877606,0.000144,6.962209,6.962209,-0.232643
478.000000,258.420822,-192.078669,0.000133,6.961664,6.961664,-0.162399
480.000000,256.822122,-193.280241,0.000085,6.960905,6.960905,-0.092808
482.000000,255.223609,-194.482061,0.000011,6.960331,6.960331,-0.023716
484.000000,253.625155,-195.683960,0.000043,6.958797,6.958797,0.045438
486.000000,252.026502,-196.885594,0.000094,6.956615,6.956615,0.115325
488.000000,250.428605,-198.088233,-0.000018,6.954445,6.954445,0.189122
490.000000,248.830302,-199.290333,0.000011,6.951661,6.951661,0.265431
492.000000,247.231883,-200.492277,0.000117,6.949670,6.949670,0.344401
494.000000,245.634210,-201.695213,0.000077,6.947153,6.947153,0.426034
496.000000,244.036286,-202.897817,0.000039,6.944986,6.944986,0.507366
498.000000,242.438859,-204.101081,-0.000009,6.942065,6.942065,0.588987
500.000000,240.841061,-205.303852,0.000015,6.939692,6.939692,0.669268
502.000000,239.243421,-206.506832,0.000007,6.937924,6.937924,0.749391
504.000000,237.645980,-207.710077,0.000065,6.936817,6.936817,0.829437
506.000000,236.048050,-208.912672,0.000223,6.936148,6.936148,0.908724
508.000000,234.451527,-210.117135,0.000087,6.935739,6.935739,0.990302
510.000000,232.854826,-211.321362,-0.000069,6.936781,6.936781,1.070910
512.000000,231.257915,-212.525309,-0.000078,6.938390,6.938390,1.150585
514.000000,229.660934,-213.729165,-0.000153,6.940928,6.940928,1.229727
516.000000,228.063548,-214.932483,-0.000162,6.942960,6.942960,1.307656
518.000000,226.465567,-216.135009,-0.000066,6.945215,6.945215,1.384612
520.000000,224.867623,-217.337587,-0.000103,6.948600,6.948600,1.461692
522.000000,223.269564,-218.540011,-0.000227,6.951865,6.951865,1.538602
524.000000,221.670708,-219.741375,-0.000228,6.954506,6.954506,1.614488
526.000000,220.071375,-220.942104,-0.000195,6.957116,6.957116,1.689950
528.000000,218.471606,-222.142252,-0.000186,6.958963,6.958963,1.765035
530.000000,216.871312,-223.341700,-0.000191,6.960398,6.960398,1.839804
532.000000,215.270717,-224.540745,-0.000215,6.961524,6.961524,1.914621
534.000000,213.669422,-225.738856,-0.000255,6.962275,6.962275,1.988487
536.000000,212.067765,-226.936484,-0.000301,6.961475,6.961475,2.061945
538.000000,210.465089,-228.132746,-0.000324,6.960192,6.960192,2.133751
540.000000,208.861929,-229.328361,-0.000298,6.957323,6.957323,2.204952
542.000000,207.257654,-230.522478,-0.000217,6.953658,6.953658,2.274321
544.000000,205.653247,-231.716419,-0.000224,6.948821,6.948821,2.343740
546.000000,204.048146,-232.909425,-0.000256,6.942533,6.942533,2.411610
548.000000,202.442431,-234.101606,-0.000327,6.936818,6.936818,2.478370
550.000000,200.836195,-235.293084,-0.000630,6.928489,6.928489,2.543711
552.000000,199.228495,-236.482586,-0.000947,6.921038,6.921038,2.605719
554.000000,197.618253,-237.668645,-0.000913,6.916054,6.916054,2.662845
556.000000,196.005566,-238.851376,-0.000731,6.914134,6.914134,2.715508
558.000000,194.391658,-240.032443,-0.000708,6.913651,6.913651,2.765881
560.000000,192.775726,-241.210736,-0.000631,6.915668,6.915668,2.812335
562.000000,191.158387,-242.387100,-0.000526,6.919215,6.919215,2.856673
564.000000,189.539939,-243.561936,-0.000604,6.923307,6.923307,2.898994
566.000000,187.920173,-244.734955,-0.000834,6.927960,6.927960,2.938889
568.000000,186.298482,-245.905310,-0.000945,6.932833,6.932833,2.974783
570.000000,184.674150,-247.071997,-0.000698,6.938865,6.938865,3.005641
572.000000,183.048187,-248.236411,-0.000328,6.944970,6.944970,3.033707
574.000000,181.421613,-249.399971,-0.000305,6.949357,6.949357,3.060743
576.000000,179.794837,-250.563250,-0.000628,6.950393,6.950393,3.087069
578.000000,178.166240,-251.723976,-0.000824,6.949319,6.949319,3.110112
580.000000,176.535657,-252.881911,-0.000799,6.946184,6.946184,3.130133
582.000000,174.903229,-254.037243,-0.000903,6.940537,6.940537,3.147464
584.000000,173.269087,-255.190151,-0.001203,6.934784,6.934784,3.161888
586.000000,171.631883,-256.338703,-0.001374,6.930077,6.930077,3.171159
588.000000,169.991455,-257.482647,-0.001363,6.926292,6.926292,3.175323
590.000000,168.347938,-258.622149,-0.001397,6.922725,6.922725,3.174808
592.000000,166.701377,-259.757247,-0.001552,6.918256,6.918256,3.170126
594.000000,165.051289,-260.887211,-0.001641,6.912745,6.912745,3.160880
596.000000,163.397242,-262.011373,-0.001515,6.909811,6.909811,3.147403
598.000000,161.739839,-263.130581,-0.001364,6.909627,6.909627,3.130877
600.000000,160.079502,-264.245432,-0.001265,6.912346,6.912346,3.112163
602.000000,158.416200,-265.355855,-0.001150,6.917502,6.917502,3.091373
604.000000,156.750496,-266.462671,-0.000916,6.923799,6.923799,3.069520
606.000000,155.082363,-267.565825,-0.000739,6.932026,6.932026,3.046089
608.000000,153.413383,-268.667698,-0.000838,6.938422,6.938422,3.023598
610.000000,151.742005,-269.765927,-0.000922,6.945817,6.945817,2.999017
612.000000,150.068898,-270.861521,-0.000897,6.952930,6.952930,2.974056
614.000000,148.393557,-271.953695,-0.000676,6.961127,6.961127,2.947362
616.000000,146.716566,-273.043336,-0.000398,6.968709,6.968709,2.920345
618.000000,145.039204,-274.132405,-0.000393,6.973188,6.973188,2.895036
620.000000,143.360761,-275.219809,-0.000452,6.974936,6.974936,2.869799
622.000000,141.681427,-276.305835,-0.000468,6.974694,6.974694,2.844731
624.000000,140.001025,-277.390207,-0.000630,6.972463,6.972463,2.819862
626.000000,138.319586,-278.472971,-0.000949,6.969064,6.969064,2.795298
628.000000,136.635834,-279.552133,-0.001111,6.964562,6.964562,2.769078
630.000000,134.949548,-280.627333,-0.001063,6.959424,6.959424,2.740879
632.000000,133.261067,-281.699082,-0.001023,6.954214,6.954214,2.711531
634.000000,131.570380,-282.767347,-0.001032,6.949887,6.949887,2.681266
636.000000,129.877541,-283.832199,-0.001045,6.945416,6.945416,2.650915
638.000000,128.182408,-284.893395,-0.001072,6.940885,6.940885,2.620897
640.000000,126.485127,-285.951152,-0.001126,6.936748,6.936748,2.591579
642.000000,124.785355,-287.004902,-0.001085,6.933457,6.933457,2.562592
644.000000,123.083205,-288.054806,-0.001139,6.929624,6.929624,2.534533
646.000000,121.379171,-289.101648,-0.001206,6.924243,6.924243,2.508265
648.000000,119.671739,-290.142941,-0.000954,6.920558,6.920558,2.480320
650.000000,117.962906,-291.181934,-0.000832,6.916425,6.916425,2.454140
652.000000,116.252324,-292.218043,-0.000858,6.912984,6.912984,2.429660
654.000000,114.539742,-293.250844,-0.000814,6.910175,6.910175,2.408989
656.000000,112.825809,-294.281401,-0.001015,6.907890,6.907890,2.394607
658.000000,111.109860,-295.308597,-0.001305,6.905253,6.905253,2.387073
660.000000,109.390949,-296.330828,-0.001330,6.904662,6.904662,2.385577
662.000000,107.669287,-297.348419,-0.001365,6.906224,6.906224,2.387991
664.000000,105.945230,-298.361949,-0.001477,6.910488,6.910488,2.393798
666.000000,104.217632,-299.369428,-0.001295,6.918285,6.918285,2.399852
668.000000,102.487574,-300.372680,-0.001112,6.928166,6.928166,2.405861
670.000000,100.755550,-301.372533,-0.001153,6.939390,6.939390,2.410859
672.000000,99.021008,-302.368011,-0.001097,6.951744,6.951744,2.412741
674.000000,97.284270,-303.359654,-0.001017,6.964334,6.964334,2.412289
676.000000,95.545719,-304.348114,-0.001021,6.977148,6.977148,2.410681
678.000000,93.804939,-305.332644,-0.000799,6.990893,6.990893,2.407801
680.000000,92.062374,-306.314011,-0.000447,7.004667,7.004667,2.404976
682.000000,90.319315,-307.294502,-0.000373,7.015044,7.015044,2.404397
684.000000,88.575518,-308.273679,-0.000458,7.022144,7.022144,2.405118
686.000000,86.830771,-309.251163,-0.000527,7.026678,7.026678,2.407281
688.000000,85.085076,-310.226951,-0.000574,7.029003,7.029003,2.410376
690.000000,83.338112,-311.200466,-0.000641,7.029299,7.029299,2.414215
692.000000,81.590163,-312.172211,-0.000731,7.026341,7.026341,2.419810
694.000000,79.840469,-313.140811,-0.000714,7.021427,7.021427,2.425333
696.000000,78.089578,-314.107245,-0.000771,7.012933,7.012933,2.431845
698.000000,76.337300,-315.071164,-0.000864,7.001946,7.001946,2.438673
700.000000,74.583043,-316.031474,-0.000636,6.988120,6.988120,2.444423
702.000000,72.827482,-316.989399,-0.000234,6.971570,6.971570,2.450157
704.000000,71.071624,-317.946781,-0.000159,6.954428,6.954428,2.457651
706.000000,69.315868,-318.904349,-0.000346,6.937136,6.937136,2.467114
708.000000,67.558992,-319.859860,-0.000451,6.920936,6.920936,2.475999
710.000000,65.801611,-320.814442,-0.000707,6.904719,6.904719,2.485304
712.000000,64.042917,-321.766603,-0.000986,6.888117,6.888117,2.493057
714.000000,62.281970,-322.714590,-0.000982,6.876700,6.876700,2.497575
716.000000,60.519354,-323.659470,-0.000902,6.867519,6.867519,2.500025
718.000000,58.754893,-324.600901,-0.000820,6.859274,6.859274,2.499832
720.000000,56.988985,-325.539613,-0.000925,6.853360,6.853360,2.498055
722.000000,55.221648,-326.475634,-0.001302,6.849916,6.849916,2.493959
724.000000,53.451685,-327.406674,-0.001506,6.848413,6.848413,2.484356
726.000000,51.678694,-328.331939,-0.001394,6.848701,6.848701,2.468856
728.000000,49.903204,-329.252400,-0.001277,6.850293,6.850293,2.448345
730.000000,48.125442,-330.168463,-0.001193,6.852086,6.852086,2.422734
732.000000,46.345345,-331.079983,-0.001164,6.856591,6.856591,2.391871
734.000000,44.563464,-331.988011,-0.001343,6.861636,6.861636,2.356534
736.000000,42.779015,-332.890980,-0.001414,6.865797,6.865797,2.314301
738.000000,40.991770,-333.788401,-0.001211,6.870619,6.870619,2.265073
740.000000,39.202498,-334.681778,-0.001087,6.875325,6.875325,2.210830
742.000000,37.411396,-335.571478,-0.001164,6.879944,6.879944,2.152038
744.000000,35.618233,-336.457016,-0.001162,6.882393,6.882393,2.088311
746.000000,33.822760,-337.337860,-0.000977,6.886069,6.886069,2.019592
748.000000,32.025751,-338.215571,-0.001004,6.889079,6.889079,1.948529
750.000000,30.227243,-339.090203,-0.001092,6.892582,6.892582,1.875077
752.000000,28.426236,-339.959678,-0.000802,6.895606,6.895606,1.798120
754.000000,26.624107,-340.826827,-0.000555,6.897408,6.897408,1.721208
756.000000,24.821139,-341.692230,-0.000598,6.898930,6.898930,1.644498
758.000000,23.017123,-342.555445,-0.000658,6.900936,6.900936,1.567562
760.000000,21.211907,-343.416148,-0.000653,6.902776,6.902776,1.490133
762.000000,19.405603,-344.274566,-0.000515,6.903318,6.903318,1.412277
764.000000,17.598187,-345.130640,-0.000267,6.904073,6.904073,1.334104
766.000000,15.790548,-345.986243,-0.000180,6.904102,6.904102,1.257773
768.000000,13.982635,-346.841267,-0.000279,6.903223,6.903223,1.183207
770.000000,12.174260,-347.695314,-0.000363,6.902017,6.902017,1.109972
772.000000,10.365174,-348.547853,-0.000374,6.900550,6.900550,1.037605
774.000000,8.555498,-349.399138,-0.000252,6.899469,6.899469,0.966157
776.000000,6.745164,-350.249024,-0.000045,6.897948,6.897948,0.895987
778.000000,4.935016,-351.099307,-0.000016,6.896378,6.896378,0.829145
780.000000,3.124847,-351.949545,-0.000136,6.894681,6.894681,0.764431
782.000000,1.314427,-352.799246,-0.000199,6.892702,6.892702,0.700924
784.000000,-0.496394,-353.648095,-0.000188,6.890888,6.890888,0.638102
786.000000,-2.307513,-354.496306,-0.000107,6.889489,6.889489,0.575852
788.000000,-4.118912,-355.343921,-0.000057,6.887954,6.887954,0.513933
790.000000,-5.930182,-356.191809,-0.000113,6.885676,6.885676,0.453055
792.000000,-7.741813,-357.038927,-0.000127,6.884350,6.884350,0.391655
794.000000,-9.553615,-357.885680,-0.000109,6.882411,6.882411,0.330530
796.000000,-11.365575,-358.732093,-0.000126,6.881351,6.881351,0.269363
798.000000,-13.177784,-359.577974,-0.000141,6.880990,6.880990,0.207861
800.000000,-14.990192,-360.423429,-0.000129,6.880877,6.880877,0.145988
802.000000,-16.802906,-361.268227,-0.000087,6.880921,6.880921,0.083438
804.000000,-18.615677,-362.112902,-0.000060,6.880881,6.880881,0.020854
806.000000,-20.428617,-362.957216,-0.000005,6.881121,6.881121,-0.042012
808.000000,-22.241566,-363.801509,0.000008,6.881087,6.881087,-0.104290
810.000000,-24.054362,-364.646130,-0.000049,6.881570,6.881570,-0.165988
812.000000,-25.867404,-365.490226,0.000021,6.881710,6.881710,-0.227805
814.000000,-27.680436,-366.334340,0.000064,6.882940,6.882940,-0.289011
816.000000,-29.493099,-367.179248,-0.000031,6.883595,6.883595,-0.349095
818.000000,-31.306075,-368.023483,0.000036,6.884838,6.884838,-0.409713
820.000000,-33.119002,-368.867824,0.000076,6.885952,6.885952,-0.469411
822.000000,-34.931473,-369.713143,-0.000015,6.887473,6.887473,-0.527577
824.000000,-36.744393,-370.557499,0.000079,6.888861,6.888861,-0.585883
826.000000,-38.556970,-371.402590,0.000142,6.890703,6.890703,-0.642107
828.000000,-40.369247,-372.248325,0.000041,6.892521,6.892521,-0.696688
830.000000,-42.181508,-373.094096,0.000007,6.894073,6.894073,-0.750237
832.000000,-43.993826,-373.939743,0.000096,6.897483,6.897483,-0.802780
834.000000,-45.805995,-374.785710,0.000174,6.900566,6.900566,-0.853710
836.000000,-47.617755,-375.632551,0.000128,6.904371,6.904371,-0.902856
838.000000,-49.429303,-376.479846,0.000166,6.908402,6.908402,-0.950986
840.000000,-51.240815,-377.327219,0.000298,6.911721,6.911721,-0.998442
842.000000,-53.051485,-378.176388,0.000306,6.916762,6.916762,-1.043537
844.000000,-54.861852,-379.026205,0.000219,6.921455,6.921455,-1.087653
846.000000,-56.671589,-379.877362,0.000186,6.927171,6.927171,-1.130262
848.000000,-58.481398,-380.728366,0.000304,6.932319,6.932319,-1.172606
850.000000,-60.290424,-381.581032,0.000333,6.936359,6.936359,-1.212678
852.000000,-62.098868,-382.434932,0.000221,6.939586,6.939586,-1.251194
854.000000,-63.906988,-383.289517,0.000178,6.940059,6.940059,-1.289227
856.000000,-65.714829,-384.144693,0.000256,6.940415,6.940415,-1.326378
858.000000,-67.522332,-385.000583,0.000294,6.939278,6.939278,-1.362964
860.000000,-69.329035,-385.858160,0.000246,6.937416,6.937416,-1.397978
862.000000,-71.135661,-386.715901,0.000279,6.934723,6.934723,-1.433259
864.000000,-72.941558,-387.575175,0.000314,6.930568,6.930568,-1.467058
866.000000,-74.747073,-388.435252,0.000368,6.925549,6.925549,-1.500336
868.000000,-76.551922,-389.296723,0.000520,6.920374,6.920374,-1.532571
870.000000,-78.355951,-390.159912,0.000638,6.914419,6.914419,-1.564351
872.000000,-80.158696,-391.025778,0.000606,6.909071,6.909071,-1.595243
874.000000,-81.960420,-391.893769,0.000571,6.903048,6.903048,-1.626864
876.000000,-83.761273,-392.763563,0.000706,6.897519,6.897519,-1.659788
878.000000,-85.560916,-393.635859,0.000977,6.894675,6.894675,-1.693651
880.000000,-87.358924,-394.511518,0.001443,6.892320,6.892320,-1.726898
882.000000,-89.154572,-395.392005,0.001723,6.890518,6.890518,-1.757643
884.000000,-90.946416,-396.280209,0.001532,6.890677,6.890677,-1.782894
886.000000,-92.736038,-397.172881,0.001384,6.891421,6.891421,-1.805534
888.000000,-94.523006,-398.070855,0.001577,6.895914,6.895914,-1.824406
890.000000,-96.307590,-398.973556,0.001876,6.900861,6.900861,-1.839262
892.000000,-98.088220,-399.884026,0.002227,6.905801,6.905801,-1.846714
894.000000,-99.865527,-400.800974,0.002922,6.909758,6.909758,-1.849515
896.000000,-101.637126,-401.728882,0.003285,6.911843,6.911843,-1.842441
898.000000,-103.401835,-402.669840,0.002974,6.910213,6.910213,-1.824922
900.000000,-105.161492,-403.620212,0.002655,6.904670,6.904670,-1.801516
902.000000,-106.915675,-404.580652,0.002250,6.897812,6.897812,-1.772778
904.000000,-108.665580,-405.548866,0.001881,6.891763,6.891763,-1.741503
906.000000,-110.412193,-406.523009,0.001712,6.883012,6.883012,-1.709652
908.000000,-112.155067,-407.503826,0.001663,6.875301,6.875301,-1.677302
910.000000,-113.895333,-408.489259,0.001656,6.865092,6.865092,-1.646852
912.000000,-115.631466,-409.481955,0.001553,6.856163,6.856163,-1.615461
914.000000,-117.365377,-410.478533,0.001658,6.847217,6.847217,-1.588214
916.000000,-119.095510,-411.481648,0.001656,6.839819,6.839819,-1.562088
918.000000,-120.822148,-412.490775,0.001609,6.833915,6.833915,-1.537715
920.000000,-122.546240,-413.504244,0.001812,6.828306,6.828306,-1.517219
922.000000,-124.265895,-414.525220,0.001635,6.825246,6.825246,-1.500443
924.000000,-125.982219,-415.551791,0.001294,6.823520,6.823520,-1.490447
926.000000,-127.696268,-416.582154,0.001309,6.821057,6.821057,-1.489921
928.000000,-129.407556,-417.617095,0.001533,6.819012,6.819012,-1.500461
930.000000,-131.115820,-418.657022,0.001636,6.817352,6.817352,-1.521848
932.000000,-132.820159,-419.703361,0.001518,6.819050,6.819050,-1.548759
934.000000,-134.521722,-420.754218,0.001671,6.820205,6.820205,-1.579544
936.000000,-136.220039,-421.810307,0.002239,6.823052,6.823052,-1.609504
938.000000,-137.913527,-422.874121,0.002383,6.827753,6.827753,-1.634695
940.000000,-139.600895,-423.947611,0.002103,6.837346,6.837346,-1.654065
942.000000,-141.284973,-425.026264,0.002165,6.845987,6.845987,-1.673643
944.000000,-142.963657,-426.113283,0.002173,6.856988,6.856988,-1.687878
946.000000,-144.637652,-427.207520,0.002059,6.867172,6.867172,-1.699462
948.000000,-146.307481,-428.308100,0.002360,6.875066,6.875066,-1.709328
950.000000,-147.972251,-429.416315,0.002571,6.884418,6.884418,-1.716431
952.000000,-149.630420,-430.534375,0.002391,6.897279,6.897279,-1.716834
954.000000,-151.283958,-431.659287,0.002459,6.909474,6.909474,-1.714261
956.000000,-152.931925,-432.792333,0.002338,6.920426,6.920426,-1.705369
958.000000,-154.573440,-433.934719,0.002080,6.931294,6.931294,-1.689884
960.000000,-156.212179,-435.081077,0.002078,6.937032,6.937032,-1.672932
962.000000,-157.843873,-436.237438,0.001754,6.944902,6.944902,-1.648618
964.000000,-159.473291,-437.397010,0.001507,6.948098,6.948098,-1.627698
966.000000,-161.098082,-438.563052,0.001327,6.954018,6.954018,-1.606259
968.000000,-162.720382,-439.732565,0.001361,6.958528,6.958528,-1.590860
970.000000,-164.339908,-440.905912,0.001657,6.962596,6.962596,-1.582115
972.000000,-165.954701,-442.085763,0.001753,6.970556,6.970556,-1.576521
974.000000,-167.566130,-443.270209,0.002277,6.978294,6.978294,-1.576151
976.000000,-169.172437,-444.461585,0.002861,6.982179,6.982179,-1.577209
978.000000,-170.770666,-445.663774,0.002689,6.985377,6.985377,-1.576175
980.000000,-172.362767,-446.874074,0.002508,6.986522,6.986522,-1.574453
982.000000,-173.949283,-448.091677,0.002507,6.983787,6.983787,-1.571707
984.000000,-175.528733,-449.318439,0.002065,6.980996,6.980996,-1.567243
986.000000,-177.103402,-450.551331,0.001565,6.975387,6.975387,-1.564803
988.000000,-178.674411,-451.788886,0.002410,6.968234,6.968234,-1.565870
990.000000,-180.242070,-453.030681,0.003830,6.950728,6.950728,-1.569340
992.000000,-181.796082,-454.289491,0.003335,6.932223,6.932223,-1.559868
994.000000,-183.342363,-455.557805,0.001988,6.914936,6.914936,-1.549029
996.000000,-184.884160,-456.831542,0.001487,6.900273,6.900273,-1.539483
998.000000,-186.422479,-458.109505,0.001588,6.882758,6.882758,-1.535285
1000.000000,-187.957084,-459.391925,0.001594,6.868376,6.868376,-1.536285
1002.000000,-189.486329,-460.680720,0.001086,6.861387,6.861387,-1.540034
1004.000000,-191.013621,-461.971841,0.000948,6.856696,6.856696,-1.553505
1006.000000,-192.538987,-463.265235,0.001564,6.850919,6.850919,-1.575902
1008.000000,-194.060355,-464.563331,0.001836,6.847922,6.847922,-1.603422
1010.000000,-195.575402,-465.868778,0.001212,6.852252,6.852252,-1.632040
1012.000000,-197.087973,-467.177115,0.000860,6.856724,6.856724,-1.670088
1014.000000,-198.599177,-468.487029,0.001620,6.863255,6.863255,-1.719228
1016.000000,-200.106592,-469.801301,0.002167,6.870323,6.870323,-1.773167
1018.000000,-201.605896,-471.124799,0.001661,6.881679,6.881679,-1.824827
1020.000000,-203.102340,-472.451551,0.001647,6.888650,6.888650,-1.883086
1022.000000,-204.595047,-473.782503,0.002151,6.895332,6.895332,-1.943161
1024.000000,-206.080559,-475.121465,0.002140,6.908054,6.908054,-1.998477
1026.000000,-207.561212,-476.465818,0.002517,6.921293,6.921293,-2.053919
1028.000000,-209.035821,-477.816789,0.003206,6.930012,6.930012,-2.105817
1030.000000,-210.500191,-479.178842,0.003157,6.938671,6.938671,-2.148154
1032.000000,-211.956261,-480.549780,0.003288,6.945217,6.945217,-2.184311
1034.000000,-213.404692,-481.928777,0.003267,6.945202,6.945202,-2.212954
1036.000000,-214.840491,-483.320929,0.002321,6.945728,6.945728,-2.228923
1038.000000,-216.273022,-484.716443,0.002234,6.942171,6.942171,-2.244414
1040.000000,-217.698894,-486.118758,0.002279,6.940941,6.940941,-2.253311
1042.000000,-219.116311,-487.529618,0.001639,6.944708,6.944708,-2.255150
1044.000000,-220.531688,-488.942528,0.001430,6.943248,6.943248,-2.259213
1046.000000,-221.941108,-490.361379,0.001034,6.942664,6.942664,-2.257982
1048.000000,-223.348289,-491.782456,0.000751,6.939189,6.939189,-2.257304
1050.000000,-224.754176,-493.204812,0.001108,6.934554,6.934554,-2.256775
1052.000000,-226.156352,-494.630825,0.001117,6.929663,6.929663,-2.252349
1054.000000,-227.554611,-496.060679,0.000551,6.927234,6.927234,-2.243541
1056.000000,-228.951657,-497.491720,0.000044,6.921353,6.921353,-2.234306
1058.000000,-230.348750,-498.922713,0.000515,6.913456,6.913456,-2.226570
1060.000000,-231.746442,-500.353091,0.000950,6.902682,6.902682,-2.218779
1062.000000,-233.136960,-501.790471,0.000287,6.899911,6.899911,-2.203075
1064.000000,-234.530354,-503.225068,0.000115,6.893468,6.893468,-2.192842
1066.000000,-235.921905,-504.661452,0.000277,6.888510,6.888510,-2.181555
1068.000000,-237.312952,-506.098326,0.000670,6.884557,6.884557,-2.172119
1070.000000,-238.703670,-507.535517,0.000832,6.881535,6.881535,-2.164132
1072.000000,-240.087832,-508.979017,-0.000135,6.886410,6.886410,-2.150279
1074.000000,-241.475854,-510.418812,-0.000452,6.887868,6.887868,-2.145565
1076.000000,-242.864278,-511.858220,-0.000133,6.891335,6.891335,-2.143129
1078.000000,-244.253251,-513.297098,0.000324,6.895700,6.895700,-2.144528
1080.000000,-245.642258,-514.735943,0.000461,6.900476,6.900476,-2.149056
1082.000000,-247.026916,-516.178971,-0.000211,6.912044,6.912044,-2.153220
1084.000000,-248.414924,-517.618780,0.000002,6.917874,6.917874,-2.166881
1086.000000,-249.803017,-519.058507,0.000249,6.922942,6.922942,-2.184231
1088.000000,-251.187571,-520.501635,-0.000279,6.932171,6.932171,-2.201735
1090.000000,-252.576242,-521.940805,0.000158,6.934600,6.934600,-2.229704
1092.000000,-253.963434,-523.381399,0.000391,6.938700,6.938700,-2.258014
1094.000000,-255.347646,-524.824857,-0.000263,6.946490,6.946490,-2.285532
1096.000000,-256.734786,-526.265501,-0.000110,6.950102,6.950102,-2.319981
1098.000000,-258.122079,-527.705999,0.000311,6.952437,6.952437,-2.355112
1100.000000,-259.507408,-529.148385,0.000191,6.956310,6.956310,-2.388301
1102.000000,-260.892928,-530.590588,-0.000115,6.959332,6.959332,-2.422366
1104.000000,-262.277825,-532.033388,-0.000182,6.962928,6.962928,-2.456146
1106.000000,-263.665103,-533.473900,-0.000570,6.962836,6.962836,-2.492890
1108.000000,-265.050345,-534.916370,-0.000859,6.964650,6.964650,-2.527553
1110.000000,-266.443831,-536.350866,0.000425,6.954752,6.954752,-2.573671
1112.000000,-267.832748,-537.789797,0.001086,6.951239,6.951239,-2.611385
1114.000000,-269.217676,-539.232553,0.000171,6.952275,6.952275,-2.643770
1116.000000,-270.602640,-540.675283,-0.000230,6.952075,6.952075,-2.677932
1118.000000,-271.989562,-542.116138,0.000221,6.949181,6.949181,-2.714361
1120.000000,-273.375195,-543.558222,0.000212,6.948653,6.948653,-2.748177
1122.000000,-274.758894,-545.002166,-0.000372,6.949959,6.949959,-2.781047
1124.000000,-276.145311,-546.443507,0.000038,6.947393,6.947393,-2.818027
1126.000000,-277.532522,-547.884083,0.000778,6.944206,6.944206,-2.856276
1128.000000,-278.914977,-549.329204,0.000351,6.946906,6.946906,-2.887758
1130.000000,-280.297155,-550.774605,0.000048,6.950000,6.950000,-2.921315
1132.000000,-281.680594,-552.218804,0.000666,6.952543,6.952543,-2.956598
1134.000000,-283.061246,-553.665663,0.000949,6.958100,6.958100,-2.988002
1136.000000,-284.438506,-555.115756,0.000674,6.968810,6.968810,-3.016159
1138.000000,-285.814343,-556.567197,0.000713,6.981229,6.981229,-3.043224
1140.000000,-287.188595,-558.020141,0.000877,6.997094,6.997094,-3.069022
1142.000000,-288.559153,-559.476570,0.000695,7.017395,7.017395,-3.091169
1144.000000,-289.928477,-560.934158,0.000853,7.039575,7.039575,-3.112998
1146.000000,-291.295868,-562.393561,0.001097,7.065143,7.065143,-3.133342
1148.000000,-292.658400,-563.857501,-0.002043,7.097489,7.097489,-3.148702
1150.000000,-294.019759,-565.322531,-0.003707,7.131405,7.131405,-3.168420
1152.000000,-295.411779,-566.758086,0.000971,7.122602,7.122602,-3.232565
1154.000000,-296.786431,-568.210441,0.002141,7.138716,7.138716,-3.263818
1156.000000,-298.154098,-569.669584,-0.000683,7.164943,7.164943,-3.293722
1158.000000,-299.528580,-571.122259,-0.000667,7.181409,7.181409,-3.335616
1160.000000,-300.904438,-572.573665,0.000078,7.195638,7.195638,-3.377355
1162.000000,-302.278510,-574.026779,-0.000913,7.211828,7.211828,-3.418866
1164.000000,-303.653903,-575.478644,-0.001837,7.225037,7.225037,-3.463603
1166.000000,-305.038995,-576.921210,-0.001208,7.224367,7.224367,-3.522934
1168.000000,-306.424610,-578.363314,-0.000888,7.222446,7.222446,-3.580222
1170.000000,-307.813461,-579.802309,-0.001907,7.217260,7.217260,-3.643534
1172.000000,-309.205575,-581.238147,-0.001784,7.205331,7.205331,-3.712410
1174.000000,-310.609792,-582.662122,0.000036,7.176096,7.176096,-3.797234
1176.000000,-312.006958,-584.093043,0.000109,7.156526,7.156526,-3.868543
1178.000000,-313.405753,-585.522371,-0.001255,7.134824,7.134824,-3.944449
1180.000000,-314.807122,-586.949180,-0.000629,7.109124,7.109124,-4.024174
1182.000000,-316.216027,-588.368530,0.001025,7.072689,7.072689,-4.110928
1184.000000,-317.614440,-589.798235,0.000501,7.051256,7.051256,-4.179916
1186.000000,-319.014621,-591.226208,0.000033,7.026585,7.026585,-4.252119
1188.000000,-320.416065,-592.652942,0.001189,7.000176,7.000176,-4.324065
1190.000000,-321.812828,-594.084255,0.001576,6.979870,6.979870,-4.388702
1192.000000,-323.204080,-595.520929,0.000639,6.967409,6.967409,-4.449352
1194.000000,-324.592965,-596.959890,0.000182,6.958458,6.958458,-4.511954
1196.000000,-325.984761,-598.396032,0.000979,6.944917,6.944917,-4.583682
1198.000000,-327.371000,-599.837545,0.000628,6.939348,6.939348,-4.651426
1200.000000,-328.754163,-601.282006,-0.000362,6.938610,6.938610,-4.719314
1202.000000,-330.141795,-602.722166,0.000247,6.932223,6.932223,-4.794851
1204.000000,-331.527733,-604.163966,0.000618,6.928841,6.928841,-4.862101
1206.000000,-332.909741,-605.609534,-0.000263,6.931966,6.931966,-4.919434
1208.000000,-334.294175,-607.052774,-0.000176,6.933190,6.933190,-4.974482
1210.000000,-335.680718,-608.493993,-0.000617,6.932422,6.932422,-5.020908
1212.000000,-337.062650,-609.939632,-0.001816,6.936896,6.936896,-5.044651
1214.000000,-338.458698,-611.371494,0.000091,6.923427,6.923427,-5.064594
1216.000000,-339.851928,-612.806202,0.002834,6.915138,6.915138,-5.045131
1218.000000,-341.235656,-614.250036,0.003371,6.913340,6.913340,-4.985843
1220.000000,-342.608564,-615.704231,0.004248,6.909979,6.909979,-4.888065
1222.000000,-343.973577,-617.165793,0.005691,6.883922,6.883922,-4.728417
1224.000000,-345.315520,-618.648628,0.006377,6.842223,6.842223,-4.450086
1226.000000,-346.644433,-620.143117,0.004197,6.768239,6.768239,-4.040188
1228.000000,-347.946489,-621.661078,-0.006471,6.641237,6.641237,-3.452900
1230.000000,-349.264815,-623.164729,-0.022281,6.509594,6.509594,-2.744890
1232.000000,-350.653387,-624.603188,-0.030817,6.419370,6.419370,-2.013054
1234.000000,-352.141211,-625.938804,-0.029273,6.392398,6.392398,-1.340211
1236.000000,-353.700887,-627.189838,-0.026117,6.384771,6.384771,-0.669633
1238.000000,-355.323056,-628.358829,-0.026617,6.383697,6.383697,0.051566
1240.000000,-357.001973,-629.445047,-0.041729,6.386591,6.386591,0.856600
1242.000000,-358.742513,-630.426209,-0.055975,6.427034,6.427034,1.732116
1244.000000,-360.619643,-631.115245,-0.051602,6.627303,6.627303,2.461518
1246.000000,-362.535196,-631.683151,-0.060677,6.795768,6.795768,3.177132
1248.000000,-364.502783,-632.009070,-0.080085,6.981002,6.981002,3.655256
1250.000000,-366.497530,-631.991954,-0.094108,7.110548,7.110548,3.908394
1252.000000,-368.459414,-631.639089,-0.112571,7.101677,7.101677,4.020658
1254.000000,-370.263091,-630.837254,-0.104526,7.043545,7.043545,3.892519
1256.000000,-371.841737,-629.612381,-0.071019,7.043039,7.043039,3.585654
1258.000000,-373.281282,-628.228724,-0.053663,7.031645,7.031645,3.303844
1260.000000,-374.551727,-626.687336,-0.048448,7.031932,7.031932,2.936252
1262.000000,-375.677294,-625.035601,-0.041583,7.010000,7.010000,2.478416
1264.000000,-376.651471,-623.290400,-0.034780,7.021531,7.021531,1.975910
1266.000000,-377.513866,-621.486317,-0.031252,7.008686,7.008686,1.559270
1268.000000,-378.261557,-619.631870,-0.030072,7.004832,7.004832,1.163576
1270.000000,-378.893919,-617.735123,-0.027749,6.988283,6.988283,0.721815
1272.000000,-379.421157,-615.806474,-0.026406,6.995322,6.995322,0.275358
1274.000000,-379.850267,-613.853496,-0.022572,7.060998,7.060998,-0.133947
1276.000000,-380.171189,-611.879645,-0.013581,7.188000,7.188000,-0.534491
1278.000000,-380.453049,-609.899756,-0.006815,7.311749,7.311749,-0.906625
1280.000000,-380.707171,-607.916078,-0.001696,7.427662,7.427662,-1.243794
1282.000000,-380.947887,-605.930723,0.004532,7.519225,7.519225,-1.544960
1284.000000,-381.216246,-603.948987,0.006160,7.577012,7.577012,-1.776398
1286.000000,-381.514565,-601.971467,0.003668,7.608615,7.608615,-1.935515
1288.000000,-381.822927,-599.995481,0.001935,7.630164,7.630164,-2.042173
1290.000000,-382.139291,-598.020761,0.001045,7.639445,7.639445,-2.111227
1292.000000,-382.460197,-596.046771,0.000043,7.643278,7.643278,-2.157550
1294.000000,-382.780527,-594.072688,-0.000519,7.642084,7.642084,-2.186566
1296.000000,-383.098140,-592.098166,-0.000744,7.640492,7.640492,-2.201079
1298.000000,-383.413560,-590.123293,-0.000855,7.636894,7.636894,-2.206484
1300.000000,-383.724334,-588.147683,-0.000887,7.632458,7.632458,-2.207781
1302.000000,-384.033075,-586.171755,-0.001231,7.628922,7.628922,-2.204745
1304.000000,-384.336501,-584.195004,-0.001566,7.625586,7.625586,-2.204001
1306.000000,-384.633132,-582.217222,-0.001651,7.619990,7.619990,-2.204007
1308.000000,-384.923897,-580.238570,-0.001760,7.614809,7.614809,-2.198023
1310.000000,-385.207061,-578.258817,-0.001781,7.609892,7.609892,-2.194647
1312.000000,-385.483424,-576.278101,-0.001832,7.606263,7.606263,-2.199775
1314.000000,-385.752777,-574.296420,-0.001890,7.602360,7.602360,-2.212752
1316.000000,-386.013923,-572.313645,-0.001896,7.598707,7.598707,-2.231956
1318.000000,-386.268522,-570.330013,-0.001702,7.596813,7.596813,-2.253753
1320.000000,-386.514339,-568.345275,-0.001435,7.595437,7.595437,-2.277263
1322.000000,-386.757248,-566.360177,-0.002130,7.596752,7.596752,-2.297408
1324.000000,-386.991974,-564.374103,-0.003083,7.595130,7.595130,-2.319473
1326.000000,-387.212124,-562.386358,-0.002897,7.585866,7.585866,-2.345800
1328.000000,-387.420607,-560.397355,-0.002093,7.570111,7.570111,-2.372005
1330.000000,-387.620934,-558.407510,-0.001805,7.550992,7.550992,-2.397136
1332.000000,-387.815940,-556.417138,-0.001905,7.530996,7.530996,-2.419980
1334.000000,-388.001013,-554.425817,-0.001531,7.505904,7.505904,-2.445067
1336.000000,-388.180930,-552.434024,-0.001316,7.480702,7.480702,-2.467085
1338.000000,-388.356711,-550.441860,-0.001784,7.454865,7.454865,-2.483960
1340.000000,-388.524950,-548.449048,-0.002101,7.427041,7.427041,-2.498229
1342.000000,-388.683963,-546.455479,-0.002082,7.393734,7.393734,-2.513934
1344.000000,-388.835463,-544.461323,-0.002689,7.356223,7.356223,-2.531860
1346.000000,-388.978011,-542.466512,-0.003678,7.313002,7.313002,-2.554689
1348.000000,-389.103071,-540.470532,-0.003114,7.256067,7.256067,-2.591893
1350.000000,-389.213338,-538.473677,-0.000703,7.187763,7.187763,-2.641386
1352.000000,-389.320963,-536.476671,0.001294,7.120796,7.120796,-2.691062
1354.000000,-389.437436,-534.480164,0.001076,7.068468,7.068468,-2.729365
1356.000000,-389.559524,-532.483990,-0.000734,7.026584,7.026584,-2.759247
1358.000000,-389.678719,-530.487642,-0.001791,6.986450,6.986450,-2.788360
1360.000000,-389.786369,-528.490641,-0.000357,6.939142,6.939142,-2.823875
1362.000000,-389.891393,-526.493500,0.002245,6.892141,6.892141,-2.855314
1364.000000,-390.007509,-524.496977,0.003139,6.862774,6.862774,-2.867391
1366.000000,-390.139927,-522.501470,0.001363,6.855566,6.855566,-2.854901
1368.000000,-390.278772,-520.506392,-0.001043,6.862444,6.862444,-2.829105
1370.000000,-390.410218,-518.510818,-0.001903,6.867652,6.867652,-2.803821
1372.000000,-390.533378,-516.514711,-0.001630,6.872127,6.872127,-2.778345
1374.000000,-390.650123,-514.518219,-0.001317,6.876881,6.876881,-2.749210
1376.000000,-390.761960,-512.521445,-0.001251,6.880754,6.880754,-2.716292
1378.000000,-390.868986,-510.524408,-0.001439,6.884889,6.884889,-2.680758
1380.000000,-390.970562,-508.527086,-0.001619,6.888133,6.888133,-2.643823
1382.000000,-391.064857,-506.529407,-0.001497,6.889871,6.889871,-2.607277
1384.000000,-391.153299,-504.531462,-0.001374,6.890728,6.890728,-2.571189
1386.000000,-391.236797,-502.533302,-0.001485,6.891280,6.891280,-2.535295
1388.000000,-391.314081,-500.534894,-0.001472,6.891050,6.891050,-2.500427
1390.000000,-391.385005,-498.536248,-0.001375,6.891202,6.891202,-2.467091
1392.000000,-391.451325,-496.537446,-0.001375,6.890129,6.890129,-2.433285
1394.000000,-391.511230,-494.538440,-0.001264,6.889309,6.889309,-2.399689
1396.000000,-391.566577,-492.539302,-0.001200,6.888660,6.888660,-2.364018
1398.000000,-391.617236,-490.540042,-0.001235,6.887679,6.887679,-2.326183
1400.000000,-391.662634,-488.540654,-0.001161,6.888222,6.888222,-2.286553
1402.000000,-391.703486,-486.541168,-0.001046,6.888633,6.888633,-2.243471
1404.000000,-391.740122,-484.541600,-0.001148,6.890877,6.890877,-2.198192
1406.000000,-391.773001,-482.541968,-0.001309,6.892964,6.892964,-2.150711
1408.000000,-391.799255,-480.542237,-0.001136,6.893857,6.893857,-2.104437
1410.000000,-391.821578,-478.542458,-0.000892,6.895041,6.895041,-2.056909
1412.000000,-391.840211,-476.542643,-0.000828,6.897943,6.897943,-2.008960
1414.000000,-391.855881,-474.542800,-0.000895,6.901337,6.901337,-1.960525
1416.000000,-391.867923,-472.542934,-0.001099,6.904867,6.904867,-1.911842
1418.000000,-391.875867,-470.543046,-0.001218,6.907999,6.907999,-1.863225
1420.000000,-391.878047,-468.543146,-0.001120,6.911245,6.911245,-1.815833
1422.000000,-391.876360,-466.543243,-0.001022,6.915070,6.915070,-1.766645
1424.000000,-391.870247,-464.543348,-0.001088,6.919969,6.919969,-1.715449
1426.000000,-391.860502,-462.543469,-0.001417,6.925668,6.925668,-1.661696
1428.000000,-391.845034,-460.543626,-0.001598,6.931423,6.931423,-1.607673
1430.000000,-391.821975,-458.543855,-0.001576,6.936732,6.936732,-1.553537
1432.000000,-391.794257,-456.544146,-0.001803,6.941655,6.941655,-1.496099
1434.000000,-391.758230,-454.544570,-0.001868,6.943773,6.943773,-1.439102
1436.000000,-391.714641,-452.545142,-0.001679,6.942728,6.942728,-1.383042
1438.000000,-391.664604,-450.545865,-0.001591,6.938238,6.938238,-1.327860
1440.000000,-391.608178,-448.546760,-0.001522,6.933888,6.933888,-1.274156
1442.000000,-391.545530,-446.547838,-0.001538,6.928289,6.928289,-1.221512
1444.000000,-391.477370,-444.549097,-0.001596,6.922715,6.922715,-1.169421
1446.000000,-391.401860,-442.550620,-0.001419,6.916686,6.916686,-1.119384
1448.000000,-391.321043,-440.552352,-0.001173,6.910436,6.910436,-1.069702
1450.000000,-391.235508,-438.554278,-0.001135,6.904738,6.904738,-1.019746
1452.000000,-391.145968,-436.556380,-0.001137,6.898555,6.898555,-0.968280
1454.000000,-391.051010,-434.558733,-0.001005,6.894182,6.894182,-0.918116
1456.000000,-390.952726,-432.561245,-0.001061,6.892244,6.892244,-0.868161
1458.000000,-390.850450,-430.563959,-0.001282,6.892326,6.892326,-0.818924
1460.000000,-390.742528,-428.566970,-0.001283,6.893291,6.893291,-0.771913
1462.000000,-390.629413,-426.570269,-0.001238,6.893876,6.893876,-0.726560
1464.000000,-390.511829,-424.573825,-0.001304,6.893669,6.893669,-0.681624
1466.000000,-390.388605,-422.577722,-0.001249,6.893817,6.893817,-0.637393
1468.000000,-390.260301,-420.581939,-0.001274,6.894982,6.894982,-0.593434
1470.000000,-390.127850,-418.586426,-0.001302,6.895714,6.895714,-0.548652
1472.000000,-389.988428,-416.591389,-0.001258,6.898629,6.898629,-0.505172
1474.000000,-389.846314,-414.596547,-0.001465,6.900806,6.900806,-0.458817
1476.000000,-389.696480,-412.602264,-0.001530,6.899756,6.899756,-0.415339
1478.000000,-389.541407,-410.608382,-0.001419,6.897930,6.897930,-0.373084
1480.000000,-389.380127,-408.614993,-0.001299,6.894216,6.894216,-0.333175
1482.000000,-389.213866,-406.622013,-0.001238,6.890403,6.890403,-0.295264
1484.000000,-389.043062,-404.629417,-0.001438,6.885713,6.885713,-0.259010
1486.000000,-388.866591,-402.637315,-0.001555,6.880164,6.880164,-0.225590
1488.000000,-388.683080,-400.645849,-0.001344,6.872951,6.872951,-0.196108
1490.000000,-388.494535,-398.654853,-0.001160,6.867301,6.867301,-0.169266
1492.000000,-388.301689,-396.664270,-0.001186,6.860225,6.860225,-0.144588
1494.000000,-388.104007,-394.674161,-0.001112,6.853919,6.853919,-0.122645
1496.000000,-387.901421,-392.684544,-0.000987,6.849395,6.849395,-0.102980
1498.000000,-387.695783,-390.695242,-0.001011,6.845584,6.845584,-0.083634
1500.000000,-387.485452,-388.706430,-0.001109,6.842881,6.842881,-0.064962
1502.000000,-387.271466,-386.718007,-0.001143,6.840646,6.840646,-0.044775
1504.000000,-387.051834,-384.730200,-0.001058,6.842608,6.842608,-0.025557
1506.000000,-386.828966,-382.742754,-0.000970,6.840868,6.840868,-0.006694
1508.000000,-386.601397,-380.755841,-0.001002,6.841955,6.841955,0.009594
1510.000000,-386.371046,-378.769247,-0.001241,6.842459,6.842459,0.024874
1512.000000,-386.135039,-376.783320,-0.001302,6.845212,6.845212,0.038007
1514.000000,-385.893401,-374.798067,-0.001263,6.849111,6.849111,0.049722
1516.000000,-385.647995,-372.813278,-0.001435,6.852194,6.852194,0.062409
1518.000000,-385.395702,-370.829353,-0.001384,6.856419,6.856419,0.074257
1520.000000,-385.138168,-368.846101,-0.001253,6.861325,6.861325,0.086617
1522.000000,-384.876037,-366.863451,-0.001262,6.865869,6.865869,0.099827
1524.000000,-384.608461,-364.881529,-0.001373,6.870174,6.870174,0.112802
1526.000000,-384.336356,-362.900224,-0.001551,6.874343,6.874343,0.125295
1528.000000,-384.056999,-360.919930,-0.001503,6.877913,6.877913,0.133354
1530.000000,-383.772096,-358.940424,-0.001373,6.881560,6.881560,0.137727
1532.000000,-383.481728,-356.961712,-0.001392,6.885517,6.885517,0.137921
1534.000000,-383.186104,-354.983782,-0.001422,6.891323,6.891323,0.133995
1536.000000,-382.884424,-353.006763,-0.001432,6.895223,6.895223,0.124975
1538.000000,-382.577624,-351.030534,-0.001295,6.898145,6.898145,0.111398
1540.000000,-382.264478,-349.055298,-0.001051,6.902233,6.902233,0.091508
1542.000000,-381.948679,-347.080486,-0.001103,6.904462,6.904462,0.069540
1544.000000,-381.627920,-345.106473,-0.001140,6.907145,6.907145,0.043932
1546.000000,-381.302313,-343.133254,-0.000841,6.908097,6.908097,0.015533
1548.000000,-380.973362,-341.160589,-0.000725,6.909581,6.909581,-0.013915
1550.000000,-380.642666,-339.188216,-0.000733,6.909558,6.909558,-0.042560
1552.000000,-380.307369,-337.216620,-0.000525,6.911133,6.911133,-0.073018
1554.000000,-379.971458,-335.245130,-0.000366,6.910894,6.910894,-0.100857
1556.000000,-379.633097,-333.274057,-0.000185,6.911217,6.911217,-0.127513
1558.000000,-379.294475,-331.303029,-0.000069,6.911348,6.911348,-0.150145
1560.000000,-378.955902,-329.331993,-0.000108,6.913373,6.913373,-0.168390
1562.000000,-378.616403,-327.361116,-0.000116,6.916337,6.916337,-0.183817
1564.000000,-378.276999,-325.390223,-0.000137,6.919155,6.919155,-0.196616
1566.000000,-377.936507,-323.419517,-0.000044,6.922499,6.922499,-0.209122
1568.000000,-377.595931,-321.448826,0.000054,6.925735,6.925735,-0.220764
1570.000000,-377.255915,-319.478038,-0.000004,6.929437,6.929437,-0.230379
1572.000000,-376.915718,-317.507281,0.000000,6.932894,6.932894,-0.238585
1574.000000,-376.575265,-315.536568,0.000037,6.935885,6.935885,-0.245344
1576.000000,-376.235507,-313.565736,-0.000032,6.938101,6.938101,-0.249514
1578.000000,-375.895205,-311.594997,-0.000061,6.940166,6.940166,-0.251822
1580.000000,-375.554788,-309.624279,-0.000062,6.941471,6.941471,-0.252026
1582.000000,-375.214177,-307.653594,0.000021,6.942123,6.942123,-0.250287
1584.000000,-374.873093,-305.682990,0.000110,6.941790,6.941790,-0.247111
1586.000000,-374.533487,-303.712132,-0.000016,6.939698,6.939698,-0.240425
1588.000000,-374.193127,-301.741403,-0.000096,6.938332,6.938332,-0.232562
1590.000000,-373.852547,-299.770713,-0.000064,6.935793,6.935793,-0.223285
1592.000000,-373.511644,-297.800078,-0.000049,6.933779,6.933779,-0.212826
1594.000000,-373.170595,-295.829469,-0.000065,6.932060,6.932060,-0.201075
1596.000000,-372.829397,-293.858885,-0.000058,6.930097,6.930097,-0.188443
1598.000000,-372.487623,-291.888401,-0.000015,6.928078,6.928078,-0.175740
1600.000000,-372.146240,-289.917850,-0.000009,6.926084,6.926084,-0.162228
1602.000000,-371.804417,-287.947374,-0.000015,6.924608,6.924608,-0.149204
1604.000000,-371.462946,-285.976838,-0.000018,6.922495,6.922495,-0.136182
1606.000000,-371.120972,-284.006389,0.000017,6.920905,6.920905,-0.124511
1608.000000,-370.779361,-282.035877,0.000028,6.918967,6.918967,-0.113599
1610.000000,-370.437787,-280.065359,-0.000024,6.917469,6.917469,-0.103936
1612.000000,-370.096217,-278.094839,0.000017,6.915948,6.915948,-0.095937
1614.000000,-369.754229,-276.124393,0.000030,6.915886,6.915886,-0.090239
1616.000000,-369.413337,-274.153756,-0.000019,6.914635,6.914635,-0.084513
1618.000000,-369.071139,-272.183346,0.000079,6.914181,6.914181,-0.080629
1620.000000,-368.730160,-270.212725,0.000052,6.913304,6.913304,-0.075283
1622.000000,-368.389288,-268.242085,-0.000072,6.912298,6.912298,-0.069002
1624.000000,-368.047801,-266.271551,-0.000042,6.911219,6.911219,-0.062564
1626.000000,-367.706307,-264.301019,0.000034,6.910587,6.910587,-0.055365
1628.000000,-367.364773,-262.330493,0.000013,6.909525,6.909525,-0.047660
1630.000000,-367.023865,-260.359860,-0.000044,6.908303,6.908303,-0.039003
1632.000000,-366.681944,-258.389402,-0.000003,6.907327,6.907327,-0.031355
1634.000000,-366.340731,-256.418821,-0.000001,6.905309,6.905309,-0.023108
1636.000000,-365.999061,-254.448319,-0.000046,6.904289,6.904289,-0.015457
1638.000000,-365.657580,-252.477784,-0.000037,6.902609,6.902609,-0.007739
1640.000000,-365.315456,-250.507361,0.000041,6.901989,6.901989,-0.000762
1642.000000,-364.973843,-248.536849,0.000057,6.900385,6.900385,0.006587
1644.000000,-364.632491,-246.566293,-0.000036,6.898951,6.898951,0.014059
1646.000000,-364.291005,-244.595759,-0.000043,6.897709,6.897709,0.021120
1648.000000,-363.948952,-242.625323,-0.000013,6.897062,6.897062,0.027131
1650.000000,-363.607496,-240.654784,-0.000008,6.895968,6.895968,0.033322
1652.000000,-363.265215,-238.684389,0.000030,6.895641,6.895641,0.038366
1654.000000,-362.923859,-236.713833,0.000032,6.895047,6.895047,0.044014
1656.000000,-362.581954,-234.743372,0.000013,6.894442,6.894442,0.048718
1658.000000,-362.240723,-232.772794,-0.000027,6.893846,6.893846,0.053814
1660.000000,-361.898895,-230.802319,0.000007,6.893404,6.893404,0.058186
1662.000000,-361.557160,-228.831829,0.000070,6.893048,6.893048,0.062722
1664.000000,-361.215939,-226.861249,0.000058,6.892977,6.892977,0.068260
1666.000000,-360.874699,-224.890673,0.000132,6.893030,6.893030,0.074389
1668.000000,-360.533895,-222.920021,0.000166,6.892540,6.892540,0.081515
1670.000000,-360.194325,-220.949156,0.000082,6.892379,6.892379,0.090446
1672.000000,-359.854475,-218.978340,0.000074,6.891783,6.891783,0.099527
1674.000000,-359.515243,-217.007417,0.000090,6.891139,6.891139,0.109335
1676.000000,-359.176220,-215.036458,0.000121,6.889683,6.889683,0.119190
1678.000000,-358.837583,-213.065432,0.000105,6.888756,6.888756,0.129045
1680.000000,-358.499872,-211.094248,0.000041,6.887463,6.887463,0.139539
1682.000000,-358.161573,-209.123165,0.000087,6.885935,6.885935,0.149241
1684.000000,-357.824168,-207.151928,0.000124,6.884392,6.884392,0.159614
1686.000000,-357.486938,-205.180662,0.000051,6.881852,6.881852,0.169733
1688.000000,-357.150419,-203.209274,0.000011,6.879787,6.879787,0.179992
1690.000000,-356.813112,-201.238021,0.000100,6.877020,6.877020,0.188711
1692.000000,-356.476838,-199.266591,0.000117,6.873733,6.873733,0.197485
1694.000000,-356.140862,-197.295110,0.000023,6.870626,6.870626,0.205292
1696.000000,-355.805096,-195.323594,-0.000004,6.867093,6.867093,0.211864
1698.000000,-355.468978,-193.352137,0.000002,6.863464,6.863464,0.216727
1700.000000,-355.133285,-191.380609,0.000019,6.860484,6.860484,0.220534
1702.000000,-354.797133,-189.409158,0.000006,6.856636,6.856636,0.222071
1704.000000,-354.461766,-187.437574,-0.000034,6.854288,6.854288,0.221854
1706.000000,-354.125375,-185.466164,0.000000,6.850632,6.850632,0.216311
1708.000000,-353.789713,-183.494630,-0.000010,6.848023,6.848023,0.206196
1710.000000,-353.453625,-181.523168,0.000045,6.845463,6.845463,0.189431
1712.000000,-353.117504,-179.551712,0.000107,6.843442,6.843442,0.166086
1714.000000,-352.782583,-177.580052,0.000023,6.841513,6.841513,0.136784
1716.000000,-352.446982,-175.608508,0.000056,6.839954,6.839954,0.099660
1718.000000,-352.111901,-173.636875,0.000004,6.839317,6.839317,0.056515
1720.000000,-351.777349,-171.665152,0.000043,6.839097,6.839097,0.007397
1722.000000,-351.441278,-169.693688,0.000290,6.838848,6.838848,-0.050067
1724.000000,-351.108388,-167.721684,0.000156,6.839166,6.839166,-0.110889
1726.000000,-350.775228,-165.749725,0.000025,6.840613,6.840613,-0.176333
1728.000000,-350.441890,-163.777797,0.000214,6.841104,6.841104,-0.245245
1730.000000,-350.109579,-161.805695,0.000268,6.842467,6.842467,-0.315684
1732.000000,-349.778761,-159.833343,0.000162,6.843933,6.843933,-0.386686
1734.000000,-349.448153,-157.860955,0.000209,6.845895,6.845895,-0.459595
1736.000000,-349.118189,-155.888459,0.000318,6.847653,6.847653,-0.533851
1738.000000,-348.790025,-153.915663,0.000307,6.849818,6.849818,-0.608404
1740.000000,-348.462632,-151.942739,0.000218,6.852900,6.852900,-0.684425
1742.000000,-348.136737,-149.969567,0.000200,6.855641,6.855641,-0.761073
1744.000000,-347.810522,-147.996448,0.000400,6.856643,6.856643,-0.839582
1746.000000,-347.486610,-146.022949,0.000468,6.859354,6.859354,-0.916644
1748.000000,-347.164729,-144.049119,0.000332,6.861202,6.861202,-0.992529
1750.000000,-346.843865,-142.075122,0.000208,6.863818,6.863818,-1.068884
1752.000000,-346.524180,-140.100935,0.000231,6.864199,6.864199,-1.146550
1754.000000,-346.204400,-138.126763,0.000385,6.863985,6.863985,-1.226857
1756.000000,-345.887277,-136.152162,0.000395,6.865178,6.865178,-1.307003
1758.000000,-345.571013,-134.177424,0.000526,6.865255,6.865255,-1.389147
1760.000000,-345.256609,-132.202389,0.000595,6.864548,6.864548,-1.471316
1762.000000,-344.945938,-130.226763,0.000476,6.865948,6.865948,-1.550631
1764.000000,-344.635345,-128.251125,0.000783,6.864755,6.864755,-1.630386
1766.000000,-344.328386,-126.274918,0.000896,6.866891,6.866891,-1.706946
1768.000000,-344.026462,-124.297938,0.000816,6.867757,6.867757,-1.779038
1770.000000,-343.725000,-122.320888,0.001086,6.864898,6.864898,-1.851510
1772.000000,-343.430481,-120.342790,0.001200,6.864224,6.864224,-1.917752
1774.000000,-343.138797,-118.364271,0.001206,6.862134,6.862134,-1.981756
1776.000000,-342.853493,-116.384824,0.001052,6.861798,6.861798,-2.040052
1778.000000,-342.571692,-114.404873,0.000986,6.860578,6.860578,-2.095421
1780.000000,-342.293169,-112.424462,0.001198,6.857756,6.857756,-2.147692
1782.000000,-342.020205,-110.443274,0.001227,6.856532,6.856532,-2.194113
1784.000000,-341.751826,-108.461460,0.001259,6.854136,6.854136,-2.235291
1786.000000,-341.488160,-106.479014,0.001491,6.852571,6.852571,-2.271108
1788.000000,-341.230443,-104.495786,0.001548,6.852082,6.852082,-2.300606
1790.000000,-340.979773,-102.511655,0.001370,6.853029,6.853029,-2.323148
1792.000000,-340.733631,-100.526957,0.001303,6.853715,6.853715,-2.341531
1794.000000,-340.493133,-98.541567,0.001346,6.854757,6.854757,-2.354710
1796.000000,-340.257510,-96.555593,0.001334,6.856072,6.856072,-2.363577
1798.000000,-340.027877,-94.568918,0.001066,6.858165,6.858165,-2.367085
1800.000000,-339.802591,-92.581744,0.000898,6.860792,6.860792,-2.366852
1802.000000,-339.579564,-90.594315,0.001019,6.863330,6.863330,-2.365202
1804.000000,-339.361941,-88.606287,0.001014,6.866871,6.866871,-2.359080
1806.000000,-339.147457,-86.617918,0.000988,6.869425,6.869425,-2.350519
1808.000000,-338.937415,-84.629076,0.001046,6.872926,6.872926,-2.338072
1810.000000,-338.731073,-82.639845,0.001118,6.875407,6.875407,-2.322563
1812.000000,-338.529528,-80.650125,0.001043,6.877960,6.877960,-2.303436
1814.000000,-338.332486,-78.659951,0.000969,6.880529,6.880529,-2.281446
1816.000000,-338.138237,-76.669504,0.000943,6.882194,6.882194,-2.259072
1818.000000,-337.949329,-74.678542,0.000879,6.884950,6.884950,-2.234884
1820.000000,-337.761967,-72.687437,0.000783,6.884616,6.884616,-2.213470
1822.000000,-337.580172,-70.695813,0.000676,6.886033,6.886033,-2.191602
1824.000000,-337.398165,-68.704209,0.000798,6.884524,6.884524,-2.176320
1826.000000,-337.221786,-66.712099,0.000904,6.886864,6.886864,-2.161349
1828.000000,-337.047072,-64.719841,0.001082,6.886431,6.886431,-2.149524
1830.000000,-336.877815,-62.727115,0.000967,6.887298,6.887298,-2.136162
1832.000000,-336.713222,-60.733996,0.000718,6.888048,6.888048,-2.120800
1834.000000,-336.549262,-58.740829,0.000772,6.887328,6.887328,-2.106978
1836.000000,-336.390820,-56.747211,0.000741,6.889190,6.889190,-2.090189
1838.000000,-336.233016,-54.753543,0.000867,6.887497,6.887497,-2.076220
1840.000000,-336.080239,-52.759483,0.001004,6.888815,6.888815,-2.061873
1842.000000,-335.930602,-50.765186,0.000942,6.890481,6.890481,-2.049116
1844.000000,-335.785671,-48.770541,0.000976,6.892360,6.892360,-2.036852
1846.000000,-335.643220,-46.775718,0.001095,6.892355,6.892355,-2.027804
1848.000000,-335.506684,-44.780480,0.001095,6.894743,6.894743,-2.018207
1850.000000,-335.373320,-42.785030,0.000973,6.895974,6.895974,-2.009947
1852.000000,-335.245169,-40.789237,0.001090,6.898182,6.898182,-2.000574
1854.000000,-335.118952,-38.793321,0.001399,6.898064,6.898064,-1.993356
1856.000000,-335.001052,-36.796896,0.001411,6.899249,6.899249,-1.980754
1858.000000,-334.886919,-34.800252,0.001540,6.898804,6.898804,-1.966101
1860.000000,-334.779469,-32.803240,0.001680,6.899071,6.899071,-1.945852
1862.000000,-334.679493,-30.805837,0.001325,6.899803,6.899803,-1.919293
1864.000000,-334.584732,-28.808180,0.001082,6.900075,6.900075,-1.889800
1866.000000,-334.493236,-26.810371,0.001400,6.899359,6.899359,-1.862701
1868.000000,-334.407287,-24.812316,0.001548,6.899740,6.899740,-1.839192
1870.000000,-334.329350,-22.813932,0.001097,6.902969,6.902969,-1.819272
1872.000000,-334.254580,-20.815427,0.000944,6.904334,6.904334,-1.805958
1874.000000,-334.182998,-18.816807,0.001099,6.903388,6.903388,-1.797650
1876.000000,-334.116971,-16.817994,0.000725,6.905072,6.905072,-1.791358
1878.000000,-334.054215,-14.819075,0.000454,6.906322,6.906322,-1.789611
1880.000000,-333.990955,-12.820173,0.000797,6.904828,6.904828,-1.794774
1882.000000,-333.932685,-10.821119,0.000537,6.906408,6.906408,-1.799691
1884.000000,-333.877683,-8.821972,0.000158,6.907882,6.907882,-1.805229
1886.000000,-333.819751,-6.822908,0.000400,6.906029,6.906029,-1.817594
1888.000000,-333.766933,-4.823702,0.000362,6.907786,6.907786,-1.828357
1890.000000,-333.713213,-2.824520,0.000308,6.907002,6.907002,-1.843103
1892.000000,-333.661970,-0.825274,0.000247,6.906959,6.906959,-1.858119
1894.000000,-333.611602,1.173996,0.000180,6.906252,6.906252,-1.874821
1896.000000,-333.560962,3.173258,0.000552,6.905231,6.905231,-1.894327
1898.000000,-333.512867,5.172583,0.000181,6.906698,6.906698,-1.914042
1900.000000,-333.468785,7.172000,-0.000405,6.912975,6.912975,-1.932400
1902.000000,-333.417023,9.171229,0.000097,6.912887,6.912887,-1.960706
1904.000000,-333.370123,11.170583,0.000224,6.915707,6.915707,-1.985804
1906.000000,-333.322733,13.169926,-0.000269,6.920051,6.920051,-2.012267
1908.000000,-333.275037,15.169261,-0.000241,6.924441,6.924441,-2.039418
1910.000000,-333.224140,17.168516,0.000058,6.926543,6.926543,-2.069629
1912.000000,-333.176100,19.167843,0.000009,6.931915,6.931915,-2.096217
1914.000000,-333.126470,21.167130,0.000081,6.937724,6.937724,-2.123660
1916.000000,-333.077306,23.166429,0.000271,6.944096,6.944096,-2.150074
1918.000000,-333.030097,25.165775,0.000216,6.949897,6.949897,-2.174256
1920.000000,-332.982844,27.165121,0.000295,6.952602,6.952602,-2.198502
1922.000000,-332.937174,29.164503,0.000480,6.955164,6.955164,-2.221360
1924.000000,-332.893103,31.163921,0.000472,6.957115,6.957115,-2.242766
1926.000000,-332.851932,33.163401,0.000170,6.959019,6.959019,-2.261376
1928.000000,-332.810912,35.162884,0.000087,6.959562,6.959562,-2.280073
1930.000000,-332.769417,37.162357,0.000015,6.959527,6.959527,-2.299584
1932.000000,-332.730110,39.161875,0.000021,6.959379,6.959379,-2.317154
1934.000000,-332.687145,41.161316,0.000347,6.952776,6.952776,-2.338630
1936.000000,-332.649638,43.160868,0.000230,6.950385,6.950385,-2.355163
1938.000000,-332.610429,45.160383,0.000133,6.944856,6.944856,-2.374378
1940.000000,-332.572841,47.159931,-0.000001,6.938727,6.938727,-2.393581
1942.000000,-332.535840,49.159492,-0.000008,6.934303,6.934303,-2.414599
1944.000000,-332.496024,51.158997,0.000246,6.925190,6.925190,-2.440934
1946.000000,-332.461117,53.158596,0.000067,6.920303,6.920303,-2.464760
1948.000000,-332.423139,55.158138,-0.000052,6.911971,6.911971,-2.493918
1950.000000,-332.387461,57.157723,0.000058,6.906732,6.906732,-2.523080
1952.000000,-332.349430,59.157264,0.000080,6.900057,6.900057,-2.556771
1954.000000,-332.314735,61.156867,0.000077,6.896946,6.896946,-2.588732
1956.000000,-332.277002,63.156414,0.000243,6.891439,6.891439,-2.624881
1958.000000,-332.243244,65.156033,-0.000095,6.889787,6.889787,-2.657918
1960.000000,-332.208467,67.155635,-0.000338,6.888524,6.888524,-2.692547
1962.000000,-332.170228,69.155172,0.000079,6.885505,6.885505,-2.730977
1964.000000,-332.134520,71.154757,0.000061,6.886055,6.886055,-2.767084
1966.000000,-332.098477,73.154335,-0.000045,6.887798,6.887798,-2.803705
1968.000000,-332.061543,75.153897,0.000162,6.890888,6.890888,-2.840881
1970.000000,-332.026003,77.153485,-0.000316,6.895738,6.895738,-2.875877
1972.000000,-331.991157,79.153081,-0.000816,6.901839,6.901839,-2.909154
1974.000000,-331.948468,81.152521,-0.000242,6.901997,6.901997,-2.949028
1976.000000,-331.907719,83.152000,0.000188,6.904030,6.904030,-2.986029
1978.000000,-331.867057,85.151489,0.000044,6.907700,6.907700,-3.022033
1980.000000,-331.827288,87.150997,-0.000362,6.912093,6.912093,-3.056251
1982.000000,-331.786355,89.150482,-0.000373,6.917401,6.917401,-3.090665
1984.000000,-331.741072,91.149870,0.000198,6.918501,6.918501,-3.129433
1986.000000,-331.699680,93.149343,-0.000084,6.922891,6.922891,-3.166565
1988.000000,-331.658017,95.148813,-0.000514,6.929780,6.929780,-3.205444
1990.000000,-331.611665,97.148177,-0.000030,6.932042,6.932042,-3.249330
1992.000000,-331.566742,99.147575,0.000198,6.934435,6.934435,-3.291930
1994.000000,-331.523166,101.147004,-0.000301,6.938729,6.938729,-3.333679
1996.000000,-331.478634,103.146412,-0.000402,6.942886,6.942886,-3.376987
1998.000000,-331.429845,105.145718,0.000142,6.942072,6.942072,-3.425412
2000.000000,-331.384096,107.145097,0.000063,6.944304,6.944304,-3.471560
2002.000000,-331.338793,109.144487,-0.000212,6.945866,6.945866,-3.517322
2004.000000,-331.290564,111.143809,0.000011,6.943441,6.943441,-3.564300
2006.000000,-331.244353,113.143177,0.000015,6.942097,6.942097,-3.605636
2008.000000,-331.197213,115.142525,0.000214,6.939531,6.939531,-3.641874
2010.000000,-331.150148,117.141873,0.000708,6.936882,6.936882,-3.670905
2012.000000,-331.107282,119.141318,0.000876,6.935976,6.935976,-3.687665
2014.000000,-331.067264,121.140821,0.001121,6.935694,6.935694,-3.690365
2016.000000,-331.031363,123.140401,0.001017,6.938288,6.938288,-3.674410
2018.000000,-331.002305,125.140092,0.000353,6.942624,6.942624,-3.630930
2020.000000,-330.971713,127.139761,0.000591,6.942372,6.942372,-3.554754
2022.000000,-330.942985,129.139458,0.001601,6.934509,6.934509,-3.432058
2024.000000,-330.921523,131.139243,0.002848,6.924566,6.924566,-3.256786
2026.000000,-330.909275,133.139104,0.002312,6.909788,6.909788,-3.026386
2028.000000,-330.916890,135.138993,-0.002490,6.871901,6.871901,-2.715391
2030.000000,-330.912554,137.138854,-0.007945,6.813337,6.813337,-2.342223
2032.000000,-330.872427,139.138300,-0.011096,6.747779,6.747779,-1.928496
2034.000000,-330.788753,141.136379,-0.013384,6.684442,6.684442,-1.487075
2036.000000,-330.650598,143.131376,-0.016137,6.625196,6.625196,-1.043054
2038.000000,-330.451272,145.121121,-0.023154,6.579386,6.579386,-0.611080
2040.000000,-330.171777,147.101137,-0.032983,6.550895,6.550895,-0.206821
2042.000000,-329.747301,149.054672,-0.036157,6.569396,6.569396,0.126452
2044.000000,-329.175830,150.970452,-0.032329,6.649361,6.649361,0.396968
2046.000000,-328.483853,152.846176,-0.030183,6.739823,6.739823,0.632748
2048.000000,-327.688722,154.680801,-0.032317,6.816975,6.816975,0.830710
2050.000000,-326.773022,156.458105,-0.033548,6.873756,6.873756,0.967790
2052.000000,-325.736381,158.167633,-0.032669,6.903994,6.903994,1.038228
2054.000000,-324.594571,159.808638,-0.032792,6.915239,6.915239,1.065616
2056.000000,-323.346514,161.370449,-0.034185,6.916660,6.916660,1.064288
2058.000000,-321.996868,162.845488,-0.033046,6.934350,6.934350,1.049656
2060.000000,-320.542462,164.217769,-0.028355,6.981398,6.981398,0.998690
2062.000000,-319.020667,165.514470,-0.026975,7.008274,7.008274,0.977524
2064.000000,-317.433252,166.730350,-0.030317,7.041498,7.041498,1.017778
2066.000000,-315.774851,167.847205,-0.032983,7.056753,7.056753,1.102392
2068.000000,-314.043866,168.847921,-0.035286,7.069449,7.069449,1.195685
2070.000000,-312.251167,169.732432,-0.033915,7.066752,7.066752,1.280953
2072.000000,-310.392448,170.466917,-0.025228,7.067518,7.067518,1.329285
2074.000000,-308.503817,171.124528,-0.020089,7.106542,7.106542,1.415170
2076.000000,-306.592187,171.711414,-0.025674,7.201191,7.201191,1.552765
2078.000000,-304.656288,172.211524,-0.039213,7.348024,7.348024,1.683019
2080.000000,-302.688418,172.558980,-0.047894,7.473375,7.473375,1.733369
2082.000000,-300.693797,172.683600,-0.043546,7.551201,7.551201,1.631751
2084.000000,-298.694993,172.648346,-0.040164,7.547292,7.547292,1.435921
2086.000000,-296.704761,172.461969,-0.038698,7.486193,7.486193,1.160059
2088.000000,-294.739225,172.098132,-0.031959,7.455033,7.455033,0.771880
2090.000000,-292.795819,171.627940,-0.030311,7.426813,7.426813,0.346264
2092.000000,-290.882581,171.047405,-0.029967,7.416392,7.416392,-0.126428
2094.000000,-289.017474,170.327753,-0.022222,7.405626,7.405626,-0.663592
2096.000000,-287.178210,169.542798,-0.017309,7.391126,7.391126,-1.123517
2098.000000,-285.366573,168.696106,-0.016663,7.380180,7.380180,-1.534442
2100.000000,-283.586266,167.785299,-0.013812,7.385357,7.385357,-1.905834
2102.000000,-281.832198,166.824822,-0.010814,7.395347,7.395347,-2.253215
2104.000000,-280.096261,165.831839,-0.009809,7.410718,7.410718,-2.591839
2106.000000,-278.381757,164.802292,-0.007646,7.429926,7.429926,-2.937145
2108.000000,-276.685514,163.742968,-0.004449,7.441103,7.441103,-3.284250
2110.000000,-274.994589,162.675094,-0.003120,7.464237,7.464237,-3.589215
2112.000000,-273.312315,161.593636,-0.002536,7.487442,7.487442,-3.850775
2114.000000,-271.634176,160.505765,-0.002186,7.503564,7.503564,-4.069357
2116.000000,-269.961069,159.410176,-0.002016,7.510231,7.510231,-4.257006
2118.000000,-268.292862,158.307139,-0.001822,7.514027,7.514027,-4.420425
2120.000000,-266.627536,157.199754,-0.002067,7.516083,7.516083,-4.549459
2122.000000,-264.967655,156.084225,-0.002251,7.517177,7.517177,-4.645788
2124.000000,-263.312397,154.961851,-0.002516,7.521115,7.521115,-4.716163
2126.000000,-261.662598,153.831471,-0.002385,7.523829,7.523829,-4.762390
2128.000000,-260.019955,152.690707,-0.001693,7.524307,7.524307,-4.790555
2130.000000,-258.379162,151.547286,-0.002104,7.530381,7.530381,-4.800259
2132.000000,-256.742962,150.397309,-0.002997,7.539899,7.539899,-4.794432
2134.000000,-255.115093,149.235566,-0.003685,7.545516,7.545516,-4.779926
2136.000000,-253.493703,148.064802,-0.005294,7.548822,7.548822,-4.762814
2138.000000,-251.885498,146.876024,-0.006588,7.557809,7.557809,-4.756856
2140.000000,-250.294662,145.664102,-0.006465,7.557518,7.557518,-4.762490
2142.000000,-248.719217,144.432226,-0.006342,7.550310,7.550310,-4.767516
2144.000000,-247.158725,143.181471,-0.007237,7.541188,7.541188,-4.766822
2146.000000,-245.615964,141.908924,-0.008894,7.526219,7.526219,-4.761385
2148.000000,-244.096061,140.609210,-0.009638,7.496943,7.496943,-4.767690
2150.000000,-242.604580,139.276984,-0.008074,7.447153,7.447153,-4.801544
2152.000000,-241.134777,137.920801,-0.005898,7.392353,7.392353,-4.852260
2154.000000,-239.679550,136.548995,-0.004977,7.335606,7.335606,-4.909184
2156.000000,-238.237632,135.163194,-0.004511,7.281461,7.281461,-4.966920
2158.000000,-236.809389,133.763301,-0.003953,7.232194,7.232194,-5.015001
2160.000000,-235.390679,132.353743,-0.004290,7.190174,7.190174,-5.039092
2162.000000,-233.983615,130.932573,-0.005235,7.156311,7.156311,-5.044347
2164.000000,-232.592391,129.495895,-0.005517,7.118538,7.118538,-5.039108
2166.000000,-231.217754,128.043335,-0.005047,7.076388,7.076388,-5.025758
2168.000000,-229.857837,126.576985,-0.004583,7.032151,7.032151,-5.011062
2170.000000,-228.510750,125.098830,-0.004028,6.987377,6.987377,-4.994550
2172.000000,-227.177228,123.608428,-0.002600,6.947527,6.947527,-4.972920
2174.000000,-225.851512,122.111067,-0.001650,6.915177,6.915177,-4.942585
2176.000000,-224.527597,120.612115,-0.002882,6.899319,6.899319,-4.892923
2178.000000,-223.212050,119.105825,-0.004542,6.892543,6.892543,-4.828823
2180.000000,-221.912732,117.585512,-0.004580,6.884904,6.884904,-4.762377
2182.000000,-220.627640,116.053169,-0.004251,6.876192,6.876192,-4.695159
2184.000000,-219.353735,114.511492,-0.004758,6.865779,6.865779,-4.623350
2186.000000,-218.095498,112.957011,-0.004969,6.860837,6.860837,-4.539518
2188.000000,-216.853732,111.389364,-0.004589,6.856986,6.856986,-4.438568
2190.000000,-215.625385,109.811147,-0.004513,6.854923,6.854923,-4.315136
2192.000000,-214.411427,108.221852,-0.004607,6.854489,6.854489,-4.163791
2194.000000,-213.212450,106.621212,-0.004695,6.851888,6.851888,-4.000461
2196.000000,-212.027907,105.009879,-0.004926,6.851055,6.851055,-3.835113
2198.000000,-210.859849,103.386548,-0.004690,6.851208,6.851208,-3.675799
2200.000000,-209.708133,101.751575,-0.004098,6.852175,6.852175,-3.524145
2202.000000,-208.568317,100.108287,-0.004158,6.855537,6.855537,-3.375867
2204.000000,-207.442070,98.455667,-0.004695,6.860034,6.860034,-3.232882
2206.000000,-206.331630,96.792393,-0.004911,6.861201,6.861201,-3.095862
2208.000000,-205.238311,95.117813,-0.004879,6.864429,6.864429,-2.967879
2210.000000,-204.160500,93.433212,-0.005168,6.868728,6.868728,-2.843490
2212.000000,-203.100101,91.737595,-0.005343,6.872885,6.872885,-2.720688
2214.000000,-202.059273,90.029892,-0.004919,6.877797,6.877797,-2.596689
2216.000000,-201.034610,88.312442,-0.004946,6.882630,6.882630,-2.466008
2218.000000,-200.025400,86.585866,-0.005764,6.888926,6.888926,-2.324372
2220.000000,-199.037299,84.847136,-0.006114,6.893047,6.893047,-2.173387
2222.000000,-198.071497,83.095916,-0.005947,6.891961,6.891961,-2.021689
2224.000000,-197.125316,81.334020,-0.006119,6.888705,6.888705,-1.868097
2226.000000,-196.201157,79.560474,-0.006038,6.884249,6.884249,-1.713539
2228.000000,-195.299888,77.775189,-0.005171,6.879194,6.879194,-1.564693
2230.000000,-194.416724,75.980866,-0.004561,6.875100,6.875100,-1.424262
2232.000000,-193.548428,74.179299,-0.004583,6.876475,6.876475,-1.289958
2234.000000,-192.697881,72.369285,-0.004523,6.882016,6.882016,-1.159942
2236.000000,-191.863183,70.551914,-0.004548,6.886448,6.886448,-1.031510
2238.000000,-191.044650,68.727202,-0.005032,6.890061,6.890061,-0.904457
2240.000000,-190.244209,66.894485,-0.005474,6.892676,6.892676,-0.777683
2242.000000,-189.465057,65.052610,-0.005552,6.893008,6.893008,-0.651800
2244.000000,-188.705710,63.202514,-0.005492,6.889635,6.889635,-0.526063
2246.000000,-187.967450,61.343874,-0.005377,6.881875,6.881875,-0.400945
2248.000000,-187.248668,59.477617,-0.005316,6.873981,6.873981,-0.272035
2250.000000,-186.549933,57.603766,-0.005260,6.866488,6.866488,-0.144435
2252.000000,-185.871149,55.722596,-0.005104,6.860386,6.860386,-0.024198
2254.000000,-185.211411,53.834663,-0.005227,6.855259,6.855259,0.087668
2256.000000,-184.570566,51.940226,-0.005445,6.853576,6.853576,0.187897
2258.000000,-183.951982,50.038406,-0.005232,6.856562,6.856562,0.274564
2260.000000,-183.352658,48.130432,-0.004833,6.864620,6.864620,0.351231
2262.000000,-182.772266,46.216612,-0.004489,6.876101,6.876101,0.420003
2264.000000,-182.208613,44.297790,-0.004198,6.889433,6.889433,0.487149
2266.000000,-181.661358,42.374231,-0.003983,6.901684,6.901684,0.553380
2268.000000,-181.129086,40.446467,-0.003826,6.912517,6.912517,0.620898
2270.000000,-180.611794,38.514630,-0.003681,6.921312,6.921312,0.692615
2272.000000,-180.108621,36.579067,-0.003716,6.927513,6.927513,0.770401
2274.000000,-179.619165,34.639991,-0.004326,6.932938,6.932938,0.852879
2276.000000,-179.145747,32.696938,-0.004824,6.937598,6.937598,0.937164
2278.000000,-178.693733,30.748795,-0.004443,6.942984,6.942984,1.020180
2280.000000,-178.257954,28.796955,-0.004220,6.944136,6.944136,1.103519
2282.000000,-177.837581,26.841743,-0.004834,6.941861,6.941861,1.187515
2284.000000,-177.436112,24.882563,-0.005329,6.936574,6.936574,1.268719
2286.000000,-177.057133,22.918909,-0.005242,6.930240,6.930240,1.344743
2288.000000,-176.697893,20.951552,-0.005354,6.923215,6.923215,1.420246
2290.000000,-176.359098,18.980571,-0.005778,6.917121,6.917121,1.499687
2292.000000,-176.044017,17.005662,-0.005684,6.911524,6.911524,1.585256
2294.000000,-175.752259,15.027163,-0.005330,6.904356,6.904356,1.677426
2296.000000,-175.480003,13.045907,-0.005241,6.896924,6.896924,1.775733
2298.000000,-175.229840,11.061725,-0.005818,6.892352,6.892352,1.875801
2300.000000,-174.999109,9.075194,-0.006875,6.889519,6.889519,1.980820
2302.000000,-174.799844,7.085274,-0.006712,6.887842,6.887842,2.077986
2304.000000,-174.627574,5.092826,-0.005634,6.890348,6.890348,2.168937
2306.000000,-174.476731,3.098635,-0.004965,6.897689,6.897689,2.258594
2308.000000,-174.345870,1.103028,-0.004098,6.909417,6.909417,2.348895
2310.000000,-174.232851,-0.893674,-0.002546,6.924631,6.924631,2.442404
2312.000000,-174.129588,-2.890910,-0.001887,6.940106,6.940106,2.544903
2314.000000,-174.029636,-4.888314,-0.003315,6.955037,6.955037,2.662036
2316.000000,-173.943459,-6.886351,-0.005104,6.963979,6.963979,2.782722
2318.000000,-173.879399,-8.885210,-0.005825,6.966059,6.966059,2.898170
2320.000000,-173.838936,-10.884684,-0.006088,6.967089,6.967089,3.001908
2322.000000,-173.822313,-12.884491,-0.006592,6.965188,6.965188,3.091107
2324.000000,-173.831789,-14.884351,-0.006634,6.959613,6.959613,3.162523
2326.000000,-173.870685,-16.883862,-0.005877,6.951805,6.951805,3.213675
2328.000000,-173.930763,-18.882850,-0.005551,6.943343,6.943343,3.251758
2330.000000,-174.013049,-20.881027,-0.006189,6.931029,6.931029,3.276080
2332.000000,-174.118476,-22.878135,-0.006717,6.907215,6.907215,3.286911
2334.000000,-174.254308,-24.873394,-0.005912,6.885861,6.885861,3.278874
2336.000000,-174.413451,-26.866946,-0.004575,6.870322,6.870322,3.261742
2338.000000,-174.589908,-28.859037,-0.004157,6.858915,6.858915,3.241175
2340.000000,-174.781373,-30.849748,-0.004400,6.848192,6.848192,3.219042
2342.000000,-174.991724,-32.838545,-0.003948,6.843431,6.843431,3.189209
2344.000000,-175.219321,-34.825452,-0.003013,6.841059,6.841059,3.149645
2346.000000,-175.456332,-36.811259,-0.002500,6.840327,6.840327,3.105886
2348.000000,-175.705155,-38.795618,-0.002038,6.843408,6.843408,3.055149
2350.000000,-175.960642,-40.779135,-0.001642,6.846074,6.846074,3.002972
2352.000000,-176.223331,-42.761708,-0.001264,6.850111,6.850111,2.947842
2354.000000,-176.491007,-44.743618,-0.000727,6.853483,6.853483,2.892370
2356.000000,-176.761547,-46.725138,-0.000437,6.854779,6.854779,2.840297
2358.000000,-177.032894,-48.706548,-0.000642,6.853070,6.853070,2.793306
2360.000000,-177.306693,-50.687621,-0.000917,6.849914,6.849914,2.749220
2362.000000,-177.584959,-52.668071,-0.000766,6.848583,6.848583,2.706011
2364.000000,-177.866369,-54.648077,-0.000484,6.846605,6.846605,2.664951
2366.000000,-178.149167,-56.627885,-0.000411,6.844498,6.844498,2.627428
2368.000000,-178.433709,-58.607443,-0.000398,6.842107,6.842107,2.593668
2370.000000,-178.719881,-60.586767,-0.000275,6.839665,6.839665,2.566005
2372.000000,-179.007354,-62.565902,-0.000228,6.838303,6.838303,2.544033
2374.000000,-179.294941,-64.545020,-0.000312,6.837289,6.837289,2.528865
2376.000000,-179.584608,-66.523835,-0.000237,6.836278,6.836278,2.518452
2378.000000,-179.874939,-68.502553,-0.000141,6.836851,6.836851,2.513096
2380.000000,-180.165617,-70.481219,-0.000178,6.837458,6.837458,2.511673
2382.000000,-180.457161,-72.459759,-0.000107,6.838780,6.838780,2.513158
2384.000000,-180.749451,-74.438188,0.000015,6.841785,6.841785,2.517806
2386.000000,-181.041079,-76.416715,0.000017,6.845245,6.845245,2.526012
2388.000000,-181.333041,-78.395193,0.000061,6.848911,6.848911,2.536374
2390.000000,-181.624723,-80.373712,0.000136,6.852295,6.852295,2.549515
2392.000000,-181.915667,-82.352339,0.000085,6.855995,6.855995,2.566177
2394.000000,-182.206215,-84.331025,0.000029,6.860401,6.860401,2.585785
2396.000000,-182.496945,-86.309684,0.000146,6.865009,6.865009,2.607916
2398.000000,-182.787242,-88.288407,0.000241,6.869040,6.869040,2.633606
2400.000000,-183.075917,-90.267367,0.000176,6.871668,6.871668,2.664303
2402.000000,-183.364458,-92.246347,0.000165,6.874824,6.874824,2.697944
2404.000000,-183.652095,-94.225458,0.000225,6.877145,6.877145,2.734804
2406.000000,-183.939067,-96.204665,0.000231,6.879106,6.879106,2.774247
2408.000000,-184.224710,-98.184065,0.000145,6.881142,6.881142,2.817110
2410.000000,-184.510017,-100.163513,0.000122,6.882540,6.882540,2.862082
2412.000000,-184.795024,-102.143005,0.000184,6.884374,6.884374,2.908990
2414.000000,-185.079029,-104.122640,0.000115,6.886591,6.886591,2.958235
2416.000000,-185.362418,-106.102364,0.000032,6.887080,6.887080,3.009095
2418.000000,-185.646214,-108.082030,0.000133,6.888436,6.888436,3.060087
2420.000000,-185.929300,-110.061797,0.000208,6.890065,6.890065,3.112028
2422.000000,-186.211296,-112.041720,0.000145,6.893311,6.893311,3.164737
2424.000000,-186.492883,-114.021701,0.000028,6.895797,6.895797,3.216721
2426.000000,-186.774079,-116.001737,-0.000053,6.897654,6.897654,3.267227
2428.000000,-187.056028,-117.981666,0.000012,6.900642,6.900642,3.314538
2430.000000,-187.337708,-119.961634,0.000057,6.904237,6.904237,3.359036
2432.000000,-187.618985,-121.941659,0.000017,6.906723,6.906723,3.399883
2434.000000,-187.900442,-123.921659,-0.000006,6.909573,6.909573,3.435780
2436.000000,-188.181674,-125.901690,-0.000021,6.912588,6.912588,3.467132
2438.000000,-188.463271,-127.881670,0.000023,6.914326,6.914326,3.493906
2440.000000,-188.744698,-129.861673,0.000036,6.915166,6.915166,3.517137
2442.000000,-189.025735,-131.841732,0.000058,6.915237,6.915237,3.536492
2444.000000,-189.307145,-133.821738,0.000061,6.915991,6.915991,3.551707
2446.000000,-189.587276,-135.801926,-0.000022,6.915300,6.915300,3.563939
2448.000000,-189.868628,-137.781940,0.000029,6.916198,6.916198,3.569811
2450.000000,-190.149168,-139.762070,0.000105,6.916183,6.916183,3.571973
2452.000000,-190.429658,-141.742206,0.000055,6.916751,6.916751,3.569286
2454.000000,-190.709404,-143.722448,0.000002,6.917363,6.917363,3.561295
2456.000000,-190.989819,-145.702596,0.000046,6.918110,6.918110,3.546681
2458.000000,-191.269602,-147.682832,0.000014,6.919009,6.919009,3.525812
2460.000000,-191.549253,-149.663088,-0.000105,6.919155,6.919155,3.495423
2462.000000,-191.829584,-151.643247,-0.000048,6.920014,6.920014,3.455544
2464.000000,-192.110349,-153.623344,0.000084,6.921092,6.921092,3.405968
2466.000000,-192.390322,-155.603554,0.000039,6.921706,6.921706,3.347796
2468.000000,-192.670109,-157.583790,-0.000055,6.921600,6.921600,3.279678
2470.000000,-192.950444,-159.563949,-0.000052,6.922139,6.922139,3.202348
2472.000000,-193.230742,-161.544113,0.000011,6.923163,6.923163,3.116446
2474.000000,-193.511386,-163.524228,0.000018,6.923584,6.923584,3.019365
2476.000000,-193.791199,-165.504460,-0.000087,6.923062,6.923062,2.911998
2478.000000,-194.072035,-167.484548,-0.000162,6.922196,6.922196,2.791615
2480.000000,-194.353029,-169.464613,-0.000241,6.920632,6.920632,2.657114
2482.000000,-194.635253,-171.444503,-0.000367,6.918729,6.918729,2.506255
2484.000000,-194.918668,-173.424223,-0.000495,6.914869,6.914869,2.340370
2486.000000,-195.204285,-175.403626,-0.000785,6.909180,6.909180,2.157805
2488.000000,-195.492145,-177.382704,-0.001096,6.900816,6.900816,1.954021
2490.000000,-195.785743,-179.360938,-0.000690,6.887982,6.887982,1.724949
2492.000000,-196.082966,-181.338632,-0.000296,6.871538,6.871538,1.469534
2494.000000,-196.378124,-183.316634,-0.000121,6.854881,6.854881,1.186205
2496.000000,-196.678477,-185.293856,0.001449,6.833942,6.833942,0.869520
2498.000000,-196.972411,-187.272034,0.003305,6.816961,6.816961,0.536855
2500.000000,-197.251045,-189.252425,0.004171,6.815445,6.815445,0.198617
2502.000000,-197.514362,-191.234907,0.004544,6.827259,6.827259,-0.146759
2504.000000,-197.757491,-193.219952,0.004694,6.850298,6.850298,-0.494389
2506.000000,-197.984203,-195.206960,0.005933,6.883341,6.883341,-0.852104
2508.000000,-198.189366,-197.196268,0.007631,6.923290,6.923290,-1.218428
2510.000000,-198.359641,-199.188883,0.009803,6.975272,6.975272,-1.577063
2512.000000,-198.499689,-201.183833,0.016926,7.059761,7.059761,-1.931362
2514.000000,-198.578667,-203.181775,0.022997,7.143487,7.143487,-2.242402
2516.000000,-198.539548,-205.181030,0.019421,7.168410,7.168410,-2.463875
2518.000000,-198.430070,-207.177808,0.014506,7.163902,7.163902,-2.645534
2520.000000,-198.269007,-209.171141,0.014228,7.160739,7.160739,-2.801904
2522.000000,-198.049969,-211.158907,0.014515,7.149373,7.149373,-2.930833
2524.000000,-197.771980,-213.139260,0.014238,7.132801,7.132801,-3.027826
2526.000000,-197.439516,-215.111219,0.013751,7.107218,7.107218,-3.097879
2528.000000,-197.049912,-217.072715,0.012889,7.084217,7.084217,-3.142666
2530.000000,-196.612690,-219.024149,0.012075,7.062051,7.062051,-3.175405
2532.000000,-196.126101,-220.963843,0.011372,7.042893,7.042893,-3.191887
2534.000000,-195.597899,-222.892687,0.010790,7.021082,7.021082,-3.200208
2536.000000,-195.026281,-224.809104,0.009988,6.993520,6.993520,-3.206582
2538.000000,-194.417117,-226.713925,0.009563,6.968655,6.968655,-3.216016
2540.000000,-193.773738,-228.607459,0.010676,6.947633,6.947633,-3.235781
2542.000000,-193.091097,-230.487177,0.012144,6.926913,6.926913,-3.264570
2544.000000,-192.360269,-232.348672,0.012980,6.910605,6.910605,-3.283536
2546.000000,-191.583504,-234.191445,0.014195,6.897850,6.897850,-3.282381
2548.000000,-190.754625,-236.011378,0.014719,6.882965,6.882965,-3.253938
2550.000000,-189.868225,-237.804035,0.013412,6.859855,6.859855,-3.204357
2552.000000,-188.936216,-239.573351,0.012333,6.840315,6.840315,-3.153691
2554.000000,-187.961618,-241.319634,0.011169,6.827292,6.827292,-3.112070
2556.000000,-186.944336,-243.041414,0.009530,6.820677,6.820677,-3.077124
2558.000000,-185.899769,-244.746830,0.010536,6.819436,6.819436,-3.052552
2560.000000,-184.821714,-246.431103,0.015079,6.833207,6.833207,-3.026662
2562.000000,-183.695635,-248.083710,0.018844,6.864553,6.864553,-2.983652
2564.000000,-182.499140,-249.686001,0.017227,6.928303,6.928303,-2.901645
2566.000000,-181.246692,-251.244919,0.011746,7.016589,7.016589,-2.790291
2568.000000,-179.957550,-252.773834,0.007494,7.083818,7.083818,-2.685262
2570.000000,-178.651432,-254.288304,0.007804,7.092754,7.092754,-2.636878
2572.000000,-177.324344,-255.784365,0.010639,7.073512,7.073512,-2.636515
2574.000000,-175.962689,-257.248961,0.011899,7.052151,7.052151,-2.654095
2576.000000,-174.565665,-258.679936,0.011612,7.034928,7.034928,-2.680110
2578.000000,-173.136086,-260.078404,0.011610,7.022553,7.022553,-2.719358
2580.000000,-171.675482,-261.444349,0.012217,7.017402,7.017402,-2.757958
2582.000000,-170.181289,-262.773503,0.012790,7.016555,7.016555,-2.783649
2584.000000,-168.653783,-264.064247,0.012953,7.018548,7.018548,-2.796388
2586.000000,-167.092561,-265.313988,0.012563,7.023789,7.023789,-2.797971
2588.000000,-165.500491,-266.524144,0.012152,7.032415,7.032415,-2.794964
2590.000000,-163.880092,-267.696165,0.012455,7.044313,7.044313,-2.798152
2592.000000,-162.231358,-268.827970,0.012896,7.053973,7.053973,-2.814634
2594.000000,-160.553040,-269.915390,0.013065,7.062376,7.062376,-2.836312
2596.000000,-158.847858,-270.960154,0.013315,7.065580,7.065580,-2.853610
2598.000000,-157.114685,-271.957765,0.013230,7.068337,7.068337,-2.853695
2600.000000,-155.355681,-272.909203,0.012877,7.069069,7.069069,-2.841695
2602.000000,-153.573011,-273.815489,0.013020,7.064802,7.064802,-2.835133
2604.000000,-151.767793,-274.675898,0.013478,7.061561,7.061561,-2.838104
2606.000000,-149.939581,-275.486284,0.013741,7.059135,7.059135,-2.848996
2608.000000,-148.089963,-276.246696,0.013400,7.059059,7.059059,-2.867666
2610.000000,-146.219754,-276.955008,0.012534,7.059057,7.059057,-2.899035
2612.000000,-144.333145,-277.618256,0.011746,7.059996,7.059996,-2.940952
2614.000000,-142.430976,-278.235492,0.011283,7.066080,7.066080,-2.994238
2616.000000,-140.516004,-278.811889,0.011792,7.075920,7.075920,-3.068425
2618.000000,-138.588206,-279.343774,0.012353,7.087172,7.087172,-3.172684
2620.000000,-136.646946,-279.824204,0.011590,7.100108,7.100108,-3.289458
2622.000000,-134.695390,-280.260924,0.010863,7.110714,7.110714,-3.398054
2624.000000,-132.734993,-280.656168,0.011712,7.114525,7.114525,-3.484624
2626.000000,-130.766394,-281.008131,0.012617,7.122332,7.122332,-3.551381
2628.000000,-128.788568,-281.304004,0.012151,7.119725,7.119725,-3.590905
2630.000000,-126.804721,-281.556190,0.012091,7.116542,7.116542,-3.617256
2632.000000,-124.815263,-281.759355,0.012859,7.110843,7.110843,-3.628031
2634.000000,-122.821275,-281.912094,0.013393,7.102681,7.102681,-3.625124
2636.000000,-120.823863,-282.009841,0.013353,7.093642,7.093642,-3.608713
2638.000000,-118.824568,-282.054203,0.013076,7.082764,7.082764,-3.577187
2640.000000,-116.824792,-282.046906,0.013383,7.068310,7.068310,-3.530988
2642.000000,-114.825861,-281.987195,0.013664,7.050761,7.050761,-3.466858
2644.000000,-112.829479,-281.869958,0.012488,7.027330,7.027330,-3.381298
2646.000000,-110.836714,-281.701853,0.010950,7.004072,7.004072,-3.272418
2648.000000,-108.847748,-281.493733,0.011321,6.976561,6.976561,-3.151528
2650.000000,-106.863803,-281.242122,0.012326,6.949659,6.949659,-3.018755
2652.000000,-104.887282,-280.937688,0.012126,6.933972,6.933972,-2.867024
2654.000000,-102.918411,-280.587166,0.012180,6.924458,6.924458,-2.701397
2656.000000,-100.958395,-280.190282,0.013812,6.917772,6.917772,-2.521954
2658.000000,-99.009726,-279.740889,0.014977,6.917837,6.917837,-2.320840
2660.000000,-97.077036,-279.227154,0.012914,6.940484,6.940484,-2.087650
2662.000000,-95.158686,-278.662116,0.009843,6.937532,6.937532,-1.823139
2664.000000,-93.250102,-278.064782,0.010732,6.917051,6.917051,-1.546945
2666.000000,-91.352825,-277.432527,0.014370,6.881048,6.881048,-1.266406
2668.000000,-89.477003,-276.739409,0.015602,6.853019,6.853019,-0.963870
2670.000000,-87.624387,-275.986552,0.012972,6.825535,6.825535,-0.628543
2672.000000,-85.793885,-275.181311,0.007022,6.780339,6.780339,-0.260323
2674.000000,-83.975444,-274.348936,0.000573,6.757878,6.757878,0.118623
2676.000000,-82.155377,-273.520117,-0.000543,6.805386,6.805386,0.471062
2678.000000,-80.330073,-272.702877,0.005601,6.922906,6.922906,0.785855
2680.000000,-78.513377,-271.866887,0.011813,7.051032,7.051032,1.094626
2682.000000,-76.723086,-270.975862,0.010836,7.136277,7.136277,1.443244
2684.000000,-74.953770,-270.043625,0.006654,7.203308,7.203308,1.816395
2686.000000,-73.193767,-269.093903,0.005314,7.272433,7.272433,2.185063
2688.000000,-71.443643,-268.126120,0.004578,7.348955,7.348955,2.547749
2690.000000,-69.705262,-267.137366,0.002496,7.420452,7.420452,2.901727
2692.000000,-67.969153,-266.144623,0.001944,7.480223,7.480223,3.230642
2694.000000,-66.236389,-265.146059,0.002856,7.527791,7.527791,3.539017
2696.000000,-64.510197,-264.136179,0.003262,7.560768,7.560768,3.831908
2698.000000,-62.790523,-263.115270,0.002112,7.574485,7.574485,4.109791
2700.000000,-61.077755,-262.082778,-0.000062,7.579197,7.579197,4.373509
2702.000000,-59.361906,-261.055419,-0.000499,7.586823,7.586823,4.599216
2704.000000,-57.644767,-260.030213,-0.000082,7.587916,7.587916,4.781281
2706.000000,-55.929182,-259.002407,-0.000292,7.589156,7.589156,4.929810
2708.000000,-54.211104,-257.978780,0.000051,7.590714,7.590714,5.040873
2710.000000,-52.494064,-256.953410,0.000335,7.590856,7.590856,5.124424
2712.000000,-50.777856,-255.926646,0.000096,7.591399,7.591399,5.186258
2714.000000,-49.061691,-254.899812,0.000091,7.592461,7.592461,5.235078
2716.000000,-47.345397,-253.873192,0.000188,7.593442,7.593442,5.273500
2718.000000,-45.630064,-252.844965,0.000017,7.595924,7.595924,5.300793
2720.000000,-43.914482,-251.817155,-0.000383,7.595864,7.595864,5.311389
2722.000000,-42.198580,-250.789879,-0.000420,7.595585,7.595585,5.305528
2724.000000,-40.480423,-249.766382,-0.000009,7.598567,7.598567,5.278394
2726.000000,-38.763654,-248.740557,0.000026,7.595943,7.595943,5.242541
2728.000000,-37.046288,-247.715730,-0.000113,7.592741,7.592741,5.197971
2730.000000,-35.328936,-246.690880,-0.000040,7.590433,7.590433,5.147241
2732.000000,-33.611225,-245.666632,0.000060,7.586987,7.586987,5.090952
2734.000000,-31.893889,-244.641755,-0.000056,7.584233,7.584233,5.030562
2736.000000,-30.176650,-243.616715,-0.000254,7.580471,7.580471,4.965846
2738.000000,-28.458387,-242.593395,-0.000037,7.577889,7.577889,4.894615
2740.000000,-26.739995,-241.570288,0.000175,7.575361,7.575361,4.818197
2742.000000,-25.022578,-240.545548,-0.000027,7.573042,7.573042,4.740068
2744.000000,-23.304772,-239.521459,-0.000286,7.569615,7.569615,4.658757
2746.000000,-21.586544,-238.498078,-0.000179,7.566785,7.566785,4.575172
2748.000000,-19.867205,-237.476566,0.000160,7.565093,7.565093,4.488106
2750.000000,-18.149049,-236.453065,0.000022,7.563742,7.563742,4.402453
2752.000000,-16.430946,-235.429474,-0.000209,7.563122,7.563122,4.317660
2754.000000,-14.711736,-234.407745,-0.000013,7.561776,7.561776,4.231222
2756.000000,-12.992978,-233.385255,-0.000355,7.562176,7.562176,4.145666
2758.000000,-11.274315,-232.362607,-0.000611,7.563785,7.563785,4.063399
2760.000000,-9.552118,-231.345923,0.000011,7.567852,7.567852,3.974874
2762.000000,-7.831911,-230.325881,0.000361,7.572287,7.572287,3.889577
2764.000000,-6.111349,-229.306431,0.000321,7.571282,7.571282,3.805114
2766.000000,-4.392444,-228.284189,0.000058,7.571967,7.571967,3.723898
2768.000000,-2.673196,-227.262523,-0.000207,7.572811,7.572811,3.643170
2770.000000,-0.953449,-226.241696,-0.000063,7.571917,7.571917,3.561259
2772.000000,0.766647,-225.221458,0.000576,7.574782,7.574782,3.478206
2774.000000,2.486062,-224.200077,0.001727,7.576606,7.576606,3.394145
2776.000000,4.201769,-223.172480,0.002528,7.569634,7.569634,3.314479
2778.000000,5.911365,-222.134761,0.002693,7.551828,7.551828,3.244156
2780.000000,7.615991,-221.088886,0.002765,7.525070,7.525070,3.180613
2782.000000,9.314223,-220.032669,0.002178,7.486132,7.486132,3.123576
2784.000000,11.006961,-218.967658,0.001036,7.438534,7.438534,3.072478
2786.000000,12.698662,-217.900999,0.000514,7.388519,7.388519,3.016593
2788.000000,14.389133,-216.832391,0.000407,7.335816,7.335816,2.953569
2790.000000,16.078713,-215.762373,0.000295,7.283136,7.283136,2.884034
2792.000000,17.767827,-214.691622,-0.000096,7.229371,7.229371,2.805728
2794.000000,19.456240,-213.619765,-0.001080,7.174743,7.174743,2.718556
2796.000000,21.147337,-212.552155,-0.002135,7.125790,7.125790,2.618554
2798.000000,22.842979,-211.491775,-0.001988,7.087122,7.087122,2.501674
2800.000000,24.544981,-210.441630,-0.000578,7.054774,7.054774,2.360596
2802.000000,26.246547,-209.390779,-0.000246,7.023737,7.023737,2.209426
2804.000000,27.947509,-208.338949,-0.001648,6.989097,6.989097,2.051171
2806.000000,29.652173,-207.293140,-0.002935,6.959899,6.959899,1.877818
2808.000000,31.363794,-206.258757,-0.002406,6.941362,6.941362,1.681819
2810.000000,33.082165,-205.235634,-0.000800,6.932623,6.932623,1.460939
2812.000000,34.799962,-204.211532,-0.000204,6.914081,6.914081,1.228073
2814.000000,36.518748,-203.189094,-0.000093,6.883186,6.883186,0.983839
2816.000000,38.237804,-202.167108,0.000943,6.851756,6.851756,0.724898
2818.000000,39.956092,-201.143829,0.002604,6.819847,6.819847,0.448146
2820.000000,41.667887,-200.109736,0.003596,6.785935,6.785935,0.150052
2822.000000,43.371915,-199.062901,0.003855,6.760931,6.760931,-0.167356
2824.000000,45.068005,-198.003247,0.004291,6.741284,6.741284,-0.498776
2826.000000,46.755237,-196.929560,0.004519,6.733626,6.733626,-0.828900
2828.000000,48.431446,-195.838729,0.005361,6.734207,6.734207,-1.149980
2830.000000,50.099458,-194.735413,0.009944,6.740776,6.740776,-1.476037
2832.000000,51.747564,-193.602683,0.015631,6.759682,6.759682,-1.794351
2834.000000,53.353135,-192.410498,0.016855,6.775758,6.775758,-2.067740
2836.000000,54.916913,-191.164271,0.014818,6.784037,6.784037,-2.294766
2838.000000,56.442862,-189.871664,0.013259,6.787277,6.787277,-2.482595
2840.000000,57.936674,-188.542068,0.013421,6.791107,6.791107,-2.645826
2842.000000,59.393844,-187.172466,0.014046,6.796009,6.796009,-2.780644
2844.000000,60.811238,-185.761771,0.013917,6.797160,6.797160,-2.880270
2846.000000,62.188562,-184.311886,0.013576,6.795310,6.795310,-2.944895
2848.000000,63.526753,-182.825783,0.013084,6.791311,6.791311,-2.981945
2850.000000,64.823970,-181.303781,0.012305,6.788111,6.788111,-2.991782
2852.000000,66.085044,-179.751700,0.012308,6.788166,6.788166,-2.983655
2854.000000,67.308267,-178.169594,0.012573,6.797258,6.797258,-2.961420
2856.000000,68.488949,-176.555480,0.011886,6.806774,6.806774,-2.933660
2858.000000,69.631890,-174.914467,0.011280,6.819085,6.819085,-2.905718
2860.000000,70.738290,-173.248566,0.011709,6.832056,6.832056,-2.878740
2862.000000,71.806356,-171.557833,0.012414,6.845772,6.845772,-2.852351
2864.000000,72.830321,-169.840036,0.012176,6.861558,6.861558,-2.827657
2866.000000,73.811489,-168.097502,0.011064,6.881446,6.881446,-2.803775
2868.000000,74.753965,-166.333656,0.012106,6.894159,6.894159,-2.784345
2870.000000,75.661668,-164.551681,0.017238,6.891075,6.891075,-2.776915
2872.000000,76.505316,-162.738951,0.020971,6.890859,6.890859,-2.752054
2874.000000,77.262627,-160.888157,0.019215,6.920768,6.920768,-2.676970
2876.000000,77.949397,-159.010152,0.013787,6.970134,6.970134,-2.571892
2878.000000,78.577924,-157.111632,0.007928,7.022281,7.022281,-2.453553
2880.000000,79.186103,-155.206452,0.006818,7.041664,7.041664,-2.359979
2882.000000,79.773022,-153.294661,0.010494,7.034488,7.034488,-2.289767
2884.000000,80.318569,-151.370680,0.013170,7.020978,7.020978,-2.223507
2886.000000,80.806787,-149.431364,0.012643,7.011522,7.011522,-2.150305
2888.000000,81.247478,-147.480703,0.011799,7.003167,7.003167,-2.072341
2890.000000,81.643998,-145.520583,0.012290,6.997049,6.997049,-1.994085
2892.000000,81.991850,-143.551248,0.012689,6.999528,6.999528,-1.924981
2894.000000,82.288027,-141.573481,0.012558,7.007587,7.007587,-1.870160
2896.000000,82.535926,-139.589109,0.012780,7.020765,7.020765,-1.816169
2898.000000,82.733075,-137.599063,0.014138,7.040037,7.040037,-1.755400
2900.000000,82.876851,-135.604414,0.015552,7.059770,7.059770,-1.697724
2902.000000,82.952779,-133.606050,0.015118,7.074572,7.074572,-1.665688
2904.000000,82.969419,-131.606354,0.013846,7.087487,7.087487,-1.669345
2906.000000,82.930796,-129.606940,0.013508,7.098969,7.098969,-1.707073
2908.000000,82.840555,-127.609155,0.013317,7.110358,7.110358,-1.769362
2910.000000,82.692889,-125.614782,0.011890,7.123589,7.123589,-1.839129
2912.000000,82.499054,-123.624359,0.010482,7.133971,7.133971,-1.906969
2914.000000,82.265449,-121.638213,0.010924,7.137589,7.137589,-1.975254
2916.000000,81.990829,-119.657305,0.011944,7.134736,7.134736,-2.045694
2918.000000,81.664750,-117.684231,0.011683,7.132889,7.132889,-2.120044
2920.000000,81.293747,-115.719108,0.011329,7.135690,7.135690,-2.199548
2922.000000,80.880003,-113.762564,0.012209,7.137105,7.137105,-2.283556
2924.000000,80.419001,-111.816590,0.012834,7.132517,7.132517,-2.363662
2926.000000,79.904795,-109.883978,0.012851,7.122416,7.122416,-2.434949
2928.000000,79.345175,-107.964098,0.012963,7.102685,7.102685,-2.494432
2930.000000,78.731659,-106.060767,0.012605,7.078810,7.078810,-2.529825
2932.000000,78.073154,-104.172442,0.012804,7.052729,7.052729,-2.549757
2934.000000,77.367276,-102.301334,0.013690,7.031675,7.031675,-2.555187
2936.000000,76.608781,-100.451061,0.013372,7.022640,7.022640,-2.538972
2938.000000,75.799274,-98.622399,0.013292,7.025011,7.025011,-2.507291
2940.000000,74.947464,-96.813049,0.013922,7.028529,7.028529,-2.471279
2942.000000,74.037996,-95.031981,0.012619,7.036524,7.036524,-2.420898
2944.000000,73.086264,-93.273160,0.010938,7.040150,7.040150,-2.365442
2946.000000,72.097692,-91.534739,0.010906,7.037264,7.037264,-2.304380
2948.000000,71.071981,-89.817968,0.011768,7.030116,7.030116,-2.235761
2950.000000,70.006747,-88.125460,0.013229,7.014462,7.014462,-2.162805
2952.000000,68.897463,-86.461549,0.014125,6.999486,6.999486,-2.073868
2954.000000,67.738622,-84.831827,0.013485,6.993619,6.993619,-1.961165
2956.000000,66.536941,-83.233308,0.011867,6.985292,6.985292,-1.835281
2958.000000,65.296044,-81.664993,0.010619,6.968717,6.968717,-1.696035
2960.000000,64.025705,-80.120455,0.011108,6.938698,6.938698,-1.545663
2962.000000,62.721180,-78.604692,0.011831,6.902976,6.902976,-1.375302
2964.000000,61.378823,-77.122344,0.011641,6.868491,6.868491,-1.176535
2966.000000,60.004439,-75.669606,0.013067,6.828989,6.828989,-0.954283
2968.000000,58.595289,-74.250692,0.016135,6.783207,6.783207,-0.705932
2970.000000,57.138371,-72.880735,0.016693,6.754154,6.754154,-0.414273
2972.000000,55.632832,-71.564954,0.012474,6.747705,6.747705,-0.070495
2974.000000,54.092645,-70.289281,0.006462,6.747914,6.747914,0.294913
2976.000000,52.539315,-69.029610,0.003911,6.767159,6.767159,0.653377
2978.000000,50.980360,-67.776908,0.005588,6.812123,6.812123,0.999064
2980.000000,49.406536,-66.542975,0.008181,6.878782,6.878782,1.348273
2982.000000,47.812866,-65.334852,0.007541,6.936119,6.936119,1.713752
2984.000000,46.194284,-64.160307,0.001529,6.976707,6.976707,2.104281
2986.000000,44.573051,-62.989349,-0.003054,7.037044,7.037044,2.472511
2988.000000,42.967326,-61.797193,0.000316,7.135510,7.135510,2.812811
2990.000000,41.362074,-60.604399,0.005194,7.247776,7.247776,3.170175
2992.000000,39.737438,-59.438198,0.003434,7.329031,7.329031,3.569963
2994.000000,38.102302,-58.286701,-0.002113,7.355867,7.355867,3.974086
2996.000000,36.475360,-57.123714,-0.005310,7.371190,7.371190,4.350426
2998.000000,34.862266,-55.941560,-0.005850,7.393572,7.393572,4.703203
3000.000000,33.263202,-54.740502,-0.005670,7.411997,7.411997,5.031878
3002.000000,31.677969,-53.521254,-0.005540,7.424654,7.424654,5.337434
3004.000000,30.105906,-52.285064,-0.005664,7.434733,7.434733,5.621566
3006.000000,28.548073,-51.030985,-0.005949,7.442401,7.442401,5.882733
3008.000000,27.005038,-49.758738,-0.006308,7.449488,7.449488,6.118899
3010.000000,25.478344,-48.466985,-0.006424,7.454647,7.454647,6.325943
3012.000000,23.968936,-47.155024,-0.005978,7.455836,7.455836,6.507971
3014.000000,22.475473,-45.824935,-0.005578,7.456915,7.456915,6.666506
3016.000000,20.995908,-44.479423,-0.005580,7.458900,7.458900,6.801937
3018.000000,19.532306,-43.116556,-0.005347,7.460297,7.460297,6.912042
3020.000000,18.083333,-41.738136,-0.005177,7.460370,7.460370,7.000321
3022.000000,16.647701,-40.345834,-0.005347,7.462129,7.462129,7.066296
3024.000000,15.228148,-38.937140,-0.005114,7.468786,7.468786,7.107263
3026.000000,13.823011,-37.514067,-0.004940,7.477954,7.477954,7.127203
3028.000000,12.430828,-36.078308,-0.005103,7.486673,7.486673,7.128274
3030.000000,11.054823,-34.627042,-0.004642,7.495918,7.495918,7.106458
3032.000000,9.692439,-33.162979,-0.004063,7.504429,7.504429,7.066602
3034.000000,8.340680,-31.689094,-0.004402,7.509778,7.509778,7.013415
3036.000000,7.001776,-30.203526,-0.005671,7.513029,7.513029,6.945050
3038.000000,5.678717,-28.703859,-0.006907,7.518814,7.518814,6.858620
3040.000000,4.379009,-27.183912,-0.006778,7.523518,7.523518,6.745702
3042.000000,3.100268,-25.646279,-0.006078,7.531489,7.531489,6.611320
3044.000000,1.839003,-24.094255,-0.005689,7.539653,7.539653,6.461915
3046.000000,0.596869,-22.526875,-0.005366,7.544366,7.544366,6.299570
3048.000000,-0.630066,-20.947581,-0.005327,7.548900,7.548900,6.131229
3050.000000,-1.838996,-19.354470,-0.005704,7.551814,7.551814,5.955431
3052.000000,-3.031521,-17.749026,-0.006124,7.549379,7.549379,5.775886
3054.000000,-4.201845,-16.127336,-0.005683,7.548192,7.548192,5.587428
3056.000000,-5.353913,-14.492616,-0.004927,7.544109,7.544109,5.393286
3058.000000,-6.490764,-12.847283,-0.004831,7.538812,7.538812,5.195136
3060.000000,-7.611692,-11.191061,-0.005242,7.532012,7.532012,4.991040
3062.000000,-8.715873,-9.523623,-0.005779,7.524504,7.524504,4.779090
3064.000000,-9.799747,-7.842920,-0.005864,7.515015,7.515015,4.556042
3066.000000,-10.863554,-6.149449,-0.005401,7.504157,7.504157,4.319359
3068.000000,-11.908678,-4.444379,-0.004871,7.492943,7.492943,4.069413
3070.000000,-12.937868,-2.729636,-0.004626,7.483186,7.483186,3.810366
3072.000000,-13.951012,-1.005365,-0.004589,7.477861,7.477861,3.544740
3074.000000,-14.948560,0.727972,-0.004817,7.474726,7.474726,3.273686
3076.000000,-15.929875,2.470555,-0.005097,7.472955,7.472955,2.997577
3078.000000,-16.892259,4.223665,-0.005161,7.472616,7.472616,2.719055
3080.000000,-17.837463,5.986085,-0.005321,7.472033,7.472033,2.440183
3082.000000,-18.763377,7.758718,-0.005461,7.470759,7.470759,2.157815
3084.000000,-19.669802,9.541400,-0.005294,7.470902,7.470902,1.869564
3086.000000,-20.556845,11.333804,-0.005012,7.471585,7.471585,1.581819
3088.000000,-21.426465,13.134726,-0.005172,7.472423,7.472423,1.307442
3090.000000,-22.278296,14.944130,-0.005831,7.471276,7.471276,1.056338
3092.000000,-23.108412,16.763593,-0.006054,7.466385,7.466385,0.831007
3094.000000,-23.915057,18.593576,-0.004602,7.462992,7.462992,0.621336
3096.000000,-24.702004,20.432131,-0.002085,7.459826,7.459826,0.424473
3098.000000,-25.484410,22.272635,-0.001243,7.444127,7.444127,0.253690
3100.000000,-26.264982,24.113917,-0.002782,7.404895,7.404895,0.110737
3102.000000,-27.035443,25.959437,-0.004557,7.358650,7.358650,-0.020950
3104.000000,-27.786860,27.812787,-0.005126,7.313622,7.313622,-0.153577
3106.000000,-28.519005,29.673843,-0.004602,7.268253,7.268253,-0.288331
3108.000000,-29.232587,31.542102,-0.003494,7.220218,7.220218,-0.422124
3110.000000,-29.933973,33.414976,-0.002327,7.175816,7.175816,-0.548850
3112.000000,-30.626066,35.291304,-0.000768,7.136775,7.136775,-0.663820
3114.000000,-31.314065,37.169142,-0.002121,7.093609,7.093609,-0.758659
3116.000000,-32.008023,39.044758,-0.008463,7.028712,7.028712,-0.818930
3118.000000,-32.662127,40.934526,-0.012316,6.988096,6.988096,-0.889714
3120.000000,-33.261965,42.842224,-0.009655,6.996374,6.996374,-0.980034
3122.000000,-33.823155,44.761738,-0.005648,7.041841,7.041841,-1.069908
3124.000000,-34.368521,46.685842,-0.004655,7.098591,7.098591,-1.136443
3126.000000,-34.897516,48.614496,-0.005373,7.148265,7.148265,-1.183693
3128.000000,-35.403314,50.549362,-0.004945,7.194862,7.194862,-1.228000
3130.000000,-35.888825,52.489418,-0.004256,7.239993,7.239993,-1.265985
3132.000000,-36.361505,54.432658,-0.005994,7.286657,7.286657,-1.286403
3134.000000,-36.814030,56.380666,-0.008779,7.338306,7.338306,-1.292341
3136.000000,-37.226266,58.337562,-0.009220,7.386673,7.386673,-1.303165
3138.000000,-37.602021,60.301806,-0.008752,7.430657,7.430657,-1.323609
3140.000000,-37.946488,62.271790,-0.008570,7.463980,7.463980,-1.354993
3142.000000,-38.252301,64.248144,-0.007063,7.470451,7.470451,-1.409505
3144.000000,-38.531470,66.228451,-0.005612,7.463665,7.463665,-1.481376
3146.000000,-38.790881,68.211446,-0.005347,7.457233,7.457233,-1.562169
3148.000000,-39.027509,70.197288,-0.005049,7.453719,7.453719,-1.646025
3150.000000,-39.244578,72.185364,-0.004746,7.452164,7.452164,-1.730774
3152.000000,-39.443300,74.175356,-0.004695,7.451408,7.451408,-1.821778
3154.000000,-39.622767,76.167180,-0.004379,7.451591,7.451591,-1.920705
3156.000000,-39.784324,78.160539,-0.003706,7.452053,7.452053,-2.023160
3158.000000,-39.931164,80.155037,-0.003070,7.451970,7.451970,-2.125806
3160.000000,-40.066238,82.150371,-0.002809,7.453088,7.453088,-2.225902
3162.000000,-40.190567,84.146403,-0.002809,7.459081,7.459081,-2.320419
3164.000000,-40.303302,86.143121,-0.002550,7.469796,7.469796,-2.412763
3166.000000,-40.405109,88.140428,-0.001856,7.482562,7.482562,-2.502420
3168.000000,-40.499630,90.138097,-0.001169,7.492459,7.492459,-2.583578
3170.000000,-40.589997,92.135957,-0.000850,7.498709,7.498709,-2.652974
3172.000000,-40.677279,94.133956,-0.000830,7.505335,7.505335,-2.713595
3174.000000,-40.761304,96.132093,-0.000708,7.512793,7.512793,-2.769405
3176.000000,-40.841666,98.130381,-0.000398,7.520587,7.520587,-2.823741
3178.000000,-40.921295,100.128700,-0.000199,7.527310,7.527310,-2.874445
3180.000000,-40.999695,102.127066,-0.000122,7.532714,7.532714,-2.921156
3182.000000,-41.078101,104.125432,0.000031,7.537184,7.537184,-2.962458
3184.000000,-41.155777,106.123827,0.000210,7.541540,7.541540,-2.999960
3186.000000,-41.235401,108.122145,0.000188,7.545909,7.545909,-3.034276
3188.000000,-41.315212,110.120456,0.000142,7.549460,7.549460,-3.068315
3190.000000,-41.395700,112.118740,0.000107,7.553496,7.553496,-3.099620
3192.000000,-41.476916,114.116994,-0.000032,7.557021,7.557021,-3.124970
3194.000000,-41.557705,116.115265,0.000119,7.559603,7.559603,-3.146586
3196.000000,-41.638116,118.113552,0.000185,7.562043,7.562043,-3.166742
3198.000000,-41.721613,120.111712,-0.000084,7.566396,7.566396,-3.183316
3200.000000,-41.802268,122.109989,-0.000036,7.568890,7.568890,-3.202374
3202.000000,-41.884182,124.108214,0.000101,7.572215,7.572215,-3.219665
3204.000000,-41.965845,126.106449,0.000010,7.575358,7.575358,-3.236462
3206.000000,-42.048361,128.104650,-0.000042,7.579835,7.579835,-3.250614
3208.000000,-42.129583,130.102903,0.000169,7.583315,7.583315,-3.262755
3210.000000,-42.211866,132.101114,0.000289,7.587578,7.587578,-3.271429
3212.000000,-42.296017,134.099246,-0.000935,7.593647,7.593647,-3.277781
3214.000000,-42.379983,136.097384,-0.003029,7.599352,7.599352,-3.284889
3216.000000,-42.447496,138.096139,-0.003519,7.588612,7.588612,-3.307912
3218.000000,-42.499666,140.095356,-0.002438,7.562860,7.562860,-3.344362
3220.000000,-42.542703,142.094795,-0.001702,7.527741,7.527741,-3.387891
3222.000000,-42.580350,144.094344,-0.001346,7.487077,7.487077,-3.435366
3224.000000,-42.610681,146.094018,-0.000883,7.438889,7.438889,-3.489020
3226.000000,-42.639502,148.093714,-0.000530,7.389260,7.389260,-3.543688
3228.000000,-42.664534,150.093460,0.000377,7.336055,7.336055,-3.602441
3230.000000,-42.690170,152.093200,0.001452,7.282649,7.282649,-3.660872
3232.000000,-42.724411,154.092809,0.001675,7.237185,7.237185,-3.709859
3234.000000,-42.764067,156.092317,0.001441,7.196000,7.196000,-3.752213
3236.000000,-42.811076,158.091667,0.001458,7.161008,7.161008,-3.785968
3238.000000,-42.861010,160.090948,0.001123,7.129352,7.129352,-3.815085
3240.000000,-42.921065,162.089943,-0.000457,7.107338,7.107338,-3.831958
3242.000000,-42.975905,164.089091,-0.001497,7.080304,7.080304,-3.851853
3244.000000,-43.023742,166.088422,0.000159,7.045181,7.045181,-3.877716
3246.000000,-43.066861,168.087858,0.003031,7.004964,7.004964,-3.908733
3248.000000,-43.128961,170.086793,0.003691,6.984077,6.984077,-3.922124
3250.000000,-43.206278,172.085171,0.001958,6.977248,6.977248,-3.921327
3252.000000,-43.293202,174.083184,0.000146,6.980021,6.980021,-3.911440
3254.000000,-43.376998,176.081331,-0.000279,6.979577,6.979577,-3.905094
3256.000000,-43.459782,178.079521,-0.000063,6.977549,6.977549,-3.900194
3258.000000,-43.543261,180.077682,-0.000079,6.975802,6.975802,-3.894892
3260.000000,-43.625359,182.075900,-0.000167,6.972882,6.972882,-3.889637
3262.000000,-43.708260,184.074085,-0.000026,6.969268,6.969268,-3.879910
3264.000000,-43.788273,186.072387,0.000227,6.965313,6.965313,-3.870179
3266.000000,-43.872851,188.070500,-0.000062,6.964933,6.964933,-3.855072
3268.000000,-43.954815,190.068724,-0.000011,6.961757,6.961757,-3.842252
3270.000000,-44.036458,192.066961,0.000276,6.958081,6.958081,-3.829083
3272.000000,-44.121184,194.065069,-0.000066,6.957572,6.957572,-3.811729
3274.000000,-44.204481,196.063237,-0.000018,6.953963,6.953963,-3.793954
3276.000000,-44.286504,198.061458,0.000211,6.950828,6.950828,-3.774780
3278.000000,-44.372210,200.059524,-0.000095,6.949770,6.949770,-3.750057
3280.000000,-44.455195,202.057705,0.000002,6.946844,6.946844,-3.728563
3282.000000,-44.538416,204.055877,0.000174,6.943589,6.943589,-3.707420
3284.000000,-44.623913,206.053952,-0.000083,6.942617,6.942617,-3.684015
3286.000000,-44.707409,208.052112,-0.000034,6.940281,6.940281,-3.661807
3288.000000,-44.791311,210.050254,0.000008,6.938817,6.938817,-3.638072
3290.000000,-44.875859,212.048370,-0.000026,6.937973,6.937973,-3.612665
3292.000000,-44.958829,214.046552,0.000113,6.935883,6.935883,-3.587963
3294.000000,-45.043898,216.044645,0.000001,6.936292,6.936292,-3.560348
3296.000000,-45.128157,218.042773,-0.000147,6.936377,6.936377,-3.532999
3298.000000,-45.211953,220.040920,-0.000023,6.936046,6.936046,-3.505649
3300.000000,-45.295138,222.039093,0.000055,6.935447,6.935447,-3.478374
3302.000000,-45.379644,224.037211,0.000051,6.936252,6.936252,-3.449125
3304.000000,-45.462992,226.035377,0.000072,6.935986,6.935986,-3.420314
3306.000000,-45.548148,228.033467,-0.000037,6.937427,6.937427,-3.388961
3308.000000,-45.631990,230.031613,0.000010,6.937485,6.937485,-3.359169
3310.000000,-45.716063,232.029749,0.000088,6.937936,6.937936,-3.330963
3312.000000,-45.801148,234.027842,-0.000078,6.939661,6.939661,-3.302932
3314.000000,-45.885377,236.025971,-0.000118,6.940258,6.940258,-3.275568
3316.000000,-45.969058,238.024124,0.000003,6.941198,6.941198,-3.248095
3318.000000,-46.052812,240.022273,0.000026,6.941978,6.941978,-3.219843
3320.000000,-46.137010,242.020404,-0.000006,6.943668,6.943668,-3.190704
3322.000000,-46.220664,244.018558,0.000033,6.944736,6.944736,-3.162290
3324.000000,-46.304860,246.016688,0.000008,6.946146,6.946146,-3.135410
3326.000000,-46.389039,248.014820,-0.000027,6.947651,6.947651,-3.112435
3328.000000,-46.472843,250.012967,-0.000010,6.948458,6.948458,-3.092337
3330.000000,-46.556987,252.011100,-0.000031,6.949659,6.949659,-3.070949
3332.000000,-46.640662,254.009253,0.000107,6.950581,6.950581,-3.047897
3334.000000,-46.724448,256.007401,0.000107,6.951297,6.951297,-3.023985
3336.000000,-46.810189,258.005466,-0.000133,6.953466,6.953466,-2.999193
3338.000000,-46.893612,260.003629,-0.000096,6.954720,6.954720,-2.979491
3340.000000,-46.977587,262.001769,-0.000034,6.956694,6.956694,-2.961516
3342.000000,-47.061240,263.999923,-0.000029,6.958414,6.958414,-2.944592
3344.000000,-47.144447,265.998095,0.000074,6.959645,6.959645,-2.927681
3346.000000,-47.228413,267.996236,0.000038,6.960854,6.960854,-2.909783
3348.000000,-47.312485,269.994372,0.000008,6.962450,6.962450,-2.892200
3350.000000,-47.396191,271.992523,0.000012,6.963456,6.963456,-2.876122
3352.000000,-47.480644,273.990643,-0.000059,6.965016,6.965016,-2.861028
3354.000000,-47.564155,275.988803,-0.000012,6.965833,6.965833,-2.848682
3356.000000,-47.647864,277.986954,0.000009,6.966867,6.966867,-2.837824
3358.000000,-47.731928,279.985090,-0.000107,6.968499,6.968499,-2.828154
3360.000000,-47.815220,281.983259,-0.000010,6.969853,6.969853,-2.820755
3362.000000,-47.897992,283.981449,0.000113,6.970837,6.970837,-2.815173
3364.000000,-47.982423,285.979570,-0.000002,6.972858,6.972858,-2.808149
3366.000000,-48.065860,287.977733,-0.000026,6.974221,6.974221,-2.800707
3368.000000,-48.149594,289.975883,0.000047,6.975427,6.975427,-2.794589
3370.000000,-48.233305,291.974034,0.000010,6.976670,6.976670,-2.792125
3372.000000,-48.317519,293.972164,-0.000058,6.978128,6.978128,-2.789281
3374.000000,-48.400905,295.970329,-0.000016,6.978724,6.978724,-2.786112
3376.000000,-48.484521,297.968484,-0.000013,6.978904,6.978904,-2.782419
3378.000000,-48.568250,299.966634,-0.000074,6.979927,6.979927,-2.780582
3380.000000,-48.651321,301.964812,-0.000031,6.980214,6.980214,-2.782254
3382.000000,-48.734413,303.962990,-0.000039,6.980682,6.980682,-2.785427
3384.000000,-48.817624,305.961162,-0.000085,6.981396,6.981396,-2.788258
3386.000000,-48.899952,307.959370,-0.000017,6.981170,6.981170,-2.791983
3388.000000,-48.982572,309.957567,0.000017,6.981024,6.981024,-2.796637
3390.000000,-49.065227,311.955762,-0.000044,6.981272,6.981272,-2.802966
3392.000000,-49.147791,313.953961,-0.000075,6.981520,6.981520,-2.811058
3394.000000,-49.229806,315.952183,-0.000022,6.981438,6.981438,-2.820893
3396.000000,-49.311809,317.950405,0.000014,6.981492,6.981492,-2.831460
3398.000000,-49.394025,319.948618,-0.000042,6.981868,6.981868,-2.842442
3400.000000,-49.476045,321.946839,-0.000076,6.982200,6.982200,-2.854273
3402.000000,-49.557577,323.945081,-0.000028,6.982317,6.982317,-2.867145
3404.000000,-49.639066,325.943324,-0.000000,6.982407,6.982407,-2.880524
3406.000000,-49.720680,327.941562,0.000016,6.982356,6.982356,-2.894092
3408.000000,-49.802085,329.939808,0.000029,6.981617,6.981617,-2.907660
3410.000000,-49.884040,331.938032,-0.000022,6.981093,6.981093,-2.919848
3412.000000,-49.965566,333.936274,-0.000038,6.979958,6.979958,-2.932439
3414.000000,-50.047050,335.934517,-0.000022,6.978409,6.978409,-2.946798
3416.000000,-50.128435,337.932764,-0.000036,6.976916,6.976916,-2.963260
3418.000000,-50.209708,339.931016,-0.000039,6.975714,6.975714,-2.980645
3420.000000,-50.290733,341.929278,-0.000008,6.974426,6.974426,-2.998471
3422.000000,-50.371736,343.927541,0.000014,6.973445,6.973445,-3.016268
3424.000000,-50.452905,345.925797,0.000001,6.972837,6.972837,-3.033921
3426.000000,-50.533994,347.924056,0.000029,6.972045,6.972045,-3.052073
3428.000000,-50.615084,349.922316,0.000047,6.970888,6.970888,-3.070937
3430.000000,-50.696717,351.920553,0.000011,6.969874,6.969874,-3.089529
3432.000000,-50.778014,353.918804,0.000032,6.968685,6.968685,-3.107414
3434.000000,-50.859620,355.917042,0.000049,6.967379,6.967379,-3.125247
3436.000000,-50.941457,357.915271,0.000012,6.966437,6.966437,-3.145164
3438.000000,-51.023299,359.913500,-0.000013,6.965648,6.965648,-3.168068
3440.000000,-51.105096,361.911730,-0.000022,6.964955,6.964955,-3.193274
3442.000000,-51.186776,363.909966,-0.000025,6.964156,6.964156,-3.219747
3444.000000,-51.268381,365.908204,-0.000029,6.963266,6.963266,-3.246152
3446.000000,-51.349859,367.906447,-0.000022,6.962337,6.962337,-3.271571
3448.000000,-51.431206,369.904696,0.000007,6.961307,6.961307,-3.296153
3450.000000,-51.512597,371.902943,0.000014,6.960103,6.960103,-3.321004
3452.000000,-51.594142,373.901184,0.000019,6.958906,6.958906,-3.347109
3454.000000,-51.675566,375.899430,0.000036,6.957745,6.957745,-3.374669
3456.000000,-51.757375,377.897660,0.000022,6.956819,6.956819,-3.403114
3458.000000,-51.839118,379.895893,0.000013,6.955909,6.955909,-3.432736
3460.000000,-51.920959,381.894121,0.000002,6.955110,6.955110,-3.463052
3462.000000,-52.002882,383.892347,-0.000005,6.954722,6.954722,-3.493242
3464.000000,-52.084572,385.890582,-0.000023,6.953853,6.953853,-3.522339
3466.000000,-52.166561,387.888804,-0.000050,6.953406,6.953406,-3.549602
3468.000000,-52.247824,389.887057,-0.000027,6.952651,6.952651,-3.576535
3470.000000,-52.329449,391.885294,-0.000033,6.952389,6.952389,-3.602664
3472.000000,-52.410641,393.883549,-0.000024,6.951740,6.951740,-3.629448
3474.000000,-52.491805,395.881806,0.000011,6.951261,6.951261,-3.656886
3476.000000,-52.573077,397.880058,0.000057,6.951167,6.951167,-3.685268
3478.000000,-52.654343,399.878310,0.000017,6.951352,6.951352,-3.714468
3480.000000,-52.736428,401.876528,-0.000057,6.952370,6.952370,-3.742920
3482.000000,-52.817147,403.874803,-0.000001,6.952223,6.952223,-3.772304
3484.000000,-52.898869,405.873036,-0.000009,6.953131,6.953131,-3.800627
3486.000000,-52.979941,407.871296,0.000003,6.953589,6.953589,-3.829263
3488.000000,-53.061159,409.869550,0.000018,6.954386,6.954386,-3.856940
3490.000000,-53.142784,411.867788,-0.000008,6.955388,6.955388,-3.883730
3492.000000,-53.223742,413.866052,0.000053,6.955781,6.955781,-3.910920
3494.000000,-53.305494,415.864285,0.000051,6.957053,6.957053,-3.936628
3496.000000,-53.387176,417.862520,0.000084,6.958605,6.958605,-3.961311
3498.000000,-53.469017,419.860748,0.000101,6.960249,6.960249,-3.984517
3500.000000,-53.551959,421.858932,0.000012,6.963305,6.963305,-4.005486
3502.000000,-53.634155,423.857146,0.000045,6.965126,6.965126,-4.026267
3504.000000,-53.716928,425.855336,0.000103,6.967500,6.967500,-4.045793
3506.000000,-53.800005,427.853513,0.000015,6.969682,6.969682,-4.064235
3508.000000,-53.883547,429.851672,0.000008,6.972645,6.972645,-4.081310
3510.000000,-53.966095,431.849871,0.000080,6.974959,6.974959,-4.098372
3512.000000,-54.050301,433.848001,0.000070,6.978315,6.978315,-4.112619
3514.000000,-54.133455,435.846176,0.000164,6.980062,6.980062,-4.126293
3516.000000,-54.218179,437.844284,0.000086,6.982899,6.982899,-4.136202
3518.000000,-54.303440,439.842370,-0.000017,6.985612,6.985612,-4.143146
3520.000000,-54.387440,441.840509,0.000165,6.986426,6.986426,-4.148265
3522.000000,-54.473148,443.838576,0.000087,6.988371,6.988371,-4.146567
3524.000000,-54.559343,445.836621,-0.000002,6.990123,6.990123,-4.138735
3526.000000,-54.644254,447.834721,0.000183,6.990351,6.990351,-4.125465
3528.000000,-54.731219,449.832734,0.000085,6.991222,6.991222,-4.103049
3530.000000,-54.818290,451.830741,-0.000068,6.991883,6.991883,-4.073340
3532.000000,-54.904451,453.828788,-0.000038,6.990828,6.990828,-4.037713
3534.000000,-54.991247,455.826807,-0.000009,6.990307,6.990307,-3.994451
3536.000000,-55.077074,457.824869,0.000017,6.988435,6.988435,-3.945065
3538.000000,-55.164062,459.822880,-0.000069,6.987504,6.987504,-3.887232
3540.000000,-55.249968,461.820938,-0.000059,6.985615,6.985615,-3.824608
3542.000000,-55.335781,463.819000,0.000076,6.983766,6.983766,-3.756124
3544.000000,-55.421923,465.817048,0.000065,6.981709,6.981709,-3.679473
3546.000000,-55.508709,467.815068,-0.000049,6.979951,6.979951,-3.593041
3548.000000,-55.594914,469.813113,-0.000126,6.977787,6.977787,-3.497280
3550.000000,-55.680847,471.811170,-0.000267,6.976031,6.976031,-3.391305
3552.000000,-55.765887,473.809264,-0.000198,6.975271,6.975271,-3.275836
3554.000000,-55.848720,475.807451,-0.000120,6.972664,6.972664,-3.156045
3556.000000,-55.933703,477.805549,-0.000219,6.973119,6.973119,-3.028859
3558.000000,-56.014670,479.803812,-0.000043,6.970134,6.970134,-2.900518
3560.000000,-56.098017,481.801977,0.000067,6.969835,6.969835,-2.763236
3562.000000,-56.179936,483.800202,-0.000038,6.967377,6.967377,-2.620229
3564.000000,-56.263399,485.798364,-0.000058,6.965754,6.965754,-2.466496
3566.000000,-56.344595,487.796618,0.000065,6.959607,6.959607,-2.302991
3568.000000,-56.427858,489.794788,0.000207,6.955476,6.955476,-2.126436
3570.000000,-56.510287,491.792993,0.000444,6.948506,6.948506,-1.940107
3572.000000,-56.595630,493.791075,0.000431,6.940128,6.940128,-1.739373
3574.000000,-56.683068,495.789066,0.000001,6.928299,6.928299,-1.523755
3576.000000,-56.770287,497.787067,-0.000246,6.914049,6.914049,-1.297173
3578.000000,-56.855867,499.785139,-0.000311,6.897322,6.897322,-1.060806
3580.000000,-56.941011,501.783230,-0.000419,6.879739,6.879739,-0.810966
3582.000000,-57.023686,503.781424,-0.000220,6.860711,6.860711,-0.550135
3584.000000,-57.105037,505.779673,-0.000087,6.841001,6.841001,-0.275207
3586.000000,-57.187993,507.777855,-0.000814,6.822550,6.822550,0.023511
3588.000000,-57.267669,509.776169,-0.001603,6.807366,6.807366,0.349113
3590.000000,-57.339285,511.774787,-0.002515,6.790627,6.790627,0.698581
3592.000000,-57.404676,513.773621,-0.004413,6.769293,6.769293,1.070201
3594.000000,-57.450365,515.772981,-0.005456,6.753830,6.753830,1.443959
3596.000000,-57.471106,517.772768,-0.005754,6.743454,6.743454,1.811309
3598.000000,-57.474169,519.772651,-0.008720,6.732183,6.732183,2.180745
3600.000000,-57.445480,521.772300,-0.013449,6.730240,6.730240,2.535250
3602.000000,-57.358497,523.770194,-0.015838,6.756376,6.756376,2.850306
3604.000000,-57.204890,525.763991,-0.014549,6.826034,6.826034,3.119706
3606.000000,-56.990024,527.752213,-0.012105,6.905794,6.905794,3.353683
3608.000000,-56.732515,529.735423,-0.012182,6.961832,6.961832,3.573207
3610.000000,-56.429215,531.712108,-0.014512,6.984699,6.984699,3.778297
3612.000000,-56.067329,533.678807,-0.015833,6.986334,6.986334,3.953812
3614.000000,-55.639740,535.632279,-0.015425,6.982182,6.982182,4.097543
3616.000000,-55.153934,537.572189,-0.014381,6.985099,6.985099,4.220048
3618.000000,-54.609994,539.496627,-0.013123,6.994884,6.994884,4.324740
3620.000000,-54.018170,541.406848,-0.012079,7.005891,7.005891,4.412595
3622.000000,-53.378896,543.301718,-0.012664,7.016558,7.016558,4.482402
3624.000000,-52.698513,545.182279,-0.014293,7.035415,7.035415,4.540787
3626.000000,-51.956770,547.039462,-0.014140,7.049792,7.049792,4.571411
3628.000000,-51.165370,548.875970,-0.013282,7.067641,7.067641,4.582247
3630.000000,-50.325611,550.690908,-0.014571,7.092060,7.092060,4.576938
3632.000000,-49.438250,552.483058,-0.017196,7.123443,7.123443,4.563948
3634.000000,-48.484711,554.240815,-0.017248,7.144570,7.144570,4.537199
3636.000000,-47.467537,555.962568,-0.015567,7.147098,7.147098,4.493036
3638.000000,-46.403318,557.655682,-0.016184,7.137117,7.137117,4.437196
3640.000000,-45.284096,559.312790,-0.017934,7.117640,7.117640,4.356520
3642.000000,-44.105645,560.928432,-0.017782,7.104131,7.104131,4.241530
3644.000000,-42.866245,562.497829,-0.015276,7.103760,7.103760,4.087970
3646.000000,-41.580998,564.029912,-0.012531,7.096335,7.096335,3.906234
3648.000000,-40.258121,565.529656,-0.011342,7.079803,7.079803,3.705947
3650.000000,-38.903937,567.001253,-0.010878,7.057331,7.057331,3.495458
3652.000000,-37.515097,568.440190,-0.008656,7.027333,7.027333,3.272654
3654.000000,-36.100084,569.853433,-0.004990,7.012068,7.012068,3.049310
3656.000000,-34.672736,571.254251,-0.003649,7.031136,7.031136,2.849642
3658.000000,-33.239701,572.649242,-0.008369,7.093254,7.093254,2.692954
3660.000000,-31.789645,574.026499,-0.014699,7.181880,7.181880,2.567122
3662.000000,-30.287988,575.347165,-0.015205,7.257841,7.257841,2.414591
3664.000000,-28.749034,576.624220,-0.015790,7.329427,7.329427,2.236937
3666.000000,-27.177518,577.860899,-0.019836,7.402889,7.402889,2.044721
3668.000000,-25.551502,579.024132,-0.020289,7.442449,7.442449,1.799114
3670.000000,-23.878503,580.119659,-0.017641,7.458248,7.458248,1.496280
3672.000000,-22.169127,581.157544,-0.016259,7.471818,7.471818,1.170658
3674.000000,-20.427752,582.140648,-0.016466,7.475317,7.475317,0.833593
3676.000000,-18.655311,583.066630,-0.015552,7.457814,7.457814,0.487749
3678.000000,-16.851561,583.930133,-0.012940,7.442019,7.442019,0.132815
3680.000000,-15.029229,584.753790,-0.011872,7.430619,7.430619,-0.197821
3682.000000,-13.187229,585.532374,-0.011797,7.431315,7.431315,-0.519523
3684.000000,-11.327183,586.266928,-0.010393,7.441448,7.441448,-0.838689
3686.000000,-9.451272,586.960044,-0.007615,7.453287,7.453287,-1.145771
3688.000000,-7.565169,587.625009,-0.004965,7.463077,7.463077,-1.424200
3690.000000,-5.673295,588.273378,-0.003715,7.481160,7.481160,-1.663108
3692.000000,-3.776811,588.908156,-0.002881,7.507763,7.507763,-1.866794
3694.000000,-1.876190,589.530450,-0.001774,7.532735,7.532735,-2.034517
3696.000000,0.026115,590.147580,-0.001348,7.551634,7.551634,-2.168934
3698.000000,1.929763,590.760553,-0.001178,7.562207,7.562207,-2.270698
3700.000000,3.835664,591.366485,-0.000608,7.567211,7.567211,-2.343016
3702.000000,5.741471,591.972715,-0.000469,7.573745,7.573745,-2.382415
3704.000000,7.648172,592.576124,-0.000427,7.577779,7.577779,-2.401370
3706.000000,9.555447,593.177719,-0.000241,7.580506,7.580506,-2.407119
3708.000000,11.462742,593.779250,-0.000174,7.581405,7.581405,-2.401660
3710.000000,13.370585,594.379039,0.000235,7.582488,7.582488,-2.392987
3712.000000,15.278150,594.979716,0.000623,7.581304,7.581304,-2.378996
3714.000000,17.184593,595.583938,0.000397,7.582968,7.582968,-2.356966
3716.000000,19.090553,596.189686,0.000067,7.586609,7.586609,-2.329660
3718.000000,20.996686,596.794885,0.000173,7.588569,7.588569,-2.303156
3720.000000,22.902628,597.400682,0.000256,7.590918,7.590918,-2.281161
3722.000000,24.807937,598.008475,-0.000409,7.594478,7.594478,-2.263916
3724.000000,26.713465,598.615583,-0.000609,7.597138,7.597138,-2.253533
3726.000000,28.621159,599.215826,0.000237,7.593089,7.593089,-2.253894
3728.000000,30.527237,599.821189,-0.000045,7.590764,7.590764,-2.253311
3730.000000,32.433242,600.426797,-0.000820,7.589860,7.589860,-2.254272
3732.000000,34.341226,601.026105,-0.000801,7.583757,7.583757,-2.266300
3734.000000,36.249269,601.625254,-0.001176,7.584411,7.584411,-2.285810
3736.000000,38.159062,602.218803,-0.000608,7.593373,7.593373,-2.315918
3738.000000,40.070895,602.805749,0.001168,7.596239,7.596239,-2.358455
3740.000000,41.979768,603.402202,0.001158,7.594079,7.594079,-2.395005
3742.000000,43.886952,604.004076,0.000333,7.586764,7.586764,-2.422050
3744.000000,45.794970,604.603293,0.000039,7.574685,7.574685,-2.451747
3746.000000,47.701422,605.207490,-0.000295,7.565782,7.565782,-2.474372
3748.000000,49.609984,605.804984,0.000048,7.553602,7.553602,-2.504230
3750.000000,51.517314,606.406404,0.000101,7.548370,7.548370,-2.531790
3752.000000,53.424774,607.007414,-0.000252,7.544058,7.544058,-2.560610
3754.000000,55.332727,607.606857,0.000088,7.539039,7.539039,-2.592780
3756.000000,57.240772,608.206002,0.000492,7.533851,7.533851,-2.628249
3758.000000,59.147716,608.808646,-0.000055,7.532743,7.532743,-2.660616
3760.000000,61.054406,609.412090,-0.000385,7.535736,7.535736,-2.691027
3762.000000,62.962962,610.009594,0.000311,7.532185,7.532185,-2.726533
3764.000000,64.869886,610.612297,0.000214,7.534732,7.534732,-2.756837
3766.000000,66.776720,611.215290,-0.000174,7.536320,7.536320,-2.785416
3768.000000,68.684344,611.815769,0.000227,7.534836,7.534836,-2.816393
3770.000000,70.591313,612.418327,0.000195,7.536255,7.536255,-2.846463
3772.000000,72.497708,613.022700,-0.000277,7.539702,7.539702,-2.873279
3774.000000,74.404969,613.624333,-0.000032,7.541198,7.541198,-2.903778
3776.000000,76.312406,614.225412,0.000401,7.540239,7.540239,-2.935519
3778.000000,78.218783,614.829844,0.000233,7.541530,7.541530,-2.965127
3780.000000,80.125173,615.434241,-0.000105,7.544675,7.544675,-2.995716
3782.000000,82.031478,616.038904,0.000093,7.547626,7.547626,-3.028234
3784.000000,83.938445,616.641473,0.000714,7.546560,7.546560,-3.063565
3786.000000,85.843719,617.249373,0.000162,7.551118,7.551118,-3.092973
3788.000000,87.748250,617.859596,-0.002792,7.557624,7.557624,-3.118282
3790.000000,89.655168,618.462308,-0.005976,7.557132,7.557132,-3.148554
3792.000000,91.571273,619.035046,-0.005448,7.522389,7.522389,-3.206008
3794.000000,93.494413,619.583777,-0.001811,7.462323,7.462323,-3.283071
3796.000000,95.419137,620.126962,0.001154,7.394437,7.394437,-3.356865
3798.000000,97.341786,620.677441,0.002480,7.335935,7.335935,-3.410675
3800.000000,99.261917,621.236633,0.003572,7.281212,7.281212,-3.443447
3802.000000,101.178095,621.809199,0.003792,7.235088,7.235088,-3.452995
3804.000000,103.088398,622.401075,0.001758,7.204499,7.204499,-3.424935
3806.000000,104.996823,622.999012,-0.000290,7.177485,7.177485,-3.355601
3808.000000,106.906664,623.592410,-0.000279,7.138966,7.138966,-3.256885
3810.000000,108.816942,624.184399,0.000632,7.091063,7.091063,-3.133163
3812.000000,110.726257,624.779483,0.000823,7.041274,7.041274,-2.981005
3814.000000,112.634050,625.379433,0.000338,6.987228,6.987228,-2.802397
3816.000000,114.541925,625.979125,-0.000314,6.930229,6.930229,-2.600103
3818.000000,116.449545,626.579622,-0.001121,6.872641,6.872641,-2.367051
3820.000000,118.359089,627.173968,-0.001690,6.815689,6.815689,-2.109444
3822.000000,120.270375,627.762694,-0.003030,6.759974,6.759974,-1.819571
3824.000000,122.184230,628.342970,-0.006084,6.707631,6.707631,-1.490235
3826.000000,124.105144,628.899341,-0.009096,6.673927,6.673927,-1.138606
3828.000000,126.036438,629.418477,-0.009709,6.666486,6.666486,-0.778254
3830.000000,127.978546,629.895701,-0.008226,6.678426,6.678426,-0.413208
3832.000000,129.927591,630.343635,-0.007234,6.707890,6.707890,-0.038935
3834.000000,131.882768,630.764130,-0.008462,6.744276,6.744276,0.353189
3836.000000,133.843900,631.155831,-0.012549,6.789877,6.789877,0.780078
3838.000000,135.813796,631.499872,-0.017048,6.879944,6.879944,1.243570
3840.000000,137.795110,631.770376,-0.020842,6.999567,6.999567,1.715526
3842.000000,139.785104,631.966007,-0.030902,7.113595,7.113595,2.192096
3844.000000,141.782464,632.053734,-0.049965,7.226080,7.226080,2.635062
3846.000000,143.777582,631.939133,-0.068193,7.356381,7.356381,2.957556
3848.000000,145.733971,631.541948,-0.071597,7.473625,7.473625,3.111397
3850.000000,147.604641,630.842196,-0.057212,7.499744,7.499744,3.046281
3852.000000,149.384671,629.934686,-0.041245,7.415363,7.415363,2.804531
3854.000000,151.095573,628.899945,-0.032339,7.344996,7.344996,2.456252
3856.000000,152.728327,627.745925,-0.023121,7.308380,7.308380,2.009030
3858.000000,154.309661,626.521674,-0.016082,7.304065,7.304065,1.506555
3860.000000,155.857807,625.256022,-0.014050,7.279339,7.279339,1.000483
3862.000000,157.364712,623.941338,-0.012162,7.261511,7.261511,0.472349
3864.000000,158.842691,622.594121,-0.010246,7.244254,7.244254,-0.060492
3866.000000,160.291084,621.215135,-0.009602,7.220230,7.220230,-0.586109
3868.000000,161.716139,619.812040,-0.011711,7.189051,7.189051,-1.072700
3870.000000,163.110609,618.378604,-0.015800,7.163429,7.163429,-1.505600
3872.000000,164.455772,616.898896,-0.016956,7.175079,7.175079,-1.910381
3874.000000,165.744889,615.370237,-0.015022,7.228584,7.228584,-2.328704
3876.000000,166.991800,613.806700,-0.011402,7.297898,7.297898,-2.753296
3878.000000,168.194154,612.208648,-0.006236,7.345591,7.345591,-3.183404
3880.000000,169.384570,610.601633,-0.003518,7.390781,7.390781,-3.573954
3882.000000,170.564080,608.986595,-0.003320,7.435920,7.435920,-3.918139
3884.000000,171.732036,607.363180,-0.002913,7.480264,7.480264,-4.191656
3886.000000,172.891025,605.733351,-0.002869,7.519688,7.519688,-4.392396
3888.000000,174.041616,604.097581,-0.003086,7.555879,7.555879,-4.533771
3890.000000,175.180477,602.453625,-0.002819,7.592318,7.592318,-4.626920
3892.000000,176.310709,600.803721,-0.002717,7.627307,7.627307,-4.693411
3894.000000,177.432814,599.148282,-0.002958,7.665294,7.665294,-4.731410
3896.000000,178.543874,597.485407,-0.003267,7.707831,7.707831,-4.729370
3898.000000,179.645889,595.816532,-0.004072,7.748652,7.748652,-4.690557
3900.000000,180.733466,594.138216,-0.004866,7.793983,7.793983,-4.626974
3902.000000,181.804382,592.449225,-0.004987,7.840191,7.840191,-4.543241
3904.000000,182.857492,590.749072,-0.005142,7.887832,7.887832,-4.447689
3906.000000,183.895283,589.039536,-0.005603,7.940928,7.940928,-4.345142
3908.000000,184.911347,587.316991,-0.004914,8.009005,8.009005,-4.263277
3910.000000,185.909245,585.583853,-0.003563,8.081028,8.081028,-4.200735
3912.000000,186.897401,583.845134,-0.003425,8.150204,8.150204,-4.137461
3914.000000,187.873786,582.099783,-0.003914,8.215846,8.215846,-4.073292
3916.000000,188.835706,580.346418,-0.003579,8.278231,8.278231,-4.011895
3918.000000,189.783543,578.585392,-0.002584,8.331984,8.331984,-3.953111
3920.000000,190.723746,576.820279,-0.002285,8.385276,8.385276,-3.891847
3922.000000,191.656884,575.051421,-0.002452,8.432852,8.432852,-3.827195
3924.000000,192.579479,573.277040,-0.002319,8.475511,8.475511,-3.764836
3926.000000,193.495479,571.499249,-0.002374,8.518245,8.518245,-3.704521
3928.000000,194.402269,569.716741,-0.002238,8.557365,8.557365,-3.649388
3930.000000,195.300259,567.929781,-0.001746,8.589642,8.589642,-3.597668
3932.000000,196.193116,566.140251,-0.001876,8.625264,8.625264,-3.545174
3934.000000,197.080078,564.347792,-0.002200,8.660999,8.660999,-3.491565
3936.000000,197.957074,562.550437,-0.002010,8.699481,8.699481,-3.440347
3938.000000,198.828304,560.750279,-0.002036,8.744346,8.744346,-3.387833
3940.000000,199.692120,558.946553,-0.002345,8.789503,8.789503,-3.334132
3942.000000,200.547175,557.138656,-0.002529,8.831089,8.831089,-3.277479
3944.000000,201.393279,555.326564,-0.002387,8.872456,8.872456,-3.216701
3946.000000,202.229420,553.509842,-0.002147,8.908350,8.908350,-3.153777
3948.000000,203.059807,551.690483,-0.002511,8.943042,8.943042,-3.084663
3950.000000,203.880443,549.866708,-0.002883,8.974973,8.974973,-3.013707
3952.000000,204.689722,548.037867,-0.002762,8.999930,8.999930,-2.944139
3954.000000,205.489351,546.204783,-0.002439,9.018682,9.018682,-2.870416
3956.000000,206.279194,544.367463,-0.001806,9.030997,9.030997,-2.784798
3958.000000,207.062464,542.527326,-0.003001,9.041981,9.041981,-2.688539
3960.000000,207.842112,540.685654,-0.007216,9.052614,9.052614,-2.578482
3962.000000,208.591252,538.831437,-0.009496,9.031356,9.031356,-2.483513
3964.000000,209.297992,536.960619,-0.007486,8.967747,8.967747,-2.425335
3966.000000,209.978622,535.080119,-0.005129,8.876966,8.876966,-2.390690
3968.000000,210.641804,533.193385,-0.003528,8.771253,8.771253,-2.370115
3970.000000,211.288779,531.301023,-0.001648,8.645259,8.645259,-2.359853
3972.000000,211.932347,529.407498,-0.000928,8.523331,8.523331,-2.344781
3974.000000,212.574016,527.513329,-0.001711,8.413943,8.413943,-2.324215
3976.000000,213.208821,525.616851,-0.002539,8.312851,8.312851,-2.304482
3978.000000,213.833301,523.716953,-0.002414,8.213404,8.213404,-2.287754
3980.000000,214.446733,521.813456,-0.001551,8.117603,8.117603,-2.276214
3982.000000,215.055870,519.908576,-0.000855,8.029633,8.029633,-2.265628
3984.000000,215.661030,518.002429,-0.000153,7.950024,7.950024,-2.256753
3986.000000,216.265407,516.096034,0.000813,7.880690,7.880690,-2.246658
3988.000000,216.872997,514.190662,0.000792,7.826819,7.826819,-2.231135
3990.000000,217.487333,512.287454,-0.000813,7.789673,7.789673,-2.205594
3992.000000,218.097027,510.382758,-0.001950,7.760231,7.760231,-2.180171
3994.000000,218.696863,508.474930,-0.001769,7.730749,7.730749,-2.161747
3996.000000,219.291319,506.565418,-0.001462,7.704024,7.704024,-2.145316
3998.000000,219.879385,504.653929,-0.001247,7.679835,7.679835,-2.130529
4000.000000,220.463277,502.741161,-0.001189,7.659071,7.659071,-2.114646
4002.000000,221.042830,500.827073,-0.001174,7.641306,7.641306,-2.097155
4004.000000,221.617038,498.911375,-0.001027,7.626017,7.626017,-2.078136
4006.000000,222.188289,496.994794,-0.000940,7.615198,7.615198,-2.055271
4008.000000,222.755052,495.076880,-0.000781,7.607347,7.607347,-2.030930
4010.000000,223.319337,493.158235,-0.000733,7.602591,7.602591,-2.003517
4012.000000,223.881087,491.238847,-0.000783,7.600697,7.600697,-1.975587
4014.000000,224.439135,489.318380,-0.000504,7.600855,7.600855,-1.950644
4016.000000,224.995094,487.397306,-0.000119,7.602673,7.602673,-1.928439
4018.000000,225.551184,485.476270,-0.000067,7.604661,7.604661,-1.907674
4020.000000,226.107273,483.555233,-0.000135,7.604041,7.604041,-1.888794
4022.000000,226.662205,481.633862,-0.000053,7.602989,7.602989,-1.872630
4024.000000,227.217380,479.712562,-0.000018,7.602822,7.602822,-1.857295
4026.000000,227.772409,477.791219,-0.000029,7.602177,7.602177,-1.843066
4028.000000,228.327210,475.869810,0.000032,7.600923,7.600923,-1.829879
4030.000000,228.882160,473.948444,0.000100,7.598660,7.598660,-1.817133
4032.000000,229.437535,472.027201,0.000136,7.595970,7.595970,-1.804561
4034.000000,229.993454,470.106115,0.000085,7.592813,7.592813,-1.792956
4036.000000,230.549957,468.185199,-0.000029,7.590181,7.590181,-1.783213
4038.000000,231.106056,466.264166,0.000029,7.586767,7.586767,-1.777082
4040.000000,231.661930,464.343067,0.000147,7.583432,7.583432,-1.774952
4042.000000,232.219104,462.422345,0.000061,7.579750,7.579750,-1.775813
4044.000000,232.776159,460.501588,0.000029,7.575952,7.575952,-1.780428
4046.000000,233.333089,458.580796,0.000098,7.571186,7.571186,-1.788331
4048.000000,233.890839,456.660241,0.000083,7.567409,7.567409,-1.798017
4050.000000,234.448581,454.739684,0.000069,7.563132,7.563132,-1.810084
4052.000000,235.006798,452.819265,0.000042,7.559130,7.559130,-1.823328
4054.000000,235.565134,450.898880,0.000039,7.555544,7.555544,-1.837207
4056.000000,236.123395,448.978474,0.000089,7.552022,7.552022,-1.851422
4058.000000,236.682278,447.058249,0.000039,7.548379,7.548379,-1.864941
4060.000000,237.241356,445.138080,0.000022,7.545550,7.545550,-1.878109
4062.000000,237.800021,443.217791,0.000063,7.542367,7.542367,-1.891548
4064.000000,238.359655,441.297784,-0.000012,7.539365,7.539365,-1.903565
4066.000000,238.918730,439.377615,-0.000045,7.536190,7.536190,-1.915376
4068.000000,239.477776,437.457437,0.000011,7.533045,7.533045,-1.926702
4070.000000,240.036750,435.537238,0.000010,7.529909,7.529909,-1.937732
4072.000000,240.596060,433.617137,-0.000038,7.527161,7.527161,-1.948093
4074.000000,241.154925,431.696906,-0.000010,7.524386,7.524386,-1.958421
4076.000000,241.713763,429.776668,0.000020,7.521734,7.521734,-1.967951
4078.000000,242.272944,427.856529,-0.000024,7.519227,7.519227,-1.975475
4080.000000,242.831773,425.936288,-0.000033,7.516818,7.516818,-1.981641
4082.000000,243.390601,424.016047,-0.000030,7.514664,7.514664,-1.986679
4084.000000,243.949273,422.095760,-0.000026,7.513103,7.513103,-1.992039
4086.000000,244.507795,420.175429,-0.000008,7.510833,7.510833,-1.998641
4088.000000,245.066370,418.255115,-0.000010,7.509373,7.509373,-2.005987
4090.000000,245.624864,416.334776,0.000009,7.507712,7.507712,-2.013514
4092.000000,246.183308,414.414423,0.000043,7.506089,7.506089,-2.020773
4094.000000,246.742066,412.494161,-0.000020,7.504466,7.504466,-2.027230
4096.000000,247.300906,410.573923,-0.000088,7.503032,7.503032,-2.033266
4098.000000,247.858956,408.653456,0.000030,7.502037,7.502037,-2.039863
4100.000000,248.417157,406.733032,0.000076,7.500134,7.500134,-2.046441
4102.000000,248.976307,404.812885,-0.000013,7.499584,7.499584,-2.052107
4104.000000,249.534569,402.892478,0.000024,7.497011,7.497011,-2.058773
4106.000000,250.093467,400.972257,0.000019,7.496489,7.496489,-2.064807
4108.000000,250.652342,399.052030,-0.000057,7.495547,7.495547,-2.070641
4110.000000,251.210917,397.131715,0.000019,7.494153,7.494153,-2.076713
4112.000000,251.769246,395.211328,0.000110,7.493245,7.493245,-2.083606
4114.000000,252.328665,393.291259,0.000038,7.492328,7.492328,-2.090195
4116.000000,252.887842,391.371119,-0.000010,7.491184,7.491184,-2.097502
4118.000000,253.446995,389.450972,0.000029,7.489970,7.489970,-2.105008
4120.000000,254.006277,387.530863,0.000056,7.488695,7.488695,-2.112198
4122.000000,254.565775,385.610817,0.000033,7.488490,7.488490,-2.118549
4124.000000,255.125578,383.690859,-0.000013,7.487131,7.487131,-2.123656
4126.000000,255.685063,381.770809,0.000025,7.486570,7.486570,-2.127932
4128.000000,256.244678,379.850797,-0.000003,7.485441,7.485441,-2.130790
4130.000000,256.804736,377.930914,-0.000048,7.485592,7.485592,-2.132650
4132.000000,257.363725,376.010719,0.000018,7.484639,7.484639,-2.136660
4134.000000,257.923675,374.090805,0.000007,7.484491,7.484491,-2.140463
4136.000000,258.483045,372.170721,0.000027,7.484074,7.484074,-2.145527
4138.000000,259.042715,370.250725,0.000110,7.484357,7.484357,-2.150879
4140.000000,259.602785,368.330845,0.000079,7.484630,7.484630,-2.156234
4142.000000,260.163441,366.411137,-0.000023,7.484914,7.484914,-2.161135
4144.000000,260.723744,364.491326,-0.000004,7.485269,7.485269,-2.166293
4146.000000,261.283807,362.571444,0.000048,7.485491,7.485491,-2.171607
4148.000000,261.844636,360.651787,-0.000018,7.485386,7.485386,-2.175569
4150.000000,262.404914,358.731968,-0.000024,7.485398,7.485398,-2.179548
4152.000000,262.965248,356.812165,0.000021,7.485626,7.485626,-2.182822
4154.000000,263.525656,354.892384,0.000044,7.486334,7.486334,-2.185433
4156.000000,264.086182,352.972638,0.000033,7.486828,7.486828,-2.187748
4158.000000,264.647077,351.052999,-0.000016,7.487395,7.487395,-2.189900
4160.000000,265.207620,349.133258,-0.000008,7.488054,7.488054,-2.193146
4162.000000,265.768250,347.213542,0.000009,7.488552,7.488552,-2.197169
4164.000000,266.328941,345.293843,-0.000014,7.488902,7.488902,-2.201829
4166.000000,266.889557,343.374123,-0.000031,7.489173,7.489173,-2.206748
4168.000000,267.450039,341.454364,0.000013,7.489881,7.489881,-2.211205
4170.000000,268.010394,339.534567,0.000064,7.490458,7.490458,-2.214921
4172.000000,268.571345,337.614945,-0.000006,7.490471,7.490471,-2.216897
4174.000000,269.132221,335.695301,-0.000009,7.490903,7.490903,-2.218222
4176.000000,269.692558,333.775499,-0.000001,7.491274,7.491274,-2.220427
4178.000000,270.253913,331.855995,-0.000082,7.491440,7.491440,-2.222404
4180.000000,270.813753,329.936049,-0.000019,7.491854,7.491854,-2.227013
4182.000000,271.374342,328.016321,-0.000007,7.492010,7.492010,-2.231861
4184.000000,271.934655,326.096512,-0.000057,7.493098,7.493098,-2.237545
4186.000000,272.494671,324.176617,-0.000079,7.493681,7.493681,-2.237417
4188.000000,273.054679,322.256720,-0.000046,7.493865,7.493865,-2.233218
4190.000000,273.613783,320.336558,0.000036,7.494447,7.494447,-2.259615
4192.000000,274.173994,318.416720,-0.000038,7.495093,7.495093,-2.283682
4194.000000,274.733454,316.496663,-0.000014,7.495368,7.495368,-2.296753
4196.000000,275.292722,314.576550,0.000021,7.495564,7.495564,-2.312262
4198.000000,275.852908,312.656704,-0.000094,7.495731,7.495731,-2.317178
4200.000000,276.411773,310.736473,-0.000053,7.495587,7.495587,-2.324459
4202.000000,276.970914,308.816323,-0.000025,7.495345,7.495345,-2.331332
4204.000000,277.530008,306.896159,-0.000054,7.495345,7.495345,-2.337243
4206.000000,278.088532,304.975829,-0.000000,7.494769,7.494769,-2.342766
4208.000000,278.647418,303.055604,0.000008,7.494300,7.494300,-2.347701
4210.000000,279.206148,301.135334,-0.000002,7.493927,7.493927,-2.352676
4212.000000,279.764950,299.215086,0.000000,7.493493,7.493493,-2.357510
4214.000000,280.323734,297.294831,-0.000029,7.493181,7.493181,-2.362352
4216.000000,280.882483,295.374567,-0.000060,7.492814,7.492814,-2.367281
4218.000000,281.440868,293.454197,-0.000032,7.492437,7.492437,-2.372790
4220.000000,281.999102,291.533782,0.000019,7.492339,7.492339,-2.378758
4222.000000,282.557506,289.613418,0.000001,7.492129,7.492129,-2.384909
4224.000000,283.116016,287.693084,-0.000066,7.491794,7.491794,-2.391471
4226.000000,283.674158,285.772643,-0.000040,7.491241,7.491241,-2.398545
4228.000000,284.231916,283.852091,0.000018,7.490882,7.490882,-2.406175
4230.000000,284.790188,281.931687,-0.000036,7.490319,7.490319,-2.413577
4232.000000,285.348099,280.011179,-0.000037,7.489970,7.489970,-2.420572
4234.000000,285.905668,278.090572,0.000013,7.489473,7.489473,-2.427247
4236.000000,286.463720,276.170105,0.000005,7.488686,7.488686,-2.432907
4238.000000,287.021354,274.249516,0.000039,7.487732,7.487732,-2.438494
4240.000000,287.579416,272.329052,0.000036,7.487360,7.487360,-2.443456
4242.000000,288.137646,270.408637,0.000002,7.486769,7.486769,-2.448310
4244.000000,288.695672,268.488162,0.000014,7.485947,7.485947,-2.453827
4246.000000,289.253976,266.567768,0.000006,7.484753,7.484753,-2.459947
4248.000000,289.812142,264.647335,0.000003,7.484226,7.484226,-2.467203
4250.000000,290.370392,262.726925,-0.000042,7.483629,7.483629,-2.475015
4252.000000,290.928661,260.806521,-0.000014,7.482864,7.482864,-2.483180
4254.000000,291.486164,258.885894,0.000066,7.482426,7.482426,-2.492331
4256.000000,292.044958,256.965643,0.000029,7.482770,7.482770,-2.500007
4258.000000,292.602956,255.045160,0.000016,7.482414,7.482414,-2.508536
4260.000000,293.161697,253.124894,0.000032,7.482206,7.482206,-2.516802
4262.000000,293.719986,251.204495,0.000042,7.481710,7.481710,-2.526419
4264.000000,294.278923,249.284286,0.000008,7.481413,7.481413,-2.536532
4266.000000,294.837661,247.364018,-0.000040,7.480741,7.480741,-2.547240
4268.000000,295.396271,245.443713,0.000002,7.479986,7.479986,-2.557347
4270.000000,295.954715,243.523360,0.000027,7.479786,7.479786,-2.566627
4272.000000,296.513653,241.603151,-0.000013,7.479055,7.479055,-2.574470
4274.000000,297.072181,239.682822,-0.000002,7.478867,7.478867,-2.581798
4276.000000,297.630836,237.762531,0.000022,7.478303,7.478303,-2.588392
4278.000000,298.189619,235.842277,0.000005,7.478008,7.478008,-2.594230
4280.000000,298.748355,233.922008,-0.000007,7.478520,7.478520,-2.599700
4282.000000,299.307132,232.001752,-0.000014,7.478475,7.478475,-2.604774
4284.000000,299.865767,230.081454,0.000030,7.478735,7.478735,-2.609966
4286.000000,300.424433,228.161166,0.000018,7.478947,7.478947,-2.615406
4288.000000,300.983642,226.241035,-0.000017,7.479191,7.479191,-2.620853
4290.000000,301.542012,224.320661,-0.000008,7.479561,7.479561,-2.625869
4292.000000,302.101250,222.400539,-0.000010,7.480105,7.480105,-2.627727
4294.000000,302.659474,220.480122,0.000041,7.480686,7.480686,-2.639771
4296.000000,303.218698,218.559995,0.000051,7.480663,7.480663,-2.653016
4298.000000,303.777574,216.639768,0.000007,7.481280,7.481280,-2.660087
4300.000000,304.336927,214.719680,-0.000001,7.481747,7.481747,-2.667278
4302.000000,304.895781,212.799446,-0.000010,7.481621,7.481621,-2.675693
4304.000000,305.455146,210.879361,0.000132,7.481894,7.481894,-2.684149
4306.000000,306.013839,208.959080,0.000012,7.482346,7.482346,-2.693966
4308.000000,306.575390,207.039634,-0.000296,7.492256,7.492256,-2.701170
